id;nome;ano;empenhado;pago
br-p-cd-160674;Hugo Motta;2019;15164960,00;4666177,00
br-p-cd-160674;Hugo Motta;2020;15940454,00;15173454,00
br-p-cd-160674;Hugo Motta;2021;16279986,00;15723203,00
br-p-cd-160674;Hugo Motta;2022;18401473,00;13884306,21
br-p-cd-160674;Hugo Motta;2023;32103400,00;31853400,00
br-p-cd-160674;Hugo Motta;2024;37870870,70;37071585,00
br-p-cd-160674;Hugo Motta;2025;43058656,07;39232986,07
br-p-cd-160674;Hugo Motta;2026;39539891,97;34329504,11
br-p-cd-178937;Altineu Côrtes;2019;13526463,85;9623050,00
br-p-cd-178937;Altineu Côrtes;2020;15411446,00;8725454,00
br-p-cd-178937;Altineu Côrtes;2021;15711023,86;10694925,03
br-p-cd-178937;Altineu Côrtes;2022;16709103,66;12520437,00
br-p-cd-178937;Altineu Côrtes;2023;32103396,00;14615710,00
br-p-cd-178937;Altineu Côrtes;2024;37011499,16;29424765,16
br-p-cd-178937;Altineu Côrtes;2025;47987074,94;35797617,00
br-p-cd-178937;Altineu Côrtes;2026;39135410,06;37652000,00
br-p-cd-178854;Elmar Nascimento;2019;15410073,19;8615016,39
br-p-cd-178854;Elmar Nascimento;2020;15940453,98;11399411,62
br-p-cd-178854;Elmar Nascimento;2021;16180452,72;9295409,71
br-p-cd-178854;Elmar Nascimento;2022;18401418,00;13307795,12
br-p-cd-178854;Elmar Nascimento;2023;32102574,27;31851717,00
br-p-cd-178854;Elmar Nascimento;2024;37571585,00;35317793,00
br-p-cd-178854;Elmar Nascimento;2025;39141730,70;28204605,08
br-p-cd-178854;Elmar Nascimento;2026;31547827,00;18215930,00
br-p-cd-204426;Carlos Veras;2020;15790386,82;7342554,00
br-p-cd-204426;Carlos Veras;2021;16015354,39;12956486,00
br-p-cd-204426;Carlos Veras;2022;17843116,00;13141721,50
br-p-cd-204426;Carlos Veras;2023;32103400,00;31973804,00
br-p-cd-204426;Carlos Veras;2024;37071585,00;34211585,00
br-p-cd-204426;Carlos Veras;2025;44191783,04;39937559,61
br-p-cd-204426;Carlos Veras;2026;36187259,83;32562467,90
br-p-cd-220669;Lula da Fonte;2024;37860351,00;36576513,00
br-p-cd-220669;Lula da Fonte;2025;48075985,00;34457985,00
br-p-cd-220669;Lula da Fonte;2026;39487304,53;25604400,00
br-p-cd-220561;Delegada Katarina;2024;37871554,15;34219344,77
br-p-cd-220561;Delegada Katarina;2025;40952773,50;37633096,63
br-p-cd-220561;Delegada Katarina;2026;34493965,00;18126406,84
br-p-cd-178933;Sergio Souza;2019;15380774,00;8930774,00
br-p-cd-178933;Sergio Souza;2020;15705926,94;12351427,87
br-p-cd-178933;Sergio Souza;2021;16279521,00;12937206,00
br-p-cd-178933;Sergio Souza;2022;18401268,00;12105212,00
br-p-cd-178933;Sergio Souza;2023;32102578,00;30597343,68
br-p-cd-178933;Sergio Souza;2024;37736798,84;33135827,58
br-p-cd-178933;Sergio Souza;2025;39913498,92;34170198,72
br-p-cd-178933;Sergio Souza;2026;36476628,78;25240687,46
br-p-sf-3830;Davi Alcolumbre;2019;14428283,92;4447625,00
br-p-sf-3830;Davi Alcolumbre;2020;15940454,00;15440454,00
br-p-sf-3830;Davi Alcolumbre;2021;16279986,00;16279986,00
br-p-sf-3830;Davi Alcolumbre;2022;18401474,00;13851474,00
br-p-sf-3830;Davi Alcolumbre;2023;59028834,00;58946629,00
br-p-sf-3830;Davi Alcolumbre;2024;69634850,00;69634850,00
br-p-sf-3830;Davi Alcolumbre;2025;102809573,44;86666708,77
br-p-sf-3830;Davi Alcolumbre;2026;73831696,23;65987759,71
br-p-sf-3777;Eduardo Gomes;2020;15072682,27;10397640,60
br-p-sf-3777;Eduardo Gomes;2021;15828752,75;7830415,81
br-p-sf-3777;Eduardo Gomes;2022;15674225,00;8245751,96
br-p-sf-3777;Eduardo Gomes;2023;58218640,73;52283674,98
br-p-sf-3777;Eduardo Gomes;2024;67134297,16;57605487,24
br-p-sf-3777;Eduardo Gomes;2025;85135145,51;66704633,23
br-p-sf-3777;Eduardo Gomes;2026;67652229,62;50044425,54
br-p-sf-5008;Humberto Costa;2019;14908774,00;7512174,00
br-p-sf-5008;Humberto Costa;2020;15227819,19;7099829,45
br-p-sf-5008;Humberto Costa;2021;15502146,54;8236158,00
br-p-sf-5008;Humberto Costa;2022;17416709,54;10042981,50
br-p-sf-5008;Humberto Costa;2023;53515851,56;39862604,49
br-p-sf-5008;Humberto Costa;2024;69328820,42;49116119,44
br-p-sf-5008;Humberto Costa;2025;73292877,98;52459884,71
br-p-sf-5008;Humberto Costa;2026;61471976,69;48403916,47
br-p-sf-5998;Daniella Ribeiro;2020;15523927,83;1149982,00
br-p-sf-5998;Daniella Ribeiro;2021;16273707,00;8098033,00
br-p-sf-5998;Daniella Ribeiro;2022;18401473,00;13991632,00
br-p-sf-5998;Daniella Ribeiro;2023;59021407,00;58220940,00
br-p-sf-5998;Daniella Ribeiro;2024;69613554,59;50734850,00
br-p-sf-5998;Daniella Ribeiro;2025;68281180,00;48826686,80
br-p-sf-5998;Daniella Ribeiro;2026;58805228,65;45661887,74
br-p-sf-475;Confúcio Moura;2020;15928548,47;8310273,50
br-p-sf-475;Confúcio Moura;2021;16279352,00;6917846,53
br-p-sf-475;Confúcio Moura;2023;57667323,08;47326513,00
br-p-sf-475;Confúcio Moura;2024;68442723,00;57484843,00
br-p-sf-475;Confúcio Moura;2025;71792754,16;50603403,21
br-p-sf-475;Confúcio Moura;2026;64632964,00;48514382,89
br-p-sf-4811;Laércio Oliveira;2019;15359103,06;8338480,86
br-p-sf-4811;Laércio Oliveira;2020;15270306,67;7907742,15
br-p-sf-4811;Laércio Oliveira;2021;15677840,49;9917250,67
br-p-sf-4811;Laércio Oliveira;2022;18289129,00;11598354,00
br-p-sf-4811;Laércio Oliveira;2023;32102763,69;28616373,40
br-p-sf-4811;Laércio Oliveira;2024;69543688,33;55959755,41
br-p-sf-4811;Laércio Oliveira;2025;74189680,17;61018113,48
br-p-sf-4811;Laércio Oliveira;2026;66138528,62;48943720,89
br-p-cd-92102;Leur Lomanto Júnior;2020;15736469,67;8422471,00
br-p-cd-92102;Leur Lomanto Júnior;2021;16279596,00;15079986,00
br-p-cd-92102;Leur Lomanto Júnior;2022;18401473,00;13710665,36
br-p-cd-92102;Leur Lomanto Júnior;2023;32103399,00;32103399,00
br-p-cd-92102;Leur Lomanto Júnior;2024;37871585,00;37671585,00
br-p-cd-92102;Leur Lomanto Júnior;2025;50382983,09;38687859,41
br-p-cd-92102;Leur Lomanto Júnior;2026;38705408,79;28297287,00
br-p-cd-141531;Rodrigo de Castro;2019;15282926,21;7713139,00
br-p-cd-141531;Rodrigo de Castro;2020;15890953,04;8557759,46
br-p-cd-141531;Rodrigo de Castro;2021;15129155,00;9601414,00
br-p-cd-141531;Rodrigo de Castro;2022;18383735,00;14473894,00
br-p-cd-141531;Rodrigo de Castro;2023;32093599,27;28289624,24
br-p-cd-141531;Rodrigo de Castro;2024;37871439,00;37071585,00
br-p-cd-141531;Rodrigo de Castro;2025;41112668,00;36557942,12
br-p-cd-141531;Rodrigo de Castro;2026;38297813,97;18821240,40
br-p-cd-66385;Julio Arcoverde;2024;37871585,00;37870185,00
br-p-cd-66385;Julio Arcoverde;2025;46472538,08;39231159,08
br-p-cd-66385;Julio Arcoverde;2026;39355396,97;32504142,62
br-p-cd-209787;Nikolas Ferreira;2024;35452231,87;24543960,00
br-p-cd-209787;Nikolas Ferreira;2025;39726453,23;32623094,59
br-p-cd-209787;Nikolas Ferreira;2026;32194472,02;14545680,42
br-p-cd-178860;Paulo Azi;2019;14975052,17;7000194,00
br-p-cd-178860;Paulo Azi;2020;15766819,07;12359391,58
br-p-cd-178860;Paulo Azi;2021;16208897,62;11629368,46
br-p-cd-178860;Paulo Azi;2022;18401474,00;13991633,00
br-p-cd-178860;Paulo Azi;2023;32102260,86;30974190,00
br-p-cd-178860;Paulo Azi;2024;37871585,00;36737758,12
br-p-cd-178860;Paulo Azi;2025;46362255,34;37211661,98
br-p-cd-178860;Paulo Azi;2026;38416364,69;31766216,39
br-p-cd-204572;Capitão Alberto Neto;2020;15781198,00;10460971,00
br-p-cd-204572;Capitão Alberto Neto;2021;16278921,92;14479986,00
br-p-cd-204572;Capitão Alberto Neto;2022;18401473,00;11071441,00
br-p-cd-204572;Capitão Alberto Neto;2023;32103397,00;32103397,00
br-p-cd-204572;Capitão Alberto Neto;2024;37871585,00;36871585,00
br-p-cd-204572;Capitão Alberto Neto;2025;45575983,15;41394225,15
br-p-cd-204572;Capitão Alberto Neto;2026;37071607,00;34787264,44
br-p-cd-74075;Elcione Barbalho;2019;15350603,00;3900000,00
br-p-cd-74075;Elcione Barbalho;2020;15939980,99;11289459,00
br-p-cd-74075;Elcione Barbalho;2021;16060987,06;8942808,00
br-p-cd-74075;Elcione Barbalho;2022;18301370,27;13991529,27
br-p-cd-74075;Elcione Barbalho;2023;32096915,00;32096915,00
br-p-cd-74075;Elcione Barbalho;2024;37870860,00;37686907,00
br-p-cd-74075;Elcione Barbalho;2025;40213963,08;37989591,08
br-p-cd-74075;Elcione Barbalho;2026;39156377,00;26073308,21
br-p-cd-74574;Paulo Magalhães;2019;15417731,79;6950000,00
br-p-cd-74574;Paulo Magalhães;2021;16279986,00;11174990,00
br-p-cd-74574;Paulo Magalhães;2022;18401473,00;12809014,00
br-p-cd-74574;Paulo Magalhães;2024;37487380,00;30971585,00
br-p-cd-74574;Paulo Magalhães;2025;44767954,09;38048104,09
br-p-cd-74574;Paulo Magalhães;2026;37562250,00;23661831,88
br-p-cd-160666;Félix Mendonça Júnior;2019;15411277,32;7484994,34
br-p-cd-160666;Félix Mendonça Júnior;2020;15923305,00;7087314,84
br-p-cd-160666;Félix Mendonça Júnior;2021;16279986,00;16233410,00
br-p-cd-160666;Félix Mendonça Júnior;2022;18401350,00;13991558,50
br-p-cd-160666;Félix Mendonça Júnior;2023;32082957,25;29958021,71
br-p-cd-160666;Félix Mendonça Júnior;2024;37872992,39;36850528,99
br-p-cd-160666;Félix Mendonça Júnior;2025;48025868,46;40920801,93
br-p-cd-160666;Félix Mendonça Júnior;2026;36366061,00;25159037,26
br-p-cd-143632;Domingos Neto;2019;12105574,00;12105574,00
br-p-cd-143632;Domingos Neto;2020;15940454,00;15590454,00
br-p-cd-143632;Domingos Neto;2021;16278812,15;15005786,00
br-p-cd-143632;Domingos Neto;2022;18401369,00;12374179,50
br-p-cd-143632;Domingos Neto;2023;32103224,60;31562036,00
br-p-cd-143632;Domingos Neto;2024;37870801,58;37870801,58
br-p-cd-143632;Domingos Neto;2025;42120667,11;36789460,60
br-p-cd-143632;Domingos Neto;2026;40169211,44;40001647,00
br-p-cd-160527;Aguinaldo Ribeiro;2019;15289262,00;7694262,00
br-p-cd-160527;Aguinaldo Ribeiro;2020;15864866,06;10772098,00
br-p-cd-160527;Aguinaldo Ribeiro;2021;16004813,00;6849043,00
br-p-cd-160527;Aguinaldo Ribeiro;2022;18401473,00;14001473,00
br-p-cd-160527;Aguinaldo Ribeiro;2023;31892928,08;22809162,20
br-p-cd-160527;Aguinaldo Ribeiro;2024;37663730,00;36928845,00
br-p-cd-160527;Aguinaldo Ribeiro;2025;42240186,78;37598528,91
br-p-cd-160527;Aguinaldo Ribeiro;2026;37970500,00;30796646,16
br-p-cd-178972;Alex Manente;2019;15420774,00;15420774,00
br-p-cd-178972;Alex Manente;2020;15940454,00;15740454,00
br-p-cd-178972;Alex Manente;2021;16279000,00;8536462,00
br-p-cd-178972;Alex Manente;2022;18401473,00;18401473,00
br-p-cd-178972;Alex Manente;2023;31841529,00;31841529,00
br-p-cd-178972;Alex Manente;2024;37871585,00;37871585,00
br-p-cd-178972;Alex Manente;2025;51375984,15;26210225,15
br-p-cd-178972;Alex Manente;2026;40252007,00;29000000,00
br-p-cd-178881;Aluisio Mendes;2019;15420774,00;7710387,00
br-p-cd-178881;Aluisio Mendes;2020;15940000,00;7970000,00
br-p-cd-178881;Aluisio Mendes;2021;15841199,00;6579967,00
br-p-cd-178881;Aluisio Mendes;2022;18401373,32;10903967,67
br-p-cd-178881;Aluisio Mendes;2023;32103400,69;19825038,91
br-p-cd-178881;Aluisio Mendes;2024;37864785,00;36637819,12
br-p-cd-178881;Aluisio Mendes;2025;56636544,98;39050053,08
br-p-cd-178881;Aluisio Mendes;2026;37594333,32;18267162,74
br-p-cd-139285;Lídice da Mata;2019;14991122,77;5392929,64
br-p-cd-139285;Lídice da Mata;2020;15174027,60;5715788,32
br-p-cd-139285;Lídice da Mata;2021;15650375,95;7327659,78
br-p-cd-139285;Lídice da Mata;2022;18400769,84;13039317,41
br-p-cd-139285;Lídice da Mata;2023;32008294,00;29427340,00
br-p-cd-139285;Lídice da Mata;2024;37285319,30;26742901,08
br-p-cd-139285;Lídice da Mata;2025;41779061,54;24597932,27
br-p-cd-139285;Lídice da Mata;2026;27688507,47;18376897,01
br-p-cd-91228;Waldemar Oliveira;2024;37871585,00;37268364,00
br-p-cd-91228;Waldemar Oliveira;2025;42522579,08;38100660,08
br-p-cd-91228;Waldemar Oliveira;2026;39205023,00;31562957,90
br-p-cd-220588;Roberto Duarte;2024;37603256,00;24871529,00
br-p-cd-220588;Roberto Duarte;2025;45513920,05;34914099,05
br-p-cd-220588;Roberto Duarte;2026;36156372,99;16240360,69
br-p-cd-220599;Marcelo Crivella;2024;36280010,70;5669131,00
br-p-cd-220599;Marcelo Crivella;2025;28964508,47;9698229,40
br-p-cd-220599;Marcelo Crivella;2026;23866124,00;10802390,54
br-p-cd-220543;Ricardo Ayres;2024;37862595,00;35796261,00
br-p-cd-220543;Ricardo Ayres;2025;43201376,16;34786749,16
br-p-cd-220543;Ricardo Ayres;2026;36978157,80;32725177,00
br-p-cd-74160;Patrus Ananias;2019;12998385,54;6840709,62
br-p-cd-74160;Patrus Ananias;2020;15641090,60;7543162,15
br-p-cd-74160;Patrus Ananias;2021;16166968,99;11427070,00
br-p-cd-74160;Patrus Ananias;2022;18147331,60;6495944,96
br-p-cd-74160;Patrus Ananias;2023;31249477,99;19789771,41
br-p-cd-74160;Patrus Ananias;2024;36451258,58;20945191,56
br-p-cd-74160;Patrus Ananias;2025;38428831,80;24233298,90
br-p-cd-74160;Patrus Ananias;2026;29608907,19;22227527,48
br-p-cd-74041;Luiz Couto;2019;14476288,95;7202234,00
br-p-cd-74041;Luiz Couto;2024;35649669,56;21368519,53
br-p-cd-74041;Luiz Couto;2025;41151883,73;19727871,35
br-p-cd-74041;Luiz Couto;2026;22861989,98;9625709,22
br-p-cd-74398;Maria do Rosário;2019;12145231,01;4945629,18
br-p-cd-74398;Maria do Rosário;2020;13434042,73;9020691,72
br-p-cd-74398;Maria do Rosário;2021;15626085,40;11763811,00
br-p-cd-74398;Maria do Rosário;2022;17824955,00;11890481,00
br-p-cd-74398;Maria do Rosário;2023;30080717,75;19190488,09
br-p-cd-74398;Maria do Rosário;2024;36693958,95;19828673,27
br-p-cd-74398;Maria do Rosário;2025;37776003,13;22416089,66
br-p-cd-74398;Maria do Rosário;2026;32047507,74;24172153,46
br-p-cd-178987;Orlando Silva;2019;14800255,99;5027361,00
br-p-cd-178987;Orlando Silva;2020;15712917,00;4959145,00
br-p-cd-178987;Orlando Silva;2021;15463642,00;3303001,00
br-p-cd-178987;Orlando Silva;2022;16896072,00;10039847,00
br-p-cd-178987;Orlando Silva;2023;30842686,62;22738721,50
br-p-cd-178987;Orlando Silva;2024;35065621,00;15572726,00
br-p-cd-178987;Orlando Silva;2025;42975922,90;30544950,40
br-p-cd-178987;Orlando Silva;2026;34635846,05;25663851,40
br-p-cd-178908;Delegado Éder Mauro;2019;15420746,68;14516108,51
br-p-cd-178908;Delegado Éder Mauro;2020;15940136,86;14421539,00
br-p-cd-178908;Delegado Éder Mauro;2021;14000275,51;9043058,43
br-p-cd-178908;Delegado Éder Mauro;2022;17901471,29;3481317,34
br-p-cd-178908;Delegado Éder Mauro;2023;32103400,00;31768599,00
br-p-cd-178908;Delegado Éder Mauro;2024;37709938,62;37512464,73
br-p-cd-178908;Delegado Éder Mauro;2025;42075860,93;37650694,52
br-p-cd-178908;Delegado Éder Mauro;2026;39615081,99;21990054,60
br-p-cd-178887;Rubens Pereira Júnior;2019;15416442,81;13732428,56
br-p-cd-178887;Rubens Pereira Júnior;2022;18400965,71;12195290,50
br-p-cd-178887;Rubens Pereira Júnior;2023;32103400,00;32103400,00
br-p-cd-178887;Rubens Pereira Júnior;2024;37865345,00;34643692,00
br-p-cd-178887;Rubens Pereira Júnior;2025;49525958,70;40822613,95
br-p-cd-178887;Rubens Pereira Júnior;2026;36978500,00;29801074,41
br-p-cd-73801;Renildo Calheiros;2020;14391032,49;4731950,00
br-p-cd-73801;Renildo Calheiros;2021;16198241,38;6090000,00
br-p-cd-73801;Renildo Calheiros;2022;18094319,14;11356085,00
br-p-cd-73801;Renildo Calheiros;2023;29351792,36;26024644,74
br-p-cd-73801;Renildo Calheiros;2024;37871585,00;37135793,00
br-p-cd-73801;Renildo Calheiros;2025;43675984,08;38104605,08
br-p-cd-73801;Renildo Calheiros;2026;37802363,00;35838485,04
br-p-cd-204374;Bia Kicis;2020;14680454,18;1246288,79
br-p-cd-204374;Bia Kicis;2021;15795012,56;684404,78
br-p-cd-204374;Bia Kicis;2022;17874672,82;910267,97
br-p-cd-204374;Bia Kicis;2023;30792897,14;6976496,30
br-p-cd-204374;Bia Kicis;2024;35826422,37;2198220,72
br-p-cd-204374;Bia Kicis;2025;38359455,16;3997501,28
br-p-cd-204374;Bia Kicis;2026;10564687,55;1884413,65
br-p-cd-204460;Carlos Jordy;2020;15577148,09;7670210,21
br-p-cd-204460;Carlos Jordy;2021;16024259,14;2216660,87
br-p-cd-204460;Carlos Jordy;2022;18276432,60;5549366,26
br-p-cd-204460;Carlos Jordy;2023;32103316,97;27862651,96
br-p-cd-204460;Carlos Jordy;2024;37849551,85;21300000,00
br-p-cd-204460;Carlos Jordy;2025;39775927,38;17547519,00
br-p-cd-204460;Carlos Jordy;2026;34899468,97;18729514,00
br-p-cd-178873;Helder Salomão;2019;15170571,09;4449637,46
br-p-cd-178873;Helder Salomão;2020;15640572,13;4530318,44
br-p-cd-178873;Helder Salomão;2021;15344714,99;10919731,00
br-p-cd-178873;Helder Salomão;2022;18394327,00;9918731,00
br-p-cd-178873;Helder Salomão;2023;31745794,07;26874896,07
br-p-cd-178873;Helder Salomão;2024;37854742,50;29204989,03
br-p-cd-178873;Helder Salomão;2025;40911278,45;28900301,90
br-p-cd-178873;Helder Salomão;2026;35621138,60;24615491,40
br-p-cd-220555;Daiana Santos;2024;36299592,46;20157658,96
br-p-cd-220555;Daiana Santos;2025;35509351,25;15513108,26
br-p-cd-220555;Daiana Santos;2026;26419298,02;14352101,37
br-p-cd-153423;Renilce Nicodemos;2024;37870747,00;35920747,00
br-p-cd-153423;Renilce Nicodemos;2025;40791968,03;36791007,48
br-p-cd-153423;Renilce Nicodemos;2026;38879752,13;26333436,07
br-p-cd-220558;Zé Trovão;2024;37867382,00;29671459,00
br-p-cd-220558;Zé Trovão;2025;37275984,14;37153225,15
br-p-cd-220558;Zé Trovão;2026;33986248,00;15995239,32
br-p-cd-160601;Pr. Marco Feliciano;2019;15420774,00;15420774,00
br-p-cd-160601;Pr. Marco Feliciano;2020;15940454,00;15940454,00
br-p-cd-160601;Pr. Marco Feliciano;2021;16279986,00;16179986,00
br-p-cd-160601;Pr. Marco Feliciano;2022;18401472,00;14581789,50
br-p-cd-160601;Pr. Marco Feliciano;2023;32103389,00;31940469,00
br-p-cd-160601;Pr. Marco Feliciano;2024;37871585,00;37871585,00
br-p-cd-160601;Pr. Marco Feliciano;2025;57775983,08;34586985,00
br-p-cd-160601;Pr. Marco Feliciano;2026;40191007,00;21789000,00
br-p-cd-74454;Eunício Oliveira;2019;14580774,00;11617774,00
br-p-cd-74454;Eunício Oliveira;2024;37871585,00;34871585,00
br-p-cd-74454;Eunício Oliveira;2025;39898966,36;37027307,08
br-p-cd-74454;Eunício Oliveira;2026;40043899,00;34249168,58
br-p-cd-178835;Afonso Motta;2019;13614227,59;5496380,00
br-p-cd-178835;Afonso Motta;2020;15202770,77;5311368,92
br-p-cd-178835;Afonso Motta;2021;16199013,99;7095794,00
br-p-cd-178835;Afonso Motta;2022;18363978,89;10963271,08
br-p-cd-178835;Afonso Motta;2023;31643332,00;22412215,92
br-p-cd-178835;Afonso Motta;2024;37555763,96;31534407,69
br-p-cd-178835;Afonso Motta;2025;41070711,15;32064054,41
br-p-cd-178835;Afonso Motta;2026;35034830,00;23110373,11
br-p-cd-160600;Arthur Oliveira Maia;2019;15411131,51;9441581,89
br-p-cd-160600;Arthur Oliveira Maia;2020;15932463,09;8774121,60
br-p-cd-160600;Arthur Oliveira Maia;2021;16179304,49;7285694,19
br-p-cd-160600;Arthur Oliveira Maia;2022;17743418,63;12670756,74
br-p-cd-160600;Arthur Oliveira Maia;2023;32015772,00;26456348,44
br-p-cd-160600;Arthur Oliveira Maia;2024;37781514,53;26383197,94
br-p-cd-160600;Arthur Oliveira Maia;2025;41455046,88;22210931,40
br-p-cd-160600;Arthur Oliveira Maia;2026;28766236,87;14400539,28
br-p-cd-204472;José Medeiros;2019;15420774,00;13770774,00
br-p-cd-204472;José Medeiros;2020;15640449,00;11191249,00
br-p-cd-204472;José Medeiros;2021;15279822,00;13928822,00
br-p-cd-204472;José Medeiros;2022;18396462,25;13347441,06
br-p-cd-204472;José Medeiros;2023;32103358,68;20265158,68
br-p-cd-204472;José Medeiros;2024;37871584,00;30984634,00
br-p-cd-204472;José Medeiros;2025;45263978,00;38363978,00
br-p-cd-204472;José Medeiros;2026;29525322,97;10470931,80
br-p-cd-178934;Toninho Wandscheer;2019;15114319,09;7424615,00
br-p-cd-178934;Toninho Wandscheer;2020;15690386,00;15090386,00
br-p-cd-178934;Toninho Wandscheer;2021;16129355,00;14100544,00
br-p-cd-178934;Toninho Wandscheer;2022;17657323,00;11217033,00
br-p-cd-178934;Toninho Wandscheer;2023;32070682,01;19025254,00
br-p-cd-178934;Toninho Wandscheer;2024;36924118,93;32560342,00
br-p-cd-178934;Toninho Wandscheer;2025;36938179,48;18364016,78
br-p-cd-178934;Toninho Wandscheer;2026;34961402,56;17610066,20
br-p-cd-220546;Rodolfo Nogueira;2024;37871585,00;25934290,00
br-p-cd-220546;Rodolfo Nogueira;2025;44844489,15;37724366,15
br-p-cd-220546;Rodolfo Nogueira;2026;38952075,00;33407742,52
br-p-cd-160758;Domingos Sávio;2019;15200487,16;7711820,22
br-p-cd-160758;Domingos Sávio;2020;15760305,41;10352437,00
br-p-cd-160758;Domingos Sávio;2021;14911764,00;10357600,69
br-p-cd-160758;Domingos Sávio;2022;17844406,55;10558824,62
br-p-cd-160758;Domingos Sávio;2023;32087680,97;20191530,23
br-p-cd-160758;Domingos Sávio;2024;37444167,00;30469155,31
br-p-cd-160758;Domingos Sávio;2025;40184535,36;31803512,93
br-p-cd-160758;Domingos Sávio;2026;36574374,71;26322200,25
br-p-cd-204535;Sâmia Bomfim;2020;13580370,10;6449382,73
br-p-cd-204535;Sâmia Bomfim;2021;12719425,00;7090317,00
br-p-cd-204535;Sâmia Bomfim;2022;16348258,54;5264061,77
br-p-cd-204535;Sâmia Bomfim;2023;28391144,52;20580610,09
br-p-cd-204535;Sâmia Bomfim;2024;36061226,66;15448174,74
br-p-cd-204535;Sâmia Bomfim;2025;36016729,78;19721164,80
br-p-cd-204535;Sâmia Bomfim;2026;10212737,51;5150815,96
br-p-cd-204501;Alencar Santana;2023;32002636,70;24866159,33
br-p-cd-204501;Alencar Santana;2024;37871583,40;27929504,81
br-p-cd-204501;Alencar Santana;2025;39246269,19;28552599,12
br-p-cd-204501;Alencar Santana;2026;30443932,06;22862303,42
br-p-cd-204379;Acácio Favacho;2020;15090947,00;14890947,00
br-p-cd-204379;Acácio Favacho;2021;16218132,00;13410219,00
br-p-cd-204379;Acácio Favacho;2022;18401473,00;13991632,00
br-p-cd-204379;Acácio Favacho;2023;23604418,00;21140104,00
br-p-cd-204379;Acácio Favacho;2024;37869585,00;20271585,00
br-p-cd-204379;Acácio Favacho;2025;41721945,00;37687185,00
br-p-cd-204379;Acácio Favacho;2026;35449040,00;17648693,95
br-p-cd-74554;José Rocha;2019;15170619,81;8912663,64
br-p-cd-74554;José Rocha;2020;15610083,90;10148893,04
br-p-cd-74554;José Rocha;2021;16179986,00;15107038,00
br-p-cd-74554;José Rocha;2022;18292832,00;13007993,92
br-p-cd-74554;José Rocha;2023;32103394,00;28936641,66
br-p-cd-74554;José Rocha;2024;37871585,00;34138061,65
br-p-cd-74554;José Rocha;2025;49683680,77;35706910,22
br-p-cd-74554;José Rocha;2026;36645907,00;27970470,82
br-p-cd-220590;Coronel Ulysses;2024;37870847,00;37870847,00
br-p-cd-220590;Coronel Ulysses;2025;37998749,56;26417027,76
br-p-cd-220590;Coronel Ulysses;2026;27702274,00;19171947,01
br-p-cd-204398;Felipe Francischini;2020;15858420,00;6095798,00
br-p-cd-204398;Felipe Francischini;2021;16279786,00;15651295,00
br-p-cd-204398;Felipe Francischini;2022;18401473,00;13354633,00
br-p-cd-204398;Felipe Francischini;2023;32103400,00;32103400,00
br-p-cd-204398;Felipe Francischini;2024;35775584,00;23750000,00
br-p-cd-204398;Felipe Francischini;2025;41273985,00;41048885,00
br-p-cd-204398;Felipe Francischini;2026;19660806,00;17178211,56
br-p-cd-141488;Paulo Teixeira;2019;13665285,15;4996756,11
br-p-cd-141488;Paulo Teixeira;2020;15371881,74;8880741,20
br-p-cd-141488;Paulo Teixeira;2021;14876084,00;9249896,00
br-p-cd-141488;Paulo Teixeira;2022;18203735,22;11835435,98
br-p-cd-141488;Paulo Teixeira;2023;29243999,24;22338207,27
br-p-cd-178905;Fabio Garcia;2019;15271215,00;12773534,00
br-p-cd-178905;Fabio Garcia;2024;37871585,00;37871585,00
br-p-cd-178905;Fabio Garcia;2025;37275985,00;34323254,00
br-p-cd-178905;Fabio Garcia;2026;39252007,00;39252007,00
br-p-cd-204404;Lucas Redecker;2020;15720851,25;9575321,28
br-p-cd-204404;Lucas Redecker;2021;16025471,00;10118828,70
br-p-cd-204404;Lucas Redecker;2022;18400360,13;12194187,83
br-p-cd-204404;Lucas Redecker;2023;32101321,00;29366536,00
br-p-cd-204404;Lucas Redecker;2024;37719657,61;33763116,76
br-p-cd-204404;Lucas Redecker;2025;42020199,77;31739465,36
br-p-cd-204404;Lucas Redecker;2026;35665191,47;26437500,45
br-p-cd-220684;Tião Medeiros;2024;37871584,00;33454525,00
br-p-cd-220684;Tião Medeiros;2025;42395494,00;36554000,00
br-p-cd-220684;Tião Medeiros;2026;37849616,00;29316311,24
br-p-cd-178943;Marcos Soares;2019;11420360,00;5022460,00
br-p-cd-178943;Marcos Soares;2024;37871585,00;30029053,54
br-p-cd-178943;Marcos Soares;2025;43701913,08;37052669,65
br-p-cd-178943;Marcos Soares;2026;39644471,00;34644471,00
br-p-cd-204355;da Vitoria;2020;15287071,09;7573603,92
br-p-cd-204355;da Vitoria;2021;15512757,51;7994781,00
br-p-cd-204355;da Vitoria;2022;18101274,58;10520897,00
br-p-cd-204355;da Vitoria;2023;32103396,00;29159583,00
br-p-cd-204355;da Vitoria;2024;32683335,00;28712635,00
br-p-cd-204355;da Vitoria;2025;38646389,00;31674787,00
br-p-cd-204355;da Vitoria;2026;35409283,58;26848272,98
br-p-cd-66828;Fausto Pinato;2019;15204710,12;7508973,40
br-p-cd-66828;Fausto Pinato;2020;15670432,06;13352904,80
br-p-cd-66828;Fausto Pinato;2021;16277073,31;12282145,10
br-p-cd-66828;Fausto Pinato;2022;18147076,00;11888522,00
br-p-cd-66828;Fausto Pinato;2023;32101425,00;30806506,00
br-p-cd-66828;Fausto Pinato;2024;37848233,00;30746078,00
br-p-cd-66828;Fausto Pinato;2025;40189899,35;28837011,00
br-p-cd-66828;Fausto Pinato;2026;36117746,24;19456198,52
br-p-cd-204474;Juarez Costa;2020;15940454,00;15940454,00
br-p-cd-204474;Juarez Costa;2021;16210829,00;14051976,00
br-p-cd-204474;Juarez Costa;2022;18401473,00;18401473,00
br-p-cd-204474;Juarez Costa;2023;32103400,00;32103400,00
br-p-cd-204474;Juarez Costa;2024;37871585,00;35871585,00
br-p-cd-204474;Juarez Costa;2025;45679612,09;37089985,00
br-p-cd-204474;Juarez Costa;2026;40252007,00;252007,00
br-p-cd-220539;Defensor Stélio Dener;2024;37863349,00;19371628,75
br-p-cd-220539;Defensor Stélio Dener;2025;34817985,04;26539108,99
br-p-cd-220539;Defensor Stélio Dener;2026;32636048,80;19009415,75
br-p-cd-157130;Túlio Gadêlha;2020;14955288,12;6615765,00
br-p-cd-157130;Túlio Gadêlha;2021;14911996,78;5004932,00
br-p-cd-157130;Túlio Gadêlha;2022;16863298,72;5154951,35
br-p-cd-157130;Túlio Gadêlha;2023;31366696,23;8343854,25
br-p-cd-157130;Túlio Gadêlha;2024;37155080,59;28928314,00
br-p-cd-157130;Túlio Gadêlha;2025;43672014,23;33841850,08
br-p-cd-157130;Túlio Gadêlha;2026;27453201,89;13089227,50
br-p-cd-220576;Alfredo Gaspar;2024;37271584,00;33517269,30
br-p-cd-220576;Alfredo Gaspar;2025;46925323,56;39329863,67
br-p-cd-220576;Alfredo Gaspar;2026;33702007,00;33202007,00
br-p-cd-220594;Coronel Assis;2024;37762836,90;32176818,70
br-p-cd-220594;Coronel Assis;2025;46684019,39;36359908,00
br-p-cd-220594;Coronel Assis;2026;31572696,28;12237957,61
br-p-cd-220585;Mersinho Lucena;2024;37871585,00;35527016,00
br-p-cd-220585;Mersinho Lucena;2025;38671342,31;31943191,00
br-p-cd-220585;Mersinho Lucena;2026;34127613,52;25816020,00
br-p-cd-220648;Marangoni;2024;37871584,98;35000633,00
br-p-cd-220648;Marangoni;2025;38678629,00;35491500,00
br-p-cd-220648;Marangoni;2026;34742741,40;25999209,40
br-p-cd-204566;Marreca Filho;2020;15730875,76;12422554,00
br-p-cd-204566;Marreca Filho;2021;16025756,63;13558277,10
br-p-cd-204566;Marreca Filho;2022;18401467,00;12654413,00
br-p-cd-204566;Marreca Filho;2023;31883375,00;31483400,00
br-p-cd-204566;Marreca Filho;2024;37870644,31;36458012,00
br-p-cd-204566;Marreca Filho;2025;54083625,15;45534866,15
br-p-cd-204566;Marreca Filho;2026;35084257,00;30652992,56
br-p-cd-72442;Felipe Carreras;2019;10348374,89;782700,00
br-p-cd-72442;Felipe Carreras;2020;10483919,00;2161949,00
br-p-cd-72442;Felipe Carreras;2021;16279753,00;15787228,00
br-p-cd-72442;Felipe Carreras;2022;18386324,00;14066324,00
br-p-cd-72442;Felipe Carreras;2023;32103383,00;32003383,00
br-p-cd-72442;Felipe Carreras;2024;37871585,00;34218267,19
br-p-cd-72442;Felipe Carreras;2025;43922551,32;39632360,13
br-p-cd-72442;Felipe Carreras;2026;35255699,12;27345137,69
br-p-cd-178963;Covatti Filho;2019;15413497,10;7074387,00
br-p-cd-178963;Covatti Filho;2020;15887360,72;7792376,00
br-p-cd-178963;Covatti Filho;2021;16278665,29;7031134,00
br-p-cd-178963;Covatti Filho;2022;18386640,56;8457744,00
br-p-cd-178963;Covatti Filho;2023;32101534,28;19616134,69
br-p-cd-178963;Covatti Filho;2024;36965248,69;35541181,00
br-p-cd-178963;Covatti Filho;2025;41028183,08;36952605,08
br-p-cd-178963;Covatti Filho;2026;36077834,00;23309250,42
br-p-cd-220547;Marcos Pollon;2024;37848083,73;28222734,00
br-p-cd-220547;Marcos Pollon;2025;47222506,49;31207419,59
br-p-cd-220547;Marcos Pollon;2026;35182708,94;23242540,51
br-p-cd-141485;Luiz Carlos Busato;2024;37871582,00;31744754,28
br-p-cd-141485;Luiz Carlos Busato;2025;39540698,08;36085779,08
br-p-cd-141485;Luiz Carlos Busato;2026;35015442,00;15275396,48
br-p-cd-220573;Dorinaldo Malafaia;2024;37871585,00;23900545,00
br-p-cd-220573;Dorinaldo Malafaia;2025;41702546,74;27886210,11
br-p-cd-220573;Dorinaldo Malafaia;2026;36848402,00;25010669,23
br-p-cd-220569;Silvye Alves;2024;37871585,00;37371585,00
br-p-cd-220569;Silvye Alves;2025;41864985,00;38264985,00
br-p-cd-220569;Silvye Alves;2026;39967007,00;34532246,32
br-p-cd-220583;Delegado Fabio Costa;2024;37860592,94;34867197,55
br-p-cd-220583;Delegado Fabio Costa;2025;42936348,33;35211054,39
br-p-cd-220583;Delegado Fabio Costa;2026;39378951,50;31640797,99
br-p-cd-204367;Daniel Freitas;2020;15938786,00;4501197,00
br-p-cd-204367;Daniel Freitas;2021;16079986,00;8400169,00
br-p-cd-204367;Daniel Freitas;2022;18401474,00;13683442,00
br-p-cd-204367;Daniel Freitas;2023;32103400,00;32103400,00
br-p-cd-204367;Daniel Freitas;2024;37368337,10;37009290,48
br-p-cd-204367;Daniel Freitas;2025;37483984,15;33731225,15
br-p-cd-204367;Daniel Freitas;2026;32395007,00;18904743,08
br-p-cd-204427;Fernando Rodolfo;2020;15790327,98;13639485,73
br-p-cd-204427;Fernando Rodolfo;2021;16103129,00;10267136,00
br-p-cd-204427;Fernando Rodolfo;2022;18350418,72;9707720,31
br-p-cd-204427;Fernando Rodolfo;2023;31463259,00;28398445,00
br-p-cd-204427;Fernando Rodolfo;2024;37246792,00;31649650,00
br-p-cd-204427;Fernando Rodolfo;2025;44225710,91;31643321,05
br-p-cd-204427;Fernando Rodolfo;2026;27564221,70;24587000,00
br-p-cd-204531;Guilherme Derrite;2020;15940454,00;9875454,00
br-p-cd-204531;Guilherme Derrite;2021;16252601,21;12248984,99
br-p-cd-204531;Guilherme Derrite;2022;18401430,25;13942409,25
br-p-cd-204531;Guilherme Derrite;2026;37552503,21;28239407,81
br-p-cd-220626;Rafael Simoes;2024;37871358,06;37753563,57
br-p-cd-220626;Rafael Simoes;2025;39424206,58;36903476,86
br-p-cd-220626;Rafael Simoes;2026;40166407,00;28459117,33
br-p-cd-73768;Dilceu Sperafico;2019;15376023,95;6925600,00
br-p-cd-73768;Dilceu Sperafico;2024;37839378,00;34572721,35
br-p-cd-73768;Dilceu Sperafico;2025;39427442,99;33519242,00
br-p-cd-73768;Dilceu Sperafico;2026;36781887,60;20901715,24
br-p-cd-74856;Laura Carneiro;2019;14580105,00;7679425,00
br-p-cd-74856;Laura Carneiro;2024;37862505,30;21671467,00
br-p-cd-74856;Laura Carneiro;2025;41175856,31;26927983,31
br-p-cd-74856;Laura Carneiro;2026;38620233,71;34375789,04
br-p-cd-160512;Aureo Ribeiro;2020;15829412,01;12729412,01
br-p-cd-160512;Aureo Ribeiro;2021;15274844,88;8287172,00
br-p-cd-160512;Aureo Ribeiro;2022;18189567,72;9543574,99
br-p-cd-160512;Aureo Ribeiro;2023;32103396,00;29985425,00
br-p-cd-160512;Aureo Ribeiro;2024;37871583,59;35166016,64
br-p-cd-160512;Aureo Ribeiro;2025;42570998,74;34547727,76
br-p-cd-160512;Aureo Ribeiro;2026;40318453,40;27982274,08
br-p-cd-204494;Fred Costa;2020;15493766,00;13852814,00
br-p-cd-204494;Fred Costa;2021;16279986,00;14662725,30
br-p-cd-204494;Fred Costa;2022;17559419,00;12283212,50
br-p-cd-204494;Fred Costa;2023;30475635,85;29991268,00
br-p-cd-204494;Fred Costa;2024;37363532,00;35579949,06
br-p-cd-204494;Fred Costa;2025;41236148,78;34443228,74
br-p-cd-204494;Fred Costa;2026;35020439,47;27923967,43
br-p-cd-220658;Luiz Gastão;2024;37871585,00;32402100,13
br-p-cd-220658;Luiz Gastão;2025;47187170,00;33225885,00
br-p-cd-220658;Luiz Gastão;2026;38027795,92;25697037,81
br-p-cd-220703;Neto Carletto;2024;37871167,00;37771585,00
br-p-cd-220703;Neto Carletto;2025;47775984,15;40395605,15
br-p-cd-220703;Neto Carletto;2026;35152649,00;27287523,62
br-p-cd-220586;Rafael Brito;2024;37871585,00;37321528,00
br-p-cd-220586;Rafael Brito;2025;48675847,15;40338489,15
br-p-cd-220586;Rafael Brito;2026;40139844,07;35110042,15
br-p-cd-220618;Sargento Portugal;2024;37871585,00;24000000,00
br-p-cd-220618;Sargento Portugal;2025;43275985,00;22329985,00
br-p-cd-220618;Sargento Portugal;2026;31243663,24;20944250,00
br-p-cd-74262;Carlos Sampaio;2019;13118115,46;6943019,00
br-p-cd-74262;Carlos Sampaio;2020;12873739,00;5997088,00
br-p-cd-74262;Carlos Sampaio;2021;15041531,00;510500,00
br-p-cd-74262;Carlos Sampaio;2022;18346583,84;13005985,00
br-p-cd-74262;Carlos Sampaio;2023;31868765,00;29146688,00
br-p-cd-74262;Carlos Sampaio;2024;37807274,00;29829900,00
br-p-cd-74262;Carlos Sampaio;2025;38294585,21;33269521,97
br-p-cd-74262;Carlos Sampaio;2026;32799999,80;21526662,48
br-p-cd-74057;Alice Portugal;2019;14163664,33;3533603,33
br-p-cd-74057;Alice Portugal;2020;14769887,28;4953327,91
br-p-cd-74057;Alice Portugal;2021;16266830,17;5767391,58
br-p-cd-74057;Alice Portugal;2022;17797633,26;6863359,77
br-p-cd-74057;Alice Portugal;2023;27704526,00;24025499,81
br-p-cd-74057;Alice Portugal;2024;35327346,00;34039946,00
br-p-cd-74057;Alice Portugal;2025;46425980,74;39069993,00
br-p-cd-74057;Alice Portugal;2026;35278374,00;31139280,84
br-p-cd-141450;Hugo Leal;2019;15245580,69;6292510,95
br-p-cd-141450;Hugo Leal;2020;14655911,50;7073098,32
br-p-cd-141450;Hugo Leal;2021;15479219,94;8595734,49
br-p-cd-141450;Hugo Leal;2022;15042952,73;6135313,02
br-p-cd-141450;Hugo Leal;2023;31994832,35;30468400,47
br-p-cd-141450;Hugo Leal;2024;37870988,91;23601667,00
br-p-cd-141450;Hugo Leal;2025;39806065,00;22320116,78
br-p-cd-141450;Hugo Leal;2026;36083337,42;29319005,17
br-p-cd-160575;Erika Kokay;2019;7168352,36;1812086,58
br-p-cd-160575;Erika Kokay;2020;14259647,60;3865933,84
br-p-cd-160575;Erika Kokay;2021;15420953,19;2676751,75
br-p-cd-160575;Erika Kokay;2022;18151471,96;2299081,00
br-p-cd-160575;Erika Kokay;2023;31920784,20;16975779,98
br-p-cd-160575;Erika Kokay;2024;34669285,85;10754003,15
br-p-cd-160575;Erika Kokay;2025;37007207,94;10392097,67
br-p-cd-160575;Erika Kokay;2026;32056705,20;14532586,92
br-p-cd-178986;Nilto Tatto;2019;15408606,00;6810606,00
br-p-cd-178986;Nilto Tatto;2020;15898752,00;7383900,00
br-p-cd-178986;Nilto Tatto;2021;16279733,00;14368726,00
br-p-cd-178986;Nilto Tatto;2022;18217499,67;12687487,87
br-p-cd-178986;Nilto Tatto;2023;32050291,00;28098049,00
br-p-cd-178986;Nilto Tatto;2024;37284883,47;31204963,00
br-p-cd-178986;Nilto Tatto;2025;44920370,31;32508091,31
br-p-cd-178986;Nilto Tatto;2026;38234190,55;32487258,65
br-p-cd-204462;Chris Tonietto;2020;15611095,35;12819355,47
br-p-cd-204462;Chris Tonietto;2021;15382978,63;10599636,10
br-p-cd-204462;Chris Tonietto;2022;15367262,91;7225344,00
br-p-cd-204462;Chris Tonietto;2023;30055587,78;15025657,77
br-p-cd-204462;Chris Tonietto;2024;35427645,73;19815114,47
br-p-cd-204462;Chris Tonietto;2025;37840706,31;22067888,24
br-p-cd-204462;Chris Tonietto;2026;30685046,52;16917413,77
br-p-cd-191923;Flávio Nogueira;2020;15940451,42;8511500,00
br-p-cd-191923;Flávio Nogueira;2021;16279974,00;14279974,00
br-p-cd-191923;Flávio Nogueira;2022;18401474,00;13991633,00
br-p-cd-191923;Flávio Nogueira;2023;32103399,00;32103399,00
br-p-cd-191923;Flávio Nogueira;2024;37871585,00;37871585,00
br-p-cd-191923;Flávio Nogueira;2025;50158974,59;38297634,08
br-p-cd-191923;Flávio Nogueira;2026;39305246,97;36017342,74
br-p-cd-220556;Ana Paula Lima;2024;34390134,20;12779291,00
br-p-cd-220556;Ana Paula Lima;2025;36657859,43;14597329,76
br-p-cd-220556;Ana Paula Lima;2026;35682102,03;18948031,36
br-p-cd-220595;Coronel Fernanda;2024;37669060,00;36457931,00
br-p-cd-220595;Coronel Fernanda;2025;39656737,47;37665985,00
br-p-cd-220595;Coronel Fernanda;2026;32676546,00;12616221,00
br-p-cd-162067;Kiko Celeguim;2024;37870319,00;34489243,92
br-p-cd-162067;Kiko Celeguim;2025;38894454,10;21226899,10
br-p-cd-162067;Kiko Celeguim;2026;34911642,11;21586933,86
br-p-cd-220654;Delegado Paulo Bilynskyj;2024;37867432,17;29871585,00
br-p-cd-220654;Delegado Paulo Bilynskyj;2025;41056997,92;30466800,56
br-p-cd-220654;Delegado Paulo Bilynskyj;2026;38089615,84;15853009,67
br-p-cd-141516;Paulo Abi-Ackel;2019;15420704,00;7493937,00
br-p-cd-141516;Paulo Abi-Ackel;2020;15931076,90;12740454,00
br-p-cd-141516;Paulo Abi-Ackel;2021;16279986,00;15229986,00
br-p-cd-141516;Paulo Abi-Ackel;2022;18401471,73;13860639,05
br-p-cd-141516;Paulo Abi-Ackel;2023;32103399,00;30113625,64
br-p-cd-141516;Paulo Abi-Ackel;2024;37871585,00;33839943,00
br-p-cd-141516;Paulo Abi-Ackel;2025;43363977,07;38470345,26
br-p-cd-141516;Paulo Abi-Ackel;2026;38512093,93;28964643,03
br-p-cd-204506;Marcos Pereira;2020;15940454,00;7970227,00
br-p-cd-204506;Marcos Pereira;2021;16279986,00;6365221,00
br-p-cd-204506;Marcos Pereira;2022;17886921,00;9021227,00
br-p-cd-204506;Marcos Pereira;2023;32083522,00;16224974,00
br-p-cd-204506;Marcos Pereira;2024;37867699,00;35571585,00
br-p-cd-204506;Marcos Pereira;2025;40709936,00;33713704,00
br-p-cd-204506;Marcos Pereira;2026;32921579,00;20803322,16
br-p-cd-178829;Capitão Augusto;2019;15115574,00;8094131,88
br-p-cd-178829;Capitão Augusto;2020;15940454,00;12940454,00
br-p-cd-178829;Capitão Augusto;2021;16279986,00;12179349,00
br-p-cd-178829;Capitão Augusto;2022;18401473,00;13841632,00
br-p-cd-178829;Capitão Augusto;2023;32103399,00;32103399,00
br-p-cd-178829;Capitão Augusto;2024;37871585,00;37871585,00
br-p-cd-178829;Capitão Augusto;2025;47175985,00;38875985,00
br-p-cd-178829;Capitão Augusto;2026;40252007,00;20800000,00
br-p-cd-204534;Tabata Amaral;2020;12144179,00;5133227,00
br-p-cd-204534;Tabata Amaral;2021;15892390,88;6039456,87
br-p-cd-204534;Tabata Amaral;2022;16320591,08;4247624,59
br-p-cd-204534;Tabata Amaral;2023;30936717,04;12089188,40
br-p-cd-204534;Tabata Amaral;2024;36786093,50;11330894,88
br-p-cd-204534;Tabata Amaral;2025;36503835,56;16248131,55
br-p-cd-204534;Tabata Amaral;2026;21508019,69;14191205,70
br-p-cd-220532;Rafael Prudente;2024;37871584,99;25091126,05
br-p-cd-220532;Rafael Prudente;2025;36275984,08;31005557,70
br-p-cd-220532;Rafael Prudente;2026;17402112,19;10251952,20
br-p-cd-171786;Miguel Ângelo;2024;37356068,42;28877178,16
br-p-cd-171786;Miguel Ângelo;2025;41527735,93;33378022,88
br-p-cd-171786;Miguel Ângelo;2026;28018193,92;21149940,57
br-p-cd-204372;Julio Cesar Ribeiro;2020;15822034,22;6516400,99
br-p-cd-204372;Julio Cesar Ribeiro;2021;15780032,52;10545207,01
br-p-cd-204372;Julio Cesar Ribeiro;2022;17356058,32;11740663,90
br-p-cd-204372;Julio Cesar Ribeiro;2023;31039773,49;18227997,79
br-p-cd-204372;Julio Cesar Ribeiro;2025;37276440,69;23480849,85
br-p-cd-204372;Julio Cesar Ribeiro;2026;26867049,56;12584428,55
br-p-cd-220559;Julia Zanatta;2024;37871585,00;35074924,00
br-p-cd-220559;Julia Zanatta;2025;38775767,79;38395390,08
br-p-cd-220559;Julia Zanatta;2026;36211958,90;19271385,94
br-p-cd-74161;Reginaldo Lopes;2019;15059568,20;6267627,92
br-p-cd-74161;Reginaldo Lopes;2020;15256926,51;8923429,19
br-p-cd-74161;Reginaldo Lopes;2021;16121932,54;12297433,90
br-p-cd-74161;Reginaldo Lopes;2022;17509012,76;11422070,85
br-p-cd-74161;Reginaldo Lopes;2023;31663862,95;19427835,28
br-p-cd-74161;Reginaldo Lopes;2024;37730790,15;23358520,59
br-p-cd-74161;Reginaldo Lopes;2025;39081706,20;29462586,07
br-p-cd-74161;Reginaldo Lopes;2026;31004958,90;25265624,03
br-p-cd-221338;Professora Luciene Cavalcante;2024;37046828,84;12426556,42
br-p-cd-221338;Professora Luciene Cavalcante;2025;38062462,22;20314187,10
br-p-cd-221338;Professora Luciene Cavalcante;2026;21510373,41;12120412,33
br-p-cd-204369;Caroline de Toni;2020;15931970,66;4293592,80
br-p-cd-204369;Caroline de Toni;2021;16276542,16;13151577,00
br-p-cd-204369;Caroline de Toni;2022;18400503,00;13990662,00
br-p-cd-204369;Caroline de Toni;2023;32095010,00;32095010,00
br-p-cd-204369;Caroline de Toni;2024;37871585,00;37734083,43
br-p-cd-204369;Caroline de Toni;2025;39786068,32;37286105,10
br-p-cd-204369;Caroline de Toni;2026;39657107,00;22678814,37
br-p-cd-74858;Lindbergh Farias;2019;13393840,00;6818840,00
br-p-cd-74858;Lindbergh Farias;2024;37817189,76;13210795,00
br-p-cd-74858;Lindbergh Farias;2025;42545170,90;25583545,12
br-p-cd-74858;Lindbergh Farias;2026;32422007,00;25122007,00
br-p-cd-220609;Maurício Carvalho;2024;37871584,00;36477878,72
br-p-cd-220609;Maurício Carvalho;2025;39105491,27;28907590,08
br-p-cd-220609;Maurício Carvalho;2026;20408535,00;13047346,11
br-p-cd-204479;Nicoletti;2020;15290120,36;1040407,49
br-p-cd-204479;Nicoletti;2021;16211091,34;5172942,00
br-p-cd-204479;Nicoletti;2022;18401001,75;6147947,00
br-p-cd-204479;Nicoletti;2023;32092801,00;18821617,00
br-p-cd-204479;Nicoletti;2024;37868530,63;34865585,00
br-p-cd-204479;Nicoletti;2025;38480618,97;35461763,38
br-p-cd-204479;Nicoletti;2026;35677302,13;24920073,71
br-p-cd-141408;Cleber Verde;2019;15402968,66;7710387,00
br-p-cd-141408;Cleber Verde;2020;15739961,96;14253054,00
br-p-cd-141408;Cleber Verde;2021;16279908,20;15699770,60
br-p-cd-141408;Cleber Verde;2022;18399326,41;13825766,96
br-p-cd-141408;Cleber Verde;2023;32103044,47;31360518,79
br-p-cd-141408;Cleber Verde;2024;37871585,00;37471585,00
br-p-cd-141408;Cleber Verde;2025;45956690,15;36524505,15
br-p-cd-141408;Cleber Verde;2026;39187524,70;32774093,16
br-p-cd-204360;Silvia Cristina;2020;15940446,00;8622319,00
br-p-cd-204360;Silvia Cristina;2021;15956089,56;10629636,00
br-p-cd-204360;Silvia Cristina;2022;18094194,00;13898770,50
br-p-cd-204360;Silvia Cristina;2023;32103398,00;32103398,00
br-p-cd-204360;Silvia Cristina;2024;37871585,00;37871585,00
br-p-cd-204360;Silvia Cristina;2025;39325477,72;27088707,72
br-p-cd-204360;Silvia Cristina;2026;32127144,35;18146336,78
br-p-cd-62881;Danilo Forte;2019;14898455,64;7109576,00
br-p-cd-62881;Danilo Forte;2021;15875353,59;10260723,22
br-p-cd-62881;Danilo Forte;2022;17876987,72;7135103,00
br-p-cd-62881;Danilo Forte;2023;31439179,43;14278623,53
br-p-cd-62881;Danilo Forte;2024;37130886,03;28380210,80
br-p-cd-62881;Danilo Forte;2025;43066684,00;28519099,00
br-p-cd-62881;Danilo Forte;2026;37018341,00;31290267,76
br-p-cd-220597;Thiago Flores;2024;33551855,00;28999694,00
br-p-cd-220597;Thiago Flores;2025;38963821,98;27084933,08
br-p-cd-220597;Thiago Flores;2026;26942680,00;11235711,29
br-p-cd-220649;Delegado da Cunha;2024;37871417,00;17391071,00
br-p-cd-220649;Delegado da Cunha;2025;43769210,22;22795901,20
br-p-cd-220649;Delegado da Cunha;2026;40067339,55;23044973,55
br-p-cd-178946;Soraya Santos;2019;14704149,09;6065152,50
br-p-cd-178946;Soraya Santos;2020;15623459,00;9463222,00
br-p-cd-178946;Soraya Santos;2021;15741235,98;8500493,00
br-p-cd-178946;Soraya Santos;2022;18371015,00;14023515,00
br-p-cd-178946;Soraya Santos;2023;32071711,00;26358399,00
br-p-cd-178946;Soraya Santos;2024;37871585,00;33972985,00
br-p-cd-178946;Soraya Santos;2025;54273677,67;23641400,00
br-p-cd-178946;Soraya Santos;2026;39238746,97;29138746,97
br-p-cd-178929;Diego Garcia;2019;15409921,00;5256486,00
br-p-cd-178929;Diego Garcia;2020;15759604,00;5563869,00
br-p-cd-178929;Diego Garcia;2021;14239144,00;7513602,66
br-p-cd-178929;Diego Garcia;2022;16795096,00;10917459,00
br-p-cd-178929;Diego Garcia;2023;31372059,00;18047384,00
br-p-cd-178929;Diego Garcia;2024;36791791,00;36191791,00
br-p-cd-178929;Diego Garcia;2025;38831676,40;28834300,16
br-p-cd-178929;Diego Garcia;2026;34803337,99;15585816,33
br-p-cd-204436;Isnaldo Bulhões Jr.;2020;15133851,43;7407757,00
br-p-cd-204436;Isnaldo Bulhões Jr.;2021;13980736,00;7292950,00
br-p-cd-204436;Isnaldo Bulhões Jr.;2022;18400124,00;13999650,00
br-p-cd-204436;Isnaldo Bulhões Jr.;2023;32087015,00;26330322,00
br-p-cd-204436;Isnaldo Bulhões Jr.;2024;37871000,00;37871000,00
br-p-cd-204436;Isnaldo Bulhões Jr.;2025;37769796,65;29715624,65
br-p-cd-204436;Isnaldo Bulhões Jr.;2026;32683012,00;28289172,30
br-p-cd-220691;Diego Coronel;2024;37871585,00;37716251,20
br-p-cd-220691;Diego Coronel;2025;53405377,76;40451049,01
br-p-cd-220691;Diego Coronel;2026;35706383,00;32607627,24
br-p-cd-204485;Luiz Carlos Motta;2020;15801952,00;10675698,00
br-p-cd-204485;Luiz Carlos Motta;2021;16202508,00;8435239,00
br-p-cd-204485;Luiz Carlos Motta;2022;18301473,00;13281077,00
br-p-cd-204485;Luiz Carlos Motta;2023;32103401,00;32103401,00
br-p-cd-204485;Luiz Carlos Motta;2024;36821585,00;34381793,00
br-p-cd-204485;Luiz Carlos Motta;2025;39829985,00;29936759,00
br-p-cd-204485;Luiz Carlos Motta;2026;36507039,00;22558526,50
br-p-cd-98057;Lafayette de Andrada;2020;15365966,51;5514465,93
br-p-cd-98057;Lafayette de Andrada;2021;15386039,00;12272417,00
br-p-cd-98057;Lafayette de Andrada;2022;18002626,61;11391715,32
br-p-cd-98057;Lafayette de Andrada;2023;32065202,27;26667556,47
br-p-cd-98057;Lafayette de Andrada;2024;36918788,12;30903766,19
br-p-cd-98057;Lafayette de Andrada;2025;44538320,95;31484136,96
br-p-cd-98057;Lafayette de Andrada;2026;37037650,46;29462673,93
br-p-cd-204395;Pedro Lupion;2020;15390454,00;7799450,00
br-p-cd-204395;Pedro Lupion;2021;15344906,00;12629986,00
br-p-cd-204395;Pedro Lupion;2022;18301473,00;13191673,00
br-p-cd-204395;Pedro Lupion;2023;32103400,00;31598400,00
br-p-cd-204395;Pedro Lupion;2024;37867844,00;23447434,00
br-p-cd-204395;Pedro Lupion;2025;43387231,16;34478348,16
br-p-cd-204395;Pedro Lupion;2026;32975065,98;23780385,20
br-p-cd-204557;Sidney Leite;2020;15538045,00;8658359,98
br-p-cd-204557;Sidney Leite;2021;15979932,00;12435264,37
br-p-cd-204557;Sidney Leite;2022;17803828,00;12741860,68
br-p-cd-204557;Sidney Leite;2023;31741696,58;31387811,92
br-p-cd-204557;Sidney Leite;2024;37846163,00;35435655,15
br-p-cd-204557;Sidney Leite;2025;48844672,08;40913859,08
br-p-cd-204557;Sidney Leite;2026;38895990,00;33091152,17
br-p-cd-220685;Paulo Litro;2024;37871585,00;35971585,00
br-p-cd-220685;Paulo Litro;2025;44063977,08;38298105,08
br-p-cd-220685;Paulo Litro;2026;37512955,00;29113405,85
br-p-cd-123086;Átila Lira;2019;14507642,97;5718960,70
br-p-cd-123086;Átila Lira;2020;15160553,94;6647683,37
br-p-cd-123086;Átila Lira;2021;16279009,70;14779981,25
br-p-cd-123086;Átila Lira;2022;18390474,00;13531761,10
br-p-cd-123086;Átila Lira;2023;32103202,65;27556402,74
br-p-cd-123086;Átila Lira;2024;37871037,07;36970185,00
br-p-cd-123086;Átila Lira;2025;45136152,21;39910290,11
br-p-cd-123086;Átila Lira;2026;38861272,36;30165753,72
br-p-cd-220668;Maria Arraes;2024;37871585,00;36229399,13
br-p-cd-220668;Maria Arraes;2025;44095984,15;35012105,15
br-p-cd-220668;Maria Arraes;2026;40217007,00;31308342,05
br-p-cd-204481;Dr. Jaziel;2020;15940230,07;11940230,07
br-p-cd-204481;Dr. Jaziel;2021;16277463,31;14880963,31
br-p-cd-204481;Dr. Jaziel;2022;18301473,00;14201473,00
br-p-cd-204481;Dr. Jaziel;2023;32102899,68;30000076,52
br-p-cd-204481;Dr. Jaziel;2024;37871514,00;32266585,00
br-p-cd-204481;Dr. Jaziel;2025;38875985,00;37595985,00
br-p-cd-204481;Dr. Jaziel;2026;38823675,00;34318530,45
br-p-cd-204541;Eduardo Bismarck;2020;15916253,89;15516130,66
br-p-cd-204541;Eduardo Bismarck;2021;15920132,00;14293644,00
br-p-cd-204541;Eduardo Bismarck;2022;18400778,00;13915937,00
br-p-cd-204541;Eduardo Bismarck;2023;32094641,16;32026121,63
br-p-cd-204541;Eduardo Bismarck;2024;37848664,24;37060145,00
br-p-cd-204541;Eduardo Bismarck;2025;41275203,00;34160720,00
br-p-cd-204541;Eduardo Bismarck;2026;40242007,00;37642007,00
br-p-cd-220686;Duarte Jr.;2024;35871585,00;35510811,33
br-p-cd-220686;Duarte Jr.;2025;43383979,08;38089605,08
br-p-cd-220686;Duarte Jr.;2026;40202007,00;27702007,00
br-p-cd-204464;Talíria Petrone;2020;15726229,14;3367726,08
br-p-cd-204464;Talíria Petrone;2021;14789584,21;2099545,22
br-p-cd-204464;Talíria Petrone;2022;17500591,18;4887751,76
br-p-cd-204464;Talíria Petrone;2023;32030921,61;22957293,40
br-p-cd-204464;Talíria Petrone;2024;37507401,59;16939615,12
br-p-cd-204464;Talíria Petrone;2025;40412434,73;15084807,82
br-p-cd-204464;Talíria Petrone;2026;27430050,59;13457484,31
br-p-cd-178947;Sóstenes Cavalcante;2019;15420766,06;12832800,29
br-p-cd-178947;Sóstenes Cavalcante;2020;15892662,20;14700564,72
br-p-cd-178947;Sóstenes Cavalcante;2021;15779886,00;15779761,97
br-p-cd-178947;Sóstenes Cavalcante;2022;16708361,00;13708360,99
br-p-cd-178947;Sóstenes Cavalcante;2023;32102996,29;26125431,30
br-p-cd-178947;Sóstenes Cavalcante;2024;37859957,75;18831712,00
br-p-cd-178947;Sóstenes Cavalcante;2025;42460823,34;17095469,43
br-p-cd-178947;Sóstenes Cavalcante;2026;32528097,17;26240990,20
br-p-cd-204512;Delegado Marcelo Freitas;2020;15726542,13;11452513,46
br-p-cd-204512;Delegado Marcelo Freitas;2021;16279739,16;14404858,37
br-p-cd-204512;Delegado Marcelo Freitas;2022;18401473,00;13760545,96
br-p-cd-204512;Delegado Marcelo Freitas;2023;32094811,67;26222327,64
br-p-cd-204512;Delegado Marcelo Freitas;2024;37871585,00;32374730,35
br-p-cd-204512;Delegado Marcelo Freitas;2025;42550984,64;31606702,64
br-p-cd-204512;Delegado Marcelo Freitas;2026;36208742,13;20097553,16
br-p-cd-220529;Gilson Daniel;2024;36974242,41;28512314,02
br-p-cd-220529;Gilson Daniel;2025;41296599,61;35444782,00
br-p-cd-220529;Gilson Daniel;2026;37334977,40;18602950,79
br-p-cd-178884;Hildo Rocha;2019;15419761,50;6745155,23
br-p-cd-178884;Hildo Rocha;2020;15340453,99;9048329,74
br-p-cd-178884;Hildo Rocha;2021;16272611,00;14414757,00
br-p-cd-178884;Hildo Rocha;2022;18396178,00;12680951,99
br-p-cd-178884;Hildo Rocha;2023;32103400,00;32103400,00
br-p-cd-178884;Hildo Rocha;2026;38255127,27;31216382,55
br-p-cd-73486;Pompeo de Mattos;2019;14782568,00;5762771,00
br-p-cd-73486;Pompeo de Mattos;2020;15610028,08;6948370,06
br-p-cd-73486;Pompeo de Mattos;2021;16179705,02;8779529,00
br-p-cd-73486;Pompeo de Mattos;2022;18030031,64;11918203,50
br-p-cd-73486;Pompeo de Mattos;2023;32062742,00;30839471,00
br-p-cd-73486;Pompeo de Mattos;2024;37671093,68;34230916,84
br-p-cd-73486;Pompeo de Mattos;2025;39172822,08;35485443,08
br-p-cd-73486;Pompeo de Mattos;2026;37763406,02;22720207,99
br-p-cd-188097;Merlong Solano;2020;15822424,62;7783297,19
br-p-cd-188097;Merlong Solano;2021;16279986,00;15612971,00
br-p-cd-188097;Merlong Solano;2022;17890957,94;11771698,42
br-p-cd-188097;Merlong Solano;2023;30922280,35;28882855,55
br-p-cd-188097;Merlong Solano;2024;36799382,36;34394155,61
br-p-cd-188097;Merlong Solano;2025;44585673,10;33560528,91
br-p-cd-188097;Merlong Solano;2026;32886520,47;26121452,41
br-p-cd-204492;Paulo Guedes;2020;15740854,41;9977238,99
br-p-cd-204492;Paulo Guedes;2021;16279970,79;10623431,42
br-p-cd-204492;Paulo Guedes;2022;17982674,26;11998648,03
br-p-cd-204492;Paulo Guedes;2023;30659464,47;26674095,50
br-p-cd-204492;Paulo Guedes;2024;37160185,94;31665751,47
br-p-cd-204492;Paulo Guedes;2025;44466954,73;30113604,97
br-p-cd-204492;Paulo Guedes;2026;34775030,70;27710420,80
br-p-cd-204396;Vermelho;2020;15940454,00;15140454,00
br-p-cd-204396;Vermelho;2021;16279986,00;15775708,00
br-p-cd-204396;Vermelho;2022;18401473,00;13996473,00
br-p-cd-204396;Vermelho;2023;32103400,00;32103400,00
br-p-cd-204396;Vermelho;2024;37871585,00;36221585,00
br-p-cd-204396;Vermelho;2025;43917737,66;32223330,00
br-p-cd-204396;Vermelho;2026;39228850,64;27080690,58
br-p-cd-204480;Rogério Correia;2020;15387845,29;7686098,91
br-p-cd-204480;Rogério Correia;2021;15638709,05;12001000,00
br-p-cd-204480;Rogério Correia;2022;18400520,95;12722260,90
br-p-cd-204480;Rogério Correia;2023;31238263,17;22461616,83
br-p-cd-204480;Rogério Correia;2024;37345363,91;25400878,00
br-p-cd-204480;Rogério Correia;2025;40718664,26;24870794,41
br-p-cd-204480;Rogério Correia;2026;30737315,49;22074033,16
br-p-cd-220700;Florentino Neto;2024;37870002,29;36800994,00
br-p-cd-220700;Florentino Neto;2025;47558475,00;36722060,62
br-p-cd-220700;Florentino Neto;2026;40136605,06;34780035,75
br-p-cd-73778;Luiz Carlos Hauly;2019;15192668,00;2020624,00
br-p-cd-73778;Luiz Carlos Hauly;2024;36746368,10;17090398,20
br-p-cd-73778;Luiz Carlos Hauly;2025;38797477,30;30709503,00
br-p-cd-73778;Luiz Carlos Hauly;2026;28793496,43;14477762,48
br-p-cd-74317;Júlio Cesar;2019;15420621,17;7710279,00
br-p-cd-74317;Júlio Cesar;2020;15939462,01;7976330,00
br-p-cd-74317;Júlio Cesar;2021;16276545,71;14058102,47
br-p-cd-74317;Júlio Cesar;2022;18250867,00;13653320,31
br-p-cd-74317;Júlio Cesar;2023;32102019,14;28061978,24
br-p-cd-74317;Júlio Cesar;2024;37300981,12;33515506,14
br-p-cd-74317;Júlio Cesar;2025;48691710,08;39412360,08
br-p-cd-74317;Júlio Cesar;2026;36792441,68;28467337,25
br-p-cd-122158;Pedro Paulo;2019;13701662,59;4452787,00
br-p-cd-122158;Pedro Paulo;2020;14556428,36;6026890,00
br-p-cd-122158;Pedro Paulo;2021;16279986,00;11279986,00
br-p-cd-122158;Pedro Paulo;2022;18401473,00;11141632,00
br-p-cd-122158;Pedro Paulo;2023;32103399,00;32103399,00
br-p-cd-122158;Pedro Paulo;2024;36615621,00;22235793,00
br-p-cd-122158;Pedro Paulo;2025;45087298,86;28341580,42
br-p-cd-122158;Pedro Paulo;2026;30216377,00;27972900,93
br-p-cd-178858;Mário Negromonte Jr.;2019;14587854,00;7413612,60
br-p-cd-178858;Mário Negromonte Jr.;2020;15939797,03;14258396,35
br-p-cd-178858;Mário Negromonte Jr.;2021;15852855,00;13909883,00
br-p-cd-178858;Mário Negromonte Jr.;2022;18397070,00;13512882,00
br-p-cd-178858;Mário Negromonte Jr.;2023;32095213,00;30573376,00
br-p-cd-178858;Mário Negromonte Jr.;2024;37871585,00;37705288,01
br-p-cd-178858;Mário Negromonte Jr.;2025;49551970,00;43065970,00
br-p-cd-178858;Mário Negromonte Jr.;2026;37293357,00;30487648,28
br-p-cd-178983;Marcio Alvino;2019;15420427,00;14862509,00
br-p-cd-178983;Marcio Alvino;2020;15919097,00;15167274,00
br-p-cd-178983;Marcio Alvino;2021;16278278,00;14543973,00
br-p-cd-178983;Marcio Alvino;2022;18061628,00;16255953,00
br-p-cd-178983;Marcio Alvino;2023;32096240,00;31796240,00
br-p-cd-178983;Marcio Alvino;2024;37871535,00;37283400,38
br-p-cd-178983;Marcio Alvino;2025;44675879,00;36709958,00
br-p-cd-178983;Marcio Alvino;2026;29548680,72;8473168,93
br-p-cd-204559;Zé Neto;2020;15290305,04;7620890,32
br-p-cd-204559;Zé Neto;2021;16267969,22;7433455,00
br-p-cd-204559;Zé Neto;2022;18291718,00;4798936,00
br-p-cd-204559;Zé Neto;2023;32103085,00;31288481,00
br-p-cd-204559;Zé Neto;2024;37570719,27;35088922,24
br-p-cd-204559;Zé Neto;2025;44270414,54;35334077,51
br-p-cd-204559;Zé Neto;2026;34055419,19;26529437,92
br-p-cd-220714;Adail Filho;2024;37871584,83;37671585,00
br-p-cd-220714;Adail Filho;2025;57180332,00;37275985,00
br-p-cd-220714;Adail Filho;2026;39479578,99;34412548,38
br-p-cd-220653;Fábio Teruel;2024;37771555,00;37771555,00
br-p-cd-220653;Fábio Teruel;2025;63275934,65;37163175,65
br-p-cd-220653;Fábio Teruel;2026;40252007,00;30189005,00
br-p-cd-141464;José Airton Félix Cirilo;2020;15093710,21;9448107,94
br-p-cd-141464;José Airton Félix Cirilo;2021;16270386,00;14370386,00
br-p-cd-141464;José Airton Félix Cirilo;2022;18401472,00;11818463,00
br-p-cd-141464;José Airton Félix Cirilo;2023;32050402,00;32050402,00
br-p-cd-141464;José Airton Félix Cirilo;2024;37803561,62;29648930,79
br-p-cd-141464;José Airton Félix Cirilo;2025;38246713,04;37033830,85
br-p-cd-141464;José Airton Félix Cirilo;2026;37169393,00;29791194,08
br-p-cd-220548;Camila Jara;2024;37862938,51;21621080,88
br-p-cd-220548;Camila Jara;2025;40406350,46;24834188,81
br-p-cd-220548;Camila Jara;2026;28133900,53;24433398,55
br-p-cd-92699;Fernando Monteiro;2020;15715108,16;14090454,00
br-p-cd-92699;Fernando Monteiro;2021;16079452,53;14179976,00
br-p-cd-92699;Fernando Monteiro;2022;17150338,00;11703653,55
br-p-cd-92699;Fernando Monteiro;2023;32100598,97;29087301,65
br-p-cd-92699;Fernando Monteiro;2024;37870993,13;32905041,54
br-p-cd-92699;Fernando Monteiro;2025;43060929,95;29228976,65
br-p-cd-92699;Fernando Monteiro;2026;32871715,86;21937716,20
br-p-cd-74090;Átila Lins;2019;14286368,98;5465544,00
br-p-cd-74090;Átila Lins;2020;15930494,00;8909594,00
br-p-cd-74090;Átila Lins;2021;14278921,00;839493,00
br-p-cd-74090;Átila Lins;2022;18345325,55;10202521,69
br-p-cd-74090;Átila Lins;2023;30707225,00;15150865,00
br-p-cd-74090;Átila Lins;2024;37864780,15;35621585,00
br-p-cd-74090;Átila Lins;2025;42873203,46;12910619,09
br-p-cd-74090;Átila Lins;2026;33406614,56;13054199,65
br-p-cd-220712;Fausto Jr.;2026;40252007,00;40252007,00
br-p-cd-204416;Sanderson;2020;15875918,18;6530879,61
br-p-cd-204416;Sanderson;2021;16231856,60;7394645,19
br-p-cd-204416;Sanderson;2022;18204988,00;9824845,00
br-p-cd-204416;Sanderson;2023;32102618,00;29186554,44
br-p-cd-204416;Sanderson;2024;37661995,72;22671571,63
br-p-cd-204416;Sanderson;2025;39629639,00;35321134,00
br-p-cd-204416;Sanderson;2026;31488901,28;14798196,87
br-p-cd-204536;Kim Kataguiri;2020;15940000,00;14940000,00
br-p-cd-204536;Kim Kataguiri;2021;16279975,67;12260639,09
br-p-cd-204536;Kim Kataguiri;2022;17430017,75;11973534,00
br-p-cd-204536;Kim Kataguiri;2023;32102956,00;28334260,33
br-p-cd-204536;Kim Kataguiri;2024;37766088,51;33605512,75
br-p-cd-204536;Kim Kataguiri;2025;39235315,08;33802830,38
br-p-cd-204536;Kim Kataguiri;2026;34017220,39;12528525,16
br-p-cd-220603;Dani Cunha;2024;37870502,95;25600000,00
br-p-cd-220603;Dani Cunha;2025;47475985,00;36045984,92
br-p-cd-220603;Dani Cunha;2026;34000000,00;23600000,00
br-p-cd-198783;Emanuel Pinheiro Neto;2020;15707563,99;6667073,00
br-p-cd-198783;Emanuel Pinheiro Neto;2021;15844431,00;6928321,00
br-p-cd-198783;Emanuel Pinheiro Neto;2022;18391842,03;7129035,00
br-p-cd-198783;Emanuel Pinheiro Neto;2023;32083678,88;29968015,59
br-p-cd-198783;Emanuel Pinheiro Neto;2024;37725262,00;37114262,00
br-p-cd-198783;Emanuel Pinheiro Neto;2025;40999571,85;32247365,93
br-p-cd-198783;Emanuel Pinheiro Neto;2026;38871472,57;26049295,10
br-p-cd-204486;Mauro Benevides Filho;2020;15933274,94;7703412,69
br-p-cd-204486;Mauro Benevides Filho;2021;16279986,00;16279986,00
br-p-cd-204486;Mauro Benevides Filho;2022;18401470,00;15269658,00
br-p-cd-204486;Mauro Benevides Filho;2023;32101119,00;30700752,80
br-p-cd-204486;Mauro Benevides Filho;2024;37871585,00;37271585,00
br-p-cd-204486;Mauro Benevides Filho;2025;42563972,14;33512526,63
br-p-cd-204486;Mauro Benevides Filho;2026;39023856,05;35676543,05
br-p-cd-220690;Capitão Alden;2024;37221821,95;29831150,84
br-p-cd-220690;Capitão Alden;2025;39401151,86;28496572,81
br-p-cd-220690;Capitão Alden;2026;34240974,91;18511477,08
br-p-cd-178896;Newton Cardoso Jr;2019;15246729,21;7238112,90
br-p-cd-178896;Newton Cardoso Jr;2020;15938536,71;6528829,32
br-p-cd-178896;Newton Cardoso Jr;2021;16279605,00;12439926,00
br-p-cd-178896;Newton Cardoso Jr;2022;18384268,00;10924540,00
br-p-cd-178896;Newton Cardoso Jr;2023;32103324,00;28322080,22
br-p-cd-178896;Newton Cardoso Jr;2024;37871585,00;34173416,00
br-p-cd-178896;Newton Cardoso Jr;2025;44512377,08;37636326,08
br-p-cd-178896;Newton Cardoso Jr;2026;36476059,37;30924727,03
br-p-cd-74043;Wellington Roberto;2019;15256637,00;6186038,00
br-p-cd-74043;Wellington Roberto;2020;15393895,40;6736834,40
br-p-cd-74043;Wellington Roberto;2021;15964220,54;7021528,00
br-p-cd-74043;Wellington Roberto;2022;17539751,00;9711310,00
br-p-cd-74043;Wellington Roberto;2023;31626514,00;28283328,58
br-p-cd-74043;Wellington Roberto;2024;37870901,00;35299004,00
br-p-cd-74043;Wellington Roberto;2025;50256024,94;39531591,81
br-p-cd-74043;Wellington Roberto;2026;37350258,60;27251001,26
br-p-cd-204550;Júnior Mano;2020;15938375,00;12718232,00
br-p-cd-204550;Júnior Mano;2021;16279983,00;14665372,00
br-p-cd-204550;Júnior Mano;2022;18401233,00;13897792,00
br-p-cd-204550;Júnior Mano;2023;32102966,00;31077286,00
br-p-cd-204550;Júnior Mano;2024;37871585,00;37085793,00
br-p-cd-204550;Júnior Mano;2026;38671363,37;32314830,71
br-p-cd-204491;Gilberto Abramo;2020;15883328,98;8135877,83
br-p-cd-204491;Gilberto Abramo;2021;16262305,66;11719334,70
br-p-cd-204491;Gilberto Abramo;2022;18396546,89;12725916,31
br-p-cd-204491;Gilberto Abramo;2023;31740546,13;29880262,95
br-p-cd-204491;Gilberto Abramo;2024;37911484,03;37869616,61
br-p-cd-204491;Gilberto Abramo;2025;39659088,39;32435812,87
br-p-cd-204491;Gilberto Abramo;2026;39371870,50;36446689,22
br-p-cd-74646;Aécio Neves;2019;15420770,80;11070774,00
br-p-cd-74646;Aécio Neves;2020;15926174,99;14098705,00
br-p-cd-74646;Aécio Neves;2021;16079385,37;12633748,37
br-p-cd-74646;Aécio Neves;2022;17568035,52;11236135,88
br-p-cd-74646;Aécio Neves;2023;31996670,00;30222479,00
br-p-cd-74646;Aécio Neves;2024;37871363,98;33629915,27
br-p-cd-74646;Aécio Neves;2025;43479006,98;35148611,72
br-p-cd-74646;Aécio Neves;2026;37844504,41;29279800,99
br-p-cd-141456;Jilmar Tatto;2024;37871585,00;35211271,00
br-p-cd-141456;Jilmar Tatto;2025;40072469,92;33669011,02
br-p-cd-141456;Jilmar Tatto;2026;31206141,10;24673141,60
br-p-cd-220604;Marcos Tavares;2024;37871584,00;18935793,00
br-p-cd-220604;Marcos Tavares;2025;38275985,00;18837993,00
br-p-cd-220604;Marcos Tavares;2026;29776895,72;23787246,97
br-p-cd-220578;Josenildo;2024;37868795,00;25267338,00
br-p-cd-220578;Josenildo;2025;49063831,08;37239541,08
br-p-cd-220578;Josenildo;2026;40151310,00;36327029,61
br-p-cd-204517;Zé Vitor;2020;15735068,53;12004727,23
br-p-cd-204517;Zé Vitor;2021;15678611,55;13061422,07
br-p-cd-204517;Zé Vitor;2022;18394964,61;11902252,00
br-p-cd-204517;Zé Vitor;2023;32101455,97;26150463,97
br-p-cd-204517;Zé Vitor;2024;37865859,00;36454965,96
br-p-cd-204517;Zé Vitor;2025;46476686,62;28777379,42
br-p-cd-204517;Zé Vitor;2026;36626809,00;29009731,17
br-p-cd-230767;Rodrigo da Zaeli;2026;33298498,79;8427505,69
br-p-cd-104552;Socorro Neri;2024;37860582,01;36021934,08
br-p-cd-104552;Socorro Neri;2025;38992348,97;37221306,80
br-p-cd-104552;Socorro Neri;2026;39624105,90;21684838,55
br-p-cd-220632;Ana Pimentel;2024;36894517,56;21417157,44
br-p-cd-220632;Ana Pimentel;2025;42377085,26;27454985,43
br-p-cd-220632;Ana Pimentel;2026;26292297,87;18264310,32
br-p-cd-204497;Júnior Ferrari;2020;15939734,40;8773578,38
br-p-cd-204497;Júnior Ferrari;2021;16279954,00;15529954,00
br-p-cd-204497;Júnior Ferrari;2022;18401473,00;13991632,00
br-p-cd-204497;Júnior Ferrari;2023;32103399,00;32103399,00
br-p-cd-204497;Júnior Ferrari;2024;37871585,00;37871585,00
br-p-cd-204497;Júnior Ferrari;2025;40256935,08;36500712,08
br-p-cd-204497;Júnior Ferrari;2026;40199007,00;23112239,32
br-p-cd-143084;Tiago Dimas;2020;15200406,56;6851115,58
br-p-cd-143084;Tiago Dimas;2021;16262671,00;14695246,00
br-p-cd-143084;Tiago Dimas;2022;17725546,00;12571066,00
br-p-cd-143084;Tiago Dimas;2023;32103340,00;25768156,00
br-p-cd-143084;Tiago Dimas;2026;38412298,61;29380683,64
br-p-cd-141555;Vinicius Carvalho;2019;15270399,00;8499685,00
br-p-cd-141555;Vinicius Carvalho;2020;15940214,00;7211956,00
br-p-cd-141555;Vinicius Carvalho;2021;16236886,08;13786886,08
br-p-cd-141555;Vinicius Carvalho;2022;17880022,27;11143203,93
br-p-cd-141555;Vinicius Carvalho;2023;32066890,05;22793998,04
br-p-cd-141555;Vinicius Carvalho;2024;37871585,00;26100000,00
br-p-cd-141555;Vinicius Carvalho;2025;49077544,63;34550662,00
br-p-cd-141555;Vinicius Carvalho;2026;37221398,70;20297309,19
br-p-cd-204540;Maria Rosas;2020;15587631,33;9759799,00
br-p-cd-204540;Maria Rosas;2021;16299477,16;13857725,69
br-p-cd-204540;Maria Rosas;2022;17904825,49;15524458,38
br-p-cd-204540;Maria Rosas;2023;32005347,45;24201119,62
br-p-cd-204540;Maria Rosas;2024;37890391,96;24843780,15
br-p-cd-204540;Maria Rosas;2025;40188817,44;29403938,68
br-p-cd-204540;Maria Rosas;2026;37938141,00;18778125,00
br-p-cd-74156;Leonardo Monteiro;2019;15354796,10;7964368,27
br-p-cd-74156;Leonardo Monteiro;2020;15743865,79;8058620,83
br-p-cd-74156;Leonardo Monteiro;2021;16021773,87;9173734,02
br-p-cd-74156;Leonardo Monteiro;2022;18298953,22;12327297,49
br-p-cd-74156;Leonardo Monteiro;2023;32037805,94;28906747,57
br-p-cd-74156;Leonardo Monteiro;2024;37455924,91;24571775,93
br-p-cd-74156;Leonardo Monteiro;2025;38945595,00;35539294,49
br-p-cd-74156;Leonardo Monteiro;2026;37578074,19;29568914,13
br-p-cd-160161;Marcelo Queiroz;2024;37871501,00;15279259,44
br-p-cd-160161;Marcelo Queiroz;2025;43275527,96;13943171,78
br-p-cd-160161;Marcelo Queiroz;2026;39754487,70;24244808,98
br-p-cd-220640;Juliana Cardoso;2024;37201985,98;20664407,61
br-p-cd-220640;Juliana Cardoso;2025;37614361,15;13415557,68
br-p-cd-220640;Juliana Cardoso;2026;29030480,85;18644367,18
br-p-cd-220672;Henderson Pinto;2024;37871376,23;37271585,00
br-p-cd-220672;Henderson Pinto;2025;41275680,08;36223258,08
br-p-cd-220672;Henderson Pinto;2026;40135588,72;30584077,77
br-p-cd-220607;Max Lemos;2024;37361505,18;24235017,00
br-p-cd-220607;Max Lemos;2025;48465508,00;32587158,00
br-p-cd-220607;Max Lemos;2026;35574792,44;28396034,56
br-p-cd-221329;Ricardo Abrão;2026;39079475,72;28510461,60
br-p-cd-220650;Paulo Alexandre Barbosa;2024;37798647,38;20375809,40
br-p-cd-220650;Paulo Alexandre Barbosa;2025;38828826,94;31047970,22
br-p-cd-220650;Paulo Alexandre Barbosa;2026;38183385,00;23347111,08
br-p-cd-220572;Marussa Boldrin;2024;37220962,00;33793526,00
br-p-cd-220572;Marussa Boldrin;2025;40961127,08;34758117,08
br-p-cd-220572;Marussa Boldrin;2026;34154878,00;27268280,33
br-p-cd-220574;Cabo Gilberto Silva;2024;36369737,00;26027361,00
br-p-cd-220574;Cabo Gilberto Silva;2025;39045916,98;25278182,43
br-p-cd-220574;Cabo Gilberto Silva;2026;23070659,00;14516298,59
br-p-cd-74428;Mendonça Filho;2019;12255414,00;7172414,00
br-p-cd-74428;Mendonça Filho;2024;37727447,51;31639173,48
br-p-cd-74428;Mendonça Filho;2025;38274729,14;31755100,59
br-p-cd-74428;Mendonça Filho;2026;35384830,23;27438945,86
br-p-cd-160559;Alceu Moreira;2019;15395765,54;6927717,00
br-p-cd-160559;Alceu Moreira;2020;15858865,00;10717594,12
br-p-cd-160559;Alceu Moreira;2021;15914679,00;12380740,00
br-p-cd-160559;Alceu Moreira;2022;17663033,91;11266948,47
br-p-cd-160559;Alceu Moreira;2023;32101414,00;29754323,00
br-p-cd-160559;Alceu Moreira;2024;37795346,00;31890914,91
br-p-cd-160559;Alceu Moreira;2025;41006631,09;34770220,09
br-p-cd-160559;Alceu Moreira;2026;37694699,00;22062435,04
br-p-cd-160556;Padre João;2019;14205704,45;6472277,25
br-p-cd-160556;Padre João;2020;15755889,67;7484660,86
br-p-cd-160556;Padre João;2021;16093633,09;9470353,79
br-p-cd-160556;Padre João;2022;18399544,58;11096194,20
br-p-cd-160556;Padre João;2023;30928190,79;20184746,41
br-p-cd-160556;Padre João;2024;37858643,40;21254511,20
br-p-cd-160556;Padre João;2025;37583551,79;19862163,16
br-p-cd-160556;Padre João;2026;30628045,81;21086410,54
br-p-sf-5523;Otto Alencar;2019;15312096,00;7402146,00
br-p-sf-5523;Otto Alencar;2020;15939890,40;13757324,75
br-p-sf-5523;Otto Alencar;2021;16279986,00;16279986,00
br-p-sf-5523;Otto Alencar;2022;18384776,00;13974935,00
br-p-sf-5523;Otto Alencar;2023;59028829,00;59028829,00
br-p-sf-5523;Otto Alencar;2024;69634850,00;69134850,00
br-p-sf-5523;Otto Alencar;2025;83841852,85;71434317,85
br-p-sf-5523;Otto Alencar;2026;72573946,23;63460948,80
br-p-sf-5899;Vanderlan Cardoso;2020;15937253,27;5715209,99
br-p-sf-5899;Vanderlan Cardoso;2021;15720126,95;526440,00
br-p-sf-5899;Vanderlan Cardoso;2022;18102488,21;3361718,40
br-p-sf-5899;Vanderlan Cardoso;2023;56432884,00;36342723,95
br-p-sf-5899;Vanderlan Cardoso;2024;69616389,83;28114761,13
br-p-sf-5899;Vanderlan Cardoso;2025;72568024,49;47238493,61
br-p-sf-5899;Vanderlan Cardoso;2026;50921206,80;28649860,19
br-p-sf-4994;Eduardo Braga;2019;15390239,00;5411270,00
br-p-sf-4994;Eduardo Braga;2020;15639940,17;13366405,80
br-p-sf-4994;Eduardo Braga;2021;16279986,00;16279986,00
br-p-sf-4994;Eduardo Braga;2022;18401473,00;16956473,00
br-p-sf-4994;Eduardo Braga;2023;59028835,00;56509379,48
br-p-sf-4994;Eduardo Braga;2024;69634537,91;67134850,00
br-p-sf-4994;Eduardo Braga;2025;126579430,00;93039715,00
br-p-sf-4994;Eduardo Braga;2026;73291355,00;73291355,00
br-p-sf-70;Renan Calheiros;2019;15331931,00;11621971,00
br-p-sf-70;Renan Calheiros;2020;15933572,00;12322280,00
br-p-sf-70;Renan Calheiros;2021;16219969,85;8102375,00
br-p-sf-70;Renan Calheiros;2022;18401472,00;11711875,00
br-p-sf-70;Renan Calheiros;2023;54586751,00;53802751,00
br-p-sf-70;Renan Calheiros;2024;65314796,00;64069951,00
br-p-sf-70;Renan Calheiros;2025;85403511,00;73904709,00
br-p-sf-70;Renan Calheiros;2026;70600000,00;66845489,22
br-p-sf-35;Jader Barbalho;2019;15419588,20;6991808,98
br-p-sf-35;Jader Barbalho;2020;15939066,95;10302879,30
br-p-sf-35;Jader Barbalho;2021;16278463,06;15421355,56
br-p-sf-35;Jader Barbalho;2022;18400924,43;13160404,36
br-p-sf-35;Jader Barbalho;2023;59028326,75;48543652,68
br-p-sf-35;Jader Barbalho;2024;69474733,37;66361696,44
br-p-sf-35;Jader Barbalho;2025;92946409,32;65612818,82
br-p-sf-35;Jader Barbalho;2026;73484290,76;71364038,52
br-p-sf-5748;Veneziano Vital do Rêgo;2019;15305626,00;10330626,00
br-p-sf-5748;Veneziano Vital do Rêgo;2020;15940365,00;6005600,00
br-p-sf-5748;Veneziano Vital do Rêgo;2021;16279168,00;7431500,00
br-p-sf-5748;Veneziano Vital do Rêgo;2022;18398420,31;8896784,33
br-p-sf-5748;Veneziano Vital do Rêgo;2023;58286456,00;53679467,00
br-p-sf-5748;Veneziano Vital do Rêgo;2024;69133456,00;61240461,47
br-p-sf-5748;Veneziano Vital do Rêgo;2025;78872911,83;68667762,27
br-p-sf-5748;Veneziano Vital do Rêgo;2026;64558580,28;54598300,84
br-p-sf-5988;Soraya Thronicke;2020;15907660,85;5796141,58
br-p-sf-5988;Soraya Thronicke;2021;15451512,04;7540362,00
br-p-sf-5988;Soraya Thronicke;2022;17645169,80;9916229,00
br-p-sf-5988;Soraya Thronicke;2023;59028512,00;52518728,00
br-p-sf-5988;Soraya Thronicke;2024;67787041,00;56032688,76
br-p-sf-5988;Soraya Thronicke;2025;78256277,94;61696576,36
br-p-sf-5988;Soraya Thronicke;2026;68133112,97;52440407,46
br-p-sf-5386;Professora Dorinha Seabra;2024;69634849,38;63062462,00
br-p-sf-5386;Professora Dorinha Seabra;2025;77929342,87;66176967,99
br-p-sf-5386;Professora Dorinha Seabra;2026;69248354,00;62902203,28
br-p-sf-5959;Styvenson Valentim;2020;15586828,65;4525316,89
br-p-sf-5959;Styvenson Valentim;2021;15663178,92;6594687,90
br-p-sf-5959;Styvenson Valentim;2022;18330599,26;10453727,94
br-p-sf-5959;Styvenson Valentim;2023;59027978,00;50654708,69
br-p-sf-5959;Styvenson Valentim;2024;69619899,63;59361686,00
br-p-sf-5959;Styvenson Valentim;2025;83915114,47;77123860,47
br-p-sf-5959;Styvenson Valentim;2026;70019778,00;58483545,12
br-p-sf-5924;Oriovisto Guimarães;2020;15908181,50;6764801,59
br-p-sf-5924;Oriovisto Guimarães;2021;16265821,17;7200000,00
br-p-sf-5924;Oriovisto Guimarães;2022;18333441,74;8076121,00
br-p-sf-5924;Oriovisto Guimarães;2023;58834607,88;34165355,16
br-p-sf-5924;Oriovisto Guimarães;2024;69532612,04;52034157,31
br-p-sf-5924;Oriovisto Guimarães;2025;71148346,87;55092923,56
br-p-sf-5924;Oriovisto Guimarães;2026;64708999,84;44418154,24
br-p-sf-4531;Jayme Campos;2020;15940227,00;15940227,00
br-p-sf-4531;Jayme Campos;2021;16279986,00;16065842,00
br-p-sf-4531;Jayme Campos;2022;18401472,00;13916565,00
br-p-sf-4531;Jayme Campos;2023;59028831,00;59028831,00
br-p-sf-4531;Jayme Campos;2024;69618996,00;68869068,00
br-p-sf-4531;Jayme Campos;2025;80822551,43;71397235,43
br-p-sf-4531;Jayme Campos;2026;64353876,84;40445269,61
br-p-sf-5525;Omar Aziz;2019;15420773,60;7805387,00
br-p-sf-5525;Omar Aziz;2020;15939440,40;12405254,00
br-p-sf-5525;Omar Aziz;2021;14927402,00;6199042,00
br-p-sf-5525;Omar Aziz;2022;18401471,00;14579788,50
br-p-sf-5525;Omar Aziz;2023;59028833,00;58020048,21
br-p-sf-5525;Omar Aziz;2024;69581089,44;61044643,26
br-p-sf-5525;Omar Aziz;2025;104344315,00;75595238,34
br-p-sf-5525;Omar Aziz;2026;68835367,04;58341200,55
br-p-sf-5718;Eliziane Gama;2019;15115774,00;7769014,00
br-p-sf-5718;Eliziane Gama;2020;15937347,96;14940454,00
br-p-sf-5718;Eliziane Gama;2021;16279986,00;8159338,70
br-p-sf-5718;Eliziane Gama;2022;18401473,00;4084891,00
br-p-sf-5718;Eliziane Gama;2023;59013848,00;59013848,00
br-p-sf-5718;Eliziane Gama;2024;69634850,00;69424778,76
br-p-sf-5718;Eliziane Gama;2025;80434057,67;72018976,82
br-p-sf-5718;Eliziane Gama;2026;62716309,78;51381087,31
br-p-sf-5732;Rodrigo Pacheco;2019;15420554,00;14020885,00
br-p-sf-5732;Rodrigo Pacheco;2020;15939275,00;9892101,00
br-p-sf-5732;Rodrigo Pacheco;2021;16279814,40;13135986,00
br-p-sf-5732;Rodrigo Pacheco;2022;18395844,66;13149573,22
br-p-sf-5732;Rodrigo Pacheco;2023;58986777,41;56759312,00
br-p-sf-5732;Rodrigo Pacheco;2024;69634210,85;66853520,00
br-p-sf-5732;Rodrigo Pacheco;2025;77369506,19;46808153,21
br-p-sf-5732;Rodrigo Pacheco;2026;67749339,20;42877274,47
br-p-sf-6342;Jorge Seif;2024;68353584,00;38951044,37
br-p-sf-6342;Jorge Seif;2025;68468133,10;53420158,00
br-p-sf-6342;Jorge Seif;2026;51524808,20;15780872,82
br-p-sf-6340;Jaime Bagattoli;2024;68228538,00;38320863,00
br-p-sf-6340;Jaime Bagattoli;2025;79285714,85;67442219,85
br-p-sf-6340;Jaime Bagattoli;2026;61536702,21;37401260,05
br-p-sf-631;Magno Malta;2019;14387831,59;6079957,00
br-p-sf-631;Magno Malta;2024;66834339,00;48274161,00
br-p-sf-631;Magno Malta;2025;72880395,00;51032874,00
br-p-sf-631;Magno Malta;2026;63966840,72;30849450,13
br-p-sf-5793;Dr. Hiran;2024;69329726,00;45091797,00
br-p-sf-5793;Dr. Hiran;2025;68936342,97;44710842,08
br-p-sf-5793;Dr. Hiran;2026;57023196,88;32755146,98
br-p-sf-4694;Rogerio Marinho;2019;14985238,43;7196895,00
br-p-sf-4694;Rogerio Marinho;2024;69609223,40;63657675,64
br-p-sf-4694;Rogerio Marinho;2025;80061668,13;72118271,09
br-p-sf-4694;Rogerio Marinho;2026;72134864,19;60110246,29
br-p-sf-5352;Rogério Carvalho;2020;15743917,50;10757392,29
br-p-sf-5352;Rogério Carvalho;2021;16279985,84;13843410,00
br-p-sf-5352;Rogério Carvalho;2022;18400958,00;12463251,87
br-p-sf-5352;Rogério Carvalho;2023;59028833,00;57786161,00
br-p-sf-5352;Rogério Carvalho;2024;68634848,00;61405803,00
br-p-sf-5352;Rogério Carvalho;2025;76475900,02;65616935,17
br-p-sf-5352;Rogério Carvalho;2026;70248225,62;63059254,83
br-p-sf-5953;Fabiano Contarato;2020;14524804,10;624948,18
br-p-sf-5953;Fabiano Contarato;2021;15570559,61;6198088,99
br-p-sf-5953;Fabiano Contarato;2022;17310822,40;8188292,00
br-p-sf-5953;Fabiano Contarato;2023;58339436,43;35849107,33
br-p-sf-5953;Fabiano Contarato;2024;67975328,42;32177814,00
br-p-sf-5953;Fabiano Contarato;2025;80920290,74;47534519,47
br-p-sf-5953;Fabiano Contarato;2026;59055377,65;49560641,50
br-p-sf-5411;Weverton;2020;15938124,00;9849605,77
br-p-sf-5411;Weverton;2021;16126124,43;6857007,00
br-p-sf-5411;Weverton;2022;18400783,82;11666994,00
br-p-sf-5411;Weverton;2023;59025746,22;53830653,98
br-p-sf-5411;Weverton;2024;69226850,00;66350543,60
br-p-sf-5411;Weverton;2025;97807996,88;49395723,96
br-p-sf-5411;Weverton;2026;72434720,76;67353854,00
br-p-sf-5736;Tereza Cristina;2019;15387291,18;6585359,82
br-p-sf-5736;Tereza Cristina;2023;32099518,90;23885016,00
br-p-sf-5736;Tereza Cristina;2024;63417859,25;22322900,66
br-p-sf-5736;Tereza Cristina;2025;75317953,81;38806586,17
br-p-sf-5736;Tereza Cristina;2026;31564854,78;13929536,47
br-p-sf-6341;Hamilton Mourão;2024;69509572,11;46897215,07
br-p-sf-6341;Hamilton Mourão;2025;69854368,73;59593300,66
br-p-sf-6341;Hamilton Mourão;2026;67002198,25;38612142,81
br-p-sf-742;Marcelo Castro;2019;15252486,00;7473574,00
br-p-sf-742;Marcelo Castro;2020;15881835,04;12649730,00
br-p-sf-742;Marcelo Castro;2021;16229986,00;14919720,00
br-p-sf-742;Marcelo Castro;2022;18301473,62;12813121,50
br-p-sf-742;Marcelo Castro;2023;59028122,05;56358832,00
br-p-sf-742;Marcelo Castro;2024;69629804,15;68656965,12
br-p-sf-742;Marcelo Castro;2025;85495761,40;69685602,00
br-p-sf-742;Marcelo Castro;2026;72333225,62;63757648,88
br-p-sf-5672;Alan Rick;2019;15418641,40;3510450,00
br-p-sf-5672;Alan Rick;2020;15939056,06;6752143,01
br-p-sf-5672;Alan Rick;2021;16279289,54;14723782,00
br-p-sf-5672;Alan Rick;2022;18114642,54;9390124,00
br-p-sf-5672;Alan Rick;2023;32102388,14;30724621,02
br-p-sf-5672;Alan Rick;2024;69533552,26;58214150,00
br-p-sf-5672;Alan Rick;2025;77381767,70;61225656,71
br-p-sf-5672;Alan Rick;2026;69103261,70;45643167,98
br-p-sf-5982;Alessandro Vieira;2020;15777345,51;9392008,29
br-p-sf-5982;Alessandro Vieira;2021;15691137,83;12345303,00
br-p-sf-5982;Alessandro Vieira;2022;18173041,27;11047461,10
br-p-sf-5982;Alessandro Vieira;2023;58995931,46;46805455,46
br-p-sf-5982;Alessandro Vieira;2024;69532917,21;54277413,36
br-p-sf-5982;Alessandro Vieira;2025;72566213,52;51579281,68
br-p-sf-5982;Alessandro Vieira;2026;59416142,43;47404275,46
br-p-sf-6008;Giordano;2022;18401472,00;13853390,00
br-p-sf-6008;Giordano;2023;59028832,00;59026699,00
br-p-sf-6008;Giordano;2024;69634850,00;69634850,00
br-p-sf-6008;Giordano;2025;101796475,43;67209016,43
br-p-sf-6008;Giordano;2026;73081861,43;72797013,00
br-p-sf-3806;Zequinha Marinho;2020;15894164,36;8869402,22
br-p-sf-3806;Zequinha Marinho;2021;15269124,95;8871256,92
br-p-sf-3806;Zequinha Marinho;2022;18082746,76;12338034,91
br-p-sf-3806;Zequinha Marinho;2023;56396501,20;32732082,00
br-p-sf-3806;Zequinha Marinho;2024;69495033,96;50862359,34
br-p-sf-3806;Zequinha Marinho;2025;82826140,02;59914096,91
br-p-sf-3806;Zequinha Marinho;2026;71236958,33;46402311,52
br-p-sf-5502;Plínio Valério;2020;14888606,33;2895865,00
br-p-sf-5502;Plínio Valério;2021;16276205,44;5788579,27
br-p-sf-5502;Plínio Valério;2022;18058816,80;6322087,75
br-p-sf-5502;Plínio Valério;2023;59018233,29;56056028,02
br-p-sf-5502;Plínio Valério;2024;69630705,17;60771218,20
br-p-sf-5502;Plínio Valério;2025;86765811,05;64873645,29
br-p-sf-5502;Plínio Valério;2026;63635206,99;42054182,19
br-p-sf-5906;Dra. Eudócia;2026;44625970,11;39437143,45
br-p-sf-4642;Efraim Filho;2019;15369735,00;6609830,36
br-p-sf-4642;Efraim Filho;2020;15914902,28;6186450,50
br-p-sf-4642;Efraim Filho;2021;16269665,86;11837521,00
br-p-sf-4642;Efraim Filho;2022;18164731,24;10304837,00
br-p-sf-4642;Efraim Filho;2023;32044819,00;22059671,00
br-p-sf-4642;Efraim Filho;2024;69083961,42;58623550,42
br-p-sf-4642;Efraim Filho;2025;81524291,65;54752073,42
br-p-sf-4642;Efraim Filho;2026;52979518,12;43643091,43
br-p-sf-5973;Cid Gomes;2020;15140454,00;11850454,00
br-p-sf-5973;Cid Gomes;2021;16100274,00;16100274,00
br-p-sf-5973;Cid Gomes;2022;18370818,00;14220503,50
br-p-sf-5973;Cid Gomes;2024;69634850,00;68634850,00
br-p-sf-5973;Cid Gomes;2025;91579715,00;73886815,00
br-p-sf-5973;Cid Gomes;2026;73961755,00;70066137,91
br-p-sf-5783;Zenaide Maia;2019;15062288,09;6842307,61
br-p-sf-5783;Zenaide Maia;2020;15935751,98;10411109,27
br-p-sf-5783;Zenaide Maia;2021;15424353,40;9904544,00
br-p-sf-5783;Zenaide Maia;2022;18364092,79;6509064,48
br-p-sf-5783;Zenaide Maia;2023;55604147,00;45941069,99
br-p-sf-5783;Zenaide Maia;2024;69163345,01;65586390,01
br-p-sf-5783;Zenaide Maia;2025;75976345,12;63360651,49
br-p-sf-5783;Zenaide Maia;2026;62570654,13;50188147,53
br-p-sf-5385;Irajá;2020;15940454,00;13919270,00
br-p-sf-5385;Irajá;2021;16030500,00;14123394,00
br-p-sf-5385;Irajá;2022;18375917,00;12772194,00
br-p-sf-5385;Irajá;2023;59021279,00;48723970,00
br-p-sf-5385;Irajá;2024;69634850,00;0,00
br-p-sf-5385;Irajá;2025;68128886,47;11569000,00
br-p-sf-5385;Irajá;2026;15601256,80;12679901,00
br-p-sf-4560;Sérgio Petecão;2019;15220633,68;6650762,00
br-p-sf-4560;Sérgio Petecão;2020;13650753,84;5574664,00
br-p-sf-4560;Sérgio Petecão;2021;16201473,92;9878605,35
br-p-sf-4560;Sérgio Petecão;2022;17721545,26;10285532,97
br-p-sf-4560;Sérgio Petecão;2023;58821903,12;55098457,00
br-p-sf-4560;Sérgio Petecão;2024;67154020,76;42253769,87
br-p-sf-4560;Sérgio Petecão;2025;73047987,32;61489176,70
br-p-sf-4560;Sérgio Petecão;2026;56754795,81;37780730,95
br-p-sf-5376;Mara Gabrilli;2019;15414839,82;11374524,00
br-p-sf-5376;Mara Gabrilli;2020;15656578,52;14041895,00
br-p-sf-5376;Mara Gabrilli;2021;16279986,00;15329986,00
br-p-sf-5376;Mara Gabrilli;2022;18401473,00;17385820,00
br-p-sf-5376;Mara Gabrilli;2023;59028832,00;57729922,00
br-p-sf-5376;Mara Gabrilli;2024;69644442,60;66825672,30
br-p-sf-5376;Mara Gabrilli;2025;76876715,00;65253753,49
br-p-sf-5376;Mara Gabrilli;2026;67238248,86;39923298,87
br-p-sf-6338;Teresa Leitão;2024;66846827,55;49922911,82
br-p-sf-6338;Teresa Leitão;2025;77383129,10;42436182,08
br-p-sf-6338;Teresa Leitão;2026;54248232,22;39255007,21
br-p-sf-5936;Carlos Portinho;2021;16193011,00;4446478,00
br-p-sf-5936;Carlos Portinho;2022;18396362,42;3283368,89
br-p-sf-5936;Carlos Portinho;2023;59015837,94;35041339,97
br-p-sf-5936;Carlos Portinho;2024;70659856,39;42743656,92
br-p-sf-5936;Carlos Portinho;2025;91291093,07;37199463,93
br-p-sf-5936;Carlos Portinho;2026;61544390,88;42636370,25
br-p-sf-4770;Izalci Lucas;2019;14978257,22;3000000,00
br-p-sf-4770;Izalci Lucas;2020;15802738,24;2835739,21
br-p-sf-4770;Izalci Lucas;2021;14631427,00;7719296,00
br-p-sf-4770;Izalci Lucas;2022;18005196,18;15391584,00
br-p-sf-4770;Izalci Lucas;2023;54981130,00;15542573,98
br-p-sf-4770;Izalci Lucas;2024;68214638,68;20877153,00
br-p-sf-4770;Izalci Lucas;2025;85305280,05;33119048,00
br-p-sf-4770;Izalci Lucas;2026;59309155,74;30765560,80
br-p-sf-5894;Flávio Bolsonaro;2020;15849935,40;7581753,31
br-p-sf-5894;Flávio Bolsonaro;2021;16206940,29;8312893,99
br-p-sf-5894;Flávio Bolsonaro;2022;17302804,70;10417184,86
br-p-sf-5894;Flávio Bolsonaro;2023;55004741,24;34440171,84
br-p-sf-5894;Flávio Bolsonaro;2024;69527943,82;27302726,35
br-p-sf-5894;Flávio Bolsonaro;2025;69499365,50;29797769,90
br-p-sf-5894;Flávio Bolsonaro;2026;61800330,85;21690543,21
br-p-sf-5012;Randolfe Rodrigues;2019;11602361,01;3873127,00
br-p-sf-5012;Randolfe Rodrigues;2020;15734186,00;10335064,00
br-p-sf-5012;Randolfe Rodrigues;2021;16278611,00;15425961,00
br-p-sf-5012;Randolfe Rodrigues;2022;17391297,00;7770630,50
br-p-sf-5012;Randolfe Rodrigues;2023;58639463,38;29997604,00
br-p-sf-5012;Randolfe Rodrigues;2024;66969223,37;62370753,16
br-p-sf-5012;Randolfe Rodrigues;2025;77036091,85;57041872,10
br-p-sf-5012;Randolfe Rodrigues;2026;54273285,94;37808675,47
br-p-sf-581;Jaques Wagner;2020;15934969,06;6585716,72
br-p-sf-581;Jaques Wagner;2021;16238511,04;6939993,00
br-p-sf-581;Jaques Wagner;2022;18400909,00;11360553,00
br-p-sf-581;Jaques Wagner;2023;58306398,67;44157523,76
br-p-sf-581;Jaques Wagner;2024;69621203,97;53815332,52
br-p-sf-581;Jaques Wagner;2025;68034373,77;52202233,54
br-p-sf-581;Jaques Wagner;2026;65436672,46;52799466,90
br-p-sf-5979;Leila Barros;2020;13815474,44;2464850,89
br-p-sf-5979;Leila Barros;2021;16127221,02;7389734,18
br-p-sf-5979;Leila Barros;2022;18169142,30;9916265,46
br-p-sf-5979;Leila Barros;2023;58027896,28;31341464,06
br-p-sf-5979;Leila Barros;2024;68796686,50;32329765,61
br-p-sf-5979;Leila Barros;2025;68462743,30;26073729,98
br-p-sf-5979;Leila Barros;2026;44728951,14;29143527,03
br-p-sf-22;Esperidião Amin;2019;15322938,74;7831898,88
br-p-sf-22;Esperidião Amin;2020;15847718,48;12357228,45
br-p-sf-22;Esperidião Amin;2021;15120991,40;9948997,00
br-p-sf-22;Esperidião Amin;2022;18184217,46;13378018,10
br-p-sf-22;Esperidião Amin;2023;58798164,82;55138934,16
br-p-sf-22;Esperidião Amin;2024;67426927,45;47182030,73
br-p-sf-22;Esperidião Amin;2025;67265112,53;51463481,47
br-p-sf-22;Esperidião Amin;2026;51856539,36;26849859,09
br-p-sf-6335;Damares Alves;2024;69460311,25;45101417,53
br-p-sf-6335;Damares Alves;2025;71723464,95;34722264,86
br-p-sf-6335;Damares Alves;2026;42164850,56;8777170,80
br-p-sf-6295;Carlos Fávaro;2021;16279961,00;16029986,00
br-p-sf-6295;Carlos Fávaro;2022;18401472,00;12666114,50
br-p-sf-6295;Carlos Fávaro;2023;59028835,00;59028496,45
br-p-sf-6295;Carlos Fávaro;2024;69634850,00;68332850,00
br-p-sf-6295;Carlos Fávaro;2025;84649701,85;51422371,85
br-p-sf-6295;Carlos Fávaro;2026;63138956,03;58144135,41
br-p-sf-5990;Carlos Viana;2020;15940454,00;14709377,00
br-p-sf-5990;Carlos Viana;2021;16263623,00;15195429,10
br-p-sf-5990;Carlos Viana;2022;18301472,00;12230343,50
br-p-sf-5990;Carlos Viana;2023;58528829,00;55028829,00
br-p-sf-5990;Carlos Viana;2024;68634850,00;62321738,90
br-p-sf-5990;Carlos Viana;2025;76760666,00;65676545,78
br-p-sf-5990;Carlos Viana;2026;67504948,63;46340318,60
br-p-sf-5926;Lucas Barreto;2020;15939704,65;4539204,65
br-p-sf-5926;Lucas Barreto;2021;16279790,00;12033641,00
br-p-sf-5926;Lucas Barreto;2022;18365213,00;12939608,00
br-p-sf-5926;Lucas Barreto;2023;56986317,00;42293513,24
br-p-sf-5926;Lucas Barreto;2024;69326170,00;54536190,00
br-p-sf-5926;Lucas Barreto;2025;68777889,96;52501785,65
br-p-sf-5926;Lucas Barreto;2026;32974381,88;21986406,34
br-p-sf-5070;Wilder Morais;2019;9195349,00;3376208,00
br-p-sf-5070;Wilder Morais;2024;68590007,06;58193273,62
br-p-sf-5070;Wilder Morais;2025;82383184,99;69270052,99
br-p-sf-5070;Wilder Morais;2026;57221908,87;19286972,82
br-p-sf-1173;Wellington Fagundes;2019;15355525,29;413840,00
br-p-sf-1173;Wellington Fagundes;2020;15631074,78;3741702,00
br-p-sf-1173;Wellington Fagundes;2021;15179536,10;6783311,67
br-p-sf-1173;Wellington Fagundes;2022;18372432,62;4895732,55
br-p-sf-1173;Wellington Fagundes;2023;59028786,00;29492612,88
br-p-sf-1173;Wellington Fagundes;2024;67311627,84;35461258,56
br-p-sf-1173;Wellington Fagundes;2025;84356333,03;45566748,41
br-p-sf-1173;Wellington Fagundes;2026;58193968,82;22790495,83
br-p-sf-739;Ciro Nogueira;2019;15206774,00;7606097,21
br-p-sf-739;Ciro Nogueira;2020;15853208,07;7916323,00
br-p-sf-739;Ciro Nogueira;2021;16279986,00;15391986,00
br-p-sf-739;Ciro Nogueira;2024;69634850,00;69634850,00
br-p-sf-739;Ciro Nogueira;2025;85413714,85;72671317,85
br-p-sf-739;Ciro Nogueira;2026;73233696,23;60280308,01
br-p-sf-5967;Angelo Coronel;2020;15939362,91;8000000,00
br-p-sf-5967;Angelo Coronel;2021;16279986,00;13014000,00
br-p-sf-5967;Angelo Coronel;2022;18096631,00;13686790,50
br-p-sf-5967;Angelo Coronel;2023;58769640,00;57232682,00
br-p-sf-5967;Angelo Coronel;2024;69634850,00;68334850,00
br-p-sf-5967;Angelo Coronel;2025;89923629,54;76290430,00
br-p-sf-5967;Angelo Coronel;2026;72545948,23;57397295,64
br-p-sf-285;Marcio Bittar;2020;15940139,24;12258227,00
br-p-sf-285;Marcio Bittar;2021;16256210,31;4000000,00
br-p-sf-285;Marcio Bittar;2022;18401138,97;11443770,00
br-p-sf-285;Marcio Bittar;2023;59028816,00;54366864,00
br-p-sf-285;Marcio Bittar;2024;69409750,00;46565400,00
br-p-sf-285;Marcio Bittar;2025;77549655,83;58255731,71
br-p-sf-285;Marcio Bittar;2026;63149344,12;26889489,72
br-p-sf-5985;Nelsinho Trad;2022;18397848,00;14472848,00
br-p-sf-5985;Nelsinho Trad;2023;58015933,00;52583250,00
br-p-sf-5985;Nelsinho Trad;2024;69036471,00;61028992,88
br-p-sf-5985;Nelsinho Trad;2025;74432501,08;67822957,00
br-p-sf-5985;Nelsinho Trad;2026;68122830,61;59761085,23
br-p-sf-5917;Fernando Dueire;2024;67377734,01;40270000,00
br-p-sf-5917;Fernando Dueire;2025;73894913,53;55648183,37
br-p-sf-5917;Fernando Dueire;2026;47838368,00;41728776,81
br-p-sf-825;Paulo Paim;2019;14071045,00;6116919,00
br-p-sf-825;Paulo Paim;2020;14760842,33;6554389,00
br-p-sf-825;Paulo Paim;2021;15762777,32;6751386,00
br-p-sf-825;Paulo Paim;2022;18066713,90;8992889,67
br-p-sf-825;Paulo Paim;2023;57763879,11;29361172,15
br-p-sf-825;Paulo Paim;2024;67732064,08;39304624,70
br-p-sf-825;Paulo Paim;2025;76754513,69;39926603,70
br-p-sf-825;Paulo Paim;2026;68082587,00;38498349,81
br-p-sf-1186;Luis Carlos Heinze;2019;15327601,80;5856766,39
br-p-sf-1186;Luis Carlos Heinze;2020;15837662,41;8365206,63
br-p-sf-1186;Luis Carlos Heinze;2021;16279986,00;11002530,00
br-p-sf-1186;Luis Carlos Heinze;2022;18400988,05;10135146,33
br-p-sf-1186;Luis Carlos Heinze;2023;58992857,00;58818148,83
br-p-sf-1186;Luis Carlos Heinze;2024;68671193,14;64236140,98
br-p-sf-1186;Luis Carlos Heinze;2025;71030785,27;64962525,55
br-p-sf-1186;Luis Carlos Heinze;2026;66373056,70;35111267,13
br-p-sf-6331;Sergio Moro;2024;69591140,98;52018677,73
br-p-sf-6331;Sergio Moro;2025;73273681,56;49598273,06
br-p-sf-6331;Sergio Moro;2026;64240773,00;38957704,41
br-p-sf-470;Chico Rodrigues;2020;15939816,79;8370227,00
br-p-sf-470;Chico Rodrigues;2021;16271689,00;14844732,00
br-p-sf-470;Chico Rodrigues;2022;18386617,26;12627622,00
br-p-sf-470;Chico Rodrigues;2023;59022494,74;56120636,53
br-p-sf-470;Chico Rodrigues;2024;69426665,02;53239173,29
br-p-sf-470;Chico Rodrigues;2025;68559560,55;66253829,37
br-p-sf-470;Chico Rodrigues;2026;71728694,35;55753616,67
br-p-sf-6009;Astronauta Marcos Pontes;2024;69433151,81;53173851,88
br-p-sf-6009;Astronauta Marcos Pontes;2025;75837287,07;56423986,45
br-p-sf-6009;Astronauta Marcos Pontes;2026;41567523,39;17477441,35
br-p-sf-6010;Ivete da Silveira;2023;58435604,53;56525880,87
br-p-sf-6010;Ivete da Silveira;2024;68834850,00;62068735,90
br-p-sf-6010;Ivete da Silveira;2025;73459715,00;63483689,66
br-p-sf-6010;Ivete da Silveira;2026;68994893,00;46064597,64
br-p-sf-5942;Marcos do Val;2020;15734033,84;7820227,00
br-p-sf-5942;Marcos do Val;2021;15879199,25;6897283,66
br-p-sf-5942;Marcos do Val;2022;18110830,90;1655285,37
br-p-sf-5942;Marcos do Val;2023;58781921,31;6436139,20
br-p-sf-5942;Marcos do Val;2024;69434874,33;45285570,27
br-p-sf-5942;Marcos do Val;2025;88447582,46;64542485,18
br-p-sf-5942;Marcos do Val;2026;73273109,00;45899305,60
br-p-sf-5422;Marcos Rogério;2019;15071194,16;5362180,00
br-p-sf-5422;Marcos Rogério;2020;14836826,00;6682766,00
br-p-sf-5422;Marcos Rogério;2021;15813627,00;13248009,00
br-p-sf-5422;Marcos Rogério;2022;17661588,00;9250146,00
br-p-sf-5422;Marcos Rogério;2023;56881112,00;54652045,00
br-p-sf-5422;Marcos Rogério;2024;69340588,00;64618028,00
br-p-sf-5422;Marcos Rogério;2025;70300321,45;55959549,45
br-p-sf-5422;Marcos Rogério;2026;70222690,62;52841520,75
br-p-sf-4639;Beto Faro;2019;15238095,84;7018192,00
br-p-sf-4639;Beto Faro;2020;15940189,14;13536241,82
br-p-sf-4639;Beto Faro;2021;16279986,00;16279986,00
br-p-sf-4639;Beto Faro;2022;18401470,00;14001470,00
br-p-sf-4639;Beto Faro;2023;32103401,00;32103401,00
br-p-sf-4639;Beto Faro;2024;69634051,76;68583622,82
br-p-sf-4639;Beto Faro;2025;89739714,85;70918207,85
br-p-sf-4639;Beto Faro;2026;73334255,00;62621308,00
br-p-sf-5895;Jorge Kajuru;2020;15940280,64;12185454,00
br-p-sf-5895;Jorge Kajuru;2021;16273357,00;7659998,00
br-p-sf-5895;Jorge Kajuru;2022;17863075,38;11198495,00
br-p-sf-5895;Jorge Kajuru;2023;54023431,00;42545378,35
br-p-sf-5895;Jorge Kajuru;2024;69626568,00;63419148,00
br-p-sf-5895;Jorge Kajuru;2025;100499098,00;68539714,00
br-p-sf-5895;Jorge Kajuru;2026;68998697,15;59530199,67
br-p-sf-6337;Cleitinho;2024;68150019,81;64353021,00
br-p-sf-6337;Cleitinho;2025;81102477,85;67263359,85
br-p-sf-6337;Cleitinho;2026;70839767,23;51270440,14
br-p-cd-204508;Igor Timo;2020;15654254,70;7423761,36
br-p-cd-204508;Igor Timo;2021;16078924,80;11497718,87
br-p-cd-204508;Igor Timo;2022;18401473,00;13774350,00
br-p-cd-204508;Igor Timo;2023;32103400,00;32103400,00
br-p-cd-204508;Igor Timo;2024;37804838,33;31153524,00
br-p-cd-204508;Igor Timo;2025;42947399,30;36447325,79
br-p-cd-204508;Igor Timo;2026;37609956,06;29793354,58
br-p-cd-141421;Eduardo da Fonte;2019;15304126,00;6104272,00
br-p-cd-141421;Eduardo da Fonte;2020;15916591,00;7766886,00
br-p-cd-141421;Eduardo da Fonte;2021;16278800,02;13079790,66
br-p-cd-141421;Eduardo da Fonte;2022;18401473,00;17159598,00
br-p-cd-141421;Eduardo da Fonte;2023;32099099,72;21219435,00
br-p-cd-141421;Eduardo da Fonte;2024;37870675,88;35370939,00
br-p-cd-141421;Eduardo da Fonte;2025;44875985,00;38025985,00
br-p-cd-141421;Eduardo da Fonte;2026;40251904,53;32697400,00
br-p-cd-73788;Ricardo Barros;2019;15360235,94;6489848,50
br-p-cd-73788;Ricardo Barros;2020;15789593,00;13750423,00
br-p-cd-73788;Ricardo Barros;2021;16279986,00;16279986,00
br-p-cd-73788;Ricardo Barros;2022;18397351,00;13813831,50
br-p-cd-73788;Ricardo Barros;2023;32031812,00;27467808,00
br-p-cd-73788;Ricardo Barros;2024;37854037,12;29101768,18
br-p-cd-73788;Ricardo Barros;2025;38647523,15;33451535,15
br-p-cd-73788;Ricardo Barros;2026;36829774,00;23907960,99
br-p-cd-204549;AJ Albuquerque;2020;15940393,00;15940393,00
br-p-cd-204549;AJ Albuquerque;2021;16279986,00;16279986,00
br-p-cd-204549;AJ Albuquerque;2022;18397587,00;13737746,00
br-p-cd-204549;AJ Albuquerque;2023;32103400,00;32103400,00
br-p-cd-204549;AJ Albuquerque;2024;37871585,00;37871585,00
br-p-cd-204549;AJ Albuquerque;2025;38274873,08;35888494,08
br-p-cd-204549;AJ Albuquerque;2026;39719507,00;32781904,25
br-p-cd-178962;Carlos Gomes;2019;14993313,95;7606106,00
br-p-cd-178962;Carlos Gomes;2020;15938295,00;7791444,05
br-p-cd-178962;Carlos Gomes;2021;16263586,66;8516635,00
br-p-cd-178962;Carlos Gomes;2022;18299783,00;10181556,32
br-p-cd-178962;Carlos Gomes;2023;32096793,86;20393952,02
br-p-cd-178962;Carlos Gomes;2024;37871585,00;37475085,00
br-p-cd-178962;Carlos Gomes;2025;43350984,15;36595990,96
br-p-cd-178962;Carlos Gomes;2026;38028656,20;25481078,81
br-p-cd-178945;Rosangela Gomes;2019;12938909,32;6300810,60
br-p-cd-178945;Rosangela Gomes;2020;15559924,59;9203442,80
br-p-cd-178945;Rosangela Gomes;2021;15231145,35;8713194,49
br-p-cd-178945;Rosangela Gomes;2022;17387443,81;10773557,71
br-p-cd-178945;Rosangela Gomes;2023;31334393,21;22716285,53
br-p-cd-178945;Rosangela Gomes;2024;35933974,74;21793857,20
br-p-cd-178945;Rosangela Gomes;2025;44904355,27;34264821,49
br-p-cd-178945;Rosangela Gomes;2026;33970675,11;28806163,11
br-p-cd-220683;Beto Richa;2024;37871585,00;23321024,00
br-p-cd-220683;Beto Richa;2025;36498522,00;25328022,00
br-p-cd-220683;Beto Richa;2026;28787190,00;20365438,53
br-p-cd-179000;Marcelo Álvaro Antônio;2019;14558132,53;6665413,87
br-p-cd-179000;Marcelo Álvaro Antônio;2021;16264420,84;7583087,03
br-p-cd-179000;Marcelo Álvaro Antônio;2022;18246793,60;12607401,06
br-p-cd-179000;Marcelo Álvaro Antônio;2023;32102965,36;31353460,19
br-p-cd-179000;Marcelo Álvaro Antônio;2024;37871583,00;36871583,00
br-p-cd-179000;Marcelo Álvaro Antônio;2025;45372031,09;36053177,38
br-p-cd-179000;Marcelo Álvaro Antônio;2026;36860197,96;28875618,89
br-p-cd-220628;Mauricio do Vôlei;2024;37755681,00;28623000,00
br-p-cd-220628;Mauricio do Vôlei;2025;46314441,70;35690456,08
br-p-cd-220628;Mauricio do Vôlei;2026;30271444,00;12930356,03
br-p-cd-220682;Tadeu Veneri;2024;35772666,34;19344344,24
br-p-cd-220682;Tadeu Veneri;2025;38979700,60;21382041,14
br-p-cd-220682;Tadeu Veneri;2026;24825511,56;16458727,46
br-p-cd-74158;Mário Heringer;2019;14320708,76;7015599,70
br-p-cd-74158;Mário Heringer;2020;15939898,00;13001925,00
br-p-cd-74158;Mário Heringer;2021;16279745,00;12123323,00
br-p-cd-74158;Mário Heringer;2022;16888528,00;10244364,50
br-p-cd-74158;Mário Heringer;2023;32099842,02;29125226,00
br-p-cd-74158;Mário Heringer;2024;36801449,17;31830844,97
br-p-cd-74158;Mário Heringer;2025;41606116,98;31903304,46
br-p-cd-74158;Mário Heringer;2026;34802971,20;27770297,41
br-p-cd-220662;Lucas Ramos;2024;37850849,62;32847375,27
br-p-cd-220662;Lucas Ramos;2025;41930453,37;30729074,82
br-p-cd-220662;Lucas Ramos;2026;37607474,97;20658830,19
br-p-cd-156190;Marcel van Hattem;2020;15518037,73;7588645,00
br-p-cd-156190;Marcel van Hattem;2021;16204381,00;2212947,58
br-p-cd-156190;Marcel van Hattem;2022;17327994,48;548277,97
br-p-cd-156190;Marcel van Hattem;2023;32088216,80;10758803,30
br-p-cd-156190;Marcel van Hattem;2024;36597698,00;3812212,00
br-p-cd-156190;Marcel van Hattem;2025;37889852,72;16789043,94
br-p-cd-156190;Marcel van Hattem;2026;26065908,00;7186300,06
br-p-cd-160632;Zé Silva;2019;14832554,28;7396622,62
br-p-cd-160632;Zé Silva;2020;15713913,21;7117440,72
br-p-cd-160632;Zé Silva;2021;16064008,22;5185721,00
br-p-cd-160632;Zé Silva;2022;17684270,29;8640200,00
br-p-cd-160632;Zé Silva;2023;30480172,90;21871150,86
br-p-cd-160632;Zé Silva;2024;37583153,22;31595495,88
br-p-cd-160632;Zé Silva;2025;44795892,10;38496715,47
br-p-cd-160632;Zé Silva;2026;33988859,72;20894786,20
br-p-cd-141459;João Maia;2020;15925925,58;9622924,95
br-p-cd-141459;João Maia;2021;16273982,00;13545110,00
br-p-cd-141459;João Maia;2022;18387241,04;13627284,00
br-p-cd-141459;João Maia;2023;32102012,85;30668301,01
br-p-cd-141459;João Maia;2024;37870704,89;33971585,00
br-p-cd-141459;João Maia;2025;42587900,21;39877057,21
br-p-cd-141459;João Maia;2026;38662810,97;31387393,66
br-p-cd-220624;Robinson Faria;2024;37548484,00;36024946,00
br-p-cd-220624;Robinson Faria;2025;45635634,39;36001765,09
br-p-cd-220624;Robinson Faria;2026;35612866,00;31596686,92
br-p-cd-220571;Daniel Agrobom;2024;37871452,83;29899782,83
br-p-cd-220571;Daniel Agrobom;2025;42897092,20;36865451,33
br-p-cd-220571;Daniel Agrobom;2026;37938670,99;26651965,75
br-p-cd-150418;Márcio Marinho;2019;15105665,94;7247187,85
br-p-cd-150418;Márcio Marinho;2020;15628624,36;11402827,00
br-p-cd-150418;Márcio Marinho;2021;16279696,62;7989710,77
br-p-cd-150418;Márcio Marinho;2022;18077246,66;11912012,79
br-p-cd-150418;Márcio Marinho;2023;32103394,09;28415855,00
br-p-cd-150418;Márcio Marinho;2024;37871262,00;33471262,00
br-p-cd-150418;Márcio Marinho;2025;46636721,05;27803947,54
br-p-cd-150418;Márcio Marinho;2026;34612958,15;18131582,03
br-p-cd-220694;Ricardo Maia;2024;37445067,00;37014105,00
br-p-cd-220694;Ricardo Maia;2025;49768976,08;40440098,08
br-p-cd-220694;Ricardo Maia;2026;38514971,97;33322069,94
br-p-cd-204419;Glaustin da Fokus;2022;18188691,00;13591958,00
br-p-cd-204419;Glaustin da Fokus;2023;31503321,00;29573236,52
br-p-cd-204419;Glaustin da Fokus;2024;37785728,00;34125365,00
br-p-cd-204419;Glaustin da Fokus;2025;42088046,00;37224785,00
br-p-cd-198197;Greyce Elias;2020;15410260,37;5619522,17
br-p-cd-198197;Greyce Elias;2021;16205663,00;14084219,00
br-p-cd-198197;Greyce Elias;2022;18394995,00;13027351,00
br-p-cd-198197;Greyce Elias;2023;32040162,85;29838528,00
br-p-cd-198197;Greyce Elias;2024;37869619,00;35510255,00
br-p-cd-198197;Greyce Elias;2025;39623814,15;37527838,15
br-p-cd-198197;Greyce Elias;2026;38388282,97;22324570,07
br-p-cd-178954;Lucio Mosquini;2019;14644424,98;6409193,31
br-p-cd-178954;Lucio Mosquini;2020;15940071,00;6002946,00
br-p-cd-178954;Lucio Mosquini;2021;15967367,00;11598595,00
br-p-cd-178954;Lucio Mosquini;2022;18401408,00;13205222,00
br-p-cd-178954;Lucio Mosquini;2023;32101739,00;28938819,00
br-p-cd-178954;Lucio Mosquini;2024;37767069,00;31240260,00
br-p-cd-178954;Lucio Mosquini;2025;38455394,08;21648420,08
br-p-cd-178954;Lucio Mosquini;2026;37433061,99;30234868,04
br-p-cd-220553;Denise Pessôa;2024;37792373,11;17328617,01
br-p-cd-220553;Denise Pessôa;2025;38848842,68;24570106,42
br-p-cd-220553;Denise Pessôa;2026;37212756,16;26289837,45
br-p-cd-160592;Zeca Dirceu;2019;15280899,43;6172183,93
br-p-cd-160592;Zeca Dirceu;2020;15836880,94;12074239,60
br-p-cd-160592;Zeca Dirceu;2021;16251437,49;14761072,00
br-p-cd-160592;Zeca Dirceu;2022;18401373,93;13766532,93
br-p-cd-160592;Zeca Dirceu;2023;32102401,97;30475972,00
br-p-cd-160592;Zeca Dirceu;2024;37871585,00;35912990,15
br-p-cd-160592;Zeca Dirceu;2025;39974866,71;27612480,57
br-p-cd-160592;Zeca Dirceu;2026;35695767,80;26246537,52
br-p-cd-178970;João Daniel;2019;15190117,61;5981060,00
br-p-cd-178970;João Daniel;2020;15939062,00;12829962,00
br-p-cd-178970;João Daniel;2021;16279986,00;13423727,00
br-p-cd-178970;João Daniel;2022;18401381,00;11225607,00
br-p-cd-178970;João Daniel;2023;32102967,14;30185266,14
br-p-cd-178970;João Daniel;2024;37869908,01;26205660,37
br-p-cd-178970;João Daniel;2025;42473755,70;34492992,68
br-p-cd-178970;João Daniel;2026;38364093,60;30950128,33
br-p-cd-220602;Dimas Gadelha;2024;37871582,00;10161444,50
br-p-cd-220602;Dimas Gadelha;2025;38269502,14;7768418,13
br-p-cd-220602;Dimas Gadelha;2026;33940539,29;18614386,80
br-p-cd-69871;Bacelar;2019;14246274,00;6500473,00
br-p-cd-69871;Bacelar;2020;14832498,95;8945497,00
br-p-cd-69871;Bacelar;2021;16241814,00;14435340,00
br-p-cd-69871;Bacelar;2022;18039201,00;13791860,00
br-p-cd-69871;Bacelar;2023;32095422,00;32095422,00
br-p-cd-69871;Bacelar;2024;37841152,00;35223055,00
br-p-cd-69871;Bacelar;2025;43640970,68;31726605,08
br-p-cd-69871;Bacelar;2026;38686711,00;34588436,20
br-p-cd-178931;Luciano Ducci;2019;15416856,06;3320434,34
br-p-cd-178931;Luciano Ducci;2020;14757850,57;3398955,51
br-p-cd-178931;Luciano Ducci;2021;16279378,00;13995436,00
br-p-cd-178931;Luciano Ducci;2022;18400467,00;8262717,00
br-p-cd-178931;Luciano Ducci;2023;32079070,73;19387658,00
br-p-cd-178931;Luciano Ducci;2024;37845985,00;22706515,12
br-p-cd-178931;Luciano Ducci;2025;39719089,00;36104359,53
br-p-cd-178931;Luciano Ducci;2026;35515625,73;29117657,14
br-p-cd-204455;Luiz Lima;2020;15940015,90;13682616,94
br-p-cd-204455;Luiz Lima;2021;16279947,98;15508259,31
br-p-cd-204455;Luiz Lima;2022;17905447,50;16750301,19
br-p-cd-204455;Luiz Lima;2023;31803394,85;23919849,07
br-p-cd-204455;Luiz Lima;2024;37871585,00;24600000,00
br-p-cd-204455;Luiz Lima;2025;40775984,15;23079052,19
br-p-cd-204455;Luiz Lima;2026;38847034,87;13275076,29
br-p-cd-221328;Adilson Barroso;2024;37902671,86;34834773,09
br-p-cd-221328;Adilson Barroso;2025;40668404,83;36411863,64
br-p-cd-204560;Adolfo Viana;2020;15920356,71;10341010,07
br-p-cd-204560;Adolfo Viana;2021;16251258,84;13525304,39
br-p-cd-204560;Adolfo Viana;2022;18401474,00;14091791,50
br-p-cd-204560;Adolfo Viana;2023;32103400,00;32103400,00
br-p-cd-204560;Adolfo Viana;2024;37871571,56;36317558,90
br-p-cd-204560;Adolfo Viana;2025;51418673,50;34565558,46
br-p-cd-204560;Adolfo Viana;2026;39582641,04;24481081,41
br-p-cd-204528;Adriana Ventura;2020;15755769,00;7027454,00
br-p-cd-204528;Adriana Ventura;2021;15709101,09;5907991,09
br-p-cd-204528;Adriana Ventura;2022;18385081,26;17096749,22
br-p-cd-204528;Adriana Ventura;2023;32072392,59;17072388,00
br-p-cd-204528;Adriana Ventura;2024;37857325,20;15932602,93
br-p-cd-204528;Adriana Ventura;2025;37240360,25;21854101,39
br-p-cd-204528;Adriana Ventura;2026;37993535,24;7957942,42
br-p-cd-121948;Adriano do Baldy;2020;15751511,51;7152117,00
br-p-cd-121948;Adriano do Baldy;2021;16117250,37;12087502,00
br-p-cd-121948;Adriano do Baldy;2022;18400540,00;13297409,50
br-p-cd-121948;Adriano do Baldy;2023;31580248,58;30780248,58
br-p-cd-121948;Adriano do Baldy;2024;37870902,91;31953303,70
br-p-cd-121948;Adriano do Baldy;2025;43205905,25;36721572,25
br-p-cd-121948;Adriano do Baldy;2026;29214336,40;18162848,41
br-p-cd-160508;Afonso Florence;2019;15170758,79;8837377,92
br-p-cd-160508;Afonso Florence;2020;15519158,40;10919454,44
br-p-cd-160508;Afonso Florence;2021;16278240,48;14716305,26
br-p-cd-160508;Afonso Florence;2022;18399741,76;13253449,51
br-p-cd-160508;Afonso Florence;2023;32101999,54;28168247,87
br-p-cd-160508;Afonso Florence;2024;37871585,00;37371585,00
br-p-cd-160508;Afonso Florence;2025;55651970,00;44974970,00
br-p-cd-160508;Afonso Florence;2026;35125759,00;28038259,04
br-p-cd-136811;Afonso Hamm;2019;15256325,09;6170388,00
br-p-cd-136811;Afonso Hamm;2020;15882373,68;9070594,26
br-p-cd-136811;Afonso Hamm;2021;16279872,00;13069657,00
br-p-cd-136811;Afonso Hamm;2022;18396708,19;11922976,00
br-p-cd-136811;Afonso Hamm;2023;32101624,55;31013795,35
br-p-cd-136811;Afonso Hamm;2024;37868840,23;35599382,98
br-p-cd-136811;Afonso Hamm;2025;43362029,00;37955465,67
br-p-cd-136811;Afonso Hamm;2026;36173012,52;25185360,56
br-p-cd-204495;Airton Faleiro;2020;15649737,19;13988397,25
br-p-cd-204495;Airton Faleiro;2021;16279984,37;13444993,00
br-p-cd-204495;Airton Faleiro;2022;18401473,00;13435986,00
br-p-cd-204495;Airton Faleiro;2023;32094985,38;26832703,00
br-p-cd-204495;Airton Faleiro;2024;37846811,38;28347583,17
br-p-cd-204495;Airton Faleiro;2025;42163476,69;26668040,59
br-p-cd-204495;Airton Faleiro;2026;30207383,87;21104995,22
br-p-cd-73579;Alberto Fraga;2019;11772846,97;8349092,54
br-p-cd-73579;Alberto Fraga;2024;37571579,20;19879087,55
br-p-cd-73579;Alberto Fraga;2025;42487617,64;30264450,39
br-p-cd-73579;Alberto Fraga;2026;27656403,59;26738970,16
br-p-cd-220538;Albuquerque;2024;37868585,00;26585793,00
br-p-cd-220538;Albuquerque;2025;27261284,69;18684815,15
br-p-cd-220538;Albuquerque;2026;39138097,47;14896219,18
br-p-cd-220542;Alexandre Guimarães;2024;37601441,47;34311566,83
br-p-cd-220542;Alexandre Guimarães;2025;44350066,15;40127395,53
br-p-cd-220542;Alexandre Guimarães;2026;29140641,99;18594265,83
br-p-cd-160545;Alexandre Leite;2019;14628437,00;5579015,00
br-p-cd-160545;Alexandre Leite;2020;15550143,00;5827606,06
br-p-cd-160545;Alexandre Leite;2021;15949967,00;6067033,00
br-p-cd-160545;Alexandre Leite;2022;17936986,00;5956705,00
br-p-cd-160545;Alexandre Leite;2023;31795366,88;14255863,00
br-p-cd-160545;Alexandre Leite;2024;36417657,49;22448747,00
br-p-cd-160545;Alexandre Leite;2025;40106639,58;17036955,00
br-p-cd-160545;Alexandre Leite;2026;28069672,49;8877765,00
br-p-cd-220554;Alexandre Lindenmeyer;2024;37792867,72;25235388,73
br-p-cd-220554;Alexandre Lindenmeyer;2025;38444604,11;24795440,79
br-p-cd-220554;Alexandre Lindenmeyer;2026;24788598,69;16685604,82
br-p-cd-221148;Alfredinho;2024;35347178,00;23774798,00
br-p-cd-221148;Alfredinho;2025;46725626,00;28161096,23
br-p-cd-221148;Alfredinho;2026;23006929,00;17389566,00
br-p-cd-178927;Aliel Machado;2019;14771857,90;7255407,00
br-p-cd-178927;Aliel Machado;2020;15382596,72;11331718,98
br-p-cd-178927;Aliel Machado;2021;16265201,00;13254633,00
br-p-cd-178927;Aliel Machado;2022;18400853,00;12477918,00
br-p-cd-178927;Aliel Machado;2023;32078066,37;26015371,00
br-p-cd-178927;Aliel Machado;2024;37869709,24;30475200,24
br-p-cd-178927;Aliel Machado;2025;40771638,94;31371983,40
br-p-cd-178927;Aliel Machado;2026;36518922,48;28672544,41
br-p-cd-204353;Aline Gurgel;2020;15908018,36;8292908,00
br-p-cd-204353;Aline Gurgel;2021;15579682,38;12929986,00
br-p-cd-204353;Aline Gurgel;2022;18400542,32;12268660,00
br-p-cd-204353;Aline Gurgel;2023;31812294,00;30760878,08
br-p-cd-220707;Amanda Gentil;2024;37871585,00;36726272,29
br-p-cd-220707;Amanda Gentil;2025;41275983,80;34210500,00
br-p-cd-220707;Amanda Gentil;2026;39253318,63;37742554,86
br-p-cd-204356;Amaro Neto;2020;15919604,69;8605113,84
br-p-cd-204356;Amaro Neto;2021;16231406,00;11645650,00
br-p-cd-204356;Amaro Neto;2022;18401472,80;12791485,50
br-p-cd-204356;Amaro Neto;2023;32103334,00;26049981,00
br-p-cd-204356;Amaro Neto;2024;37871585,00;31619585,00
br-p-cd-204356;Amaro Neto;2025;56275948,00;37171924,15
br-p-cd-204356;Amaro Neto;2026;38265152,57;25065956,28
br-p-cd-220715;Amom Mandel;2024;37646691,98;20935750,88
br-p-cd-220715;Amom Mandel;2025;42546804,72;25288001,84
br-p-cd-220715;Amom Mandel;2026;38231607,00;35729314,06
br-p-cd-107970;Ana Paula Leão;2024;37620856,50;33242322,00
br-p-cd-107970;Ana Paula Leão;2025;51343987,00;34862729,08
br-p-cd-107970;Ana Paula Leão;2026;34644833,59;21315401,08
br-p-cd-178831;André Abdon;2019;15192174,00;4016885,00
br-p-cd-178831;André Abdon;2020;13913564,03;7504377,00
br-p-cd-178831;André Abdon;2021;15825726,00;10625725,00
br-p-cd-178831;André Abdon;2022;18382191,00;9253543,65
br-p-cd-178831;André Abdon;2023;25336867,00;22086295,00
br-p-cd-178831;André Abdon;2026;33546144,17;17618303,60
br-p-cd-220657;André Fernandes;2024;37871585,00;35321099,00
br-p-cd-220657;André Fernandes;2026;38325000,74;15072430,72
br-p-cd-204423;André Ferreira;2020;15917998,92;12807611,80
br-p-cd-204423;André Ferreira;2021;16279609,36;12612994,00
br-p-cd-204423;André Ferreira;2022;18401472,00;13615999,00
br-p-cd-204423;André Ferreira;2023;31953331,36;31755555,99
br-p-cd-204423;André Ferreira;2024;37671585,00;37071585,00
br-p-cd-204423;André Ferreira;2025;46939920,09;40235605,09
br-p-cd-204423;André Ferreira;2026;40158246,97;24703068,17
br-p-cd-133439;André Figueiredo;2019;15012331,62;6779315,09
br-p-cd-133439;André Figueiredo;2020;15152504,55;4898469,22
br-p-cd-133439;André Figueiredo;2021;16167850,00;6017218,00
br-p-cd-133439;André Figueiredo;2022;18298717,82;12656176,04
br-p-cd-133439;André Figueiredo;2023;32001960,34;29002683,94
br-p-cd-133439;André Figueiredo;2024;37720881,79;26977034,33
br-p-cd-133439;André Figueiredo;2025;36890657,21;25782183,23
br-p-cd-133439;André Figueiredo;2026;34261392,00;30040354,68
br-p-cd-178882;André Fufuca;2019;15416744,00;15316744,00
br-p-cd-178882;André Fufuca;2020;15915433,23;13940454,00
br-p-cd-178882;André Fufuca;2021;16279986,00;15938825,00
br-p-cd-178882;André Fufuca;2022;18401473,00;13841632,00
br-p-cd-178882;André Fufuca;2023;32053150,90;31703401,00
br-p-cd-178882;André Fufuca;2025;44958384,99;38226490,00
br-p-cd-178882;André Fufuca;2026;39692007,00;28865961,71
br-p-cd-204515;André Janones;2020;15868901,19;10149851,00
br-p-cd-204515;André Janones;2021;14278449,00;11344232,00
br-p-cd-204515;André Janones;2022;17651385,00;11364073,50
br-p-cd-204515;André Janones;2023;31732796,00;28941700,00
br-p-cd-204515;André Janones;2024;37871380,00;35739685,00
br-p-cd-204515;André Janones;2025;42795091,18;31345567,95
br-p-cd-204515;André Janones;2026;41631253,97;28639017,26
br-p-cd-220676;Andreia Siqueira;2024;37871585,00;37871585,00
br-p-cd-220676;Andreia Siqueira;2025;42872891,15;33820337,15
br-p-cd-220676;Andreia Siqueira;2026;38948507,00;33407640,50
br-p-cd-123756;Antônia Lúcia;2024;37627201,15;14104235,06
br-p-cd-123756;Antônia Lúcia;2025;41910201,54;38076194,79
br-p-cd-123756;Antônia Lúcia;2026;37589043,98;29970904,02
br-p-cd-220544;Antonio Andrade;2024;37797092,00;32608290,00
br-p-cd-220544;Antonio Andrade;2025;40677570,08;30722174,08
br-p-cd-220544;Antonio Andrade;2026;32114473,00;23874586,19
br-p-cd-160553;Antonio Brito;2019;15368556,08;6706840,00
br-p-cd-160553;Antonio Brito;2020;15293918,47;8418954,00
br-p-cd-160553;Antonio Brito;2021;16267581,23;8779886,80
br-p-cd-160553;Antonio Brito;2022;18339671,31;9316417,00
br-p-cd-160553;Antonio Brito;2023;32069500,93;20374605,64
br-p-cd-160553;Antonio Brito;2024;37867930,66;27481258,15
br-p-cd-160553;Antonio Brito;2025;50081630,21;35525213,76
br-p-cd-160553;Antonio Brito;2026;37808590,80;30757633,38
br-p-cd-220638;Antonio Carlos Rodrigues;2024;37871585,00;32530335,00
br-p-cd-220638;Antonio Carlos Rodrigues;2025;44575985,00;36527415,00
br-p-cd-220638;Antonio Carlos Rodrigues;2026;40159453,24;25892969,46
br-p-cd-220675;Antônio Doido;2024;37849350,00;37849350,00
br-p-cd-220675;Antônio Doido;2025;52586970,00;43121970,00
br-p-cd-220675;Antônio Doido;2026;35177007,00;31216150,59
br-p-cd-220549;Any Ortiz;2024;34120608,30;24714079,11
br-p-cd-220549;Any Ortiz;2025;38296912,91;28100183,15
br-p-cd-220549;Any Ortiz;2026;38460257,97;24672606,39
br-p-cd-73433;Arlindo Chinaglia;2019;15066693,04;7444145,83
br-p-cd-73433;Arlindo Chinaglia;2020;15183213,81;14959393,50
br-p-cd-73433;Arlindo Chinaglia;2021;11470958,00;7521354,72
br-p-cd-73433;Arlindo Chinaglia;2022;18201470,23;12789889,76
br-p-cd-73433;Arlindo Chinaglia;2023;31585737,00;28482191,98
br-p-cd-73433;Arlindo Chinaglia;2024;35920472,00;28467210,54
br-p-cd-73433;Arlindo Chinaglia;2025;41776981,67;35490319,20
br-p-cd-73433;Arlindo Chinaglia;2026;36660289,00;31510241,32
br-p-cd-141391;Arnaldo Jardim;2019;15388633,00;5723624,00
br-p-cd-141391;Arnaldo Jardim;2020;15847414,00;11063751,48
br-p-cd-141391;Arnaldo Jardim;2021;15675176,00;5992174,15
br-p-cd-141391;Arnaldo Jardim;2022;18369481,00;10193732,00
br-p-cd-141391;Arnaldo Jardim;2023;31577797,00;26041011,00
br-p-cd-141391;Arnaldo Jardim;2024;37871570,00;29025368,00
br-p-cd-141391;Arnaldo Jardim;2025;37914721,00;30635688,00
br-p-cd-141391;Arnaldo Jardim;2026;29518596,00;21829113,92
br-p-cd-160541;Arthur Lira;2019;13550069,06;4882240,38
br-p-cd-160541;Arthur Lira;2020;15730104,54;243397,86
br-p-cd-160541;Arthur Lira;2021;16040559,55;5202621,25
br-p-cd-160541;Arthur Lira;2022;16388533,01;1989076,46
br-p-cd-160541;Arthur Lira;2023;32101351,00;27805351,00
br-p-cd-160541;Arthur Lira;2024;35503157,00;16022178,00
br-p-cd-160541;Arthur Lira;2025;42468047,39;15124133,51
br-p-cd-160541;Arthur Lira;2026;39187679,00;39187679,00
br-p-cd-160665;Augusto Coutinho;2019;13709648,20;5842492,00
br-p-cd-160665;Augusto Coutinho;2020;15221715,21;7438963,15
br-p-cd-160665;Augusto Coutinho;2021;15859168,14;11396781,00
br-p-cd-160665;Augusto Coutinho;2022;17372369,81;9676463,00
br-p-cd-160665;Augusto Coutinho;2023;31962432,91;28463408,14
br-p-cd-160665;Augusto Coutinho;2024;37670913,44;31172594,17
br-p-cd-160665;Augusto Coutinho;2025;39468659,25;26500479,74
br-p-cd-160665;Augusto Coutinho;2026;37051376,54;27282161,84
br-p-cd-178975;Baleia Rossi;2019;15417576,00;7141307,56
br-p-cd-178975;Baleia Rossi;2020;15933226,30;8254574,00
br-p-cd-178975;Baleia Rossi;2021;16172498,00;11329984,33
br-p-cd-178975;Baleia Rossi;2022;18401472,00;17101450,28
br-p-cd-178975;Baleia Rossi;2023;31943624,00;21259160,28
br-p-cd-178975;Baleia Rossi;2024;37871585,00;36021585,00
br-p-cd-178975;Baleia Rossi;2025;38125349,85;33063931,63
br-p-cd-178975;Baleia Rossi;2026;37018914,80;29904298,87
br-p-cd-220605;Bandeira de Mello;2024;37728129,88;22521598,96
br-p-cd-220605;Bandeira de Mello;2025;39722749,79;29629846,64
br-p-cd-220605;Bandeira de Mello;2026;35597121,03;24634590,60
br-p-cd-220612;Bebeto;2019;14156992,57;7550320,00
br-p-cd-220612;Bebeto;2024;37870252,17;29386585,00
br-p-cd-220612;Bebeto;2025;45275985,00;26491985,00
br-p-cd-220612;Bebeto;2026;36201447,18;29272394,75
br-p-cd-73701;Benedita da Silva;2019;13109483,16;6521007,08
br-p-cd-73701;Benedita da Silva;2020;14443040,09;6866896,17
br-p-cd-73701;Benedita da Silva;2021;15667376,88;7743263,77
br-p-cd-73701;Benedita da Silva;2022;17213171,77;6644618,00
br-p-cd-73701;Benedita da Silva;2023;30991498,88;17081663,21
br-p-cd-73701;Benedita da Silva;2024;37081401,72;21770337,30
br-p-cd-73701;Benedita da Silva;2025;41175920,30;23973100,00
br-p-cd-73701;Benedita da Silva;2026;33465869,40;24946985,00
br-p-cd-109429;Benes Leocádio;2020;15935146,24;9579196,00
br-p-cd-109429;Benes Leocádio;2021;16253622,00;10318058,00
br-p-cd-109429;Benes Leocádio;2022;18394406,54;12526233,50
br-p-cd-109429;Benes Leocádio;2023;32078988,71;29084446,00
br-p-cd-109429;Benes Leocádio;2024;37600074,05;34255658,00
br-p-cd-109429;Benes Leocádio;2025;42952977,54;37963123,02
br-p-cd-109429;Benes Leocádio;2026;36120229,32;27600995,13
br-p-cd-204358;Beto Pereira;2020;15936122,69;5468030,00
br-p-cd-204358;Beto Pereira;2021;16279196,00;8930853,00
br-p-cd-204358;Beto Pereira;2022;18116222,65;12699582,00
br-p-cd-204358;Beto Pereira;2023;32088666,00;30441216,00
br-p-cd-204358;Beto Pereira;2024;37871554,70;24696435,00
br-p-cd-204358;Beto Pereira;2025;37775984,09;35298925,59
br-p-cd-204358;Beto Pereira;2026;35894566,62;23668612,64
br-p-cd-220698;Beto Preto;2024;34513919,00;32546702,00
br-p-cd-220698;Beto Preto;2025;37061654,17;35154223,17
br-p-cd-220698;Beto Preto;2026;37160347,97;26747735,03
br-p-cd-204388;Bibo Nunes;2020;15927136,97;3912172,34
br-p-cd-204388;Bibo Nunes;2021;16069099,21;4226836,00
br-p-cd-204388;Bibo Nunes;2022;18246891,41;12142326,25
br-p-cd-204388;Bibo Nunes;2023;31240369,00;25283646,88
br-p-cd-204388;Bibo Nunes;2024;37467220,00;30037558,00
br-p-cd-204388;Bibo Nunes;2025;35897070,08;29175247,08
br-p-cd-204388;Bibo Nunes;2026;35312128,08;17062045,37
br-p-cd-160538;Bohn Gass;2019;13898833,12;4412272,67
br-p-cd-160538;Bohn Gass;2020;15585746,20;5565641,40
br-p-cd-160538;Bohn Gass;2021;16010607,34;4652757,16
br-p-cd-160538;Bohn Gass;2022;18127687,36;8751156,72
br-p-cd-160538;Bohn Gass;2023;30619802,09;20375822,13
br-p-cd-160538;Bohn Gass;2024;37343629,65;25126937,39
br-p-cd-160538;Bohn Gass;2025;39118619,47;27057612,27
br-p-cd-160538;Bohn Gass;2026;35176181,84;24449122,54
br-p-cd-210989;Bruno Farias;2024;37871585,00;36816300,00
br-p-cd-210989;Bruno Farias;2025;43714970,00;34502150,00
br-p-cd-210989;Bruno Farias;2026;38821087,00;24266950,53
br-p-cd-220635;Bruno Ganem;2024;37871468,00;37536450,00
br-p-cd-220635;Bruno Ganem;2025;42613697,61;24075812,29
br-p-cd-220635;Bruno Ganem;2026;39995470,42;14701123,82
br-p-cd-213762;Carla Dickson;2021;14966779,11;4289771,00
br-p-cd-213762;Carla Dickson;2022;14315384,90;9597013,00
br-p-cd-213762;Carla Dickson;2023;31603185,00;30537351,00
br-p-cd-213762;Carla Dickson;2026;35467394,65;17074892,39
br-p-cd-204361;Carlos Chiodini;2020;15928356,66;5457704,63
br-p-cd-204361;Carlos Chiodini;2021;16279899,00;9335192,66
br-p-cd-204361;Carlos Chiodini;2022;18400889,00;12438949,00
br-p-cd-204361;Carlos Chiodini;2023;32103127,00;27828151,00
br-p-cd-204361;Carlos Chiodini;2024;37868707,00;34802672,00
br-p-cd-204361;Carlos Chiodini;2025;40621449,85;35158246,08
br-p-cd-204361;Carlos Chiodini;2026;39354600,00;22407293,98
br-p-cd-178993;Carlos Henrique Gaguim;2019;15143181,00;8559522,00
br-p-cd-178993;Carlos Henrique Gaguim;2020;15927268,26;8327834,26
br-p-cd-178993;Carlos Henrique Gaguim;2021;16279986,00;8055062,00
br-p-cd-178993;Carlos Henrique Gaguim;2022;17394992,00;9931513,00
br-p-cd-178993;Carlos Henrique Gaguim;2023;32085281,00;31484291,00
br-p-cd-178993;Carlos Henrique Gaguim;2024;37754819,00;36954819,00
br-p-cd-178993;Carlos Henrique Gaguim;2025;42899353,08;38951345,08
br-p-cd-178993;Carlos Henrique Gaguim;2026;36954688,00;33181354,53
br-p-cd-141398;Carlos Zarattini;2019;14141002,22;5619796,00
br-p-cd-141398;Carlos Zarattini;2020;15937109,00;13440369,00
br-p-cd-141398;Carlos Zarattini;2021;16271734,35;13711583,00
br-p-cd-141398;Carlos Zarattini;2022;18023751,00;12232309,31
br-p-cd-141398;Carlos Zarattini;2023;32011140,00;29653704,00
br-p-cd-141398;Carlos Zarattini;2024;37835362,10;32134572,00
br-p-cd-141398;Carlos Zarattini;2025;41079938,62;31027880,15
br-p-cd-141398;Carlos Zarattini;2026;35675865,40;30399941,40
br-p-cd-220704;Carol Dartora;2024;35950656,20;22103969,86
br-p-cd-220704;Carol Dartora;2025;38058554,08;19396743,49
br-p-cd-220704;Carol Dartora;2026;26664124,53;17867905,27
br-p-cd-220699;Castro Neto;2024;37871585,00;37871585,00
br-p-cd-220699;Castro Neto;2025;45991270,01;38130612,59
br-p-cd-220699;Castro Neto;2026;38472007,00;33686828,20
br-p-cd-206018;Célia Xakriabá;2024;35178859,07;13619891,28
br-p-cd-206018;Célia Xakriabá;2025;39125309,07;15793114,73
br-p-cd-206018;Célia Xakriabá;2026;25670125,52;20360602,63
br-p-cd-178876;Célio Silveira;2019;15183452,19;6537497,00
br-p-cd-178876;Célio Silveira;2020;15929310,00;14127752,00
br-p-cd-178876;Célio Silveira;2021;15272912,00;12580955,00
br-p-cd-178876;Célio Silveira;2022;18401471,12;13400987,62
br-p-cd-178876;Célio Silveira;2023;32080005,00;30606980,00
br-p-cd-178876;Célio Silveira;2025;44435226,00;40265626,90
br-p-cd-178876;Célio Silveira;2026;39904147,00;32231129,40
br-p-cd-204488;Célio Studart;2020;15640321,00;12670000,00
br-p-cd-204488;Célio Studart;2021;16279695,22;14422493,60
br-p-cd-204488;Célio Studart;2022;18401473,00;13841632,00
br-p-cd-204488;Célio Studart;2023;32003396,00;31423396,00
br-p-cd-204488;Célio Studart;2024;37871585,00;37271585,00
br-p-cd-204488;Célio Studart;2025;39763838,54;36349359,51
br-p-cd-204488;Célio Studart;2026;35294594,94;31463722,93
br-p-cd-73441;Celso Russomanno;2019;14517134,33;11520202,85
br-p-cd-73441;Celso Russomanno;2020;15912066,98;6641339,20
br-p-cd-73441;Celso Russomanno;2021;16065870,30;7581409,06
br-p-cd-73441;Celso Russomanno;2022;18231330,90;10947444,49
br-p-cd-73441;Celso Russomanno;2023;31234680,37;20509025,21
br-p-cd-73441;Celso Russomanno;2024;35466662,47;23975458,95
br-p-cd-73441;Celso Russomanno;2025;39979310,40;21626804,66
br-p-cd-73441;Celso Russomanno;2026;29972791,62;15211627,45
br-p-cd-204496;Celso Sabino;2020;15739789,65;13948751,81
br-p-cd-204496;Celso Sabino;2021;16276477,85;15802519,02
br-p-cd-204496;Celso Sabino;2022;18401474,00;14099328,31
br-p-cd-204496;Celso Sabino;2023;32103357,72;32103357,72
br-p-cd-204496;Celso Sabino;2024;37871585,00;37871585,00
br-p-cd-204496;Celso Sabino;2025;44913925,06;38237105,08
br-p-cd-204496;Celso Sabino;2026;39404746,98;27401676,50
br-p-cd-204504;Cezinha de Madureira;2020;15936654,00;7720272,00
br-p-cd-204504;Cezinha de Madureira;2021;16159301,00;15459301,00
br-p-cd-204504;Cezinha de Madureira;2022;18401473,00;13891632,00
br-p-cd-204504;Cezinha de Madureira;2023;32103400,00;32103400,00
br-p-cd-204504;Cezinha de Madureira;2024;37871585,00;37871585,00
br-p-cd-204504;Cezinha de Madureira;2025;42075985,00;35285000,00
br-p-cd-204504;Cezinha de Madureira;2026;34274870,35;27673245,70
br-p-cd-205476;Charles Fernandes;2020;14558258,80;6266342,38
br-p-cd-205476;Charles Fernandes;2021;16279986,00;16279986,00
br-p-cd-205476;Charles Fernandes;2022;16226042,68;9900487,08
br-p-cd-205476;Charles Fernandes;2023;31788548,00;27242944,00
br-p-cd-74171;Chico Alencar;2019;12723549,60;1080335,87
br-p-cd-74171;Chico Alencar;2024;37660501,85;9668354,05
br-p-cd-74171;Chico Alencar;2025;36672111,57;8587342,78
br-p-cd-74171;Chico Alencar;2026;23178000,00;3714100,00
br-p-cd-220665;Clarissa Tércio;2024;37568226,61;20724356,25
br-p-cd-220665;Clarissa Tércio;2025;39275937,45;34735985,00
br-p-cd-220665;Clarissa Tércio;2026;37828261,00;30943047,86
br-p-cd-74537;Claudio Cajado;2019;15312389,55;6276199,95
br-p-cd-74537;Claudio Cajado;2020;15569092,30;8048552,00
br-p-cd-74537;Claudio Cajado;2021;16069739,83;9328890,50
br-p-cd-74537;Claudio Cajado;2022;18400126,41;10535421,13
br-p-cd-74537;Claudio Cajado;2023;32101875,64;24860116,23
br-p-cd-74537;Claudio Cajado;2024;37871287,00;30046930,26
br-p-cd-74537;Claudio Cajado;2025;51295397,36;36654758,33
br-p-cd-74537;Claudio Cajado;2026;36739955,13;16430430,90
br-p-cd-88256;Clodoaldo Magalhães;2024;37826160,00;37826160,00
br-p-cd-88256;Clodoaldo Magalhães;2025;43648425,15;36893046,15
br-p-cd-88256;Clodoaldo Magalhães;2026;31592481,00;29388148,52
br-p-cd-98148;Cobalchini;2024;37853363,82;35545638,53
br-p-cd-98148;Cobalchini;2025;37930977,07;35565506,07
br-p-cd-98148;Cobalchini;2026;36507346,00;23387463,85
br-p-cd-204378;Coronel Chrisóstomo;2020;15659437,47;11808798,60
br-p-cd-204378;Coronel Chrisóstomo;2021;16179842,24;11796827,24
br-p-cd-204378;Coronel Chrisóstomo;2022;17860404,83;13132243,28
br-p-cd-204378;Coronel Chrisóstomo;2023;27019467,00;24169815,00
br-p-cd-204378;Coronel Chrisóstomo;2024;37871517,91;26052582,00
br-p-cd-204378;Coronel Chrisóstomo;2025;42135985,99;19072103,33
br-p-cd-204378;Coronel Chrisóstomo;2026;34785878,27;19176836,20
br-p-cd-220666;Coronel Meira;2024;14807972,62;1200000,00
br-p-cd-220666;Coronel Meira;2025;38271505,06;27437985,00
br-p-cd-220666;Coronel Meira;2026;37787006,97;29095300,83
br-p-cd-220608;Cristiane Lopes;2024;33714489,00;30510176,90
br-p-cd-220608;Cristiane Lopes;2025;40916042,08;32354798,08
br-p-cd-220608;Cristiane Lopes;2026;38363611,00;26313415,84
br-p-cd-141411;Dagoberto Nogueira;2019;14682030,00;7358873,00
br-p-cd-141411;Dagoberto Nogueira;2020;15937330,84;13837630,00
br-p-cd-141411;Dagoberto Nogueira;2021;16279307,00;16147006,00
br-p-cd-141411;Dagoberto Nogueira;2022;18354910,00;13665709,00
br-p-cd-141411;Dagoberto Nogueira;2023;29879495,00;29574695,00
br-p-cd-141411;Dagoberto Nogueira;2024;37831006,00;27160792,00
br-p-cd-141411;Dagoberto Nogueira;2025;39275981,09;34529602,09
br-p-cd-141411;Dagoberto Nogueira;2026;38651370,00;28428324,39
br-p-cd-220692;Dal Barreto;2024;37771585,00;36041000,00
br-p-cd-220692;Dal Barreto;2025;48503984,15;43019605,15
br-p-cd-220692;Dal Barreto;2026;31764900,00;21583881,39
br-p-cd-74467;Damião Feliciano;2019;15053881,21;6710290,00
br-p-cd-74467;Damião Feliciano;2020;15819289,35;7169178,78
br-p-cd-74467;Damião Feliciano;2021;16275416,96;5404015,04
br-p-cd-74467;Damião Feliciano;2022;18400703,00;9928080,00
br-p-cd-74467;Damião Feliciano;2023;30480060,00;29835964,00
br-p-cd-74467;Damião Feliciano;2024;37871585,00;37217847,04
br-p-cd-74467;Damião Feliciano;2025;42252862,76;33750120,95
br-p-cd-74467;Damião Feliciano;2026;29387437,00;24334497,53
br-p-cd-220629;Dandara;2024;30896150,48;6516665,00
br-p-cd-220629;Dandara;2025;36219595,76;18819716,08
br-p-cd-220629;Dandara;2026;25182483,76;19015974,44
br-p-cd-74060;Daniel Almeida;2019;15099335,47;6083961,14
br-p-cd-74060;Daniel Almeida;2020;15701730,28;11188327,85
br-p-cd-74060;Daniel Almeida;2021;16173713,60;12455681,00
br-p-cd-74060;Daniel Almeida;2022;18400997,00;12899408,00
br-p-cd-74060;Daniel Almeida;2023;31172096,71;28030214,00
br-p-cd-74060;Daniel Almeida;2024;37869591,04;30112141,44
br-p-cd-74060;Daniel Almeida;2025;44161258,21;34008036,12
br-p-cd-74060;Daniel Almeida;2026;33834929,57;27783369,29
br-p-cd-220582;Daniel Barbosa;2024;37870983,56;29994766,04
br-p-cd-220582;Daniel Barbosa;2025;63408006,61;24636665,93
br-p-cd-220582;Daniel Barbosa;2026;38465806,43;29824379,42
br-p-cd-204409;Daniel Trzeciak;2020;14961685,62;6970175,62
br-p-cd-204409;Daniel Trzeciak;2021;14478101,00;10642947,00
br-p-cd-204409;Daniel Trzeciak;2022;17862531,70;12628125,00
br-p-cd-204409;Daniel Trzeciak;2023;31519824,66;27529057,00
br-p-cd-204409;Daniel Trzeciak;2024;37539819,98;32700512,28
br-p-cd-204409;Daniel Trzeciak;2025;38555966,00;35612996,97
br-p-cd-204409;Daniel Trzeciak;2026;27940063,05;16062874,67
br-p-cd-204459;Daniela do Waguinho;2020;15935240,00;9090454,00
br-p-cd-204459;Daniela do Waguinho;2021;16279752,08;12231095,40
br-p-cd-204459;Daniela do Waguinho;2022;18385130,70;10901784,00
br-p-cd-204459;Daniela do Waguinho;2023;32061812,83;26737443,62
br-p-cd-204459;Daniela do Waguinho;2024;37850061,22;34999385,00
br-p-cd-204459;Daniela do Waguinho;2025;45990475,84;34723823,00
br-p-cd-204459;Daniela do Waguinho;2026;37636971,89;34758977,00
br-p-cd-220557;Daniela Reinehr;2024;37839479,00;33304053,00
br-p-cd-220557;Daniela Reinehr;2025;38653484,11;35188238,02
br-p-cd-220557;Daniela Reinehr;2026;33901584,00;20829432,89
br-p-cd-160552;Danrlei de Deus Hinterholz;2019;15420429,00;5305514,00
br-p-cd-160552;Danrlei de Deus Hinterholz;2020;15918297,00;7617900,40
br-p-cd-160552;Danrlei de Deus Hinterholz;2021;16279407,00;7050862,00
br-p-cd-160552;Danrlei de Deus Hinterholz;2022;18401472,00;11353817,00
br-p-cd-160552;Danrlei de Deus Hinterholz;2023;32103252,00;27895963,90
br-p-cd-160552;Danrlei de Deus Hinterholz;2024;37870167,00;36347182,00
br-p-cd-160552;Danrlei de Deus Hinterholz;2025;39153437,08;34578626,08
br-p-cd-160552;Danrlei de Deus Hinterholz;2026;40144391,80;20516480,55
br-p-cd-204511;David Soares;2020;14948744,00;8304076,00
br-p-cd-204511;David Soares;2021;14883330,00;5854244,00
br-p-cd-204511;David Soares;2022;18401473,00;13828953,00
br-p-cd-204511;David Soares;2023;32100754,00;30043309,00
br-p-cd-204511;David Soares;2024;37871585,00;37859005,87
br-p-cd-204511;David Soares;2025;39375935,44;35144786,00
br-p-cd-204511;David Soares;2026;37468446,00;25490326,84
br-p-cd-220565;Delegada Adriana Accorsi;2024;34401514,85;20586314,41
br-p-cd-220565;Delegada Adriana Accorsi;2025;38864929,67;20686382,31
br-p-cd-220565;Delegada Adriana Accorsi;2026;32350693,37;27254815,12
br-p-cd-220625;Delegada Ione;2024;37870582,26;36773571,00
br-p-cd-220625;Delegada Ione;2025;40557554,91;33182573,90
br-p-cd-220625;Delegada Ione;2026;38986663,00;26765293,06
br-p-cd-220642;Delegado Bruno Lima;2025;44425956,86;23951715,40
br-p-cd-220642;Delegado Bruno Lima;2026;30286139,00;14214751,00
br-p-cd-220673;Delegado Caveira;2024;37871402,04;24749280,33
br-p-cd-220673;Delegado Caveira;2025;44082664,41;30314442,31
br-p-cd-220673;Delegado Caveira;2026;39372551,86;24911268,91
br-p-cd-220701;Delegado Matheus Laiola;2024;32235793,00;32010793,00
br-p-cd-220701;Delegado Matheus Laiola;2025;40275688,12;29346563,75
br-p-cd-220701;Delegado Matheus Laiola;2026;40167467,00;13440000,00
br-p-cd-220652;Delegado Palumbo;2024;37871561,46;35354734,00
br-p-cd-220652;Delegado Palumbo;2025;41649917,44;33585000,00
br-p-cd-220652;Delegado Palumbo;2026;33661963,00;19122876,58
br-p-cd-220689;Detinha;2025;43413976,08;39727598,08
br-p-cd-220689;Detinha;2026;35570257,00;17393040,94
br-p-cd-160588;Diego Andrade;2019;14766689,02;5768290,14
br-p-cd-160588;Diego Andrade;2020;15551385,06;12747848,00
br-p-cd-160588;Diego Andrade;2021;16057865,00;15927968,00
br-p-cd-160588;Diego Andrade;2022;18401473,00;13432430,50
br-p-cd-160588;Diego Andrade;2023;31923122,25;30787932,01
br-p-cd-160588;Diego Andrade;2024;37283476,00;35051609,57
br-p-cd-160588;Diego Andrade;2025;41662927,05;34602941,62
br-p-cd-160588;Diego Andrade;2026;38934646,37;27531135,79
br-p-cd-220671;Dilvanda Faro;2024;37871585,00;37571585,00
br-p-cd-220671;Dilvanda Faro;2025;49775984,15;43190225,15
br-p-cd-220671;Dilvanda Faro;2026;38662007,00;35740294,18
br-p-cd-160599;Dimas Fabiano;2019;14091504,85;5831105,00
br-p-cd-160599;Dimas Fabiano;2020;15410261,20;11359499,00
br-p-cd-160599;Dimas Fabiano;2021;15920270,08;11106042,00
br-p-cd-160599;Dimas Fabiano;2022;17557403,00;11790713,00
br-p-cd-160599;Dimas Fabiano;2023;31379399,00;28538538,00
br-p-cd-160599;Dimas Fabiano;2024;36674547,00;33331348,00
br-p-cd-160599;Dimas Fabiano;2025;38205869,33;33488580,12
br-p-cd-160599;Dimas Fabiano;2026;37873750,00;25877676,98
br-p-cd-204450;Doutor Luizinho;2023;31669181,18;26874582,23
br-p-cd-204450;Doutor Luizinho;2024;35871584,00;29982661,27
br-p-cd-204450;Doutor Luizinho;2025;40523576,54;28094678,00
br-p-cd-204450;Doutor Luizinho;2026;36807076,22;28200252,00
br-p-cd-220614;Dr. Daniel Soranz;2024;37871567,00;29954312,68
br-p-cd-220614;Dr. Daniel Soranz;2025;39275965,00;31713264,71
br-p-cd-220614;Dr. Daniel Soranz;2026;30572728,78;30000000,00
br-p-cd-220610;Dr. Fernando Máximo;2024;37641585,00;32221475,00
br-p-cd-220610;Dr. Fernando Máximo;2025;38821505,00;29929612,83
br-p-cd-220610;Dr. Fernando Máximo;2026;28680265,84;13431624,86
br-p-cd-220688;Dr. Francisco;2024;37864164,12;36806371,94
br-p-cd-220688;Dr. Francisco;2025;43205126,96;34039112,77
br-p-cd-220688;Dr. Francisco;2026;28592406,25;27488117,39
br-p-cd-204518;Dr. Frederico;2020;15291066,63;8384755,43
br-p-cd-204518;Dr. Frederico;2021;16044866,88;11559368,87
br-p-cd-204518;Dr. Frederico;2022;18102678,18;10415019,50
br-p-cd-204518;Dr. Frederico;2023;32099927,05;29833056,00
br-p-cd-204518;Dr. Frederico;2024;37258959,95;34755400,07
br-p-cd-204518;Dr. Frederico;2025;44457792,07;37581605,08
br-p-cd-204518;Dr. Frederico;2026;39028049,60;23992783,57
br-p-cd-220570;Dr. Ismael Alexandrino;2025;47595652,99;32961904,74
br-p-cd-220570;Dr. Ismael Alexandrino;2026;25179784,18;8507605,00
br-p-cd-204351;Dr. Luiz Ovando;2020;15455337,54;5204457,30
br-p-cd-204351;Dr. Luiz Ovando;2021;16276615,76;9039202,88
br-p-cd-204351;Dr. Luiz Ovando;2022;18277144,94;14768981,95
br-p-cd-204351;Dr. Luiz Ovando;2023;32101448,34;27187835,40
br-p-cd-204351;Dr. Luiz Ovando;2024;37865232,46;36549297,43
br-p-cd-204351;Dr. Luiz Ovando;2025;41931662,15;36436039,32
br-p-cd-204351;Dr. Luiz Ovando;2026;35706374,30;25010127,45
br-p-cd-220528;Dr. Victor Linhalis;2024;37371529,91;32134245,95
br-p-cd-220528;Dr. Victor Linhalis;2025;40175040,51;35068663,15
br-p-cd-220528;Dr. Victor Linhalis;2026;40106640,00;28258831,46
br-p-cd-204412;Dr. Zacharias Calil;2020;15940454,00;15791854,00
br-p-cd-204412;Dr. Zacharias Calil;2021;16241027,20;13302483,00
br-p-cd-204412;Dr. Zacharias Calil;2022;18401471,75;14534545,00
br-p-cd-204412;Dr. Zacharias Calil;2023;32103357,00;28844979,00
br-p-cd-204412;Dr. Zacharias Calil;2024;37871034,36;27008954,07
br-p-cd-204412;Dr. Zacharias Calil;2025;39661990,08;33218563,42
br-p-cd-204412;Dr. Zacharias Calil;2026;37069179,54;24959058,85
br-p-cd-220674;Dra. Alessandra Haber;2024;37870020,65;37471585,00
br-p-cd-220674;Dra. Alessandra Haber;2025;45144981,08;41456252,08
br-p-cd-220674;Dra. Alessandra Haber;2026;39882681,98;28628278,98
br-p-cd-220540;Duda Ramos;2024;37781043,80;1898300,00
br-p-cd-220540;Duda Ramos;2025;37275949,05;36495603,10
br-p-cd-220540;Duda Ramos;2026;37113142,00;28683934,16
br-p-cd-220623;Duda Salabert;2024;37226132,45;5026030,34
br-p-cd-220623;Duda Salabert;2025;38254315,73;20678827,44
br-p-cd-220623;Duda Salabert;2026;27719697,15;23916337,14
br-p-cd-220589;Eduardo Velloso;2024;37871585,00;36371585,00
br-p-cd-220589;Eduardo Velloso;2025;34237548,00;28693186,00
br-p-cd-220589;Eduardo Velloso;2026;22884274,47;17222725,47
br-p-cd-204364;Eli Borges;2020;14648925,00;7993344,00
br-p-cd-204364;Eli Borges;2021;15775008,54;7125145,80
br-p-cd-204364;Eli Borges;2022;17428218,00;11145342,00
br-p-cd-204364;Eli Borges;2023;31791508,00;22782734,00
br-p-cd-204364;Eli Borges;2024;36671585,00;27485372,00
br-p-cd-204364;Eli Borges;2025;41874924,99;31188077,00
br-p-cd-204364;Eli Borges;2026;35410319,97;27630606,14
br-p-cd-161550;Emidinho Madeira;2020;15682312,76;11486359,50
br-p-cd-161550;Emidinho Madeira;2021;16131557,01;11809986,00
br-p-cd-161550;Emidinho Madeira;2022;17301988,75;9425996,26
br-p-cd-161550;Emidinho Madeira;2023;32099397,00;31610637,00
br-p-cd-161550;Emidinho Madeira;2024;37253691,25;35618979,47
br-p-cd-161550;Emidinho Madeira;2025;41751089,18;32427776,61
br-p-cd-161550;Emidinho Madeira;2026;36511968,09;23089286,70
br-p-cd-230765;Enfermeira Rejane;2026;28329906,39;24907578,87
br-p-cd-220663;Eriberto Medeiros;2024;37861735,72;29583080,38
br-p-cd-220663;Eriberto Medeiros;2025;40143819,33;32396889,39
br-p-cd-220663;Eriberto Medeiros;2026;39851528,70;25014948,82
br-p-cd-220645;Erika Hilton;2024;36007817,13;14761840,49
br-p-cd-220645;Erika Hilton;2025;36641637,87;13443236,45
br-p-cd-220645;Erika Hilton;2026;25292960,00;12638591,40
br-p-cd-160640;Eros Biondini;2019;14710881,80;3219001,46
br-p-cd-160640;Eros Biondini;2020;15384750,14;10309396,73
br-p-cd-160640;Eros Biondini;2021;16279191,00;12541400,15
br-p-cd-160640;Eros Biondini;2022;18297367,04;11778192,08
br-p-cd-160640;Eros Biondini;2023;31512696,41;26741696,52
br-p-cd-160640;Eros Biondini;2024;37869920,04;28967722,21
br-p-cd-160640;Eros Biondini;2025;39061536,70;35442606,08
br-p-cd-160640;Eros Biondini;2026;35440350,46;16382218,89
br-p-cd-204482;Euclydes Pettersen;2020;15937000,49;11920144,79
br-p-cd-204482;Euclydes Pettersen;2021;16278605,00;11863157,00
br-p-cd-204482;Euclydes Pettersen;2022;18396598,00;5833693,00
br-p-cd-204482;Euclydes Pettersen;2023;32103397,00;31855951,00
br-p-cd-204482;Euclydes Pettersen;2024;37871585,00;37171585,00
br-p-cd-204482;Euclydes Pettersen;2025;43784318,15;34235909,15
br-p-cd-204482;Euclydes Pettersen;2026;39020732,60;27170605,64
br-p-cd-178871;Evair Vieira de Melo;2019;15068614,73;5199134,05
br-p-cd-178871;Evair Vieira de Melo;2020;15895453,57;8366900,48
br-p-cd-178871;Evair Vieira de Melo;2021;15225411,13;7739993,00
br-p-cd-178871;Evair Vieira de Melo;2022;18401473,00;14091632,00
br-p-cd-178871;Evair Vieira de Melo;2023;32103397,00;31303397,00
br-p-cd-178871;Evair Vieira de Melo;2024;37726507,39;34071585,00
br-p-cd-178871;Evair Vieira de Melo;2025;44675983,08;40034505,08
br-p-cd-178871;Evair Vieira de Melo;2026;40172876,99;27898228,21
br-p-cd-220681;Fábio Macedo;2024;37871585,00;37871585,00
br-p-cd-220681;Fábio Macedo;2025;48674069,15;37042175,18
br-p-cd-220681;Fábio Macedo;2026;23137004,00;9341095,73
br-p-cd-171623;Fabio Reis;2019;15245230,45;6985023,60
br-p-cd-171623;Fabio Reis;2020;15689500,77;7328591,09
br-p-cd-171623;Fabio Reis;2021;16278705,00;7761711,47
br-p-cd-171623;Fabio Reis;2022;18401453,15;10048973,17
br-p-cd-171623;Fabio Reis;2023;32102684,27;26001003,33
br-p-cd-171623;Fabio Reis;2024;37868466,85;27096213,81
br-p-cd-171623;Fabio Reis;2025;37323024,60;30223664,46
br-p-cd-171623;Fabio Reis;2026;35249720,50;22938864,96
br-p-cd-204368;Fabio Schiochet;2020;15905263,00;9544203,00
br-p-cd-204368;Fabio Schiochet;2021;16277881,00;12589587,00
br-p-cd-204368;Fabio Schiochet;2022;18401473,00;13834385,00
br-p-cd-204368;Fabio Schiochet;2023;32103401,00;32103401,00
br-p-cd-204368;Fabio Schiochet;2024;37870536,00;37546724,00
br-p-cd-204368;Fabio Schiochet;2025;40877870,79;36976599,08
br-p-cd-204368;Fabio Schiochet;2026;39255644,99;31126212,56
br-p-cd-220646;Felipe Becari;2024;36773439,36;19864883,00
br-p-cd-220646;Felipe Becari;2025;62275985,00;37275985,00
br-p-cd-220646;Felipe Becari;2026;30252007,00;15700000,00
br-p-cd-204407;Fernanda Melchionna;2020;15626344,46;4127214,83
br-p-cd-204407;Fernanda Melchionna;2021;15188354,49;4283593,00
br-p-cd-204407;Fernanda Melchionna;2022;17858057,37;6595489,85
br-p-cd-204407;Fernanda Melchionna;2023;32011137,80;15931001,19
br-p-cd-204407;Fernanda Melchionna;2024;32904910,51;16455215,53
br-p-cd-204407;Fernanda Melchionna;2025;36824783,58;22455932,43
br-p-cd-204407;Fernanda Melchionna;2026;28717062,63;18175143,71
br-p-cd-220656;Fernanda Pessoa;2024;37769998,27;32660312,73
br-p-cd-220656;Fernanda Pessoa;2025;40101406,89;32209319,20
br-p-cd-220656;Fernanda Pessoa;2026;37420701,29;30516548,65
br-p-cd-141431;Fernando Coelho Filho;2019;15128854,53;6402374,30
br-p-cd-141431;Fernando Coelho Filho;2020;15917822,00;5374169,00
br-p-cd-141431;Fernando Coelho Filho;2021;16183982,00;8760063,76
br-p-cd-141431;Fernando Coelho Filho;2022;18396749,16;6538792,09
br-p-cd-141431;Fernando Coelho Filho;2023;32102858,52;14555770,50
br-p-cd-141431;Fernando Coelho Filho;2024;37870361,58;36000263,64
br-p-cd-141431;Fernando Coelho Filho;2025;42575739,85;17206123,50
br-p-cd-141431;Fernando Coelho Filho;2026;22437243,41;8323469,00
br-p-cd-204445;Fernando Mineiro;2024;37537535,77;21624255,13
br-p-cd-204445;Fernando Mineiro;2025;40690151,17;25840852,44
br-p-cd-204445;Fernando Mineiro;2026;27592615,36;22071021,84
br-p-cd-204411;Filipe Barros;2020;15607586,63;2002100,00
br-p-cd-204411;Filipe Barros;2021;16279733,33;10262565,05
br-p-cd-204411;Filipe Barros;2022;18212995,00;13383412,47
br-p-cd-204411;Filipe Barros;2023;31971298,34;29705319,35
br-p-cd-204411;Filipe Barros;2024;29625792,00;29625792,00
br-p-cd-204411;Filipe Barros;2025;48123978,02;32377756,93
br-p-cd-204411;Filipe Barros;2026;33052007,00;16276004,00
br-p-cd-220545;Filipe Martins;2024;37816837,00;32846199,13
br-p-cd-220545;Filipe Martins;2025;38634154,15;28999974,15
br-p-cd-220545;Filipe Martins;2026;34543947,46;29019796,74
br-p-cd-160598;Flávia Morais;2019;14341882,69;7373784,00
br-p-cd-160598;Flávia Morais;2020;15816897,67;11521382,00
br-p-cd-160598;Flávia Morais;2021;16279486,00;12255974,00
br-p-cd-160598;Flávia Morais;2022;18279273,59;12403422,49
br-p-cd-160598;Flávia Morais;2023;31702726,00;31702713,00
br-p-cd-160598;Flávia Morais;2024;37643380,25;34267306,00
br-p-cd-160598;Flávia Morais;2025;41115364,91;35885189,89
br-p-cd-160598;Flávia Morais;2026;29265410,11;25358694,54
br-p-cd-220551;Franciane Bayer;2024;37871585,00;37871585,00
br-p-cd-220551;Franciane Bayer;2025;53086185,81;35363725,15
br-p-cd-220551;Franciane Bayer;2026;38943947,66;21515046,54
br-p-cd-220534;Fred Linhares;2024;37871114,96;13501356,00
br-p-cd-220534;Fred Linhares;2025;40910050,16;22323526,04
br-p-cd-220534;Fred Linhares;2026;37767611,40;19134604,40
br-p-cd-224117;Gabriel Mota;2024;37851519,00;31363237,00
br-p-cd-224117;Gabriel Mota;2025;37010197,03;30640445,08
br-p-cd-224117;Gabriel Mota;2026;37389346,00;13784526,08
br-p-cd-220708;Gabriel Nunes;2024;37870954,02;37133096,50
br-p-cd-220708;Gabriel Nunes;2025;47837494,25;41886735,25
br-p-cd-220708;Gabriel Nunes;2026;39941908,05;28283297,58
br-p-cd-204473;General Girão;2020;15751214,48;12500994,91
br-p-cd-204473;General Girão;2021;16263958,03;8721490,58
br-p-cd-204473;General Girão;2022;16499040,99;5738691,77
br-p-cd-204473;General Girão;2023;32096846,25;26000727,55
br-p-cd-204473;General Girão;2024;37870934,07;31002027,63
br-p-cd-204473;General Girão;2025;40211414,60;31975086,06
br-p-cd-204473;General Girão;2026;34389021,26;24094328,30
br-p-cd-220611;General Pazuello;2024;36711198,50;18397591,94
br-p-cd-220611;General Pazuello;2025;41641972,13;24970833,12
br-p-cd-220611;General Pazuello;2026;39218030,65;22118080,51
br-p-cd-178966;Geovania de Sá;2019;15420770,17;7450000,00
br-p-cd-178966;Geovania de Sá;2020;15902785,00;14710454,00
br-p-cd-178966;Geovania de Sá;2021;16029986,00;15529986,00
br-p-cd-178966;Geovania de Sá;2022;18401473,00;13890567,00
br-p-cd-178966;Geovania de Sá;2023;32103400,00;32103400,00
br-p-cd-178966;Geovania de Sá;2026;39305757,00;29182321,28
br-p-cd-220702;Geraldo Mendes;2024;37371583,00;32499998,00
br-p-cd-220702;Geraldo Mendes;2026;28430866,65;20373078,20
br-p-cd-74374;Geraldo Resende;2019;15120185,00;4661900,00
br-p-cd-74374;Geraldo Resende;2024;37863786,22;34714327,00
br-p-cd-74374;Geraldo Resende;2025;38224159,04;25258429,65
br-p-cd-74374;Geraldo Resende;2026;28490110,66;18794893,36
br-p-cd-204394;Gervásio Maia;2020;15939026,00;12605547,24
br-p-cd-204394;Gervásio Maia;2021;14521197,00;8806227,55
br-p-cd-204394;Gervásio Maia;2022;18401173,00;12527987,00
br-p-cd-204394;Gervásio Maia;2023;32102897,00;29905260,00
br-p-cd-204394;Gervásio Maia;2024;37870498,00;35007447,00
br-p-cd-204394;Gervásio Maia;2025;42013897,08;37436466,08
br-p-cd-204394;Gervásio Maia;2026;28521464,84;23053681,56
br-p-cd-74270;Gilberto Nascimento;2019;15025752,00;6320938,70
br-p-cd-74270;Gilberto Nascimento;2020;14721519,13;13160074,68
br-p-cd-74270;Gilberto Nascimento;2021;16102196,00;13529536,00
br-p-cd-74270;Gilberto Nascimento;2022;18251470,00;13841787,50
br-p-cd-74270;Gilberto Nascimento;2023;32103388,93;31451630,99
br-p-cd-74270;Gilberto Nascimento;2024;37871252,84;36530855,00
br-p-cd-74270;Gilberto Nascimento;2025;40325552,01;33444672,88
br-p-cd-74270;Gilberto Nascimento;2026;38799507,01;18671675,36
br-p-cd-204365;Gilson Marques;2020;15760646,58;11905560,00
br-p-cd-204365;Gilson Marques;2021;14830716,36;5451843,55
br-p-cd-204365;Gilson Marques;2022;18311421,06;10091607,00
br-p-cd-204365;Gilson Marques;2023;31768203,81;23087166,00
br-p-cd-204365;Gilson Marques;2024;37795743,59;26465962,00
br-p-cd-204365;Gilson Marques;2025;37429432,70;26598800,00
br-p-cd-204365;Gilson Marques;2026;30454695,24;6147883,36
br-p-cd-220526;Gilvan da Federal;2024;32721190,36;24430118,79
br-p-cd-220526;Gilvan da Federal;2025;39476956,71;27208111,76
br-p-cd-220526;Gilvan da Federal;2026;35375757,00;17843372,23
br-p-cd-160673;Giovani Cherini;2019;15323734,59;4261467,00
br-p-cd-160673;Giovani Cherini;2020;15937549,16;2548755,40
br-p-cd-160673;Giovani Cherini;2021;16278597,00;6627118,00
br-p-cd-160673;Giovani Cherini;2022;18401247,00;13548312,00
br-p-cd-160673;Giovani Cherini;2023;32067637,00;28530376,00
br-p-cd-160673;Giovani Cherini;2024;37869860,00;35485773,00
br-p-cd-160673;Giovani Cherini;2025;39173832,32;33109705,08
br-p-cd-160673;Giovani Cherini;2026;37193593,99;20394206,95
br-p-cd-152605;Glauber Braga;2019;12276890,50;2645103,29
br-p-cd-152605;Glauber Braga;2020;11876553,79;3434727,99
br-p-cd-152605;Glauber Braga;2021;13467829,80;4359581,33
br-p-cd-152605;Glauber Braga;2022;12530624,88;3100103,24
br-p-cd-152605;Glauber Braga;2023;28494200,62;14393451,82
br-p-cd-152605;Glauber Braga;2024;27859242,67;8342100,27
br-p-cd-152605;Glauber Braga;2025;30314411,94;12375856,00
br-p-cd-152605;Glauber Braga;2026;12051523,44;4407533,20
br-p-cd-107283;Gleisi Hoffmann;2019;14587939,42;5339675,32
br-p-cd-107283;Gleisi Hoffmann;2020;14696952,00;5878116,53
br-p-cd-107283;Gleisi Hoffmann;2021;15477339,00;7342684,00
br-p-cd-107283;Gleisi Hoffmann;2022;17298231,00;8988018,00
br-p-cd-107283;Gleisi Hoffmann;2023;30775137,27;19231739,27
br-p-cd-107283;Gleisi Hoffmann;2024;34504079,73;26690163,50
br-p-cd-107283;Gleisi Hoffmann;2025;36900944,05;25625576,81
br-p-cd-220664;Guilherme Uchoa;2024;36427563,00;31204612,40
br-p-cd-220664;Guilherme Uchoa;2025;42975976,91;37689605,08
br-p-cd-220664;Guilherme Uchoa;2026;35771624,00;23736948,75
br-p-cd-220568;Gustavo Gayer;2024;35970418,92;21008316,13
br-p-cd-204408;Gustinho Ribeiro;2020;15734620,00;13738120,00
br-p-cd-204408;Gustinho Ribeiro;2021;16279986,00;15052658,00
br-p-cd-204408;Gustinho Ribeiro;2022;18401118,86;13993785,96
br-p-cd-204408;Gustinho Ribeiro;2023;30994157,00;30780344,00
br-p-cd-204408;Gustinho Ribeiro;2024;37750473,17;35475956,75
br-p-cd-204408;Gustinho Ribeiro;2025;41255984,07;39089605,08
br-p-cd-204408;Gustinho Ribeiro;2026;36370218,00;21078706,77
br-p-cd-204456;Gutemberg Reis;2020;15936954,00;15936954,00
br-p-cd-204456;Gutemberg Reis;2021;16279986,00;16279986,00
br-p-cd-204456;Gutemberg Reis;2022;18101472,97;14101472,97
br-p-cd-204456;Gutemberg Reis;2023;32103397,00;31703397,00
br-p-cd-204456;Gutemberg Reis;2024;37871585,00;35947985,00
br-p-cd-204456;Gutemberg Reis;2025;37745965,06;31572223,47
br-p-cd-204456;Gutemberg Reis;2026;37087156,98;26775144,62
br-p-cd-178964;Heitor Schuch;2019;14418029,74;6050995,00
br-p-cd-178964;Heitor Schuch;2020;15660588,00;10659075,60
br-p-cd-178964;Heitor Schuch;2021;16279778,00;6185484,00
br-p-cd-178964;Heitor Schuch;2022;18399723,98;10971055,00
br-p-cd-178964;Heitor Schuch;2023;31765907,00;21032665,70
br-p-cd-178964;Heitor Schuch;2024;37778695,07;29945522,54
br-p-cd-178964;Heitor Schuch;2025;44014958,91;29908181,99
br-p-cd-178964;Heitor Schuch;2026;36176390,97;24216128,65
br-p-cd-220537;Helena Lima;2024;37834565,00;9930138,66
br-p-cd-220537;Helena Lima;2025;46790933,17;20435992,79
br-p-cd-220537;Helena Lima;2026;39391419,64;12642803,80
br-p-cd-204444;Helio Lopes;2020;15527817,18;2918127,04
br-p-cd-204444;Helio Lopes;2021;15535380,89;4426334,86
br-p-cd-204444;Helio Lopes;2022;15403089,15;5868158,45
br-p-cd-204444;Helio Lopes;2023;27665601,17;18637047,14
br-p-cd-204444;Helio Lopes;2024;36276068,96;17576691,36
br-p-cd-204444;Helio Lopes;2025;38168176,55;25407295,66
br-p-cd-204444;Helio Lopes;2026;24178770,99;9376713,99
br-p-cd-204539;Hercílio Coelho Diniz;2020;15917651,08;10244898,69
br-p-cd-204539;Hercílio Coelho Diniz;2021;15478941,00;12108259,00
br-p-cd-204539;Hercílio Coelho Diniz;2022;18398643,00;8180328,00
br-p-cd-204539;Hercílio Coelho Diniz;2023;31593023,00;26587611,00
br-p-cd-204539;Hercílio Coelho Diniz;2024;37842554,00;10208779,00
br-p-cd-204539;Hercílio Coelho Diniz;2025;39625984,08;35193605,08
br-p-cd-204539;Hercílio Coelho Diniz;2026;35672876,99;25761981,52
br-p-cd-220563;Icaro de Valmir;2024;37867063,00;32469027,42
br-p-cd-220563;Icaro de Valmir;2025;45170617,00;37122011,00
br-p-cd-220563;Icaro de Valmir;2026;35143350,00;23247520,77
br-p-cd-204533;Idilvan Alencar;2020;15555507,14;11253920,14
br-p-cd-204533;Idilvan Alencar;2021;16005288,41;12546903,00
br-p-cd-204533;Idilvan Alencar;2022;18170980,30;14665756,35
br-p-cd-204533;Idilvan Alencar;2023;31591946,00;31016128,00
br-p-cd-204533;Idilvan Alencar;2024;37871585,00;37871585,00
br-p-cd-204533;Idilvan Alencar;2025;42075984,10;33635645,10
br-p-cd-98615;Ismael;2024;36199577,88;33500727,00
br-p-cd-98615;Ismael;2025;38075216,00;34073761,00
br-p-cd-98615;Ismael;2026;36759501,54;18645569,61
br-p-cd-220696;Ivoneide Caetano;2024;35870445,49;35071584,00
br-p-cd-220696;Ivoneide Caetano;2025;46030982,08;33370857,77
br-p-cd-220696;Ivoneide Caetano;2026;38863230,59;32287106,91
br-p-cd-220670;Iza Arruda;2024;37870814,36;30439062,15
br-p-cd-220670;Iza Arruda;2025;42990068,25;34798258,28
br-p-cd-220670;Iza Arruda;2026;38883332,51;34080997,28
br-p-cd-220527;Jack Rocha;2024;36187273,51;18034717,77
br-p-cd-220527;Jack Rocha;2025;31316944,68;12138992,00
br-p-cd-220527;Jack Rocha;2026;29629583,20;19216903,12
br-p-cd-220697;Jadyel Alencar;2024;37871585,00;32970185,00
br-p-cd-220697;Jadyel Alencar;2025;52875816,91;32989605,08
br-p-cd-220697;Jadyel Alencar;2026;38886097,99;34782736,32
br-p-cd-74848;Jandira Feghali;2019;15418343,41;6350045,10
br-p-cd-74848;Jandira Feghali;2020;15836782,00;10064601,74
br-p-cd-74848;Jandira Feghali;2021;15968753,21;6856986,00
br-p-cd-74848;Jandira Feghali;2022;17882491,66;9923398,00
br-p-cd-74848;Jandira Feghali;2023;32102797,74;20214569,93
br-p-cd-74848;Jandira Feghali;2024;37508275,82;9041998,20
br-p-cd-74848;Jandira Feghali;2025;37475218,06;11797077,40
br-p-cd-74848;Jandira Feghali;2026;19307981,32;11580800,58
br-p-cd-220567;Jeferson Rodrigues;2024;37860164,00;35464030,00
br-p-cd-220567;Jeferson Rodrigues;2025;44800894,60;40217578,23
br-p-cd-220567;Jeferson Rodrigues;2026;34405212,68;16688015,27
br-p-cd-74273;Jefferson Campos;2019;13558335,00;6985465,00
br-p-cd-74273;Jefferson Campos;2020;15940454,00;8187814,00
br-p-cd-74273;Jefferson Campos;2021;16278732,00;13504309,00
br-p-cd-74273;Jefferson Campos;2022;18401064,00;13135237,00
br-p-cd-74273;Jefferson Campos;2023;32103317,00;29892649,00
br-p-cd-74273;Jefferson Campos;2024;37825585,00;36125585,00
br-p-cd-74273;Jefferson Campos;2025;42175949,92;37035605,08
br-p-cd-74273;Jefferson Campos;2026;39223298,93;14398157,05
br-p-cd-141458;João Carlos Bacelar;2019;15420763,54;7997082,10
br-p-cd-141458;João Carlos Bacelar;2020;15940454,00;15940454,00
br-p-cd-141458;João Carlos Bacelar;2021;16279986,00;15790031,00
br-p-cd-141458;João Carlos Bacelar;2022;18401473,00;13312813,00
br-p-cd-141458;João Carlos Bacelar;2023;32103400,00;32103400,00
br-p-cd-141458;João Carlos Bacelar;2024;37871585,00;35871585,00
br-p-cd-141458;João Carlos Bacelar;2025;43773976,08;38167598,08
br-p-cd-141458;João Carlos Bacelar;2026;39962079,39;31623848,21
br-p-cd-230957;João Cury;2026;36237728,60;20364560,90
br-p-cd-178910;Joaquim Passarinho;2019;14793615,36;9369215,00
br-p-cd-178910;Joaquim Passarinho;2020;15899941,11;13340433,00
br-p-cd-178910;Joaquim Passarinho;2021;16259702,66;14260408,00
br-p-cd-178910;Joaquim Passarinho;2022;18401107,00;13358607,00
br-p-cd-178910;Joaquim Passarinho;2023;32103134,00;31414445,00
br-p-cd-178910;Joaquim Passarinho;2024;37861623,95;34258438,25
br-p-cd-178910;Joaquim Passarinho;2025;43376494,00;35712449,00
br-p-cd-178910;Joaquim Passarinho;2026;35633754,00;20537316,24
br-p-cd-160548;Jonas Donizette;2024;37870651,00;33870651,00
br-p-cd-160548;Jonas Donizette;2025;43480955,08;37530876,08
br-p-cd-160548;Jonas Donizette;2026;38144922,00;32525974,30
br-p-cd-205550;Jorge Braz;2020;15925868,64;11510026,25
br-p-cd-205550;Jorge Braz;2021;15689021,90;6489027,40
br-p-cd-205550;Jorge Braz;2022;18407431,47;13769244,26
br-p-cd-205550;Jorge Braz;2023;30002732,26;20807821,70
br-p-cd-205550;Jorge Braz;2024;37884296,48;20200155,20
br-p-cd-205550;Jorge Braz;2025;38395889,72;20781582,74
br-p-cd-205550;Jorge Braz;2026;31757034,72;21885035,06
br-p-cd-214694;Jorge Goetten;2024;37871585,00;37648288,30
br-p-cd-214694;Jorge Goetten;2025;38630036,15;36668126,15
br-p-cd-214694;Jorge Goetten;2026;30690238,57;16504888,57
br-p-cd-178857;Jorge Solla;2019;14332309,11;5518029,45
br-p-cd-178857;Jorge Solla;2020;15835646,16;10467268,09
br-p-cd-178857;Jorge Solla;2021;16079943,00;15261405,00
br-p-cd-178857;Jorge Solla;2022;18221345,89;12615575,00
br-p-cd-178857;Jorge Solla;2023;32076378,48;30896176,00
br-p-cd-178857;Jorge Solla;2024;37870835,84;34481535,00
br-p-cd-178857;Jorge Solla;2025;43024633,68;34322376,40
br-p-cd-178857;Jorge Solla;2026;35053145,52;28599793,51
br-p-cd-74140;José Carlos Araujo;2019;11881290,00;7171290,00
br-p-cd-204391;José Nelto;2020;15722949,24;7376325,15
br-p-cd-204391;José Nelto;2021;16279986,00;16030478,00
br-p-cd-204391;José Nelto;2022;18401473,00;13741632,00
br-p-cd-204391;José Nelto;2023;32103401,00;32103401,00
br-p-cd-204391;José Nelto;2024;37871585,00;37336653,00
br-p-cd-204391;José Nelto;2025;44789927,96;40086115,15
br-p-cd-204391;José Nelto;2026;37918633,22;31480378,15
br-p-cd-74079;José Priante;2019;15406771,57;6545156,60
br-p-cd-74079;José Priante;2020;15939563,50;14587540,50
br-p-cd-74079;José Priante;2021;16275144,00;10397730,00
br-p-cd-74079;José Priante;2022;18399102,00;11738529,00
br-p-cd-74079;José Priante;2023;32103399,00;32103399,00
br-p-cd-74079;José Priante;2024;37871584,00;36171584,00
br-p-cd-74079;José Priante;2025;41775984,08;38089605,08
br-p-cd-74079;José Priante;2026;36753289,42;29969044,45
br-p-cd-209189;Joseildo Ramos;2021;16279961,60;16079986,00
br-p-cd-209189;Joseildo Ramos;2022;18401470,20;13299994,07
br-p-cd-209189;Joseildo Ramos;2023;32103050,67;31643597,32
br-p-cd-209189;Joseildo Ramos;2024;37871585,00;36002311,98
br-p-cd-209189;Joseildo Ramos;2025;45871527,08;37289080,88
br-p-cd-209189;Joseildo Ramos;2026;39873938,25;35553624,87
br-p-cd-204563;Josimar Maranhãozinho;2020;15940454,00;15940454,00
br-p-cd-204563;Josimar Maranhãozinho;2021;16279986,00;16279986,00
br-p-cd-204563;Josimar Maranhãozinho;2022;18401473,00;13491632,00
br-p-cd-204563;Josimar Maranhãozinho;2023;32103399,00;32103399,00
br-p-cd-204563;Josimar Maranhãozinho;2025;43775983,96;38640985,00
br-p-cd-204563;Josimar Maranhãozinho;2026;38217007,00;14747619,66
br-p-cd-215043;Josivaldo JP;2021;16279567,00;13959927,00
br-p-cd-215043;Josivaldo JP;2022;18397567,23;13523149,50
br-p-cd-215043;Josivaldo JP;2023;32102695,00;31362493,00
br-p-cd-215043;Josivaldo JP;2025;44153350,36;35747600,00
br-p-cd-215043;Josivaldo JP;2026;39806997,00;31385284,18
br-p-cd-74253;Julio Lopes;2019;14408057,37;8200000,00
br-p-cd-74253;Julio Lopes;2024;37871496,00;26801939,00
br-p-cd-74253;Julio Lopes;2025;39275983,08;37089604,08
br-p-cd-74253;Julio Lopes;2026;39933742,99;36312390,60
br-p-cd-204457;Juninho do Pneu;2020;15928595,26;12590454,00
br-p-cd-204457;Juninho do Pneu;2021;16279986,00;13268045,00
br-p-cd-204457;Juninho do Pneu;2022;18400996,93;14531006,09
br-p-cd-204457;Juninho do Pneu;2023;32103396,00;31998396,00
br-p-cd-204457;Juninho do Pneu;2024;37671585,00;20967083,34
br-p-cd-204457;Juninho do Pneu;2025;42913978,00;20997145,00
br-p-cd-204457;Juninho do Pneu;2026;40197312,88;32313780,64
br-p-cd-204520;Junio Amaral;2022;17810724,12;11205635,00
br-p-cd-204520;Junio Amaral;2023;32098840,26;24303126,28
br-p-cd-204520;Junio Amaral;2024;37851495,00;25604568,00
br-p-cd-204520;Junio Amaral;2025;40655865,45;33308353,96
br-p-cd-204520;Junio Amaral;2026;35013772,50;22394433,92
br-p-cd-204574;Junior Lourenço;2020;15940454,00;15940454,00
br-p-cd-204574;Junior Lourenço;2021;16279986,00;9587029,00
br-p-cd-204574;Junior Lourenço;2022;18401452,43;13542795,42
br-p-cd-204574;Junior Lourenço;2023;32103399,00;32025640,53
br-p-cd-204574;Junior Lourenço;2024;37871485,00;37047673,00
br-p-cd-204574;Junior Lourenço;2025;42853926,08;38599605,08
br-p-cd-204574;Junior Lourenço;2026;39733700,29;31515158,45
br-p-cd-178886;Juscelino Filho;2019;15414671,49;6857090,00
br-p-cd-178886;Juscelino Filho;2020;15891744,00;13621454,00
br-p-cd-178886;Juscelino Filho;2021;16277521,00;8807525,00
br-p-cd-178886;Juscelino Filho;2022;18401473,00;14252390,50
br-p-cd-178886;Juscelino Filho;2023;31744160,00;29728082,38
br-p-cd-178886;Juscelino Filho;2026;37321740,00;30819294,20
br-p-cd-220677;Keniston Braga;2024;37871585,00;34476676,74
br-p-cd-220677;Keniston Braga;2025;42447545,17;32396045,85
br-p-cd-220677;Keniston Braga;2026;39385788,05;32233996,29
br-p-cd-178832;Leandre;2019;15385659,09;8004509,17
br-p-cd-178832;Leandre;2020;15935381,49;11321305,48
br-p-cd-178832;Leandre;2021;15822576,49;10122428,97
br-p-cd-178832;Leandre;2022;18388343,38;10089460,53
br-p-cd-178832;Leandre;2023;32048136,12;26885757,00
br-p-cd-178832;Leandre;2024;37864796,78;32539178,67
br-p-cd-178832;Leandre;2025;39478222,17;31145521,83
br-p-cd-178832;Leandre;2026;31592362,00;21542666,63
br-p-cd-220566;Lêda Borges;2024;37855333,00;32072453,00
br-p-cd-220566;Lêda Borges;2025;38899471,08;34343707,08
br-p-cd-220566;Lêda Borges;2026;29014915,00;17751966,26
br-p-cd-74585;Lincoln Portela;2019;13379083,52;7258732,00
br-p-cd-74585;Lincoln Portela;2020;15387427,07;10849248,00
br-p-cd-74585;Lincoln Portela;2021;16278824,33;14479889,00
br-p-cd-74585;Lincoln Portela;2022;18318798,00;13080709,71
br-p-cd-74585;Lincoln Portela;2023;31899710,00;30724656,27
br-p-cd-74585;Lincoln Portela;2024;36519585,00;25971585,00
br-p-cd-74585;Lincoln Portela;2025;39835732,40;36370485,00
br-p-cd-74585;Lincoln Portela;2026;35113193,89;23277891,23
br-p-cd-220581;Luciano Amaral;2024;37871585,00;37871585,00
br-p-cd-220581;Luciano Amaral;2025;55056240,36;46780899,00
br-p-cd-220581;Luciano Amaral;2026;40172007,00;39928530,93
br-p-cd-74478;Luciano Bivar;2020;15312646,24;8163796,50
br-p-cd-74478;Luciano Bivar;2021;16264409,96;13499802,92
br-p-cd-74478;Luciano Bivar;2022;18400514,71;12531501,28
br-p-cd-74478;Luciano Bivar;2023;32094593,40;25328782,30
br-p-cd-74478;Luciano Bivar;2024;37871025,11;35106335,63
br-p-cd-74478;Luciano Bivar;2025;45371305,78;36376712,28
br-p-cd-74478;Luciano Bivar;2026;35977993,11;29366457,25
br-p-cd-160510;Luis Tibé;2019;15261616,90;8830629,56
br-p-cd-160510;Luis Tibé;2020;15428573,46;11408606,08
br-p-cd-160510;Luis Tibé;2021;15798130,33;13880485,00
br-p-cd-160510;Luis Tibé;2022;18400702,00;14635861,00
br-p-cd-160510;Luis Tibé;2023;31757376,00;30988143,00
br-p-cd-160510;Luis Tibé;2024;37871585,00;37771586,00
br-p-cd-160510;Luis Tibé;2025;39748266,08;36863384,08
br-p-cd-160510;Luis Tibé;2026;39944986,80;31389919,15
br-p-cd-204410;Luisa Canziani;2020;15936253,46;9453014,85
br-p-cd-204410;Luisa Canziani;2021;16205281,56;13729329,00
br-p-cd-204410;Luisa Canziani;2022;17848926,61;12151968,00
br-p-cd-204410;Luisa Canziani;2023;32103359,00;28824329,86
br-p-cd-204410;Luisa Canziani;2024;37864712,43;35921585,00
br-p-cd-204410;Luisa Canziani;2025;41546845,07;37843476,07
br-p-cd-204410;Luisa Canziani;2026;38633323,00;28902043,84
br-p-cd-141487;Luiz Fernando Faria;2019;15103148,09;1164762,11
br-p-cd-141487;Luiz Fernando Faria;2024;35115905,00;33441737,00
br-p-cd-141487;Luiz Fernando Faria;2025;42244403,60;35618566,83
br-p-cd-141487;Luiz Fernando Faria;2026;37963136,99;21511750,23
br-p-cd-162332;Luiz Nishimori;2019;15404718,00;5694180,00
br-p-cd-162332;Luiz Nishimori;2020;15669676,73;9159729,83
br-p-cd-162332;Luiz Nishimori;2021;16279880,00;13458418,00
br-p-cd-162332;Luiz Nishimori;2022;18398977,00;11848564,00
br-p-cd-162332;Luiz Nishimori;2023;31526283,43;29354238,00
br-p-cd-162332;Luiz Nishimori;2024;37871307,02;35107924,78
br-p-cd-162332;Luiz Nishimori;2025;40172580,30;33546986,00
br-p-cd-162332;Luiz Nishimori;2026;35973147,00;26086000,59
br-p-cd-204526;Luiz Philippe de Orleans e Bragança;2020;15894925,88;8281969,57
br-p-cd-204526;Luiz Philippe de Orleans e Bragança;2021;16160285,86;8888723,08
br-p-cd-204526;Luiz Philippe de Orleans e Bragança;2022;18391132,37;13289704,91
br-p-cd-204526;Luiz Philippe de Orleans e Bragança;2023;31001809,40;22058792,74
br-p-cd-204526;Luiz Philippe de Orleans e Bragança;2024;30137493,84;13253852,33
br-p-cd-204526;Luiz Philippe de Orleans e Bragança;2025;37572583,42;16296776,00
br-p-cd-204526;Luiz Philippe de Orleans e Bragança;2026;28091468,55;7591492,14
br-p-cd-74784;Luiza Erundina;2019;12710971,78;5236098,71
br-p-cd-74784;Luiza Erundina;2020;15284463,37;6413274,40
br-p-cd-74784;Luiza Erundina;2021;16021458,65;7061129,35
br-p-cd-74784;Luiza Erundina;2022;17871983,00;10762634,38
br-p-cd-74784;Luiza Erundina;2023;29409502,99;11455915,45
br-p-cd-74784;Luiza Erundina;2024;35349584,28;20419580,00
br-p-cd-74784;Luiza Erundina;2025;35600895,90;13104918,00
br-p-cd-74784;Luiza Erundina;2026;25942491,95;7399450,81
br-p-cd-178866;Luizianne Lins;2019;14851006,94;14006590,22
br-p-cd-178866;Luizianne Lins;2020;15939724,75;13050085,96
br-p-cd-178866;Luizianne Lins;2022;18401359,72;11450171,21
br-p-cd-178866;Luizianne Lins;2023;31930823,91;26603539,08
br-p-cd-178866;Luizianne Lins;2024;37690423,71;27612916,99
br-p-cd-178866;Luizianne Lins;2025;37266128,82;22609992,00
br-p-cd-178866;Luizianne Lins;2026;31337325,86;26079363,20
br-p-cd-166402;Magda Mofatto;2019;15017707,00;5730337,00
br-p-cd-166402;Magda Mofatto;2020;15762096,16;8596926,16
br-p-cd-166402;Magda Mofatto;2021;16051423,86;11109460,80
br-p-cd-166402;Magda Mofatto;2022;18400773,00;11413367,00
br-p-cd-166402;Magda Mofatto;2023;32084274,00;30767538,00
br-p-cd-166402;Magda Mofatto;2024;37658439,00;36768681,00
br-p-cd-166402;Magda Mofatto;2025;46191016,39;41806472,39
br-p-cd-166402;Magda Mofatto;2026;23405455,57;11912587,96
br-p-cd-133810;Marcelo Moraes;2020;15940454,00;8127627,96
br-p-cd-133810;Marcelo Moraes;2021;16273385,54;13586083,00
br-p-cd-133810;Marcelo Moraes;2022;18382858,00;13693358,00
br-p-cd-133810;Marcelo Moraes;2023;32103218,00;31850859,00
br-p-cd-133810;Marcelo Moraes;2024;37794306,00;37487414,00
br-p-cd-133810;Marcelo Moraes;2025;37679122,23;36159160,00
br-p-cd-133810;Marcelo Moraes;2026;30062500,00;18716006,33
br-p-cd-204558;Marcelo Nilo;2020;15940454,00;12841854,00
br-p-cd-204558;Marcelo Nilo;2021;16279986,00;14176996,15
br-p-cd-204558;Marcelo Nilo;2022;18401473,00;12774632,00
br-p-cd-204558;Marcelo Nilo;2023;32103400,00;32103400,00
br-p-cd-179001;Márcio Biolchi;2019;15400714,00;7440327,00
br-p-cd-179001;Márcio Biolchi;2020;15930324,00;6834540,20
br-p-cd-179001;Márcio Biolchi;2021;16279275,97;7782796,82
br-p-cd-179001;Márcio Biolchi;2022;18399506,00;9774970,32
br-p-cd-179001;Márcio Biolchi;2023;32103187,42;25783435,78
br-p-cd-179001;Márcio Biolchi;2024;37483880,00;30462740,00
br-p-cd-179001;Márcio Biolchi;2025;43477984,48;35544985,00
br-p-cd-179001;Márcio Biolchi;2026;37714471,00;23270158,70
br-p-cd-220687;Márcio Honaiser;2024;37871585,00;35326271,77
br-p-cd-220687;Márcio Honaiser;2025;47270325,06;39142145,43
br-p-cd-220687;Márcio Honaiser;2026;36971523,24;27493728,23
br-p-cd-81055;Márcio Jerry;2020;15937537,20;8768563,39
br-p-cd-81055;Márcio Jerry;2022;18398757,41;13301473,00
br-p-cd-81055;Márcio Jerry;2023;32102926,98;28815552,61
br-p-cd-81055;Márcio Jerry;2024;37868630,00;36335876,68
br-p-cd-81055;Márcio Jerry;2025;41927530,42;32989303,33
br-p-cd-81055;Márcio Jerry;2026;37029207,79;30126660,13
br-p-cd-160535;Marcon;2019;15212018,92;7082926,00
br-p-cd-160535;Marcon;2020;15773284,46;8848165,81
br-p-cd-160535;Marcon;2021;16279307,00;12003486,00
br-p-cd-160535;Marcon;2022;18401196,38;13709237,00
br-p-cd-160535;Marcon;2023;32103398,00;30933176,00
br-p-cd-160535;Marcon;2024;37846098,70;35552790,00
br-p-cd-160535;Marcon;2025;41472817,41;33822050,00
br-p-cd-160535;Marcon;2026;35604580,14;29451424,47
br-p-cd-204431;Marcos Aurélio Sampaio;2020;15916734,51;8665311,00
br-p-cd-204431;Marcos Aurélio Sampaio;2021;16279986,00;16212486,00
br-p-cd-204431;Marcos Aurélio Sampaio;2022;18401424,00;13991583,00
br-p-cd-204431;Marcos Aurélio Sampaio;2023;32103063,00;23957000,00
br-p-cd-204431;Marcos Aurélio Sampaio;2024;37871585,00;37871585,00
br-p-cd-204431;Marcos Aurélio Sampaio;2025;45025850,32;37691472,32
br-p-cd-204431;Marcos Aurélio Sampaio;2026;39952377,00;32627705,33
br-p-cd-220655;Mario Frias;2024;37910406,38;22234327,00
br-p-cd-220655;Mario Frias;2025;40020472,89;28717570,95
br-p-cd-220655;Mario Frias;2026;33084216,80;3500000,00
br-p-cd-178843;Marx Beltrão;2019;15161392,00;13226392,00
br-p-cd-178843;Marx Beltrão;2020;15478429,00;15189069,00
br-p-cd-178843;Marx Beltrão;2021;16279986,00;16279986,00
br-p-cd-178843;Marx Beltrão;2022;18401474,00;13991791,50
br-p-cd-178843;Marx Beltrão;2023;32103401,00;32103401,00
br-p-cd-178843;Marx Beltrão;2024;37871585,00;37265358,00
br-p-cd-178843;Marx Beltrão;2025;48351970,00;41689985,00
br-p-cd-178843;Marx Beltrão;2026;34402007,00;30941150,59
br-p-cd-220661;Matheus Noronha;2024;37871573,51;37846284,46
br-p-cd-220661;Matheus Noronha;2025;38275984,07;38089605,08
br-p-cd-220661;Matheus Noronha;2026;38161373,00;32061810,54
br-p-cd-220550;Mauricio Marcon;2024;37871585,00;36488397,00
br-p-cd-220550;Mauricio Marcon;2025;39357372,35;36326311,35
br-p-cd-220550;Mauricio Marcon;2026;36676687,54;17770844,99
br-p-cd-220647;Mauricio Neves;2024;37871585,00;37871585,00
br-p-cd-220647;Mauricio Neves;2025;44525984,08;37821105,08
br-p-cd-220647;Mauricio Neves;2026;38350007,00;26616615,13
br-p-cd-220591;Meire Serafim;2024;37871557,00;36443065,00
br-p-cd-220591;Meire Serafim;2025;37274919,00;13901461,43
br-p-cd-220591;Meire Serafim;2026;39058787,00;22495693,84
br-p-cd-220530;Messias Donato;2024;37871218,00;35871377,00
br-p-cd-220530;Messias Donato;2025;39247622,99;29777090,77
br-p-cd-220530;Messias Donato;2026;37502633,45;15510878,45
br-p-cd-178985;Miguel Lombardi;2019;15360012,71;9578885,00
br-p-cd-178985;Miguel Lombardi;2020;15911691,00;8540000,00
br-p-cd-178985;Miguel Lombardi;2021;16277596,00;12877075,00
br-p-cd-178985;Miguel Lombardi;2022;18401106,00;15364835,00
br-p-cd-178985;Miguel Lombardi;2023;31998031,70;31398008,05
br-p-cd-178985;Miguel Lombardi;2024;37869774,00;36169774,00
br-p-cd-178985;Miguel Lombardi;2025;39870000,00;36335350,00
br-p-cd-178985;Miguel Lombardi;2026;39429144,80;19344956,80
br-p-cd-154178;Milton Vieira;2020;15940454,00;15940454,00
br-p-cd-154178;Milton Vieira;2021;15440754,10;15377604,84
br-p-cd-154178;Milton Vieira;2022;18405030,15;14120189,15
br-p-cd-154178;Milton Vieira;2023;31903395,00;29639923,50
br-p-cd-178895;Misael Varella;2019;15420774,00;15200000,00
br-p-cd-178895;Misael Varella;2020;15939631,97;13414917,00
br-p-cd-178895;Misael Varella;2021;16279986,00;15979986,00
br-p-cd-178895;Misael Varella;2022;18401471,00;10598446,50
br-p-cd-178895;Misael Varella;2023;32103032,28;28566347,84
br-p-cd-178895;Misael Varella;2024;37675163,69;33956275,19
br-p-cd-178895;Misael Varella;2025;57775984,15;37113225,15
br-p-cd-178895;Misael Varella;2026;38292082,99;18640716,19
br-p-cd-160561;Missionário José Olimpio;2019;14615083,00;7004696,00
br-p-cd-178997;Moses Rodrigues;2019;15247600,54;8649774,00
br-p-cd-178997;Moses Rodrigues;2020;15749499,00;12653029,00
br-p-cd-178997;Moses Rodrigues;2021;15755676,11;8363475,69
br-p-cd-178997;Moses Rodrigues;2022;18301225,71;14849903,10
br-p-cd-178997;Moses Rodrigues;2024;37862016,60;37721585,00
br-p-cd-178997;Moses Rodrigues;2025;43327155,00;37163995,00
br-p-cd-178997;Moses Rodrigues;2026;33676754,00;31289556,52
br-p-cd-220617;Murillo Gouvea;2024;37871585,00;22787836,71
br-p-cd-220617;Murillo Gouvea;2025;43975308,00;22175634,00
br-p-cd-220617;Murillo Gouvea;2026;34130006,00;34130006,00
br-p-cd-204453;Natália Bonavides;2020;15323371,44;4449520,21
br-p-cd-204453;Natália Bonavides;2021;13915899,58;2705253,17
br-p-cd-204453;Natália Bonavides;2022;17784052,80;7949718,00
br-p-cd-204453;Natália Bonavides;2023;31023988,02;23086488,38
br-p-cd-204453;Natália Bonavides;2024;37164976,65;18861267,86
br-p-cd-204453;Natália Bonavides;2025;35922807,04;15644915,83
br-p-cd-204453;Natália Bonavides;2026;18794011,97;11959405,15
br-p-cd-204449;Nelson Barbudo;2020;15940416,79;10026983,00
br-p-cd-204449;Nelson Barbudo;2021;16279986,00;11569044,68
br-p-cd-204449;Nelson Barbudo;2022;18401473,00;16500002,00
br-p-cd-204449;Nelson Barbudo;2023;32103395,00;21534444,00
br-p-cd-204449;Nelson Barbudo;2025;38267972,80;23785995,00
br-p-cd-204449;Nelson Barbudo;2026;31764146,00;17888404,39
br-p-cd-220622;Nely Aquino;2024;37871585,00;36608702,00
br-p-cd-220622;Nely Aquino;2025;45362903,16;37983308,01
br-p-cd-220622;Nely Aquino;2026;38316670,37;29933083,15
br-p-cd-194260;Nivaldo Albuquerque;2019;13989333,00;9489333,00
br-p-cd-194260;Nivaldo Albuquerque;2020;15940295,73;13370058,86
br-p-cd-194260;Nivaldo Albuquerque;2021;16279986,00;15354951,00
br-p-cd-194260;Nivaldo Albuquerque;2022;18297004,89;13782983,61
br-p-cd-194260;Nivaldo Albuquerque;2023;25155894,00;23260697,00
br-p-cd-204498;Olival Marques;2020;15937574,21;15540454,00
br-p-cd-204498;Olival Marques;2021;16279986,00;13644986,00
br-p-cd-204498;Olival Marques;2022;18401472,00;15901472,00
br-p-cd-204498;Olival Marques;2023;32103400,00;32103400,00
br-p-cd-204498;Olival Marques;2024;37871585,00;37871585,00
br-p-cd-204498;Olival Marques;2025;43675985,00;37090985,00
br-p-cd-204498;Olival Marques;2026;36050000,00;28258765,82
br-p-cd-73692;Osmar Terra;2019;15419339,57;7585164,50
br-p-cd-73692;Osmar Terra;2021;16279373,00;8017286,00
br-p-cd-73692;Osmar Terra;2022;18217330,57;10028667,62
br-p-cd-73692;Osmar Terra;2023;32103164,52;31865944,20
br-p-cd-73692;Osmar Terra;2024;37871324,00;36489986,42
br-p-cd-73692;Osmar Terra;2025;44127948,00;34478037,82
br-p-cd-73692;Osmar Terra;2026;39731433,04;23812876,07
br-p-cd-204441;Otoni de Paula;2020;15940454,00;13386054,00
br-p-cd-204441;Otoni de Paula;2021;16277465,00;6929045,00
br-p-cd-204441;Otoni de Paula;2022;17949409,00;10240627,00
br-p-cd-204441;Otoni de Paula;2023;31147829,29;24237535,00
br-p-cd-204441;Otoni de Paula;2024;37866874,45;17271260,99
br-p-cd-204441;Otoni de Paula;2025;43275000,00;26060000,00
br-p-cd-204441;Otoni de Paula;2026;28688496,00;19500000,00
br-p-cd-180214;Pastor Diniz;2024;37011867,02;31845792,00
br-p-cd-180214;Pastor Diniz;2025;38184305,92;32358613,66
br-p-cd-180214;Pastor Diniz;2026;34117254,61;13915352,40
br-p-cd-160642;Pastor Eurico;2019;13669202,72;4421408,00
br-p-cd-160642;Pastor Eurico;2020;15777873,56;7943334,75
br-p-cd-160642;Pastor Eurico;2021;14960602,67;6470216,97
br-p-cd-160642;Pastor Eurico;2022;18148781,27;10210179,15
br-p-cd-160642;Pastor Eurico;2023;31984700,34;31683860,24
br-p-cd-160642;Pastor Eurico;2024;37867613,47;34955258,04
br-p-cd-160642;Pastor Eurico;2025;39788885,02;34127960,09
br-p-cd-160642;Pastor Eurico;2026;38984838,00;23929056,12
br-p-cd-204570;Pastor Gil;2022;18401473,00;13501473,00
br-p-cd-204570;Pastor Gil;2023;32086784,00;32086784,00
br-p-cd-204570;Pastor Gil;2024;37871585,00;37871585,00
br-p-cd-204570;Pastor Gil;2025;45775983,08;41099605,08
br-p-cd-204570;Pastor Gil;2026;37109143,00;23764198,46
br-p-cd-220615;Pastor Henrique Vieira;2024;37121463,24;7304892,00
br-p-cd-220615;Pastor Henrique Vieira;2025;36974764,81;9845292,95
br-p-cd-220615;Pastor Henrique Vieira;2026;25837000,00;8981540,00
br-p-cd-204553;Pastor Sargento Isidório;2020;15940454,00;15840454,00
br-p-cd-204553;Pastor Sargento Isidório;2021;16279986,00;8139993,00
br-p-cd-204553;Pastor Sargento Isidório;2022;18054984,00;13645143,00
br-p-cd-204553;Pastor Sargento Isidório;2023;32103400,00;32103400,00
br-p-cd-204553;Pastor Sargento Isidório;2024;37871585,00;37871585,00
br-p-cd-204553;Pastor Sargento Isidório;2025;55363976,06;36743105,08
br-p-cd-204553;Pastor Sargento Isidório;2026;38758376,99;17112918,84
br-p-cd-141518;Paulinho da Força;2023;32103396,00;32103396,00
br-p-cd-141518;Paulinho da Força;2024;37871585,00;37871585,00
br-p-cd-141518;Paulinho da Força;2025;40375985,00;35990985,00
br-p-cd-141518;Paulinho da Força;2026;30200969,00;15375673,77
br-p-cd-160517;Paulo Folletto;2024;37271327,00;35319209,00
br-p-cd-160517;Paulo Folletto;2025;41475984,15;36466225,15
br-p-cd-160517;Paulo Folletto;2026;37459769,96;33399879,82
br-p-cd-160558;Paulo Freire Costa;2020;15638475,90;9822131,08
br-p-cd-160558;Paulo Freire Costa;2021;16071573,52;8661580,00
br-p-cd-160558;Paulo Freire Costa;2022;18005605,00;12220195,00
br-p-cd-160558;Paulo Freire Costa;2023;31371241,65;25505789,00
br-p-cd-160558;Paulo Freire Costa;2024;36698485,08;29134670,00
br-p-cd-160558;Paulo Freire Costa;2025;37442274,00;28583527,00
br-p-cd-160558;Paulo Freire Costa;2026;31421394,81;18796629,23
br-p-cd-233592;Paulo Lemos;2026;39663391,68;29365739,80
br-p-cd-74400;Paulo Pimenta;2019;15150967,09;7652242,00
br-p-cd-74400;Paulo Pimenta;2020;15826830,00;7965309,00
br-p-cd-74400;Paulo Pimenta;2021;15957105,00;11823130,00
br-p-cd-74400;Paulo Pimenta;2022;18401339,52;12127920,42
br-p-cd-74400;Paulo Pimenta;2023;31607833,43;28330886,82
br-p-cd-74400;Paulo Pimenta;2026;31423141,34;24840961,75
br-p-cd-220630;Pedro Aihara;2024;36528647,75;24874207,68
br-p-cd-220630;Pedro Aihara;2025;39011027,20;32925576,00
br-p-cd-220630;Pedro Aihara;2026;34175002,78;25918540,67
br-p-cd-220667;Pedro Campos;2024;37853004,64;30996025,61
br-p-cd-220667;Pedro Campos;2025;42301619,34;31437237,40
br-p-cd-220667;Pedro Campos;2026;34876147,16;21007861,41
br-p-cd-122974;Pedro Lucas Fernandes;2020;15385493,00;10067806,90
br-p-cd-122974;Pedro Lucas Fernandes;2021;16279307,00;14674207,00
br-p-cd-122974;Pedro Lucas Fernandes;2022;18401473,00;13129331,91
br-p-cd-122974;Pedro Lucas Fernandes;2023;32103400,00;32103400,00
br-p-cd-122974;Pedro Lucas Fernandes;2024;37870747,00;35715873,90
br-p-cd-122974;Pedro Lucas Fernandes;2025;39751009,55;36569708,94
br-p-cd-122974;Pedro Lucas Fernandes;2026;39180959,00;33879865,98
br-p-cd-160604;Pedro Uczai;2019;15280755,32;7692411,00
br-p-cd-160604;Pedro Uczai;2020;15504966,80;10901903,27
br-p-cd-160604;Pedro Uczai;2021;16271894,19;12623465,94
br-p-cd-160604;Pedro Uczai;2022;17860026,44;13078975,50
br-p-cd-160604;Pedro Uczai;2023;32103196,45;30216976,45
br-p-cd-160604;Pedro Uczai;2024;37629395,59;28981556,61
br-p-cd-160604;Pedro Uczai;2025;37275771,74;18445134,09
br-p-cd-160604;Pedro Uczai;2026;32592483,10;25528904,15
br-p-cd-204406;Pedro Westphalen;2020;15940363,42;7385706,49
br-p-cd-204406;Pedro Westphalen;2021;16027577,92;4268482,00
br-p-cd-204406;Pedro Westphalen;2022;17889159,00;13168405,00
br-p-cd-204406;Pedro Westphalen;2023;32095017,00;23914433,00
br-p-cd-204406;Pedro Westphalen;2024;37871415,96;36771754,11
br-p-cd-204406;Pedro Westphalen;2025;40884404,98;37219923,00
br-p-cd-204406;Pedro Westphalen;2026;37752685,20;22449042,20
br-p-cd-161440;Pezenti;2024;37871585,00;37041324,00
br-p-cd-161440;Pezenti;2025;38625984,08;36892605,08
br-p-cd-161440;Pezenti;2026;33172280,60;16666603,94
br-p-cd-204524;Pinheirinho;2020;15877000,67;9295442,00
br-p-cd-204524;Pinheirinho;2021;16279816,00;13966921,02
br-p-cd-204524;Pinheirinho;2022;18401473,00;13691632,00
br-p-cd-204524;Pinheirinho;2023;32103397,10;29874376,24
br-p-cd-204524;Pinheirinho;2024;37871585,00;37823763,00
br-p-cd-204524;Pinheirinho;2025;41072120,63;37595985,00
br-p-cd-204524;Pinheirinho;2026;39322653,00;27965924,20
br-p-cd-220533;Prof. Reginaldo Veras;2024;37313621,98;19144519,68
br-p-cd-220533;Prof. Reginaldo Veras;2025;36832427,30;8444656,02
br-p-cd-220533;Prof. Reginaldo Veras;2026;16694832,81;11139844,54
br-p-cd-204390;Professor Alcides;2020;15214419,00;5338355,00
br-p-cd-204390;Professor Alcides;2021;15633238,00;10748920,00
br-p-cd-204390;Professor Alcides;2022;18031319,20;10212614,00
br-p-cd-204390;Professor Alcides;2023;31673821,00;28674603,00
br-p-cd-204390;Professor Alcides;2024;37571585,00;22779050,00
br-p-cd-204390;Professor Alcides;2025;44060905,99;38383482,00
br-p-cd-204390;Professor Alcides;2026;40151377,00;28186188,11
br-p-cd-160641;Professora Marcivania;2019;13231458,00;3184287,00
br-p-cd-160641;Professora Marcivania;2020;14940003,77;7808259,70
br-p-cd-160641;Professora Marcivania;2021;15085333,58;7441071,50
br-p-cd-160641;Professora Marcivania;2022;18401298,00;9696063,00
br-p-cd-160641;Professora Marcivania;2023;31573742,00;31190137,00
br-p-cd-160641;Professora Marcivania;2026;32418192,00;26073677,78
br-p-cd-233594;Rafael Fera;2026;33982573,43;14042475,54
br-p-cd-204567;Raimundo Costa;2020;15902465,52;5867702,44
br-p-cd-204567;Raimundo Costa;2021;16276780,01;11730639,45
br-p-cd-204567;Raimundo Costa;2022;18232285,00;12579810,00
br-p-cd-204567;Raimundo Costa;2023;32100766,65;20978989,19
br-p-cd-204567;Raimundo Costa;2024;37370775,52;33972653,45
br-p-cd-204567;Raimundo Costa;2025;44475421,94;35290132,07
br-p-cd-204567;Raimundo Costa;2026;39433754,20;28332164,03
br-p-cd-74084;Raimundo Santos;2024;37871585,00;37871585,00
br-p-cd-74084;Raimundo Santos;2025;44413976,83;40089605,08
br-p-cd-74084;Raimundo Santos;2026;37864000,46;31667281,73
br-p-cd-220606;Reimont;2024;36378444,98;15364826,64
br-p-cd-220606;Reimont;2025;37146912,50;14298027,00
br-p-cd-220606;Reimont;2026;31829127,95;17552825,06
br-p-cd-175765;Ribamar Silva;2026;39847853,00;24645846,00
br-p-cd-204362;Ricardo Guidi;2020;15939801,95;6848324,58
br-p-cd-204362;Ricardo Guidi;2021;16251619,00;8125488,00
br-p-cd-204362;Ricardo Guidi;2022;18401471,00;12507675,50
br-p-cd-204362;Ricardo Guidi;2023;30726085,00;30026179,00
br-p-cd-204362;Ricardo Guidi;2024;37420226,00;31871585,00
br-p-cd-204362;Ricardo Guidi;2025;40094307,08;34820505,08
br-p-cd-204362;Ricardo Guidi;2026;38132117,00;26247342,39
br-p-cd-220633;Ricardo Salles;2024;36272119,44;9922278,00
br-p-cd-220633;Ricardo Salles;2025;38185832,00;15369827,00
br-p-cd-220633;Ricardo Salles;2026;32270461,00;13412670,00
br-p-cd-204489;Robério Monteiro;2020;15940336,00;8842436,00
br-p-cd-204489;Robério Monteiro;2021;16279986,00;12879986,00
br-p-cd-204489;Robério Monteiro;2022;18356729,00;13520965,00
br-p-cd-204489;Robério Monteiro;2023;32103306,00;31029306,00
br-p-cd-204489;Robério Monteiro;2024;37871585,00;35871585,00
br-p-cd-204489;Robério Monteiro;2025;41332720,07;38588919,08
br-p-cd-204489;Robério Monteiro;2026;39326222,97;30543602,82
br-p-cd-220693;Roberta Roma;2024;37871574,25;32066859,46
br-p-cd-220693;Roberta Roma;2025;46790792,97;31770047,51
br-p-cd-220693;Roberta Roma;2026;34002542,00;15539188,29
br-p-cd-220613;Roberto Monteiro Pai;2024;37519380,89;9378989,54
br-p-cd-220613;Roberto Monteiro Pai;2025;40692141,34;13102985,00
br-p-cd-220613;Roberto Monteiro Pai;2026;33946543,56;15603267,24
br-p-cd-220641;Rodrigo Gambale;2024;37869543,00;33269543,00
br-p-cd-220641;Rodrigo Gambale;2025;45125950,00;37661450,00
br-p-cd-220641;Rodrigo Gambale;2026;35607979,04;26633045,05
br-p-cd-141533;Rodrigo Rollemberg;2026;27107768,95;18272737,46
br-p-cd-165470;Rodrigo Valadares;2024;37871585,00;32785711,54
br-p-cd-165470;Rodrigo Valadares;2025;41160327,47;37083617,39
br-p-cd-165470;Rodrigo Valadares;2026;25754661,00;13739341,31
br-p-cd-220695;Rogéria Santos;2024;37124603,54;28268593,82
br-p-cd-220695;Rogéria Santos;2025;43374440,80;28670645,08
br-p-cd-220695;Rogéria Santos;2026;33480936,22;20239035,23
br-p-cd-204525;Rosana Valle;2020;15720205,08;7813045,81
br-p-cd-204525;Rosana Valle;2021;16089021,53;3418724,48
br-p-cd-204525;Rosana Valle;2022;17622651,44;7881187,05
br-p-cd-204525;Rosana Valle;2023;30994957,00;22333138,01
br-p-cd-204525;Rosana Valle;2024;33418319,40;24063690,59
br-p-cd-204525;Rosana Valle;2025;39598477,07;30886430,26
br-p-cd-204525;Rosana Valle;2026;34531774,08;18154975,15
br-p-cd-220644;Rosangela Moro;2024;37899491,77;33460078,44
br-p-cd-220644;Rosangela Moro;2025;40080807,50;33846707,20
br-p-cd-220644;Rosangela Moro;2026;37505230,00;4050000,00
br-p-cd-220620;Rosângela Reis;2024;37866901,32;36119585,00
br-p-cd-220620;Rosângela Reis;2025;38730985,00;33955161,00
br-p-cd-220620;Rosângela Reis;2026;38935165,40;31271375,45
br-p-cd-74371;Rubens Otoni;2019;13705561,81;6424929,47
br-p-cd-74371;Rubens Otoni;2020;15536491,53;7786561,37
br-p-cd-74371;Rubens Otoni;2021;15974472,89;6719701,00
br-p-cd-74371;Rubens Otoni;2022;18062361,36;12305260,00
br-p-cd-74371;Rubens Otoni;2023;31657289,69;27905621,00
br-p-cd-74371;Rubens Otoni;2024;36519199,21;28993624,32
br-p-cd-74371;Rubens Otoni;2025;44666634,69;33377155,15
br-p-cd-74371;Rubens Otoni;2026;31474684,10;25496019,12
br-p-cd-73604;Rui Falcão;2020;13076496,24;5120226,00
br-p-cd-73604;Rui Falcão;2021;15379949,00;10360461,00
br-p-cd-73604;Rui Falcão;2022;17710310,00;12785249,50
br-p-cd-73604;Rui Falcão;2023;30901508,42;29614996,00
br-p-cd-73604;Rui Falcão;2024;36871384,00;31771585,00
br-p-cd-73604;Rui Falcão;2025;38925974,24;29378725,15
br-p-cd-73604;Rui Falcão;2026;35941255,46;30597630,05
br-p-cd-160635;Ruy Carneiro;2020;15643797,28;7129158,28
br-p-cd-160635;Ruy Carneiro;2021;16171032,00;5830499,00
br-p-cd-160635;Ruy Carneiro;2022;18400043,45;12625325,45
br-p-cd-160635;Ruy Carneiro;2023;31892006,00;24681636,00
br-p-cd-160635;Ruy Carneiro;2024;37869071,50;29134513,07
br-p-cd-160635;Ruy Carneiro;2025;43973646,52;32602127,87
br-p-cd-160635;Ruy Carneiro;2026;26411440,83;17734670,46
br-p-cd-220631;Samuel Viana;2024;37871585,00;36440949,00
br-p-cd-220631;Samuel Viana;2025;43064858,06;36465127,38
br-p-cd-220631;Samuel Viana;2026;39660662,60;25780921,35
br-p-cd-160621;Sandro Alex;2019;13491626,00;3339880,00
br-p-cd-160621;Sandro Alex;2023;31983746,16;29660890,08
br-p-cd-160621;Sandro Alex;2024;37853549,55;35771784,07
br-p-cd-160621;Sandro Alex;2025;37352132,76;32207402,30
br-p-cd-160621;Sandro Alex;2026;37599549,50;30240999,27
br-p-cd-204387;Sargento Fahur;2020;15858372,10;7892500,37
br-p-cd-204387;Sargento Fahur;2021;16263770,21;9776742,00
br-p-cd-204387;Sargento Fahur;2022;18094939,42;10496850,00
br-p-cd-204387;Sargento Fahur;2023;31988298,40;21800000,00
br-p-cd-204387;Sargento Fahur;2024;37497252,66;24981349,00
br-p-cd-204387;Sargento Fahur;2025;38829604,64;29236020,39
br-p-cd-204387;Sargento Fahur;2026;35874911,18;17671609,18
br-p-cd-220621;Sargento Gonçalves;2024;37710354,41;31087481,65
br-p-cd-220621;Sargento Gonçalves;2025;38804281,44;33745240,32
br-p-cd-220621;Sargento Gonçalves;2026;33818257,40;21439478,17
br-p-cd-220713;Saullo Vianna;2024;37871437,85;37682264,13
br-p-cd-220713;Saullo Vianna;2025;69089386,00;44391676,21
br-p-cd-220713;Saullo Vianna;2026;20401367,08;20126003,00
br-p-cd-226837;Saulo Pedroso;2024;37871539,00;37451580,00
br-p-cd-226837;Saulo Pedroso;2025;37225981,18;34012822,18
br-p-cd-226837;Saulo Pedroso;2026;35449331,59;19762994,03
br-p-cd-73808;Sérgio Brito;2019;15393177,62;7627527,58
br-p-cd-73808;Sérgio Brito;2020;15428863,26;12470587,00
br-p-cd-73808;Sérgio Brito;2021;16072243,00;14495283,00
br-p-cd-73808;Sérgio Brito;2022;18401473,00;13991632,00
br-p-cd-73808;Sérgio Brito;2023;32103373,97;31721858,97
br-p-cd-73808;Sérgio Brito;2024;37871431,33;37838679,33
br-p-cd-73808;Sérgio Brito;2025;58460082,33;45056978,97
br-p-cd-73808;Sérgio Brito;2026;34972045,00;19936810,94
br-p-cd-74356;Silas Câmara;2019;12438453,00;7710387,00
br-p-cd-74356;Silas Câmara;2020;15914599,45;9171736,07
br-p-cd-74356;Silas Câmara;2021;16279986,00;14279986,00
br-p-cd-74356;Silas Câmara;2022;18401446,01;13704653,00
br-p-cd-74356;Silas Câmara;2023;32103401,00;32103401,00
br-p-cd-74356;Silas Câmara;2024;37871337,93;35541114,20
br-p-cd-74356;Silas Câmara;2025;36825985,00;27715378,83
br-p-cd-74356;Silas Câmara;2026;38107304,00;30221699,73
br-p-cd-204425;Silvio Costa Filho;2020;15936490,41;7856677,31
br-p-cd-204425;Silvio Costa Filho;2021;16279986,00;15419789,93
br-p-cd-204425;Silvio Costa Filho;2022;18401460,86;12785736,00
br-p-cd-204425;Silvio Costa Filho;2023;32103112,81;31654316,00
br-p-cd-220651;Simone Marquetto;2024;34969926,46;17850522,61
br-p-cd-220651;Simone Marquetto;2025;39068842,45;26806457,14
br-p-cd-220651;Simone Marquetto;2026;35171129,67;12923494,00
br-p-cd-92776;Stefano Aguiar;2019;15031573,92;10392784,00
br-p-cd-92776;Stefano Aguiar;2020;15800650,57;12953974,80
br-p-cd-92776;Stefano Aguiar;2021;16263940,35;14798411,83
br-p-cd-92776;Stefano Aguiar;2022;18096978,00;16147089,00
br-p-cd-92776;Stefano Aguiar;2023;32103399,00;32103399,00
br-p-cd-92776;Stefano Aguiar;2024;37811459,00;34190497,00
br-p-cd-92776;Stefano Aguiar;2025;60775985,00;36933019,00
br-p-cd-92776;Stefano Aguiar;2026;36260827,00;18928241,66
br-p-cd-220598;Tarcísio Motta;2024;37280853,75;8656628,52
br-p-cd-220598;Tarcísio Motta;2025;37048300,06;10043047,73
br-p-cd-220598;Tarcísio Motta;2026;21831117,02;5683659,15
br-p-cd-220560;Thiago de Joaldo;2024;37871115,40;32945053,93
br-p-cd-220560;Thiago de Joaldo;2025;46575400,00;36019613,00
br-p-cd-220560;Thiago de Joaldo;2026;35717042,50;15797089,15
br-p-cd-160976;Tiririca;2019;14920674,48;7357976,34
br-p-cd-160976;Tiririca;2020;15929357,00;11506519,25
br-p-cd-160976;Tiririca;2021;16279986,00;10388927,00
br-p-cd-160976;Tiririca;2022;18401402,00;16905766,98
br-p-cd-160976;Tiririca;2023;32065359,64;27462347,49
br-p-cd-160976;Tiririca;2024;37451284,82;21892214,95
br-p-cd-160976;Tiririca;2025;58550985,00;35050000,00
br-p-cd-160976;Tiririca;2026;38314824,00;16000000,00
br-p-cd-160610;Valmir Assunção;2019;15419372,30;6789810,00
br-p-cd-160610;Valmir Assunção;2020;15340267,76;7781678,00
br-p-cd-160610;Valmir Assunção;2021;16278429,00;15979986,00
br-p-cd-160610;Valmir Assunção;2022;18396961,00;13415709,00
br-p-cd-160610;Valmir Assunção;2023;31901715,00;29276165,00
br-p-cd-160610;Valmir Assunção;2024;37871585,00;35391585,00
br-p-cd-160610;Valmir Assunção;2025;50175955,86;40454612,08
br-p-cd-160610;Valmir Assunção;2026;39156377,00;34573308,21
br-p-cd-74376;Vander Loubet;2019;14885910,00;6210387,00
br-p-cd-74376;Vander Loubet;2020;15868629,68;7578907,27
br-p-cd-74376;Vander Loubet;2021;15979922,75;11075493,97
br-p-cd-74376;Vander Loubet;2022;17501473,00;12532418,00
br-p-cd-74376;Vander Loubet;2023;31781022,60;16146886,75
br-p-cd-74376;Vander Loubet;2024;35925899,55;27661513,21
br-p-cd-74376;Vander Loubet;2025;45673949,77;26474278,64
br-p-cd-74376;Vander Loubet;2026;23251028,55;17540292,08
br-p-cd-137070;Vicentinho Júnior;2019;15162661,09;8087170,09
br-p-cd-137070;Vicentinho Júnior;2020;15751649,51;6594699,30
br-p-cd-137070;Vicentinho Júnior;2021;15955869,17;6899071,00
br-p-cd-137070;Vicentinho Júnior;2022;18361848,31;11977714,50
br-p-cd-137070;Vicentinho Júnior;2023;32103400,00;32103400,00
br-p-cd-137070;Vicentinho Júnior;2024;37871415,24;28398918,31
br-p-cd-137070;Vicentinho Júnior;2025;43532316,36;36127074,02
br-p-cd-137070;Vicentinho Júnior;2026;38474538,60;29253872,08
br-p-cd-160591;Vinicius Gurgel;2019;15332950,00;7214590,00
br-p-cd-160591;Vinicius Gurgel;2020;15936948,23;7563177,00
br-p-cd-160591;Vinicius Gurgel;2021;16046980,90;10749634,00
br-p-cd-160591;Vinicius Gurgel;2022;18396225,00;7188031,00
br-p-cd-160591;Vinicius Gurgel;2024;37784254,66;35071934,83
br-p-cd-160591;Vinicius Gurgel;2025;37485678,00;26754522,00
br-p-cd-160591;Vinicius Gurgel;2026;21037568,95;13276851,45
br-p-cd-178992;Vitor Lippi;2019;14868632,38;2394823,20
br-p-cd-178992;Vitor Lippi;2020;15217344,02;2251658,75
br-p-cd-178992;Vitor Lippi;2021;15747728,28;6450494,00
br-p-cd-178992;Vitor Lippi;2022;17788983,00;10766726,00
br-p-cd-178992;Vitor Lippi;2023;32099847,00;25274851,18
br-p-cd-178992;Vitor Lippi;2024;33579605,00;24971580,96
br-p-cd-178992;Vitor Lippi;2025;39345612,15;29259672,15
br-p-cd-178992;Vitor Lippi;2026;34834278,00;22266725,01
br-p-cd-160569;Waldenor Pereira;2019;15004168,47;7484461,19
br-p-cd-160569;Waldenor Pereira;2020;15940384,83;15887434,04
br-p-cd-160569;Waldenor Pereira;2021;16264666,02;15769221,00
br-p-cd-160569;Waldenor Pereira;2022;18400590,91;12526632,00
br-p-cd-160569;Waldenor Pereira;2023;32103223,42;30091119,50
br-p-cd-160569;Waldenor Pereira;2024;37820361,76;33146975,99
br-p-cd-160569;Waldenor Pereira;2025;50133643,36;37662384,01
br-p-cd-160569;Waldenor Pereira;2026;36564132,37;29537109,59
br-p-cd-160518;Weliton Prado;2019;15420774,00;9441737,00
br-p-cd-160518;Weliton Prado;2020;15937572,10;13692448,10
br-p-cd-160518;Weliton Prado;2021;16279986,00;16279986,00
br-p-cd-160518;Weliton Prado;2022;18401206,02;9637841,05
br-p-cd-160518;Weliton Prado;2023;32103402,00;0,00
br-p-cd-160518;Weliton Prado;2024;37870293,48;36879692,81
br-p-cd-160518;Weliton Prado;2025;37275984,08;37089605,08
br-p-cd-160518;Weliton Prado;2026;19058601,22;6690371,93
br-p-cd-224333;Welter;2024;36319677,00;34380879,40
br-p-cd-224333;Welter;2025;41842617,67;34574995,41
br-p-cd-224333;Welter;2026;33960612,98;23255616,71
br-p-cd-220564;Yandra Moura;2024;36397940,00;31813770,00
br-p-cd-220564;Yandra Moura;2025;41235258,08;34745105,08
br-p-cd-220564;Yandra Moura;2026;36557457,56;24651997,53
br-p-cd-220660;Yury do Paredão;2024;37871574,00;37215105,00
br-p-cd-220660;Yury do Paredão;2025;37525984,08;37089605,08
br-p-cd-220660;Yury do Paredão;2026;40151377,00;31595540,39
br-p-cd-230768;Zé Adriano;2026;32129870,00;18077068,22
br-p-cd-220536;Zé Haroldo Cathedral;2024;37871585,00;29934585,00
br-p-cd-220536;Zé Haroldo Cathedral;2025;37275169,98;29208985,01
br-p-cd-220536;Zé Haroldo Cathedral;2026;34645501,20;12986104,90
br-p-cd-220592;Zezinho Barbary;2024;37871391,00;36871533,00
br-p-cd-220592;Zezinho Barbary;2025;40527276,30;33663475,42
br-p-cd-220592;Zezinho Barbary;2026;39790896,00;18653800,51
br-p-cd-220552;Zucco;2024;37867239,56;26459697,87
br-p-cd-220552;Zucco;2025;39981021,52;31613934,89
br-p-cd-220552;Zucco;2026;31585971,00;15151510,09
br-p-sf-345;Flávio Arns;2020;15856382,85;5692804,18
br-p-sf-345;Flávio Arns;2021;15950873,00;7474322,00
br-p-sf-345;Flávio Arns;2022;18057818,10;16611558,10
br-p-sf-345;Flávio Arns;2023;58858552,25;48588594,56
br-p-sf-345;Flávio Arns;2024;68587786,09;57994850,00
br-p-sf-345;Flávio Arns;2025;72276398,37;59695296,92
br-p-sf-345;Flávio Arns;2026;65523074,72;56532352,86
br-p-sf-6369;Jussara Lima;2024;69634615,00;69634615,00
br-p-sf-6369;Jussara Lima;2025;82520571,43;67517016,43
br-p-sf-6369;Jussara Lima;2026;70598370,96;59816042,09
br-p-sf-5322;Romário;2019;13860511,04;5111483,15
br-p-sf-5322;Romário;2020;15938853,93;10440454,00
br-p-sf-5322;Romário;2021;16279985,98;14579985,98
br-p-sf-5322;Romário;2022;18399341,85;14387402,00
br-p-sf-5322;Romário;2023;59028831,00;44580205,00
br-p-sf-5322;Romário;2024;69134754,17;30511625,68
br-p-sf-5322;Romário;2025;90603708,00;68525535,16
br-p-sf-5322;Romário;2026;72516499,06;37047850,00
