from;to;tipo;cite
br-camara-dos-deputados;br-congresso-nacional;integra;CF/88 arts. 45, 51
br-senado-federal;br-congresso-nacional;integra;CF/88 arts. 46, 52
br-casa-civil;br-presidencia-da-republica;integra;Lei 14.600/2023 art. 3º
br-secretaria-geral-da-presidencia;br-presidencia-da-republica;integra;Lei 14.600/2023 art. 4º
br-secretaria-de-relacoes-institucionais;br-presidencia-da-republica;integra;Lei 14.600/2023 art. 5º
br-secretaria-de-comunicacao-social;br-presidencia-da-republica;integra;Lei 14.600/2023 art. 6º
br-gabinete-de-seguranca-institucional;br-presidencia-da-republica;integra;Lei 14.600/2023 art. 8º
br-agencia-brasileira-de-inteligencia;br-gabinete-de-seguranca-institucional;integra;Lei 9.883/1999
br-controladoria-geral-da-uniao;br-presidencia-da-republica;integra;Lei 14.600/2023 art. 9º e arts. 46-47
br-conselho-da-republica;br-presidencia-da-republica;integra;"CF/88 arts. 89-90; Lei 8.041/1990"
br-conselho-de-defesa-nacional;br-presidencia-da-republica;integra;"CF/88 art. 91; Lei 8.183/1991"
br-conselho-de-desenvolvimento-economico-social-sustentavel;br-secretaria-geral-da-presidencia;integra;"Lei 14.600/2023 art. 2º; Decreto 11.372/2023"
br-conselho-de-governo;br-presidencia-da-republica;integra;Lei 14.600/2023 art. 2º, §1º e art. 11
br-ministerio-da-agricultura-e-pecuaria;br-presidencia-da-republica;integra;Lei 14.600/2023 art. 19
br-ministerio-das-cidades;br-presidencia-da-republica;integra;Lei 14.600/2023 art. 19
br-ministerio-da-ciencia-tecnologia-e-inovacao;br-presidencia-da-republica;integra;Lei 14.600/2023 art. 19
br-ministerio-das-comunicacoes;br-presidencia-da-republica;integra;Lei 14.600/2023 art. 19
br-ministerio-da-cultura;br-presidencia-da-republica;integra;Lei 14.600/2023 art. 19
br-ministerio-da-defesa;br-presidencia-da-republica;integra;Lei 14.600/2023 art. 19
br-ministerio-do-desenvolvimento-agrario;br-presidencia-da-republica;integra;Lei 14.600/2023 art. 19
br-ministerio-do-desenvolvimento-social;br-presidencia-da-republica;integra;Lei 14.600/2023 art. 19
br-ministerio-do-desenvolvimento-industria-comercio-e-servicos;br-presidencia-da-republica;integra;Lei 14.600/2023 art. 19
br-ministerio-dos-direitos-humanos-e-da-cidadania;br-presidencia-da-republica;integra;Lei 14.600/2023 art. 19
br-ministerio-da-educacao;br-presidencia-da-republica;integra;Lei 14.600/2023 art. 19
br-ministerio-do-empreendedorismo;br-presidencia-da-republica;integra;Lei 14.600/2023 art. 19
br-ministerio-do-esporte;br-presidencia-da-republica;integra;Lei 14.600/2023 art. 19
br-ministerio-da-fazenda;br-presidencia-da-republica;integra;Lei 14.600/2023 art. 19
br-ministerio-da-gestao;br-presidencia-da-republica;integra;Lei 14.600/2023 art. 19
br-ministerio-da-igualdade-racial;br-presidencia-da-republica;integra;Lei 14.600/2023 art. 19
br-ministerio-da-integracao-e-do-desenvolvimento-regional;br-presidencia-da-republica;integra;Lei 14.600/2023 art. 19
br-ministerio-da-justica-e-seguranca-publica;br-presidencia-da-republica;integra;Lei 14.600/2023 art. 19
br-ministerio-do-meio-ambiente-e-mudanca-do-clima;br-presidencia-da-republica;integra;Lei 14.600/2023 art. 19
br-ministerio-de-minas-e-energia;br-presidencia-da-republica;integra;Lei 14.600/2023 art. 19
br-ministerio-das-mulheres;br-presidencia-da-republica;integra;Lei 14.600/2023 art. 19
br-ministerio-da-pesca-e-aquicultura;br-presidencia-da-republica;integra;Lei 14.600/2023 art. 19
br-ministerio-do-planejamento-e-orcamento;br-presidencia-da-republica;integra;Lei 14.600/2023 art. 19
br-ministerio-de-portos-e-aeroportos;br-presidencia-da-republica;integra;Lei 14.600/2023 art. 19
br-ministerio-dos-povos-indigenas;br-presidencia-da-republica;integra;Lei 14.600/2023 art. 19
br-ministerio-da-previdencia-social;br-presidencia-da-republica;integra;Lei 14.600/2023 art. 19
br-ministerio-das-relacoes-exteriores;br-presidencia-da-republica;integra;Lei 14.600/2023 art. 19
br-ministerio-da-saude;br-presidencia-da-republica;integra;Lei 14.600/2023 art. 19
br-ministerio-do-trabalho-e-emprego;br-presidencia-da-republica;integra;Lei 14.600/2023 art. 19
br-ministerio-dos-transportes;br-presidencia-da-republica;integra;Lei 14.600/2023 art. 19
br-ministerio-do-turismo;br-presidencia-da-republica;integra;Lei 14.600/2023 art. 19
br-receita-federal-do-brasil;br-ministerio-da-fazenda;integra;Lei 11.457/2007 art. 2º
br-secretaria-do-tesouro-nacional;br-ministerio-da-fazenda;integra;"Decreto 92.452/1986; Lei 10.180/2001 arts. 5º-9º"
br-ministerio-da-fazenda;br-comissao-de-valores-mobiliarios;supervisiona;"DL 200/1967 arts. 19-20; Lei 6.385/1976 arts. 5º e 6º"
br-ministerio-da-fazenda;br-superintendencia-de-seguros-privados;supervisiona;"DL 200/1967 arts. 19-20; Decreto-Lei 73/1966 art. 35"
br-ministerio-da-fazenda;br-banco-do-brasil;supervisiona;"DL 200/1967 arts. 19-20; Lei 4.595/1964 art. 19; Lei 13.303/2016"
br-ministerio-da-fazenda;br-caixa-economica-federal;supervisiona;"DL 200/1967 arts. 19-20; Decreto-Lei 759/1969"
br-ministerio-da-fazenda;br-casa-da-moeda-do-brasil;supervisiona;"DL 200/1967 arts. 19-20; Lei 5.895/1973"
br-ministerio-do-desenvolvimento-industria-comercio-e-servicos;br-bndes;supervisiona;"DL 200/1967 arts. 19-20; Lei 5.662/1971; Lei 13.303/2016"
br-ministerio-do-desenvolvimento-industria-comercio-e-servicos;br-instituto-nacional-da-propriedade-industrial;supervisiona;"DL 200/1967 arts. 19-20; Lei 5.648/1970"
br-ministerio-do-desenvolvimento-industria-comercio-e-servicos;br-inmetro;supervisiona;"DL 200/1967 arts. 19-20; Lei 5.966/1973"
br-ministerio-de-minas-e-energia;br-aneel;supervisiona;"DL 200/1967 arts. 19-20; Lei 9.427/1996; Lei 13.848/2019"
br-ministerio-de-minas-e-energia;br-anp;supervisiona;"DL 200/1967 arts. 19-20; Lei 9.478/1997 arts. 7º-8º; Lei 13.848/2019"
br-ministerio-de-minas-e-energia;br-anm;supervisiona;"DL 200/1967 arts. 19-20; Lei 13.575/2017"
br-ministerio-de-minas-e-energia;br-petrobras;supervisiona;"DL 200/1967 arts. 19-20; Lei 9.478/1997 arts. 61-62; Lei 13.303/2016"
br-ministerio-de-minas-e-energia;br-empresa-de-pesquisa-energetica;supervisiona;"DL 200/1967 arts. 19-20; Lei 10.847/2004"
br-ministerio-das-comunicacoes;br-anatel;supervisiona;"DL 200/1967 arts. 19-20; Lei 9.472/1997 arts. 8º e 19"
br-ministerio-das-comunicacoes;br-correios;supervisiona;"DL 200/1967 arts. 19-20; Decreto-Lei 509/1969; Lei 6.538/1978"
br-ministerio-das-comunicacoes;br-telebras;supervisiona;"DL 200/1967 arts. 19-20; Lei 5.792/1972; Decreto 7.175/2010"
br-secretaria-de-comunicacao-social;br-empresa-brasil-de-comunicacao;supervisiona;"DL 200/1967 arts. 19-20; Lei 11.652/2008"
br-ministerio-da-saude;br-anvisa;supervisiona;"DL 200/1967 arts. 19-20; Lei 9.782/1999"
br-ministerio-da-saude;br-ans;supervisiona;"DL 200/1967 arts. 19-20; Lei 9.961/2000"
br-ministerio-da-saude;br-fiocruz;supervisiona;"DL 200/1967 arts. 19-20; Lei 5.019/1966; Decreto 4.725/2003"
br-ministerio-da-saude;br-funasa;supervisiona;"DL 200/1967 arts. 19-20; Lei 8.029/1990 art. 14; Decreto 100/1991"
br-ministerio-da-educacao;br-inep;supervisiona;"DL 200/1967 arts. 19-20; Lei 9.448/1997"
br-ministerio-da-educacao;br-fnde;supervisiona;"DL 200/1967 arts. 19-20; Lei 5.537/1968; Decreto 9.007/2017"
br-ministerio-da-educacao;br-capes;supervisiona;"DL 200/1967 arts. 19-20; Lei 8.405/1992"
br-ministerio-da-educacao;br-ebserh;supervisiona;"DL 200/1967 arts. 19-20; Lei 12.550/2011"
br-ministerio-da-ciencia-tecnologia-e-inovacao;br-cnpq;supervisiona;"DL 200/1967 arts. 19-20; Lei 6.129/1974"
br-ministerio-da-ciencia-tecnologia-e-inovacao;br-finep;supervisiona;"DL 200/1967 arts. 19-20; Decreto 61.056/1967; Lei 11.540/2007"
br-inpe;br-ministerio-da-ciencia-tecnologia-e-inovacao;integra;Decreto 11.xxx/2023 (estrutura regimental do MCTI)
br-ministerio-da-ciencia-tecnologia-e-inovacao;br-agencia-espacial-brasileira;supervisiona;"DL 200/1967 arts. 19-20; Lei 8.854/1994"
br-ministerio-da-ciencia-tecnologia-e-inovacao;br-cnen;supervisiona;"DL 200/1967 arts. 19-20; Lei 4.118/1962; Lei 14.222/2021"
br-policia-federal;br-ministerio-da-justica-e-seguranca-publica;integra;"CF/88 art. 144 §1º; Lei 9.266/1996"
br-policia-rodoviaria-federal;br-ministerio-da-justica-e-seguranca-publica;integra;CF/88 art. 144 §2º
br-ministerio-da-justica-e-seguranca-publica;br-cade;supervisiona;"DL 200/1967 arts. 19-20; Lei 12.529/2011 arts. 4º-6º"
br-presidencia-da-republica;br-anpd;supervisiona;"DL 200/1967 arts. 19-20; Lei 13.709/2018 arts. 55-A a 55-D (redação da Lei 14.460/2022)"
br-ministerio-do-meio-ambiente-e-mudanca-do-clima;br-ibama;supervisiona;"DL 200/1967 arts. 19-20; Lei 7.735/1989"
br-ministerio-do-meio-ambiente-e-mudanca-do-clima;br-icmbio;supervisiona;"DL 200/1967 arts. 19-20; Lei 11.516/2007"
br-ministerio-da-integracao-e-do-desenvolvimento-regional;br-ana;supervisiona;"DL 200/1967 arts. 19-20; Lei 9.984/2000; Lei 14.026/2020"
br-ministerio-da-integracao-e-do-desenvolvimento-regional;br-sudene;supervisiona;"DL 200/1967 arts. 19-20; LC 125/2007"
br-ministerio-da-integracao-e-do-desenvolvimento-regional;br-sudam;supervisiona;"DL 200/1967 arts. 19-20; LC 124/2007"
br-ministerio-da-integracao-e-do-desenvolvimento-regional;br-sudeco;supervisiona;"DL 200/1967 arts. 19-20; LC 129/2009"
br-ministerio-da-integracao-e-do-desenvolvimento-regional;br-dnocs;supervisiona;"DL 200/1967 arts. 19-20; Lei 4.229/1963"
br-ministerio-da-integracao-e-do-desenvolvimento-regional;br-codevasf;supervisiona;"DL 200/1967 arts. 19-20; Lei 6.088/1974"
br-ministerio-dos-transportes;br-antt;supervisiona;"DL 200/1967 arts. 19-20; Lei 10.233/2001 arts. 21-26"
br-ministerio-dos-transportes;br-dnit;supervisiona;"DL 200/1967 arts. 19-20; Lei 10.233/2001 arts. 79-83"
br-ministerio-dos-transportes;br-infra-sa;supervisiona;"DL 200/1967 arts. 19-20; Lei 11.772/2008; Decreto 11.204/2022"
br-ministerio-de-portos-e-aeroportos;br-antaq;supervisiona;"DL 200/1967 arts. 19-20; Lei 10.233/2001 arts. 21-27"
br-ministerio-de-portos-e-aeroportos;br-anac;supervisiona;"DL 200/1967 arts. 19-20; Lei 11.182/2005"
br-ministerio-de-portos-e-aeroportos;br-infraero;supervisiona;"DL 200/1967 arts. 19-20; Lei 5.862/1972"
br-ministerio-da-agricultura-e-pecuaria;br-embrapa;supervisiona;"DL 200/1967 arts. 19-20; Lei 5.851/1972"
br-ministerio-da-agricultura-e-pecuaria;br-conab;supervisiona;"DL 200/1967 arts. 19-20; Lei 8.029/1990 art. 19"
br-ministerio-do-desenvolvimento-agrario;br-incra;supervisiona;"DL 200/1967 arts. 19-20; Decreto-Lei 1.110/1970"
br-ministerio-dos-povos-indigenas;br-funai;supervisiona;"DL 200/1967 arts. 19-20; Lei 5.371/1967"
br-ministerio-da-previdencia-social;br-inss;supervisiona;"DL 200/1967 arts. 19-20; Lei 8.029/1990 art. 17"
br-ministerio-da-previdencia-social;br-previc;supervisiona;"DL 200/1967 arts. 19-20; Lei 12.154/2009"
br-ministerio-do-planejamento-e-orcamento;br-ibge;supervisiona;"DL 200/1967 arts. 19-20; Lei 5.878/1973"
br-ministerio-do-planejamento-e-orcamento;br-ipea;supervisiona;"DL 200/1967 arts. 19-20; Decreto 7.142/2010"
br-ministerio-da-gestao;br-enap;supervisiona;"DL 200/1967 arts. 19-20; Lei 6.871/1980; Lei 8.140/1990"
br-ministerio-da-gestao;br-serpro;supervisiona;"DL 200/1967 arts. 19-20; Lei 4.516/1964; Lei 5.615/1970"
br-ministerio-da-gestao;br-dataprev;supervisiona;"DL 200/1967 arts. 19-20; Lei 6.125/1974"
br-ministerio-da-cultura;br-iphan;supervisiona;"DL 200/1967 arts. 19-20; Lei 8.113/1990"
br-ministerio-da-cultura;br-funarte;supervisiona;"DL 200/1967 arts. 19-20; Lei 6.312/1975"
br-ministerio-da-cultura;br-biblioteca-nacional;supervisiona;"DL 200/1967 arts. 19-20; Lei 8.029/1990 art. 22; Decreto 8.297/2014"
br-ministerio-da-cultura;br-ancine;supervisiona;"DL 200/1967 arts. 19-20; MP 2.228-1/2001"
br-ministerio-da-igualdade-racial;br-fundacao-cultural-palmares;supervisiona;"DL 200/1967 arts. 19-20; Lei 7.668/1988"
br-marinha-do-brasil;br-ministerio-da-defesa;integra;"CF/88 art. 142; LC 97/1999"
br-exercito-brasileiro;br-ministerio-da-defesa;integra;"CF/88 art. 142; LC 97/1999"
br-forca-aerea-brasileira;br-ministerio-da-defesa;integra;"CF/88 art. 142; LC 97/1999"
br-imprensa-nacional;br-casa-civil;integra;Lei 14.600/2023 art. 3º
br-casa-civil;br-iti;supervisiona;"DL 200/1967 arts. 19-20; MP 2.200-2/2001"
br-ministerio-das-relacoes-exteriores;br-funag;supervisiona;"DL 200/1967 arts. 19-20; Lei 5.717/1971"
br-mesa-da-camara-dos-deputados;br-camara-dos-deputados;integra;"CF/88 art. 57 §4º; RICD arts. 14-15"
br-mesa-do-senado-federal;br-senado-federal;integra;"CF/88 art. 57 §§4º-5º; RISF arts. 46-48"
br-comissao-de-constituicao-e-justica-e-de-cidadania-da-camara;br-camara-dos-deputados;integra;RICD art. 32 IV
br-comissao-de-financas-e-tributacao-da-camara;br-camara-dos-deputados;integra;RICD art. 32 X
br-comissao-de-constituicao-justica-e-cidadania-do-senado;br-senado-federal;integra;RISF art. 101
br-comissao-de-assuntos-economicos-do-senado;br-senado-federal;integra;RISF art. 99
br-comissao-de-relacoes-exteriores-e-defesa-nacional-do-senado;br-senado-federal;integra;"RISF art. 103; CF/88 art. 52 IV"
br-comissao-de-infraestrutura-do-senado;br-senado-federal;integra;RISF art. 104
br-comissao-mista-de-orcamento;br-congresso-nacional;integra;"CF/88 art. 166 §1º; Resolução CN 1/2006"
br-ministerio-publico-federal;br-ministerio-publico-da-uniao;integra;LC 75/1993 arts. 37-82
br-ministerio-publico-do-trabalho;br-ministerio-publico-da-uniao;integra;LC 75/1993 arts. 83-115
br-ministerio-publico-militar;br-ministerio-publico-da-uniao;integra;LC 75/1993 arts. 116-148
br-ministerio-publico-do-distrito-federal-e-territorios;br-ministerio-publico-da-uniao;integra;LC 75/1993 arts. 149-181
br-procuradoria-geral-da-uniao;br-advocacia-geral-da-uniao;integra;LC 73/1993 arts. 2º e 9º
br-procuradoria-geral-federal;br-advocacia-geral-da-uniao;integra;Lei 10.480/2002 arts. 9º-10
br-procuradoria-geral-da-fazenda-nacional;br-advocacia-geral-da-uniao;integra;LC 73/1993 arts. 12-13
br-conselho-da-justica-federal;br-superior-tribunal-de-justica;integra;"CF/88 art. 105, parágrafo único, II; Lei 11.798/2008"
br-conselho-superior-da-justica-do-trabalho;br-tribunal-superior-do-trabalho;integra;CF/88 art. 111-A §2º II
br-tribunal-regional-federal-da-1a-regiao;br-superior-tribunal-de-justica;integra;"CF/88 arts. 107-108; Lei 7.727/1989"
br-tribunal-regional-federal-da-2a-regiao;br-superior-tribunal-de-justica;integra;"CF/88 arts. 107-108; Lei 7.727/1989"
br-tribunal-regional-federal-da-3a-regiao;br-superior-tribunal-de-justica;integra;"CF/88 arts. 107-108; Lei 7.727/1989"
br-tribunal-regional-federal-da-4a-regiao;br-superior-tribunal-de-justica;integra;"CF/88 arts. 107-108; Lei 7.727/1989"
br-tribunal-regional-federal-da-5a-regiao;br-superior-tribunal-de-justica;integra;"CF/88 arts. 107-108; Lei 7.727/1989"
br-tribunal-regional-federal-da-6a-regiao;br-superior-tribunal-de-justica;integra;Lei 14.226/2021
br-tribunais-regionais-do-trabalho;br-tribunal-superior-do-trabalho;integra;CF/88 arts. 112-115
br-tribunais-regionais-eleitorais;br-tribunal-superior-eleitoral;integra;CF/88 art. 120
br-conselho-monetario-nacional;br-ministerio-da-fazenda;integra;"Lei 4.595/1964 arts. 2º-4º; Lei 9.069/1995 art. 8º"
br-comite-de-politica-monetaria;br-banco-central-do-brasil;integra;"Circular BCB 2.698/1996; Resolução BCB 61/2021"
br-conselho-nacional-de-politica-energetica;br-ministerio-de-minas-e-energia;integra;Lei 9.478/1997 art. 2º
br-conselho-nacional-do-meio-ambiente;br-ministerio-do-meio-ambiente-e-mudanca-do-clima;integra;Lei 6.938/1981 art. 6º II e art. 8º
br-conselho-nacional-de-saude;br-ministerio-da-saude;integra;"Lei 8.142/1990 art. 1º; Decreto 5.839/2006"
br-conselho-nacional-de-educacao;br-ministerio-da-educacao;integra;Lei 9.131/1995 arts. 7º-9º
br-camara-de-comercio-exterior;br-ministerio-do-desenvolvimento-industria-comercio-e-servicos;integra;"Lei 14.600/2023 art. 2º; Decreto 11.428/2023"
br-conselho-nacional-de-assistencia-social;br-ministerio-do-desenvolvimento-social;integra;Lei 8.742/1993 arts. 17-18
br-conselho-nacional-de-transito;br-ministerio-dos-transportes;integra;Lei 9.503/1997 arts. 7º e 10
br-ministro-de-estado-da-agricultura-e-pecuaria;br-ministerio-da-agricultura-e-pecuaria;chefia;"CF/88 arts. 84 I e 87; Lei 14.600/2023 art. 19"
br-presidente-da-republica;br-ministro-de-estado-da-agricultura-e-pecuaria;nomeia;"CF/88 arts. 84 I e 87; Lei 14.600/2023 art. 19"
br-ministro-de-estado-das-cidades;br-ministerio-das-cidades;chefia;"CF/88 arts. 84 I e 87; Lei 14.600/2023 art. 19"
br-presidente-da-republica;br-ministro-de-estado-das-cidades;nomeia;"CF/88 arts. 84 I e 87; Lei 14.600/2023 art. 19"
br-ministro-de-estado-da-ciencia-tecnologia-e-inovacao;br-ministerio-da-ciencia-tecnologia-e-inovacao;chefia;"CF/88 arts. 84 I e 87; Lei 14.600/2023 art. 19"
br-presidente-da-republica;br-ministro-de-estado-da-ciencia-tecnologia-e-inovacao;nomeia;"CF/88 arts. 84 I e 87; Lei 14.600/2023 art. 19"
br-ministro-de-estado-das-comunicacoes;br-ministerio-das-comunicacoes;chefia;"CF/88 arts. 84 I e 87; Lei 14.600/2023 art. 19"
br-presidente-da-republica;br-ministro-de-estado-das-comunicacoes;nomeia;"CF/88 arts. 84 I e 87; Lei 14.600/2023 art. 19"
br-ministro-de-estado-da-cultura;br-ministerio-da-cultura;chefia;"CF/88 arts. 84 I e 87; Lei 14.600/2023 art. 19"
br-presidente-da-republica;br-ministro-de-estado-da-cultura;nomeia;"CF/88 arts. 84 I e 87; Lei 14.600/2023 art. 19"
br-ministro-de-estado-da-defesa;br-ministerio-da-defesa;chefia;"CF/88 arts. 84 I e 87; Lei 14.600/2023 art. 19"
br-presidente-da-republica;br-ministro-de-estado-da-defesa;nomeia;"CF/88 arts. 84 I e 87; Lei 14.600/2023 art. 19"
br-ministro-de-estado-do-desenvolvimento-agrario;br-ministerio-do-desenvolvimento-agrario;chefia;"CF/88 arts. 84 I e 87; Lei 14.600/2023 art. 19"
br-presidente-da-republica;br-ministro-de-estado-do-desenvolvimento-agrario;nomeia;"CF/88 arts. 84 I e 87; Lei 14.600/2023 art. 19"
br-ministro-de-estado-do-desenvolvimento-social;br-ministerio-do-desenvolvimento-social;chefia;"CF/88 arts. 84 I e 87; Lei 14.600/2023 art. 19"
br-presidente-da-republica;br-ministro-de-estado-do-desenvolvimento-social;nomeia;"CF/88 arts. 84 I e 87; Lei 14.600/2023 art. 19"
br-ministro-de-estado-do-desenvolvimento-industria-comercio-e-servicos;br-ministerio-do-desenvolvimento-industria-comercio-e-servicos;chefia;"CF/88 arts. 84 I e 87; Lei 14.600/2023 art. 19"
br-presidente-da-republica;br-ministro-de-estado-do-desenvolvimento-industria-comercio-e-servicos;nomeia;"CF/88 arts. 84 I e 87; Lei 14.600/2023 art. 19"
br-ministro-de-estado-dos-direitos-humanos-e-da-cidadania;br-ministerio-dos-direitos-humanos-e-da-cidadania;chefia;"CF/88 arts. 84 I e 87; Lei 14.600/2023 art. 19"
br-presidente-da-republica;br-ministro-de-estado-dos-direitos-humanos-e-da-cidadania;nomeia;"CF/88 arts. 84 I e 87; Lei 14.600/2023 art. 19"
br-ministro-de-estado-da-educacao;br-ministerio-da-educacao;chefia;"CF/88 arts. 84 I e 87; Lei 14.600/2023 art. 19"
br-presidente-da-republica;br-ministro-de-estado-da-educacao;nomeia;"CF/88 arts. 84 I e 87; Lei 14.600/2023 art. 19"
br-ministro-de-estado-do-empreendedorismo;br-ministerio-do-empreendedorismo;chefia;"CF/88 arts. 84 I e 87; Lei 14.600/2023 art. 19"
br-presidente-da-republica;br-ministro-de-estado-do-empreendedorismo;nomeia;"CF/88 arts. 84 I e 87; Lei 14.600/2023 art. 19"
br-ministro-de-estado-do-esporte;br-ministerio-do-esporte;chefia;"CF/88 arts. 84 I e 87; Lei 14.600/2023 art. 19"
br-presidente-da-republica;br-ministro-de-estado-do-esporte;nomeia;"CF/88 arts. 84 I e 87; Lei 14.600/2023 art. 19"
br-ministro-de-estado-da-fazenda;br-ministerio-da-fazenda;chefia;"CF/88 arts. 84 I e 87; Lei 14.600/2023 art. 19"
br-presidente-da-republica;br-ministro-de-estado-da-fazenda;nomeia;"CF/88 arts. 84 I e 87; Lei 14.600/2023 art. 19"
br-ministro-de-estado-da-gestao;br-ministerio-da-gestao;chefia;"CF/88 arts. 84 I e 87; Lei 14.600/2023 art. 19"
br-presidente-da-republica;br-ministro-de-estado-da-gestao;nomeia;"CF/88 arts. 84 I e 87; Lei 14.600/2023 art. 19"
br-ministro-de-estado-da-igualdade-racial;br-ministerio-da-igualdade-racial;chefia;"CF/88 arts. 84 I e 87; Lei 14.600/2023 art. 19"
br-presidente-da-republica;br-ministro-de-estado-da-igualdade-racial;nomeia;"CF/88 arts. 84 I e 87; Lei 14.600/2023 art. 19"
br-ministro-de-estado-da-integracao-e-do-desenvolvimento-regional;br-ministerio-da-integracao-e-do-desenvolvimento-regional;chefia;"CF/88 arts. 84 I e 87; Lei 14.600/2023 art. 19"
br-presidente-da-republica;br-ministro-de-estado-da-integracao-e-do-desenvolvimento-regional;nomeia;"CF/88 arts. 84 I e 87; Lei 14.600/2023 art. 19"
br-ministro-de-estado-da-justica-e-seguranca-publica;br-ministerio-da-justica-e-seguranca-publica;chefia;"CF/88 arts. 84 I e 87; Lei 14.600/2023 art. 19"
br-presidente-da-republica;br-ministro-de-estado-da-justica-e-seguranca-publica;nomeia;"CF/88 arts. 84 I e 87; Lei 14.600/2023 art. 19"
br-ministro-de-estado-do-meio-ambiente-e-mudanca-do-clima;br-ministerio-do-meio-ambiente-e-mudanca-do-clima;chefia;"CF/88 arts. 84 I e 87; Lei 14.600/2023 art. 19"
br-presidente-da-republica;br-ministro-de-estado-do-meio-ambiente-e-mudanca-do-clima;nomeia;"CF/88 arts. 84 I e 87; Lei 14.600/2023 art. 19"
br-ministro-de-estado-de-minas-e-energia;br-ministerio-de-minas-e-energia;chefia;"CF/88 arts. 84 I e 87; Lei 14.600/2023 art. 19"
br-presidente-da-republica;br-ministro-de-estado-de-minas-e-energia;nomeia;"CF/88 arts. 84 I e 87; Lei 14.600/2023 art. 19"
br-ministro-de-estado-das-mulheres;br-ministerio-das-mulheres;chefia;"CF/88 arts. 84 I e 87; Lei 14.600/2023 art. 19"
br-presidente-da-republica;br-ministro-de-estado-das-mulheres;nomeia;"CF/88 arts. 84 I e 87; Lei 14.600/2023 art. 19"
br-ministro-de-estado-da-pesca-e-aquicultura;br-ministerio-da-pesca-e-aquicultura;chefia;"CF/88 arts. 84 I e 87; Lei 14.600/2023 art. 19"
br-presidente-da-republica;br-ministro-de-estado-da-pesca-e-aquicultura;nomeia;"CF/88 arts. 84 I e 87; Lei 14.600/2023 art. 19"
br-ministro-de-estado-do-planejamento-e-orcamento;br-ministerio-do-planejamento-e-orcamento;chefia;"CF/88 arts. 84 I e 87; Lei 14.600/2023 art. 19"
br-presidente-da-republica;br-ministro-de-estado-do-planejamento-e-orcamento;nomeia;"CF/88 arts. 84 I e 87; Lei 14.600/2023 art. 19"
br-ministro-de-estado-de-portos-e-aeroportos;br-ministerio-de-portos-e-aeroportos;chefia;"CF/88 arts. 84 I e 87; Lei 14.600/2023 art. 19"
br-presidente-da-republica;br-ministro-de-estado-de-portos-e-aeroportos;nomeia;"CF/88 arts. 84 I e 87; Lei 14.600/2023 art. 19"
br-ministro-de-estado-dos-povos-indigenas;br-ministerio-dos-povos-indigenas;chefia;"CF/88 arts. 84 I e 87; Lei 14.600/2023 art. 19"
br-presidente-da-republica;br-ministro-de-estado-dos-povos-indigenas;nomeia;"CF/88 arts. 84 I e 87; Lei 14.600/2023 art. 19"
br-ministro-de-estado-da-previdencia-social;br-ministerio-da-previdencia-social;chefia;"CF/88 arts. 84 I e 87; Lei 14.600/2023 art. 19"
br-presidente-da-republica;br-ministro-de-estado-da-previdencia-social;nomeia;"CF/88 arts. 84 I e 87; Lei 14.600/2023 art. 19"
br-ministro-de-estado-das-relacoes-exteriores;br-ministerio-das-relacoes-exteriores;chefia;"CF/88 arts. 84 I e 87; Lei 14.600/2023 art. 19"
br-presidente-da-republica;br-ministro-de-estado-das-relacoes-exteriores;nomeia;"CF/88 arts. 84 I e 87; Lei 14.600/2023 art. 19"
br-ministro-de-estado-da-saude;br-ministerio-da-saude;chefia;"CF/88 arts. 84 I e 87; Lei 14.600/2023 art. 19"
br-presidente-da-republica;br-ministro-de-estado-da-saude;nomeia;"CF/88 arts. 84 I e 87; Lei 14.600/2023 art. 19"
br-ministro-de-estado-do-trabalho-e-emprego;br-ministerio-do-trabalho-e-emprego;chefia;"CF/88 arts. 84 I e 87; Lei 14.600/2023 art. 19"
br-presidente-da-republica;br-ministro-de-estado-do-trabalho-e-emprego;nomeia;"CF/88 arts. 84 I e 87; Lei 14.600/2023 art. 19"
br-ministro-de-estado-dos-transportes;br-ministerio-dos-transportes;chefia;"CF/88 arts. 84 I e 87; Lei 14.600/2023 art. 19"
br-presidente-da-republica;br-ministro-de-estado-dos-transportes;nomeia;"CF/88 arts. 84 I e 87; Lei 14.600/2023 art. 19"
br-ministro-de-estado-do-turismo;br-ministerio-do-turismo;chefia;"CF/88 arts. 84 I e 87; Lei 14.600/2023 art. 19"
br-presidente-da-republica;br-ministro-de-estado-do-turismo;nomeia;"CF/88 arts. 84 I e 87; Lei 14.600/2023 art. 19"
br-ministro-de-estado-da-controladoria-geral-da-uniao;br-controladoria-geral-da-uniao;chefia;Lei 14.600/2023 art. 46
br-presidente-da-republica;br-ministro-de-estado-da-controladoria-geral-da-uniao;nomeia;Lei 14.600/2023 art. 46
br-ministro-chefe-casa-civil;br-casa-civil;chefia;Lei 14.600/2023 art. 46
br-presidente-da-republica;br-ministro-chefe-casa-civil;nomeia;Lei 14.600/2023 art. 46
br-ministro-chefe-secretaria-geral-da-presidencia;br-secretaria-geral-da-presidencia;chefia;Lei 14.600/2023 art. 46
br-presidente-da-republica;br-ministro-chefe-secretaria-geral-da-presidencia;nomeia;Lei 14.600/2023 art. 46
br-ministro-chefe-secretaria-de-relacoes-institucionais;br-secretaria-de-relacoes-institucionais;chefia;Lei 14.600/2023 art. 46
br-presidente-da-republica;br-ministro-chefe-secretaria-de-relacoes-institucionais;nomeia;Lei 14.600/2023 art. 46
br-ministro-chefe-secretaria-de-comunicacao-social;br-secretaria-de-comunicacao-social;chefia;Lei 14.600/2023 art. 46
br-presidente-da-republica;br-ministro-chefe-secretaria-de-comunicacao-social;nomeia;Lei 14.600/2023 art. 46
br-ministro-chefe-gabinete-de-seguranca-institucional;br-gabinete-de-seguranca-institucional;chefia;Lei 14.600/2023 art. 46
br-presidente-da-republica;br-ministro-chefe-gabinete-de-seguranca-institucional;nomeia;Lei 14.600/2023 art. 46
br-advogado-geral-da-uniao;br-advocacia-geral-da-uniao;chefia;"CF/88 art. 131 §1º; Lei 14.600/2023 art. 47"
br-presidente-da-republica;br-advogado-geral-da-uniao;nomeia;"CF/88 art. 131 §1º; Lei 14.600/2023 art. 47"
br-anatel-dirigente;br-anatel;chefia;"Lei 9.986/2000 art. 5º; Lei 13.848/2019; CF/88 art. 52 III f"
br-presidente-da-republica;br-anatel-dirigente;nomeia;"Lei 9.986/2000 art. 5º; Lei 13.848/2019; CF/88 art. 52 III f"
br-senado-federal;br-anatel-dirigente;sabatina;"CF/88 art. 52 III-IV; Lei 9.986/2000 art. 5º; Lei 13.848/2019; CF/88 art. 52 III f"
br-anatel-diretor;br-anatel;chefia;"Lei 9.986/2000 art. 5º; Lei 13.848/2019; CF/88 art. 52 III f"
br-presidente-da-republica;br-anatel-diretor;nomeia;"Lei 9.986/2000 art. 5º; Lei 13.848/2019; CF/88 art. 52 III f"
br-senado-federal;br-anatel-diretor;sabatina;"CF/88 art. 52 III-IV; Lei 9.986/2000 art. 5º; Lei 13.848/2019; CF/88 art. 52 III f"
br-aneel-dirigente;br-aneel;chefia;"Lei 9.986/2000 art. 5º; Lei 13.848/2019; CF/88 art. 52 III f"
br-presidente-da-republica;br-aneel-dirigente;nomeia;"Lei 9.986/2000 art. 5º; Lei 13.848/2019; CF/88 art. 52 III f"
br-senado-federal;br-aneel-dirigente;sabatina;"CF/88 art. 52 III-IV; Lei 9.986/2000 art. 5º; Lei 13.848/2019; CF/88 art. 52 III f"
br-aneel-diretor;br-aneel;chefia;"Lei 9.986/2000 art. 5º; Lei 13.848/2019; CF/88 art. 52 III f"
br-presidente-da-republica;br-aneel-diretor;nomeia;"Lei 9.986/2000 art. 5º; Lei 13.848/2019; CF/88 art. 52 III f"
br-senado-federal;br-aneel-diretor;sabatina;"CF/88 art. 52 III-IV; Lei 9.986/2000 art. 5º; Lei 13.848/2019; CF/88 art. 52 III f"
br-anp-dirigente;br-anp;chefia;"Lei 9.986/2000 art. 5º; Lei 13.848/2019; CF/88 art. 52 III f"
br-presidente-da-republica;br-anp-dirigente;nomeia;"Lei 9.986/2000 art. 5º; Lei 13.848/2019; CF/88 art. 52 III f"
br-senado-federal;br-anp-dirigente;sabatina;"CF/88 art. 52 III-IV; Lei 9.986/2000 art. 5º; Lei 13.848/2019; CF/88 art. 52 III f"
br-anp-diretor;br-anp;chefia;"Lei 9.986/2000 art. 5º; Lei 13.848/2019; CF/88 art. 52 III f"
br-presidente-da-republica;br-anp-diretor;nomeia;"Lei 9.986/2000 art. 5º; Lei 13.848/2019; CF/88 art. 52 III f"
br-senado-federal;br-anp-diretor;sabatina;"CF/88 art. 52 III-IV; Lei 9.986/2000 art. 5º; Lei 13.848/2019; CF/88 art. 52 III f"
br-anm-dirigente;br-anm;chefia;"Lei 9.986/2000 art. 5º; Lei 13.848/2019; CF/88 art. 52 III f"
br-presidente-da-republica;br-anm-dirigente;nomeia;"Lei 9.986/2000 art. 5º; Lei 13.848/2019; CF/88 art. 52 III f"
br-senado-federal;br-anm-dirigente;sabatina;"CF/88 art. 52 III-IV; Lei 9.986/2000 art. 5º; Lei 13.848/2019; CF/88 art. 52 III f"
br-anm-diretor;br-anm;chefia;"Lei 9.986/2000 art. 5º; Lei 13.848/2019; CF/88 art. 52 III f"
br-presidente-da-republica;br-anm-diretor;nomeia;"Lei 9.986/2000 art. 5º; Lei 13.848/2019; CF/88 art. 52 III f"
br-senado-federal;br-anm-diretor;sabatina;"CF/88 art. 52 III-IV; Lei 9.986/2000 art. 5º; Lei 13.848/2019; CF/88 art. 52 III f"
br-anvisa-dirigente;br-anvisa;chefia;"Lei 9.986/2000 art. 5º; Lei 13.848/2019; CF/88 art. 52 III f"
br-presidente-da-republica;br-anvisa-dirigente;nomeia;"Lei 9.986/2000 art. 5º; Lei 13.848/2019; CF/88 art. 52 III f"
br-senado-federal;br-anvisa-dirigente;sabatina;"CF/88 art. 52 III-IV; Lei 9.986/2000 art. 5º; Lei 13.848/2019; CF/88 art. 52 III f"
br-anvisa-diretor;br-anvisa;chefia;"Lei 9.986/2000 art. 5º; Lei 13.848/2019; CF/88 art. 52 III f"
br-presidente-da-republica;br-anvisa-diretor;nomeia;"Lei 9.986/2000 art. 5º; Lei 13.848/2019; CF/88 art. 52 III f"
br-senado-federal;br-anvisa-diretor;sabatina;"CF/88 art. 52 III-IV; Lei 9.986/2000 art. 5º; Lei 13.848/2019; CF/88 art. 52 III f"
br-ans-dirigente;br-ans;chefia;"Lei 9.986/2000 art. 5º; Lei 13.848/2019; CF/88 art. 52 III f"
br-presidente-da-republica;br-ans-dirigente;nomeia;"Lei 9.986/2000 art. 5º; Lei 13.848/2019; CF/88 art. 52 III f"
br-senado-federal;br-ans-dirigente;sabatina;"CF/88 art. 52 III-IV; Lei 9.986/2000 art. 5º; Lei 13.848/2019; CF/88 art. 52 III f"
br-ans-diretor;br-ans;chefia;"Lei 9.986/2000 art. 5º; Lei 13.848/2019; CF/88 art. 52 III f"
br-presidente-da-republica;br-ans-diretor;nomeia;"Lei 9.986/2000 art. 5º; Lei 13.848/2019; CF/88 art. 52 III f"
br-senado-federal;br-ans-diretor;sabatina;"CF/88 art. 52 III-IV; Lei 9.986/2000 art. 5º; Lei 13.848/2019; CF/88 art. 52 III f"
br-ana-dirigente;br-ana;chefia;"Lei 9.986/2000 art. 5º; Lei 13.848/2019; CF/88 art. 52 III f"
br-presidente-da-republica;br-ana-dirigente;nomeia;"Lei 9.986/2000 art. 5º; Lei 13.848/2019; CF/88 art. 52 III f"
br-senado-federal;br-ana-dirigente;sabatina;"CF/88 art. 52 III-IV; Lei 9.986/2000 art. 5º; Lei 13.848/2019; CF/88 art. 52 III f"
br-ana-diretor;br-ana;chefia;"Lei 9.986/2000 art. 5º; Lei 13.848/2019; CF/88 art. 52 III f"
br-presidente-da-republica;br-ana-diretor;nomeia;"Lei 9.986/2000 art. 5º; Lei 13.848/2019; CF/88 art. 52 III f"
br-senado-federal;br-ana-diretor;sabatina;"CF/88 art. 52 III-IV; Lei 9.986/2000 art. 5º; Lei 13.848/2019; CF/88 art. 52 III f"
br-antt-dirigente;br-antt;chefia;"Lei 9.986/2000 art. 5º; Lei 13.848/2019; CF/88 art. 52 III f"
br-presidente-da-republica;br-antt-dirigente;nomeia;"Lei 9.986/2000 art. 5º; Lei 13.848/2019; CF/88 art. 52 III f"
br-senado-federal;br-antt-dirigente;sabatina;"CF/88 art. 52 III-IV; Lei 9.986/2000 art. 5º; Lei 13.848/2019; CF/88 art. 52 III f"
br-antt-diretor;br-antt;chefia;"Lei 9.986/2000 art. 5º; Lei 13.848/2019; CF/88 art. 52 III f"
br-presidente-da-republica;br-antt-diretor;nomeia;"Lei 9.986/2000 art. 5º; Lei 13.848/2019; CF/88 art. 52 III f"
br-senado-federal;br-antt-diretor;sabatina;"CF/88 art. 52 III-IV; Lei 9.986/2000 art. 5º; Lei 13.848/2019; CF/88 art. 52 III f"
br-antaq-dirigente;br-antaq;chefia;"Lei 9.986/2000 art. 5º; Lei 13.848/2019; CF/88 art. 52 III f"
br-presidente-da-republica;br-antaq-dirigente;nomeia;"Lei 9.986/2000 art. 5º; Lei 13.848/2019; CF/88 art. 52 III f"
br-senado-federal;br-antaq-dirigente;sabatina;"CF/88 art. 52 III-IV; Lei 9.986/2000 art. 5º; Lei 13.848/2019; CF/88 art. 52 III f"
br-antaq-diretor;br-antaq;chefia;"Lei 9.986/2000 art. 5º; Lei 13.848/2019; CF/88 art. 52 III f"
br-presidente-da-republica;br-antaq-diretor;nomeia;"Lei 9.986/2000 art. 5º; Lei 13.848/2019; CF/88 art. 52 III f"
br-senado-federal;br-antaq-diretor;sabatina;"CF/88 art. 52 III-IV; Lei 9.986/2000 art. 5º; Lei 13.848/2019; CF/88 art. 52 III f"
br-anac-dirigente;br-anac;chefia;"Lei 9.986/2000 art. 5º; Lei 13.848/2019; CF/88 art. 52 III f"
br-presidente-da-republica;br-anac-dirigente;nomeia;"Lei 9.986/2000 art. 5º; Lei 13.848/2019; CF/88 art. 52 III f"
br-senado-federal;br-anac-dirigente;sabatina;"CF/88 art. 52 III-IV; Lei 9.986/2000 art. 5º; Lei 13.848/2019; CF/88 art. 52 III f"
br-anac-diretor;br-anac;chefia;"Lei 9.986/2000 art. 5º; Lei 13.848/2019; CF/88 art. 52 III f"
br-presidente-da-republica;br-anac-diretor;nomeia;"Lei 9.986/2000 art. 5º; Lei 13.848/2019; CF/88 art. 52 III f"
br-senado-federal;br-anac-diretor;sabatina;"CF/88 art. 52 III-IV; Lei 9.986/2000 art. 5º; Lei 13.848/2019; CF/88 art. 52 III f"
br-ancine-dirigente;br-ancine;chefia;"Lei 9.986/2000 art. 5º; Lei 13.848/2019; CF/88 art. 52 III f"
br-presidente-da-republica;br-ancine-dirigente;nomeia;"Lei 9.986/2000 art. 5º; Lei 13.848/2019; CF/88 art. 52 III f"
br-senado-federal;br-ancine-dirigente;sabatina;"CF/88 art. 52 III-IV; Lei 9.986/2000 art. 5º; Lei 13.848/2019; CF/88 art. 52 III f"
br-ancine-diretor;br-ancine;chefia;"Lei 9.986/2000 art. 5º; Lei 13.848/2019; CF/88 art. 52 III f"
br-presidente-da-republica;br-ancine-diretor;nomeia;"Lei 9.986/2000 art. 5º; Lei 13.848/2019; CF/88 art. 52 III f"
br-senado-federal;br-ancine-diretor;sabatina;"CF/88 art. 52 III-IV; Lei 9.986/2000 art. 5º; Lei 13.848/2019; CF/88 art. 52 III f"
br-presidente-do-banco-central;br-banco-central-do-brasil;chefia;"LC 179/2021 arts. 3º-4º; CF/88 art. 52 III d"
br-presidente-da-republica;br-presidente-do-banco-central;nomeia;"LC 179/2021 arts. 3º-4º; CF/88 art. 52 III d"
br-senado-federal;br-presidente-do-banco-central;sabatina;"CF/88 art. 52 III-IV; LC 179/2021 arts. 3º-4º; CF/88 art. 52 III d"
br-diretor-do-banco-central;br-banco-central-do-brasil;chefia;"LC 179/2021 arts. 3º-4º; CF/88 art. 52 III d"
br-presidente-da-republica;br-diretor-do-banco-central;nomeia;"LC 179/2021 arts. 3º-4º; CF/88 art. 52 III d"
br-senado-federal;br-diretor-do-banco-central;sabatina;"CF/88 art. 52 III-IV; LC 179/2021 arts. 3º-4º; CF/88 art. 52 III d"
br-presidente-da-cvm;br-comissao-de-valores-mobiliarios;chefia;Lei 6.385/1976 art. 6º
br-presidente-da-republica;br-presidente-da-cvm;nomeia;Lei 6.385/1976 art. 6º
br-senado-federal;br-presidente-da-cvm;sabatina;"CF/88 art. 52 III-IV; Lei 6.385/1976 art. 6º"
br-diretor-da-cvm;br-comissao-de-valores-mobiliarios;chefia;Lei 6.385/1976 art. 6º
br-presidente-da-republica;br-diretor-da-cvm;nomeia;Lei 6.385/1976 art. 6º
br-senado-federal;br-diretor-da-cvm;sabatina;"CF/88 art. 52 III-IV; Lei 6.385/1976 art. 6º"
br-presidente-do-cade;br-cade;chefia;Lei 12.529/2011 art. 6º
br-presidente-da-republica;br-presidente-do-cade;nomeia;Lei 12.529/2011 art. 6º
br-senado-federal;br-presidente-do-cade;sabatina;"CF/88 art. 52 III-IV; Lei 12.529/2011 art. 6º"
br-conselheiro-do-cade;br-cade;chefia;Lei 12.529/2011 art. 6º
br-presidente-da-republica;br-conselheiro-do-cade;nomeia;Lei 12.529/2011 art. 6º
br-senado-federal;br-conselheiro-do-cade;sabatina;"CF/88 art. 52 III-IV; Lei 12.529/2011 art. 6º"
br-diretor-presidente-da-anpd;br-anpd;chefia;Lei 13.709/2018 art. 55-D
br-presidente-da-republica;br-diretor-presidente-da-anpd;nomeia;Lei 13.709/2018 art. 55-D
br-senado-federal;br-diretor-presidente-da-anpd;sabatina;"CF/88 art. 52 III-IV; Lei 13.709/2018 art. 55-D"
br-diretor-da-anpd;br-anpd;chefia;Lei 13.709/2018 art. 55-D
br-presidente-da-republica;br-diretor-da-anpd;nomeia;Lei 13.709/2018 art. 55-D
br-senado-federal;br-diretor-da-anpd;sabatina;"CF/88 art. 52 III-IV; Lei 13.709/2018 art. 55-D"
br-superintendente-da-susep;br-superintendencia-de-seguros-privados;chefia;Decreto-Lei 73/1966 art. 36
br-presidente-da-republica;br-superintendente-da-susep;nomeia;Decreto-Lei 73/1966 art. 36
br-inss-dirigente;br-inss;chefia;"CF/88 art. 84 XXV; Lei 8.029/1990 art. 17"
br-presidente-da-republica;br-inss-dirigente;nomeia;"CF/88 art. 84 XXV; Lei 8.029/1990 art. 17"
br-ibama-dirigente;br-ibama;chefia;"CF/88 art. 84 XXV; Lei 7.735/1989"
br-presidente-da-republica;br-ibama-dirigente;nomeia;"CF/88 art. 84 XXV; Lei 7.735/1989"
br-icmbio-dirigente;br-icmbio;chefia;"CF/88 art. 84 XXV; Lei 11.516/2007"
br-presidente-da-republica;br-icmbio-dirigente;nomeia;"CF/88 art. 84 XXV; Lei 11.516/2007"
br-funai-dirigente;br-funai;chefia;"CF/88 art. 84 XXV; Lei 5.371/1967"
br-presidente-da-republica;br-funai-dirigente;nomeia;"CF/88 art. 84 XXV; Lei 5.371/1967"
br-incra-dirigente;br-incra;chefia;"CF/88 art. 84 XXV; Decreto-Lei 1.110/1970"
br-presidente-da-republica;br-incra-dirigente;nomeia;"CF/88 art. 84 XXV; Decreto-Lei 1.110/1970"
br-inep-dirigente;br-inep;chefia;"CF/88 art. 84 XXV; Lei 9.448/1997"
br-presidente-da-republica;br-inep-dirigente;nomeia;"CF/88 art. 84 XXV; Lei 9.448/1997"
br-fnde-dirigente;br-fnde;chefia;"CF/88 art. 84 XXV; Lei 5.537/1968; Decreto 9.007/2017"
br-presidente-da-republica;br-fnde-dirigente;nomeia;"CF/88 art. 84 XXV; Lei 5.537/1968; Decreto 9.007/2017"
br-capes-dirigente;br-capes;chefia;"CF/88 art. 84 XXV; Lei 8.405/1992"
br-presidente-da-republica;br-capes-dirigente;nomeia;"CF/88 art. 84 XXV; Lei 8.405/1992"
br-cnpq-dirigente;br-cnpq;chefia;"CF/88 art. 84 XXV; Lei 6.129/1974"
br-presidente-da-republica;br-cnpq-dirigente;nomeia;"CF/88 art. 84 XXV; Lei 6.129/1974"
br-ibge-dirigente;br-ibge;chefia;"CF/88 art. 84 XXV; Lei 5.878/1973"
br-presidente-da-republica;br-ibge-dirigente;nomeia;"CF/88 art. 84 XXV; Lei 5.878/1973"
br-ipea-dirigente;br-ipea;chefia;"CF/88 art. 84 XXV; Decreto 7.142/2010"
br-presidente-da-republica;br-ipea-dirigente;nomeia;"CF/88 art. 84 XXV; Decreto 7.142/2010"
br-enap-dirigente;br-enap;chefia;"CF/88 art. 84 XXV; Lei 6.871/1980; Lei 8.140/1990"
br-presidente-da-republica;br-enap-dirigente;nomeia;"CF/88 art. 84 XXV; Lei 6.871/1980; Lei 8.140/1990"
br-iphan-dirigente;br-iphan;chefia;"CF/88 art. 84 XXV; Lei 8.113/1990"
br-presidente-da-republica;br-iphan-dirigente;nomeia;"CF/88 art. 84 XXV; Lei 8.113/1990"
br-funarte-dirigente;br-funarte;chefia;"CF/88 art. 84 XXV; Lei 6.312/1975"
br-presidente-da-republica;br-funarte-dirigente;nomeia;"CF/88 art. 84 XXV; Lei 6.312/1975"
br-biblioteca-nacional-dirigente;br-biblioteca-nacional;chefia;"CF/88 art. 84 XXV; Lei 8.029/1990 art. 22; Decreto 8.297/2014"
br-presidente-da-republica;br-biblioteca-nacional-dirigente;nomeia;"CF/88 art. 84 XXV; Lei 8.029/1990 art. 22; Decreto 8.297/2014"
br-fundacao-cultural-palmares-dirigente;br-fundacao-cultural-palmares;chefia;"CF/88 art. 84 XXV; Lei 7.668/1988"
br-presidente-da-republica;br-fundacao-cultural-palmares-dirigente;nomeia;"CF/88 art. 84 XXV; Lei 7.668/1988"
br-funasa-dirigente;br-funasa;chefia;"CF/88 art. 84 XXV; Lei 8.029/1990 art. 14; Decreto 100/1991"
br-presidente-da-republica;br-funasa-dirigente;nomeia;"CF/88 art. 84 XXV; Lei 8.029/1990 art. 14; Decreto 100/1991"
br-dnocs-dirigente;br-dnocs;chefia;"CF/88 art. 84 XXV; Lei 4.229/1963"
br-presidente-da-republica;br-dnocs-dirigente;nomeia;"CF/88 art. 84 XXV; Lei 4.229/1963"
br-dnit-dirigente;br-dnit;chefia;"CF/88 art. 84 XXV; Lei 10.233/2001 arts. 79-83"
br-presidente-da-republica;br-dnit-dirigente;nomeia;"CF/88 art. 84 XXV; Lei 10.233/2001 arts. 79-83"
br-instituto-nacional-da-propriedade-industrial-dirigente;br-instituto-nacional-da-propriedade-industrial;chefia;"CF/88 art. 84 XXV; Lei 5.648/1970"
br-presidente-da-republica;br-instituto-nacional-da-propriedade-industrial-dirigente;nomeia;"CF/88 art. 84 XXV; Lei 5.648/1970"
br-inmetro-dirigente;br-inmetro;chefia;"CF/88 art. 84 XXV; Lei 5.966/1973"
br-presidente-da-republica;br-inmetro-dirigente;nomeia;"CF/88 art. 84 XXV; Lei 5.966/1973"
br-previc-dirigente;br-previc;chefia;"CF/88 art. 84 XXV; Lei 12.154/2009"
br-presidente-da-republica;br-previc-dirigente;nomeia;"CF/88 art. 84 XXV; Lei 12.154/2009"
br-agencia-espacial-brasileira-dirigente;br-agencia-espacial-brasileira;chefia;"CF/88 art. 84 XXV; Lei 8.854/1994"
br-presidente-da-republica;br-agencia-espacial-brasileira-dirigente;nomeia;"CF/88 art. 84 XXV; Lei 8.854/1994"
br-cnen-dirigente;br-cnen;chefia;"CF/88 art. 84 XXV; Lei 4.118/1962; Lei 14.222/2021"
br-presidente-da-republica;br-cnen-dirigente;nomeia;"CF/88 art. 84 XXV; Lei 4.118/1962; Lei 14.222/2021"
br-iti-dirigente;br-iti;chefia;"CF/88 art. 84 XXV; MP 2.200-2/2001"
br-presidente-da-republica;br-iti-dirigente;nomeia;"CF/88 art. 84 XXV; MP 2.200-2/2001"
br-funag-dirigente;br-funag;chefia;"CF/88 art. 84 XXV; Lei 5.717/1971"
br-presidente-da-republica;br-funag-dirigente;nomeia;"CF/88 art. 84 XXV; Lei 5.717/1971"
br-sudene-dirigente;br-sudene;chefia;"CF/88 art. 84 XXV; LC 125/2007"
br-presidente-da-republica;br-sudene-dirigente;nomeia;"CF/88 art. 84 XXV; LC 125/2007"
br-sudam-dirigente;br-sudam;chefia;"CF/88 art. 84 XXV; LC 124/2007"
br-presidente-da-republica;br-sudam-dirigente;nomeia;"CF/88 art. 84 XXV; LC 124/2007"
br-sudeco-dirigente;br-sudeco;chefia;"CF/88 art. 84 XXV; LC 129/2009"
br-presidente-da-republica;br-sudeco-dirigente;nomeia;"CF/88 art. 84 XXV; LC 129/2009"
br-fiocruz-dirigente;br-fiocruz;chefia;Decreto 4.725/2003 art. 6º
br-presidente-da-republica;br-fiocruz-dirigente;nomeia;Decreto 4.725/2003 art. 6º
br-petrobras-dirigente;br-petrobras;chefia;"Lei 13.303/2016 arts. 13-17; estatuto social"
br-presidente-da-republica;br-petrobras-dirigente;indica;"Lei 13.303/2016 arts. 13-17; estatuto social"
br-banco-do-brasil-dirigente;br-banco-do-brasil;chefia;"Lei 13.303/2016 arts. 13-17; estatuto social"
br-presidente-da-republica;br-banco-do-brasil-dirigente;indica;"Lei 13.303/2016 arts. 13-17; estatuto social"
br-caixa-economica-federal-dirigente;br-caixa-economica-federal;chefia;"Lei 13.303/2016 arts. 13-17; estatuto social"
br-presidente-da-republica;br-caixa-economica-federal-dirigente;indica;"Lei 13.303/2016 arts. 13-17; estatuto social"
br-bndes-dirigente;br-bndes;chefia;"Lei 13.303/2016 arts. 13-17; estatuto social"
br-presidente-da-republica;br-bndes-dirigente;indica;"Lei 13.303/2016 arts. 13-17; estatuto social"
br-correios-dirigente;br-correios;chefia;"Lei 13.303/2016 arts. 13-17; estatuto social"
br-presidente-da-republica;br-correios-dirigente;indica;"Lei 13.303/2016 arts. 13-17; estatuto social"
br-empresa-brasil-de-comunicacao-dirigente;br-empresa-brasil-de-comunicacao;chefia;"Lei 13.303/2016 arts. 13-17; estatuto social"
br-presidente-da-republica;br-empresa-brasil-de-comunicacao-dirigente;indica;"Lei 13.303/2016 arts. 13-17; estatuto social"
br-embrapa-dirigente;br-embrapa;chefia;"Lei 13.303/2016 arts. 13-17; estatuto social"
br-presidente-da-republica;br-embrapa-dirigente;indica;"Lei 13.303/2016 arts. 13-17; estatuto social"
br-conab-dirigente;br-conab;chefia;"Lei 13.303/2016 arts. 13-17; estatuto social"
br-presidente-da-republica;br-conab-dirigente;indica;"Lei 13.303/2016 arts. 13-17; estatuto social"
br-serpro-dirigente;br-serpro;chefia;"Lei 13.303/2016 arts. 13-17; estatuto social"
br-presidente-da-republica;br-serpro-dirigente;indica;"Lei 13.303/2016 arts. 13-17; estatuto social"
br-dataprev-dirigente;br-dataprev;chefia;"Lei 13.303/2016 arts. 13-17; estatuto social"
br-presidente-da-republica;br-dataprev-dirigente;indica;"Lei 13.303/2016 arts. 13-17; estatuto social"
br-codevasf-dirigente;br-codevasf;chefia;"Lei 13.303/2016 arts. 13-17; estatuto social"
br-presidente-da-republica;br-codevasf-dirigente;indica;"Lei 13.303/2016 arts. 13-17; estatuto social"
br-infra-sa-dirigente;br-infra-sa;chefia;"Lei 13.303/2016 arts. 13-17; estatuto social"
br-presidente-da-republica;br-infra-sa-dirigente;indica;"Lei 13.303/2016 arts. 13-17; estatuto social"
br-infraero-dirigente;br-infraero;chefia;"Lei 13.303/2016 arts. 13-17; estatuto social"
br-presidente-da-republica;br-infraero-dirigente;indica;"Lei 13.303/2016 arts. 13-17; estatuto social"
br-telebras-dirigente;br-telebras;chefia;"Lei 13.303/2016 arts. 13-17; estatuto social"
br-presidente-da-republica;br-telebras-dirigente;indica;"Lei 13.303/2016 arts. 13-17; estatuto social"
br-empresa-de-pesquisa-energetica-dirigente;br-empresa-de-pesquisa-energetica;chefia;"Lei 13.303/2016 arts. 13-17; estatuto social"
br-presidente-da-republica;br-empresa-de-pesquisa-energetica-dirigente;indica;"Lei 13.303/2016 arts. 13-17; estatuto social"
br-finep-dirigente;br-finep;chefia;"Lei 13.303/2016 arts. 13-17; estatuto social"
br-presidente-da-republica;br-finep-dirigente;indica;"Lei 13.303/2016 arts. 13-17; estatuto social"
br-ebserh-dirigente;br-ebserh;chefia;"Lei 13.303/2016 arts. 13-17; estatuto social"
br-presidente-da-republica;br-ebserh-dirigente;indica;"Lei 13.303/2016 arts. 13-17; estatuto social"
br-casa-da-moeda-do-brasil-dirigente;br-casa-da-moeda-do-brasil;chefia;"Lei 13.303/2016 arts. 13-17; estatuto social"
br-presidente-da-republica;br-casa-da-moeda-do-brasil-dirigente;indica;"Lei 13.303/2016 arts. 13-17; estatuto social"
br-secretario-especial-da-receita-federal;br-receita-federal-do-brasil;chefia;"Lei 11.457/2007; Decreto de estrutura regimental do MF"
br-presidente-da-republica;br-secretario-especial-da-receita-federal;nomeia;"Lei 11.457/2007; Decreto de estrutura regimental do MF"
br-secretario-do-tesouro-nacional;br-secretaria-do-tesouro-nacional;chefia;Decreto de estrutura regimental do MF
br-presidente-da-republica;br-secretario-do-tesouro-nacional;nomeia;Decreto de estrutura regimental do MF
br-diretor-geral-da-policia-federal;br-policia-federal;chefia;Lei 9.266/1996 art. 2º-C
br-presidente-da-republica;br-diretor-geral-da-policia-federal;nomeia;Lei 9.266/1996 art. 2º-C
br-diretor-geral-da-policia-rodoviaria-federal;br-policia-rodoviaria-federal;chefia;Decreto de estrutura regimental do MJSP
br-presidente-da-republica;br-diretor-geral-da-policia-rodoviaria-federal;nomeia;Decreto de estrutura regimental do MJSP
br-diretor-geral-da-abin;br-agencia-brasileira-de-inteligencia;chefia;Lei 9.883/1999 art. 11
br-presidente-da-republica;br-diretor-geral-da-abin;nomeia;Lei 9.883/1999 art. 11
br-senado-federal;br-diretor-geral-da-abin;sabatina;"CF/88 art. 52 III-IV; Lei 9.883/1999 art. 11"
br-marinha-do-brasil-comandante;br-marinha-do-brasil;chefia;LC 97/1999 art. 4º
br-presidente-da-republica;br-marinha-do-brasil-comandante;nomeia;LC 97/1999 art. 4º
br-exercito-brasileiro-comandante;br-exercito-brasileiro;chefia;LC 97/1999 art. 4º
br-presidente-da-republica;br-exercito-brasileiro-comandante;nomeia;LC 97/1999 art. 4º
br-forca-aerea-brasileira-comandante;br-forca-aerea-brasileira;chefia;LC 97/1999 art. 4º
br-presidente-da-republica;br-forca-aerea-brasileira-comandante;nomeia;LC 97/1999 art. 4º
br-presidente-da-camara-dos-deputados;br-camara-dos-deputados;chefia;"CF/88 art. 57 §4º; RICD art. 5º"
br-camara-dos-deputados;br-presidente-da-camara-dos-deputados;indica;"CF/88 art. 57 §4º; RICD art. 5º"
br-presidente-do-senado-federal;br-senado-federal;chefia;"CF/88 art. 57 §§4º-5º; RISF art. 3º"
br-senado-federal;br-presidente-do-senado-federal;indica;"CF/88 art. 57 §§4º-5º; RISF art. 3º"
br-deputado-federal;br-camara-dos-deputados;chefia;CF/88 arts. 45 e 53-56
br-eleitorado;br-deputado-federal;indica;CF/88 arts. 45 e 53-56
br-senador;br-senado-federal;chefia;CF/88 arts. 46 e 53-56
br-eleitorado;br-senador;indica;CF/88 arts. 46 e 53-56
br-ministro-do-tcu;br-tribunal-de-contas-da-uniao;chefia;CF/88 art. 73 §§1º-2º
br-presidente-da-republica;br-ministro-do-tcu;nomeia;CF/88 art. 73 §§1º-2º
br-senado-federal;br-ministro-do-tcu;sabatina;"CF/88 art. 52 III-IV; CF/88 art. 73 §§1º-2º"
br-presidente-do-tcu;br-tribunal-de-contas-da-uniao;chefia;"Lei 8.443/1992 art. 67; RITCU"
br-tribunal-de-contas-da-uniao;br-presidente-do-tcu;indica;"Lei 8.443/1992 art. 67; RITCU"
br-supremo-tribunal-federal-ministro;br-supremo-tribunal-federal;chefia;"CF/88 art. 101; CF/88 art. 52 III a"
br-presidente-da-republica;br-supremo-tribunal-federal-ministro;nomeia;"CF/88 art. 101; CF/88 art. 52 III a"
br-senado-federal;br-supremo-tribunal-federal-ministro;sabatina;"CF/88 art. 52 III-IV; CF/88 art. 101; CF/88 art. 52 III a"
br-supremo-tribunal-federal-presidente;br-supremo-tribunal-federal;chefia;Regimento interno do tribunal
br-supremo-tribunal-federal;br-supremo-tribunal-federal-presidente;indica;Regimento interno do tribunal
br-superior-tribunal-de-justica-ministro;br-superior-tribunal-de-justica;chefia;"CF/88 art. 104; CF/88 art. 52 III a"
br-presidente-da-republica;br-superior-tribunal-de-justica-ministro;nomeia;"CF/88 art. 104; CF/88 art. 52 III a"
br-senado-federal;br-superior-tribunal-de-justica-ministro;sabatina;"CF/88 art. 52 III-IV; CF/88 art. 104; CF/88 art. 52 III a"
br-superior-tribunal-de-justica-presidente;br-superior-tribunal-de-justica;chefia;Regimento interno do tribunal
br-superior-tribunal-de-justica;br-superior-tribunal-de-justica-presidente;indica;Regimento interno do tribunal
br-tribunal-superior-do-trabalho-ministro;br-tribunal-superior-do-trabalho;chefia;"CF/88 art. 111-A; CF/88 art. 52 III a"
br-presidente-da-republica;br-tribunal-superior-do-trabalho-ministro;nomeia;"CF/88 art. 111-A; CF/88 art. 52 III a"
br-senado-federal;br-tribunal-superior-do-trabalho-ministro;sabatina;"CF/88 art. 52 III-IV; CF/88 art. 111-A; CF/88 art. 52 III a"
br-tribunal-superior-do-trabalho-presidente;br-tribunal-superior-do-trabalho;chefia;Regimento interno do tribunal
br-tribunal-superior-do-trabalho;br-tribunal-superior-do-trabalho-presidente;indica;Regimento interno do tribunal
br-superior-tribunal-militar-ministro;br-superior-tribunal-militar;chefia;"CF/88 art. 123; CF/88 art. 52 III a"
br-presidente-da-republica;br-superior-tribunal-militar-ministro;nomeia;"CF/88 art. 123; CF/88 art. 52 III a"
br-senado-federal;br-superior-tribunal-militar-ministro;sabatina;"CF/88 art. 52 III-IV; CF/88 art. 123; CF/88 art. 52 III a"
br-superior-tribunal-militar-presidente;br-superior-tribunal-militar;chefia;Regimento interno do tribunal
br-superior-tribunal-militar;br-superior-tribunal-militar-presidente;indica;Regimento interno do tribunal
br-tribunal-superior-eleitoral-ministro;br-tribunal-superior-eleitoral;chefia;CF/88 art. 119
br-presidente-da-republica;br-tribunal-superior-eleitoral-ministro;nomeia;CF/88 art. 119
br-tribunal-superior-eleitoral-presidente;br-tribunal-superior-eleitoral;chefia;CF/88 art. 119, parágrafo único
br-tribunal-superior-eleitoral;br-tribunal-superior-eleitoral-presidente;indica;CF/88 art. 119, parágrafo único
br-conselheiro-do-cnj;br-conselho-nacional-de-justica;chefia;CF/88 art. 103-B §2º
br-presidente-da-republica;br-conselheiro-do-cnj;nomeia;CF/88 art. 103-B §2º
br-senado-federal;br-conselheiro-do-cnj;sabatina;"CF/88 art. 52 III-IV; CF/88 art. 103-B §2º"
br-presidente-do-cnj;br-conselho-nacional-de-justica;chefia;CF/88 art. 103-B §1º
br-procurador-geral-da-republica;br-ministerio-publico-da-uniao;chefia;"CF/88 art. 128 §1º; CF/88 art. 52 III e"
br-presidente-da-republica;br-procurador-geral-da-republica;nomeia;"CF/88 art. 128 §1º; CF/88 art. 52 III e"
br-senado-federal;br-procurador-geral-da-republica;sabatina;"CF/88 art. 52 III-IV; CF/88 art. 128 §1º; CF/88 art. 52 III e"
br-procurador-geral-do-trabalho;br-ministerio-publico-do-trabalho;chefia;LC 75/1993 art. 88
br-procurador-geral-da-republica;br-procurador-geral-do-trabalho;nomeia;LC 75/1993 art. 88
br-procurador-geral-da-justica-militar;br-ministerio-publico-militar;chefia;LC 75/1993 art. 121
br-procurador-geral-da-republica;br-procurador-geral-da-justica-militar;nomeia;LC 75/1993 art. 121
br-procurador-geral-de-justica-do-dft;br-ministerio-publico-do-distrito-federal-e-territorios;chefia;LC 75/1993 art. 156
br-presidente-da-republica;br-procurador-geral-de-justica-do-dft;nomeia;LC 75/1993 art. 156
br-conselheiro-do-cnmp;br-conselho-nacional-do-ministerio-publico;chefia;CF/88 art. 130-A
br-presidente-da-republica;br-conselheiro-do-cnmp;nomeia;CF/88 art. 130-A
br-senado-federal;br-conselheiro-do-cnmp;sabatina;"CF/88 art. 52 III-IV; CF/88 art. 130-A"
br-defensor-publico-geral-federal;br-defensoria-publica-da-uniao;chefia;LC 80/1994 art. 6º
br-presidente-da-republica;br-defensor-publico-geral-federal;nomeia;LC 80/1994 art. 6º
br-senado-federal;br-defensor-publico-geral-federal;sabatina;"CF/88 art. 52 III-IV; LC 80/1994 art. 6º"
br-procurador-geral-da-uniao;br-procuradoria-geral-da-uniao;chefia;LC 73/1993 art. 9º
br-presidente-da-republica;br-procurador-geral-da-uniao;nomeia;LC 73/1993 art. 9º
br-procurador-geral-federal;br-procuradoria-geral-federal;chefia;Lei 10.480/2002 art. 11
br-presidente-da-republica;br-procurador-geral-federal;nomeia;Lei 10.480/2002 art. 11
br-procurador-geral-da-fazenda-nacional;br-procuradoria-geral-da-fazenda-nacional;chefia;LC 73/1993 art. 12
br-presidente-da-republica;br-procurador-geral-da-fazenda-nacional;nomeia;LC 73/1993 art. 12
br-colegio-pedro-ii;br-ministerio-da-educacao;integra;Portaria 2806/2026
br-ministerio-da-educacao;br-fundacao-joaquim-nabuco;supervisiona;"DL 200/1967 arts. 19-20; Portaria 159/2023"
br-ministerio-da-educacao;br-hospital-de-clinicas-de-porto-alegre;supervisiona;"DL 200/1967 arts. 19-20; Ata 8/2019"
br-universidade-federal-do-estado-do-rio-de-janeiro;br-ministerio-da-educacao;integra;Portaria 9331/2025
br-ministerio-da-cultura;br-fundacao-casa-de-rui-barbosa;supervisiona;"DL 200/1967 arts. 19-20; Portaria 2/2026"
br-ministerio-da-defesa;br-industria-de-material-belico-do-brasil;supervisiona;"DL 200/1967 arts. 19-20; Resolução 49/2024"
br-ministerio-do-desenvolvimento-industria-comercio-e-servicos;br-superintendencia-da-zona-franca-de-manaus;supervisiona;"DL 200/1967 arts. 19-20; Portaria 2729/2026"
br-ministerio-da-fazenda;br-banco-da-amazonia-s-a;supervisiona;"DL 200/1967 arts. 19-20; Decreto 11344/2023"
br-ministerio-da-fazenda;br-banco-do-nordeste-do-brasil-s-a;supervisiona;"DL 200/1967 arts. 19-20; Decreto 11344/2023"
br-ministerio-de-portos-e-aeroportos;br-companhia-docas-do-rio-de-janeiro;supervisiona;"DL 200/1967 arts. 19-20; Decreto 11354/2023"
br-ministerio-de-portos-e-aeroportos;br-companhia-docas-do-para;supervisiona;"DL 200/1967 arts. 19-20; Decreto 11354/2023"
br-ministerio-de-portos-e-aeroportos;br-companhia-docas-do-rio-grande-do-norte;supervisiona;"DL 200/1967 arts. 19-20; Decreto 9660/2019"
br-ministerio-da-defesa;br-caixa-de-construcoes-de-casas-para-o-pessoal-da-marinha;supervisiona;"DL 200/1967 arts. 19-20; SIORG (ato normativo não informado)"
br-ministerio-do-trabalho-e-emprego;br-fundacao-jorge-duprat-figueiredo-de-seguranca-e-medicina-do-trabalho;supervisiona;"DL 200/1967 arts. 19-20; Portaria 1928/2026"
br-ministerio-de-minas-e-energia;br-companhia-de-pesquisa-de-recursos-minerais;supervisiona;"DL 200/1967 arts. 19-20; SIORG (ato normativo não informado)"
br-ministerio-de-minas-e-energia;br-industrias-nucleares-do-brasil-s-a;supervisiona;"DL 200/1967 arts. 19-20; Resolução 64/2025"
br-assessoria-especial-do-presidente-da-republica;br-presidencia-da-republica;integra;Decreto 12788/2025
br-ministerio-das-cidades;br-companhia-brasileira-de-trens-urbanos;supervisiona;"DL 200/1967 arts. 19-20; SIORG (ato normativo não informado)"
br-universidade-federal-do-para;br-ministerio-da-educacao;integra;Portaria 03/2026
br-universidade-federal-do-ceara;br-ministerio-da-educacao;integra;Resolução 36/2026
br-universidade-federal-do-rio-grande-do-norte;br-ministerio-da-educacao;integra;Portaria 1513/2025
br-universidade-federal-de-pernambuco;br-ministerio-da-educacao;integra;Instrução Normativa 16/2025
br-universidade-federal-da-paraiba;br-ministerio-da-educacao;integra;Ajuste 2708/2026
br-universidade-federal-de-alagoas;br-ministerio-da-educacao;integra;Portaria 812/2026
br-universidade-federal-da-bahia;br-ministerio-da-educacao;integra;Portaria 114/2026
br-universidade-federal-de-goias;br-ministerio-da-educacao;integra;Portaria 5927/2026
br-universidade-federal-de-minas-gerais;br-ministerio-da-educacao;integra;Portaria 6829/2026
br-universidade-federal-de-juiz-de-fora;br-ministerio-da-educacao;integra;Resolução 256/2026
br-universidade-federal-do-espirito-santo;br-ministerio-da-educacao;integra;Portaria 631/2026
br-universidade-federal-do-rio-de-janeiro;br-ministerio-da-educacao;integra;Portaria 10174/2026
br-universidade-federal-fluminense;br-ministerio-da-educacao;integra;Portaria 68939/2026
br-universidade-federal-do-parana;br-ministerio-da-educacao;integra;Resolução 20/2024
br-universidade-federal-de-santa-catarina;br-ministerio-da-educacao;integra;Portaria 2615/2026
br-universidade-federal-do-rio-grande-do-sul;br-ministerio-da-educacao;integra;Portaria 5975/2026
br-universidade-federal-de-santa-maria;br-ministerio-da-educacao;integra;Portaria Normativa 117/2026
br-universidade-federal-rural-do-rio-de-janeiro;br-ministerio-da-educacao;integra;Deliberação 72/2026
br-universidade-federal-rural-de-pernambuco;br-ministerio-da-educacao;integra;Portaria 863/2026
br-instituto-federal-de-educacao-ciencia-e-tecnologia-do-piaui;br-ministerio-da-educacao;integra;Ajuste 271/2026
br-instituto-federal-de-educacao-ciencia-e-tecnologia-do-rio-grande-do-norte;br-ministerio-da-educacao;integra;Portaria 63/2026
br-instituto-federal-de-educacao-ciencia-e-tecnologia-da-bahia;br-ministerio-da-educacao;integra;Portaria 1770/2026
br-centro-federal-de-educacao-tecnologica-de-minas-gerais;br-ministerio-da-educacao;integra;Portaria 147/2026
br-centro-federal-de-educacao-tecnologica-celso-suckow-da-fonseca;br-ministerio-da-educacao;integra;Portaria 1198/2026
br-instituto-federal-de-educacao-ciencia-e-tecnologia-de-goias;br-ministerio-da-educacao;integra;Resolução 293/2026
br-instituto-federal-de-educacao-ciencia-e-tecnologia-de-sao-paulo;br-ministerio-da-educacao;integra;Ajuste 166/2026
br-universidade-tecnologica-federal-do-parana;br-ministerio-da-educacao;integra;Portaria 1322/2026
br-instituto-federal-de-educacao-ciencia-e-tecnologia-de-santa-catarina;br-ministerio-da-educacao;integra;Portaria 49/2026
br-instituto-federal-de-educacao-ciencia-e-tecnologia-sul-rio-grandense;br-ministerio-da-educacao;integra;Resolução 763/2026
br-universidade-federal-rural-da-amazonia;br-ministerio-da-educacao;integra;Portaria 1371/2026
br-universidade-federal-rural-do-semi-arido;br-ministerio-da-educacao;integra;Portaria 22/2026
br-universidade-federal-do-triangulo-mineiro;br-ministerio-da-educacao;integra;Portaria 304/2026
br-universidade-federal-dos-vales-do-jequitinhonha-e-mucuri;br-ministerio-da-educacao;integra;Resolução 06/2009
br-universidade-federal-de-alfenas;br-ministerio-da-educacao;integra;Resolução 44/2026
br-universidade-federal-de-itajuba;br-ministerio-da-educacao;integra;Portaria 2283/2026
br-universidade-federal-de-lavras;br-ministerio-da-educacao;integra;Portaria Normativa 247/2026
br-universidade-federal-de-sao-paulo;br-ministerio-da-educacao;integra;Resolução 275/2025
br-fundacao-universidade-do-amazonas;br-ministerio-da-educacao;integra;Resolução 19/2026
br-fundacao-universidade-federal-do-acre;br-ministerio-da-educacao;integra;Portaria 3530/2026
br-fundacao-universidade-federal-do-maranhao;br-ministerio-da-educacao;integra;Resolução 397/2026
br-fundacao-universidade-federal-do-piaui;br-ministerio-da-educacao;integra;Resolução 209/2026
br-fundacao-universidade-federal-de-sergipe;br-ministerio-da-educacao;integra;Portaria 813/2026
br-fundacao-universidade-de-brasilia;br-ministerio-da-educacao;integra;Ato 1086/2026
br-fundacao-universidade-federal-de-mato-grosso;br-ministerio-da-educacao;integra;Ajuste 121/2026
br-universidade-federal-de-uberlandia;br-ministerio-da-educacao;integra;Ato Administrativo 115/2026
br-fundacao-universidade-federal-de-ouro-preto;br-ministerio-da-educacao;integra;Resolução 2954/2026
br-fundacao-universidade-federal-de-vicosa;br-ministerio-da-educacao;integra;Resolução 7/2023
br-fundacao-universidade-federal-de-sao-carlos;br-ministerio-da-educacao;integra;Portaria 8504/2026
br-fundacao-universidade-federal-do-rio-grande;br-ministerio-da-educacao;integra;Resolução 90/2026
br-fundacao-universidade-federal-de-pelotas;br-ministerio-da-educacao;integra;Portaria 284/2026
br-ministerio-de-portos-e-aeroportos;br-companhia-das-docas-do-estado-da-bahia;supervisiona;"DL 200/1967 arts. 19-20; Decreto 11354/2023"
br-ministerio-de-portos-e-aeroportos;br-companhia-docas-do-ceara;supervisiona;"DL 200/1967 arts. 19-20; Decreto 11354/2023"
br-fundacao-universidade-federal-de-mato-grosso-do-sul;br-ministerio-da-educacao;integra;Portaria 1567/2026
br-ministerio-da-defesa;br-fundacao-habitacional-do-exercito;supervisiona;"DL 200/1967 arts. 19-20; SIORG (ato normativo não informado)"
br-ministerio-das-cidades;br-empresa-de-trens-urbanos-de-porto-alegre-s-a;supervisiona;"DL 200/1967 arts. 19-20; Decreto 11333/2023"
br-ministerio-de-portos-e-aeroportos;br-autoridade-portuaria-de-santos-s-a;supervisiona;"DL 200/1967 arts. 19-20; Decreto 11354/2023"
br-fundacao-universidade-federal-de-ciencias-da-saude-de-porto-alegre;br-ministerio-da-educacao;integra;Portaria 7528/2026
br-ministerio-da-defesa;br-empresa-gerencial-de-projetos-navais;supervisiona;"DL 200/1967 arts. 19-20; Resolução 30/2024"
br-fundacao-universidade-federal-de-rondonia;br-ministerio-da-educacao;integra;Resolução 871/2026
br-vice-presidencia-da-republica;br-presidencia-da-republica;integra;Decreto 12935/2026
br-ministerio-da-defesa;br-caixa-de-financiamento-imobiliario-da-aeronautica;supervisiona;"DL 200/1967 arts. 19-20; Decreto 13077/2026"
br-ministerio-do-meio-ambiente-e-mudanca-do-clima;br-instituto-de-pesquisas-jardim-botanico-do-rio-de-janeiro;supervisiona;"DL 200/1967 arts. 19-20; Portaria 38/2025"
br-gabinete-pessoal-do-presidente-da-republica;br-presidencia-da-republica;integra;Decreto 12788/2025
br-ministerio-da-saude;br-grupo-hospitalar-conceicao-s-a;supervisiona;"DL 200/1967 arts. 19-20; Medida Provisória 1301/2025"
br-universidade-federal-do-reconcavo-da-bahia;br-ministerio-da-educacao;integra;Portaria 899/2026
br-fundacao-universidade-federal-de-roraima;br-ministerio-da-educacao;integra;Resolução 163/2026
br-fundacao-universidade-federal-do-amapa;br-ministerio-da-educacao;integra;Resolução 037/2013
br-fundacao-universidade-federal-de-sao-joao-del-rei;br-ministerio-da-educacao;integra;Resolução 4/2026
br-instituto-federal-de-educacao-ciencia-e-tecnologia-de-roraima;br-ministerio-da-educacao;integra;Resolução 899/2026
br-fundacao-universidade-federal-da-grande-dourados;br-ministerio-da-educacao;integra;Resolução 1067/2026
br-ministerio-da-defesa;br-fundacao-osorio;supervisiona;"DL 200/1967 arts. 19-20; Decreto 11227/2022"
br-instituto-federal-de-educacao-ciencia-e-tecnologia-de-alagoas;br-ministerio-da-educacao;integra;Resolução 228/2026
br-instituto-federal-de-educacao-ciencia-e-tecnologia-de-mato-grosso-do-sul;br-ministerio-da-educacao;integra;Portaria 950/2026
br-instituto-federal-de-educacao-ciencia-e-tecnologia-de-sergipe;br-ministerio-da-educacao;integra;Portaria 94/2026
br-instituto-federal-de-educacao-ciencia-e-tecnologia-goiano;br-ministerio-da-educacao;integra;Portaria 4660/2026
br-instituto-federal-de-educacao-ciencia-e-tecnologia-do-rio-de-janeiro;br-ministerio-da-educacao;integra;Portaria 578/2026
br-ministerio-da-saude;br-empresa-brasileira-de-hemoderivados-e-biotecnologia;supervisiona;"DL 200/1967 arts. 19-20; SIORG (ato normativo não informado)"
br-instituto-federal-de-educacao-ciencia-e-tecnologia-de-mato-grosso;br-ministerio-da-educacao;integra;Resolução 81/2026
br-instituto-federal-de-educacao-ciencia-e-tecnologia-do-maranhao;br-ministerio-da-educacao;integra;Resolução 104/2026
br-instituto-federal-de-educacao-ciencia-e-tecnologia-do-norte-de-minas-gerais;br-ministerio-da-educacao;integra;Portaria 5453/2026
br-ministerio-da-cultura;br-instituto-brasileiro-de-museus;supervisiona;"DL 200/1967 arts. 19-20; Portaria 4236/2026"
br-instituto-federal-de-educacao-ciencia-e-tecnologia-do-sudeste-de-minas-gerais;br-ministerio-da-educacao;integra;Portaria 947/2026
br-ministerio-da-ciencia-tecnologia-e-inovacao;br-centro-nacional-de-tecnologia-eletronica-avancada-s-a;supervisiona;"DL 200/1967 arts. 19-20; SIORG (ato normativo não informado)"
br-instituto-federal-de-educacao-ciencia-e-tecnologia-do-triangulo-mineiro;br-ministerio-da-educacao;integra;Resolução 365/2023
br-instituto-federal-de-educacao-ciencia-e-tecnologia-do-tocantins;br-ministerio-da-educacao;integra;Portaria 1514/2026
br-instituto-federal-de-educacao-ciencia-e-tecnologia-do-espirito-santo;br-ministerio-da-educacao;integra;Portaria 315/2026
br-instituto-federal-de-educacao-ciencia-e-tecnologia-do-sul-de-minas-gerais;br-ministerio-da-educacao;integra;Portaria 4555/2026
br-instituto-federal-de-educacao-ciencia-e-tecnologia-baiano;br-ministerio-da-educacao;integra;Portaria 505/2026
br-ministerio-do-desenvolvimento-agrario;br-companhia-de-entrepostos-e-armazens-gerais-de-sao-paulo;supervisiona;"DL 200/1967 arts. 19-20; Decreto 11401/2023"
br-ministerio-da-fazenda;br-agencia-brasileira-gestora-de-fundos-garantidores-e-garantias-s-a;supervisiona;"DL 200/1967 arts. 19-20; Decreto 11344/2023"
br-instituto-federal-de-educacao-ciencia-e-tecnologia-do-sertao-pernambucano;br-ministerio-da-educacao;integra;Portaria 591/2026
br-instituto-federal-de-educacao-ciencia-e-tecnologia-de-pernambuco;br-ministerio-da-educacao;integra;Portaria 1210/2026
br-ministerio-de-minas-e-energia;br-empresa-brasileira-de-administracao-de-petroleo-e-gas-natural-s-a-pre-sal-petroleo-s-a;supervisiona;"DL 200/1967 arts. 19-20; SIORG (ato normativo não informado)"
br-instituto-federal-de-educacao-ciencia-e-tecnologia-da-paraiba;br-ministerio-da-educacao;integra;Portaria 131/2026
br-instituto-federal-de-educacao-ciencia-e-tecnologia-farroupilha;br-ministerio-da-educacao;integra;Portaria 1350/2026
br-instituto-federal-de-educacao-ciencia-e-tecnologia-de-rondonia;br-ministerio-da-educacao;integra;Portaria 25/2026
br-instituto-federal-de-educacao-ciencia-e-tecnologia-do-amazonas;br-ministerio-da-educacao;integra;Portaria 1475/2026
br-instituto-federal-de-educacao-ciencia-e-tecnologia-do-ceara;br-ministerio-da-educacao;integra;Portaria Normativa 441/2026
br-instituto-federal-de-educacao-ciencia-e-tecnologia-de-minas-gerais;br-ministerio-da-educacao;integra;Resolução 65/2026
br-instituto-federal-de-educacao-ciencia-e-tecnologia-do-para;br-ministerio-da-educacao;integra;Resolução 1776/2026
br-instituto-federal-de-educacao-ciencia-e-tecnologia-do-rio-grande-do-sul;br-ministerio-da-educacao;integra;Portaria 144/2026
br-instituto-federal-de-educacao-ciencia-e-tecnologia-catarinense;br-ministerio-da-educacao;integra;Resolução 1/2021
br-fundacao-universidade-federal-do-abc;br-ministerio-da-educacao;integra;Portaria 1056/2026
br-fundacao-universidade-federal-do-tocantins;br-ministerio-da-educacao;integra;Portaria 1655/2026
br-ministerio-do-desenvolvimento-agrario;br-centrais-de-abastecimento-de-minas-gerais-s-a;supervisiona;"DL 200/1967 arts. 19-20; Decreto 11396/2023"
br-ministerio-da-gestao;br-fundacao-de-previdencia-complementar-do-servidor-publico-federal-do-poder-executivo;supervisiona;"DL 200/1967 arts. 19-20; Decreto 11345/2023"
br-ministerio-de-minas-e-energia;br-nuclebras-equipamentos-pesados-s-a;supervisiona;"DL 200/1967 arts. 19-20; SIORG (ato normativo não informado)"
br-instituto-federal-de-educacao-ciencia-e-tecnologia-do-parana;br-ministerio-da-educacao;integra;Portaria 340/2026
br-universidade-federal-do-oeste-do-para;br-ministerio-da-educacao;integra;Portaria 424/2026
br-instituto-federal-de-educacao-ciencia-e-tecnologia-fluminense;br-ministerio-da-educacao;integra;Portaria 1325/2026
br-ministerio-da-fazenda;br-empresa-gestora-de-ativos;supervisiona;"DL 200/1967 arts. 19-20; SIORG (ato normativo não informado)"
br-fundacao-universidade-federal-do-pampa;br-ministerio-da-educacao;integra;Portaria 362/2026
br-universidade-federal-de-campina-grande;br-ministerio-da-educacao;integra;Resolução 06/2005
br-empresa-brasileira-de-participacoes-em-energia-nuclear-e-binacional-s-a;br-eletronuclear-s-a;supervisiona;"DL 200/1967 arts. 19-20; Decreto 10791/2021"
br-instituto-federal-de-educacao-ciencia-e-tecnologia-do-acre;br-ministerio-da-educacao;integra;Portaria 129/2026
br-instituto-federal-de-educacao-ciencia-e-tecnologia-do-amapa;br-ministerio-da-educacao;integra;Portaria 281/2026
br-instituto-federal-de-educacao-ciencia-e-tecnologia-de-brasilia;br-ministerio-da-educacao;integra;Portaria 1362/2026
br-universidade-federal-da-integracao-latino-americana;br-ministerio-da-educacao;integra;Portaria 186/2026
br-universidade-federal-do-sul-da-bahia;br-ministerio-da-educacao;integra;Portaria 709/2026
br-universidade-federal-do-sul-e-sudeste-do-para;br-ministerio-da-educacao;integra;Ajuste 157/2026
br-universidade-federal-do-oeste-da-bahia;br-ministerio-da-educacao;integra;Portaria 700/2026
br-universidade-federal-do-cariri;br-ministerio-da-educacao;integra;Portaria Normativa 252/2026
br-universidade-federal-da-fronteira-sul;br-ministerio-da-educacao;integra;Portaria 4840/2026
br-fundacao-universidade-federal-do-vale-do-sao-francisco;br-ministerio-da-educacao;integra;Portaria 1676/2026
br-universidade-da-integracao-internacional-da-lusofonia-afro-brasileira;br-ministerio-da-educacao;integra;Portaria 1254/2026
br-ministerio-da-defesa;br-amazonia-azul-tecnologias-de-defesa-s-a;supervisiona;"DL 200/1967 arts. 19-20; Decreto 9660/2019"
br-universidade-federal-de-catalao;br-ministerio-da-educacao;integra;Portaria 439/2026
br-universidade-federal-de-jatai;br-ministerio-da-educacao;integra;Portaria 347/2026
br-universidade-federal-de-rondonopolis;br-ministerio-da-educacao;integra;Portaria 660/2026
br-universidade-federal-do-delta-do-parnaiba;br-ministerio-da-educacao;integra;Ajuste 195/2026
br-universidade-federal-do-agreste-de-pernambuco;br-ministerio-da-educacao;integra;Resolução 024/2023
br-universidade-federal-do-norte-do-tocantins;br-ministerio-da-educacao;integra;Portaria 15/2026
br-ministerio-de-minas-e-energia;br-autoridade-nacional-de-seguranca-nuclear;supervisiona;"DL 200/1967 arts. 19-20; Portaria 33/2026"
br-ministerio-da-defesa;br-nav-brasil-servicos-de-navegacao-aerea-s-a;supervisiona;"DL 200/1967 arts. 19-20; Lei 15083/2025"
br-ministerio-de-minas-e-energia;br-empresa-brasileira-de-participacoes-em-energia-nuclear-e-binacional-s-a;supervisiona;"DL 200/1967 arts. 19-20; Decreto 10791/2021"
br-ministerio-das-cidades;br-veiculo-de-desestatizacao-mg-investimentos-s-a;supervisiona;"DL 200/1967 arts. 19-20; SIORG (ato normativo não informado)"
br-instituto-federal-de-educacao-ciencia-e-tecnologia-do-sertao-paraibano;br-ministerio-da-educacao;integra;Lei 15367/2026
br-universidade-federal-indigena;br-ministerio-da-educacao;integra;Lei 15418/2026
br-caixa-economica-federal;br-caixa-seguridade-participacoes-s-a;supervisiona;"DL 200/1967 arts. 19-20; Estatuto 000000/2025"
br-caixa-economica-federal;br-caixa-cartoes-holding-s-a;supervisiona;"DL 200/1967 arts. 19-20; Estatuto 000000/2018"
br-caixa-economica-federal;br-caixa-loterias-s-a;supervisiona;"DL 200/1967 arts. 19-20; Assembléia Geral Extraordinária 000000/2015"
br-caixa-economica-federal;br-caixa-distribuidora-de-titulos-e-valores-mobiliarios-s-a;supervisiona;"DL 200/1967 arts. 19-20; Estatuto 000000/2023"
br-universidade-federal-do-esporte;br-ministerio-da-educacao;integra;Lei 15457/2026
br-tribunal-regional-eleitoral-de-roraima;br-tribunais-regionais-eleitorais;integra;Resolução 510/2023
br-tribunal-regional-eleitoral-do-rio-grande-do-norte;br-tribunais-regionais-eleitorais;integra;Lei 4737/1965
br-tribunal-de-justica-do-distrito-federal-e-dos-territorios;br-superior-tribunal-de-justica;integra;SIORG (ato normativo não informado)
br-tribunal-regional-do-trabalho-da-13a-regiao-pb;br-tribunais-regionais-do-trabalho;integra;Constituição Federal 1988
br-tribunal-regional-do-trabalho-da-1a-regiao-rj;br-tribunais-regionais-do-trabalho;integra;Constituição Federal 1988
br-tribunal-regional-do-trabalho-da-3a-regiao-mg;br-tribunais-regionais-do-trabalho;integra;Constituição Federal 1988
br-tribunal-regional-do-trabalho-da-4a-regiao-rs;br-tribunais-regionais-do-trabalho;integra;Constituição Federal 1988
br-tribunal-regional-do-trabalho-da-6a-regiao-pe;br-tribunais-regionais-do-trabalho;integra;Constituição Federal 1988
br-tribunal-regional-do-trabalho-da-10a-regiao-df-e-to;br-tribunais-regionais-do-trabalho;integra;Constituição Federal 1988
br-tribunal-regional-do-trabalho-da-11a-regiao-am-e-rr;br-tribunais-regionais-do-trabalho;integra;Constituição Federal 1988
br-tribunal-regional-do-trabalho-da-17a-regiao-es;br-tribunais-regionais-do-trabalho;integra;Constituição Federal 1988
br-tribunal-regional-do-trabalho-da-18a-regiao-go;br-tribunais-regionais-do-trabalho;integra;Constituição Federal 1988
br-tribunal-regional-do-trabalho-da-19a-regiao-al;br-tribunais-regionais-do-trabalho;integra;Constituição Federal 1988
br-tribunal-regional-do-trabalho-da-2a-regiao-sp;br-tribunais-regionais-do-trabalho;integra;Constituição Federal 1988
br-tribunal-regional-do-trabalho-da-5a-regiao-ba;br-tribunais-regionais-do-trabalho;integra;Constituição Federal 1988
br-tribunal-regional-do-trabalho-da-7a-regiao-ce;br-tribunais-regionais-do-trabalho;integra;Constituição Federal 1988
br-tribunal-regional-do-trabalho-da-8a-regiao-pa-e-ap;br-tribunais-regionais-do-trabalho;integra;Constituição Federal 1988
br-tribunal-regional-do-trabalho-da-9a-regiao-pr;br-tribunais-regionais-do-trabalho;integra;Constituição Federal 1988
br-tribunal-regional-do-trabalho-da-12a-regiao-sc;br-tribunais-regionais-do-trabalho;integra;Constituição Federal 1988
br-tribunal-regional-do-trabalho-da-14a-regiao-ro-e-ac;br-tribunais-regionais-do-trabalho;integra;Constituição Federal 1988
br-tribunal-regional-do-trabalho-da-15a-regiao-campinas-sp;br-tribunais-regionais-do-trabalho;integra;Constituição Federal 1988
br-tribunal-regional-do-trabalho-da-16a-regiao-ma;br-tribunais-regionais-do-trabalho;integra;Constituição Federal 1988
br-tribunal-regional-do-trabalho-da-20a-regiao-se;br-tribunais-regionais-do-trabalho;integra;Constituição Federal 1988
br-tribunal-regional-do-trabalho-da-21a-regiao-rn;br-tribunais-regionais-do-trabalho;integra;Constituição Federal 1988
br-tribunal-regional-do-trabalho-da-22a-regiao-pi;br-tribunais-regionais-do-trabalho;integra;Constituição Federal 1988
br-tribunal-regional-do-trabalho-da-23a-regiao-mt;br-tribunais-regionais-do-trabalho;integra;Constituição Federal 1988
br-tribunal-regional-do-trabalho-da-24a-regiao-ms;br-tribunais-regionais-do-trabalho;integra;Constituição Federal 1988
br-tribunal-regional-eleitoral-do-maranhao;br-tribunais-regionais-eleitorais;integra;SIORG (ato normativo não informado)
br-secao-judiciaria-estado-do-para;br-tribunal-regional-federal-da-1a-regiao;integra;SIORG (ato normativo não informado)
br-secao-judiciaria-estado-de-roraima;br-tribunal-regional-federal-da-1a-regiao;integra;SIORG (ato normativo não informado)
br-secao-judiciaria-estado-do-tocantins;br-tribunal-regional-federal-da-1a-regiao;integra;SIORG (ato normativo não informado)
br-secao-judiciaria-estado-do-amazonas;br-tribunal-regional-federal-da-1a-regiao;integra;SIORG (ato normativo não informado)
br-secao-judiciaria-estado-do-maranhao;br-tribunal-regional-federal-da-1a-regiao;integra;SIORG (ato normativo não informado)
br-secao-judiciaria-estado-do-amapa;br-tribunal-regional-federal-da-1a-regiao;integra;SIORG (ato normativo não informado)
br-secao-judiciaria-estado-do-acre;br-tribunal-regional-federal-da-1a-regiao;integra;SIORG (ato normativo não informado)
br-secao-judiciaria-estado-do-piaui;br-tribunal-regional-federal-da-1a-regiao;integra;SIORG (ato normativo não informado)
br-secao-judiciaria-distrito-federal;br-tribunal-regional-federal-da-1a-regiao;integra;SIORG (ato normativo não informado)
br-secao-judiciaria-estado-do-mato-grosso;br-tribunal-regional-federal-da-1a-regiao;integra;SIORG (ato normativo não informado)
br-secao-judiciaria-estado-de-rondonia;br-tribunal-regional-federal-da-1a-regiao;integra;SIORG (ato normativo não informado)
br-secao-judiciaria-estado-da-bahia;br-tribunal-regional-federal-da-1a-regiao;integra;SIORG (ato normativo não informado)
br-secao-judiciaria-estado-de-goias;br-tribunal-regional-federal-da-1a-regiao;integra;SIORG (ato normativo não informado)
br-tribunal-regional-eleitoral-de-rondonia;br-tribunais-regionais-eleitorais;integra;SIORG (ato normativo não informado)
br-tribunal-regional-eleitoral-de-sao-paulo;br-tribunais-regionais-eleitorais;integra;SIORG (ato normativo não informado)
br-conselho-nacional-de-desenvolvimento-industrial;br-presidencia-da-republica;integra;SIORG (ato normativo não informado)
br-conselho-de-participacao-social-da-presidencia-da-republica;br-presidencia-da-republica;integra;SIORG (ato normativo não informado)
br-conselho-nacional-de-seguranca-alimentar-e-nutricional;br-presidencia-da-republica;integra;SIORG (ato normativo não informado)
br-conselho-da-ordem-nacional-do-merito-cientifico;br-presidencia-da-republica;integra;SIORG (ato normativo não informado)
br-comite-gestor-da-seguranca-da-informacao;br-gabinete-de-seguranca-institucional;integra;SIORG (ato normativo não informado)
br-camara-de-relacoes-exteriores-e-defesa-nacional;br-gabinete-de-seguranca-institucional;integra;SIORG (ato normativo não informado)
br-comite-gestor-do-programa-pe-de-meia;br-ministerio-da-educacao;integra;SIORG (ato normativo não informado)
br-comissao-nacional-de-alfabetizacao-e-educacao-de-jovens-e-adultos;br-ministerio-da-educacao;integra;SIORG (ato normativo não informado)
br-comite-executivo-da-estrategia-nacional-de-escolas-conectadas;br-ministerio-da-educacao;integra;SIORG (ato normativo não informado)
br-comite-gestor-de-protecao-de-dados-pessoais;br-ministerio-das-relacoes-exteriores;integra;SIORG (ato normativo não informado)
br-comissao-nacional-para-difusao-e-implementacao-do-direito-internacional-humanitario;br-ministerio-das-relacoes-exteriores;integra;SIORG (ato normativo não informado)
br-comite-gestor-da-estrategia-e-saude;br-ministerio-da-saude;integra;SIORG (ato normativo não informado)
br-comite-nacional-de-plantas-medicinais-e-fitoterapicos;br-ministerio-da-saude;integra;SIORG (ato normativo não informado)
br-comissao-nacional-de-incorporacao-de-tecnologias-no-sistema-unico-de-saude;br-ministerio-da-saude;integra;SIORG (ato normativo não informado)
br-comissao-nacional-para-implementacao-da-convencao-quadro-sobre-controle-do-uso-do-tabaco-e-de-seus-protocolos;br-ministerio-da-saude;integra;SIORG (ato normativo não informado)
br-comite-gestor-da-politica-nacional-de-prevencao-da-automutilacao-e-do-suicidio;br-ministerio-da-saude;integra;SIORG (ato normativo não informado)
br-comite-deliberativo-das-parcerias-para-o-desenvolvimento-produtivo;br-ministerio-da-saude;integra;SIORG (ato normativo não informado)
br-comite-de-implementacao-do-programa-nacional-de-seguranca-do-paciente;br-ministerio-da-saude;integra;SIORG (ato normativo não informado)
br-comite-interministerial-para-a-eliminacao-da-tuberculose-e-de-outras-doencas-determinadas-socialmente;br-ministerio-da-saude;integra;SIORG (ato normativo não informado)
br-comite-tecnico-interministerial-de-saude-da-populacao-negra;br-ministerio-da-saude;integra;SIORG (ato normativo não informado)
br-conselho-nacional-da-amazonia-legal;br-vice-presidencia-da-republica;integra;SIORG (ato normativo não informado)
br-comite-nacional-das-zonas-umidas;br-ministerio-do-meio-ambiente-e-mudanca-do-clima;integra;SIORG (ato normativo não informado)
br-camara-interministerial-de-combate-a-desertificacao;br-ministerio-do-meio-ambiente-e-mudanca-do-clima;integra;SIORG (ato normativo não informado)
br-comissao-nacional-de-seguranca-quimica;br-ministerio-do-meio-ambiente-e-mudanca-do-clima;integra;SIORG (ato normativo não informado)
br-comissao-nacional-de-florestas;br-ministerio-do-meio-ambiente-e-mudanca-do-clima;integra;SIORG (ato normativo não informado)
br-conselho-nacional-dos-povos-e-comunidades-tradicionais;br-ministerio-do-meio-ambiente-e-mudanca-do-clima;integra;SIORG (ato normativo não informado)
br-comissao-nacional-para-redd;br-ministerio-do-meio-ambiente-e-mudanca-do-clima;integra;SIORG (ato normativo não informado)
br-conselho-deliberativo-do-fundo-nacional-do-meio-ambiente;br-ministerio-do-meio-ambiente-e-mudanca-do-clima;integra;SIORG (ato normativo não informado)
br-comite-nacional-de-manejo-integrado-do-fogo;br-ministerio-do-meio-ambiente-e-mudanca-do-clima;integra;SIORG (ato normativo não informado)
br-comissao-nacional-de-biodiversidade;br-ministerio-do-meio-ambiente-e-mudanca-do-clima;integra;SIORG (ato normativo não informado)
br-conselho-nacional-de-mudanca-do-clima;br-ministerio-do-meio-ambiente-e-mudanca-do-clima;integra;SIORG (ato normativo não informado)
br-comite-gestor-do-programa-bolsa-verde;br-ministerio-do-meio-ambiente-e-mudanca-do-clima;integra;SIORG (ato normativo não informado)
br-comissao-nacional-de-combate-a-desertificacao;br-ministerio-do-meio-ambiente-e-mudanca-do-clima;integra;SIORG (ato normativo não informado)
br-comite-gestor-do-fundo-nacional-sobre-mudanca-do-clima;br-ministerio-do-meio-ambiente-e-mudanca-do-clima;integra;SIORG (ato normativo não informado)
br-comissao-nacional-para-recuperacao-da-vegetacao-nativa;br-ministerio-do-meio-ambiente-e-mudanca-do-clima;integra;SIORG (ato normativo não informado)
br-comite-gestor-do-fundo-nacional-para-a-reparticao-de-beneficios;br-ministerio-do-meio-ambiente-e-mudanca-do-clima;integra;SIORG (ato normativo não informado)
br-comissao-memoria-dos-presidentes-da-republica;br-gabinete-pessoal-do-presidente-da-republica;integra;SIORG (ato normativo não informado)
br-comite-interministerial-sobre-a-mudanca-do-clima-e-o-crescimento-verde;br-casa-civil;integra;SIORG (ato normativo não informado)
br-comite-interministerial-de-governanca;br-casa-civil;integra;SIORG (ato normativo não informado)
br-comissao-interministerial-de-qualificacao-profis-emprego-e-inclu-socioe-do-prog-de-aceler-do-crescimento;br-casa-civil;integra;SIORG (ato normativo não informado)
br-conselho-nacional-para-a-30a-conferencia-das-partes-da-convencao-quadro-das-nacoes-unidas-mudanca-do-clima;br-casa-civil;integra;SIORG (ato normativo não informado)
br-comissao-de-etica-dos-agentes-publicos-da-presidencia-e-da-vice-presidencia-da-republica;br-casa-civil;integra;SIORG (ato normativo não informado)
br-comite-intersetorial-da-politica-nacional-integrada-para-a-primeira-infancia;br-casa-civil;integra;SIORG (ato normativo não informado)
br-conselho-interministerial-do-plano-brasil-soberano;br-casa-civil;integra;SIORG (ato normativo não informado)
br-comite-gestor-do-programa-de-aceleracao-do-crescimento;br-casa-civil;integra;SIORG (ato normativo não informado)
br-conselho-interministerial-do-paar;br-casa-civil;integra;SIORG (ato normativo não informado)
br-comite-gestor-especifico-p-as-linhas-de-finan-p-renov-da-frota-e-p-infra-do-transporte-urbano-individual;br-casa-civil;integra;SIORG (ato normativo não informado)
br-comite-gestor-da-infraestrutura-de-chaves-publicas-brasileira-icp-brasil;br-casa-civil;integra;SIORG (ato normativo não informado)
br-comite-gestor-do-fundo-nacional-de-investimento-em-infraestrutura-social;br-casa-civil;integra;SIORG (ato normativo não informado)
br-comite-interministerial-sobre-mudanca-do-clima;br-casa-civil;integra;SIORG (ato normativo não informado)
br-comissao-interministerial-de-inovacoes-e-aquisicoes-do-programa-de-aceleracao-do-crescimento;br-casa-civil;integra;SIORG (ato normativo não informado)
br-comite-interministerial-de-planejamento-da-infraestrutura;br-casa-civil;integra;SIORG (ato normativo não informado)
br-comite-federal-de-assistencia-emergencial;br-casa-civil;integra;SIORG (ato normativo não informado)
br-camara-executiva-federal-de-identificacao-do-cidadao;br-casa-civil;integra;SIORG (ato normativo não informado)
br-conselho-deliberativo-do-fundo-social;br-casa-civil;integra;SIORG (ato normativo não informado)
br-conselho-do-programa-nacional-de-incentivo-ao-voluntariado;br-casa-civil;integra;SIORG (ato normativo não informado)
br-comite-de-governanca-digital-e-seguranca-da-informacao-da-presidencia-da-republica;br-casa-civil;integra;SIORG (ato normativo não informado)
br-comite-interministerial-para-a-transformacao-digital;br-casa-civil;integra;SIORG (ato normativo não informado)
br-comite-da-politica-nacional-de-biocombustiveis;br-ministerio-de-minas-e-energia;integra;SIORG (ato normativo não informado)
br-comite-gestor-do-programa-nacional-do-hidrogenio;br-ministerio-de-minas-e-energia;integra;SIORG (ato normativo não informado)
br-comite-gestor-de-indicadores-e-niveis-de-eficiencia-energetica;br-ministerio-de-minas-e-energia;integra;SIORG (ato normativo não informado)
br-comite-gestor-do-pro-amazonia-legal;br-ministerio-de-minas-e-energia;integra;SIORG (ato normativo não informado)
br-conselho-nacional-de-politica-mineral;br-ministerio-de-minas-e-energia;integra;SIORG (ato normativo não informado)
br-comite-gestor-de-eficiencia-energetica;br-ministerio-de-minas-e-energia;integra;SIORG (ato normativo não informado)
br-conselho-deliberativo-do-sistema-de-protecao-da-amazonia;br-ministerio-da-defesa;integra;SIORG (ato normativo não informado)
br-comite-de-patrocinios-do-sistema-de-comunicacao-de-governo-do-poder-executivo-federal;br-secretaria-de-relacoes-institucionais;integra;SIORG (ato normativo não informado)
br-conselho-nacional-de-turismo;br-ministerio-do-turismo;integra;SIORG (ato normativo não informado)
br-comite-interministerial-de-facilitacao-turistica;br-ministerio-do-turismo;integra;SIORG (ato normativo não informado)
br-comite-consultivo-do-cadastro-nacional-dos-prestadores-de-servicos-turisticos;br-ministerio-do-turismo;integra;SIORG (ato normativo não informado)
br-comite-interministerial-de-gestao-turistica-do-patrimonio-mundial;br-ministerio-do-turismo;integra;SIORG (ato normativo não informado)
br-comite-interministerial-de-governo-aberto;br-controladoria-geral-da-uniao;integra;SIORG (ato normativo não informado)
br-comite-interministerial-de-combate-a-corrupcao;br-controladoria-geral-da-uniao;integra;SIORG (ato normativo não informado)
br-conselho-nacional-de-secretarios-de-estado-de-justica-cidadania-direitos-humanos-e-administra-penitenciaria;br-ministerio-da-justica-e-seguranca-publica;integra;SIORG (ato normativo não informado)
br-comissao-nacional-de-seguranca-publica-nos-portos-terminais-e-vias-navegaveis;br-ministerio-da-justica-e-seguranca-publica;integra;SIORG (ato normativo não informado)
br-conselho-gestor-do-fundo-nacional-de-seguranca-publica;br-ministerio-da-justica-e-seguranca-publica;integra;SIORG (ato normativo não informado)
br-conselho-nacional-de-defesa-do-consumidor;br-ministerio-da-justica-e-seguranca-publica;integra;SIORG (ato normativo não informado)
br-comite-gestor-dos-planos-de-enfrentamento-da-covid-19-para-os-povos-indigenas;br-ministerio-da-justica-e-seguranca-publica;integra;SIORG (ato normativo não informado)
br-conselho-nacional-de-combate-a-pirataria-e-delitos-contra-a-propriedade-intelectual;br-ministerio-da-justica-e-seguranca-publica;integra;SIORG (ato normativo não informado)
br-conselho-nacional-de-politicas-sobre-drogas;br-ministerio-da-justica-e-seguranca-publica;integra;SIORG (ato normativo não informado)
br-conselho-gestor-do-sinesp;br-ministerio-da-justica-e-seguranca-publica;integra;SIORG (ato normativo não informado)
br-comite-gestor-da-rede-integrada-de-bancos-de-perfis-geneticos;br-ministerio-da-justica-e-seguranca-publica;integra;SIORG (ato normativo não informado)
br-conselho-nacional-de-seguranca-publica-e-defesa-social;br-ministerio-da-justica-e-seguranca-publica;integra;SIORG (ato normativo não informado)
br-conselho-nacional-de-secretarios-de-seguranca-publica;br-ministerio-da-justica-e-seguranca-publica;integra;SIORG (ato normativo não informado)
br-conselho-nacional-de-politicas-sobre-recuperacao-de-ativos;br-ministerio-da-justica-e-seguranca-publica;integra;SIORG (ato normativo não informado)
br-conselho-nacional-de-imigracao;br-ministerio-da-justica-e-seguranca-publica;integra;SIORG (ato normativo não informado)
br-comite-gestor-do-plano-amazonia-seguranca-e-soberania-plano-amas;br-ministerio-da-justica-e-seguranca-publica;integra;SIORG (ato normativo não informado)
br-comite-gestor-da-politica-nacional-de-repressao-ao-furto-e-roubo-de-veiculos-e-cargas;br-ministerio-da-justica-e-seguranca-publica;integra;SIORG (ato normativo não informado)
br-conselho-gestor-do-fundo-de-universalizacao-dos-servicos-de-telecomunicacoes;br-ministerio-das-comunicacoes;integra;SIORG (ato normativo não informado)
br-conselho-gestor-do-fundo-para-o-desenvolvimento-tecnologico-das-telecomunicacoes-funttel;br-ministerio-das-comunicacoes;integra;SIORG (ato normativo não informado)
br-comite-gestor-do-programa-amazonia-integrada-sustentavel;br-ministerio-das-comunicacoes;integra;SIORG (ato normativo não informado)
br-comite-de-coordenacao-do-fundo-nacional-de-desenvolvimento-cientifico-e-tecnologico;br-ministerio-da-ciencia-tecnologia-e-inovacao;integra;SIORG (ato normativo não informado)
br-conselho-nacional-de-informatica-e-automacao;br-ministerio-da-ciencia-tecnologia-e-inovacao;integra;SIORG (ato normativo não informado)
br-comite-nacional-de-pesquisas-antarticas;br-ministerio-da-ciencia-tecnologia-e-inovacao;integra;SIORG (ato normativo não informado)
br-conselho-diretor-do-fundo-nacional-de-desenvolvimento-cientifico-e-tecnologico;br-ministerio-da-ciencia-tecnologia-e-inovacao;integra;SIORG (ato normativo não informado)
br-comissao-tecnica-nacional-de-biosseguranca;br-ministerio-da-ciencia-tecnologia-e-inovacao;integra;SIORG (ato normativo não informado)
br-conselho-nacional-de-ciencia-e-tecnologia;br-ministerio-da-ciencia-tecnologia-e-inovacao;integra;SIORG (ato normativo não informado)
br-comissao-interministerial-de-controle-de-exportacao-de-bens-sensiveis;br-ministerio-da-ciencia-tecnologia-e-inovacao;integra;SIORG (ato normativo não informado)
br-comite-nacional-de-pesquisas-antartidas;br-ministerio-da-ciencia-tecnologia-e-inovacao;integra;SIORG (ato normativo não informado)
br-conselho-nacional-de-controle-de-experimentacao-animal;br-ministerio-da-ciencia-tecnologia-e-inovacao;integra;SIORG (ato normativo não informado)
br-comite-gestor-de-materiais-avancados;br-ministerio-da-ciencia-tecnologia-e-inovacao;integra;SIORG (ato normativo não informado)
br-conselho-estrategico-do-programa-nacional-de-bioinsumos;br-ministerio-da-agricultura-e-pecuaria;integra;SIORG (ato normativo não informado)
br-comissao-executiva-nacional-do-plano-set-p-adaptacao-a-mud-do-clima-e-baixa-emi-de-carbono-na-agropecuaria;br-ministerio-da-agricultura-e-pecuaria;integra;SIORG (ato normativo não informado)
br-comite-gestor-do-plano-de-desenvolvimento-agropecuario-e-agroindustrial-do-matopiba;br-ministerio-da-agricultura-e-pecuaria;integra;SIORG (ato normativo não informado)
br-comite-gestor-interministerial-do-seguro-rural;br-ministerio-da-agricultura-e-pecuaria;integra;SIORG (ato normativo não informado)
br-conselho-nacional-de-politica-agricola;br-ministerio-da-agricultura-e-pecuaria;integra;SIORG (ato normativo não informado)
br-comite-estrategico-do-programa-nacional-de-levantamento-e-interpretacao-de-solos-do-brasil;br-ministerio-da-agricultura-e-pecuaria;integra;SIORG (ato normativo não informado)
br-comite-gestor-interministerial-do-prog-nac-de-conv-de-past-deg-em-sis-de-pro-agro-e-flo-sustentaveis;br-ministerio-da-agricultura-e-pecuaria;integra;SIORG (ato normativo não informado)
br-conselho-deliberativo-da-politica-do-cafe;br-ministerio-da-agricultura-e-pecuaria;integra;SIORG (ato normativo não informado)
br-comissao-coordenadora-da-criacao-do-cavalo-nacional;br-ministerio-da-agricultura-e-pecuaria;integra;SIORG (ato normativo não informado)
br-comite-gestor-do-garantia-safra;br-ministerio-do-desenvolvimento-agrario;integra;SIORG (ato normativo não informado)
br-comite-gestor-do-programa-de-organizacao-produtiva-e-economica-de-mulheres-rurais;br-ministerio-do-desenvolvimento-agrario;integra;SIORG (ato normativo não informado)
br-comissao-nacional-de-agroecologia-e-producao-organica;br-ministerio-do-desenvolvimento-agrario;integra;SIORG (ato normativo não informado)
br-conselho-nacional-de-desenvolvimento-rural-sustentavel;br-ministerio-do-desenvolvimento-agrario;integra;SIORG (ato normativo não informado)
br-comite-gestor-do-pgpaf;br-ministerio-do-desenvolvimento-agrario;integra;SIORG (ato normativo não informado)
br-comite-gestor-do-projeto-de-cooperacao-brasil-alemanha-p-regular-ambiental-de-imov-rurais-na-amazonia;br-ministerio-do-desenvolvimento-agrario;integra;SIORG (ato normativo não informado)
br-conselho-nacional-de-aquicultura-e-pesca;br-ministerio-da-pesca-e-aquicultura;integra;SIORG (ato normativo não informado)
br-comite-intersetorial-de-politicas-publicas-para-a-primeira-infancia;br-ministerio-do-desenvolvimento-social;integra;SIORG (ato normativo não informado)
br-camara-interministerial-de-seguranca-alimentar-e-nutricional;br-ministerio-do-desenvolvimento-social;integra;SIORG (ato normativo não informado)
br-comite-gestor-do-plano-nacional-de-cuidados;br-ministerio-do-desenvolvimento-social;integra;SIORG (ato normativo não informado)
br-comite-estrategico-do-plano-nacional-de-cuidados;br-ministerio-do-desenvolvimento-social;integra;SIORG (ato normativo não informado)
br-comite-gestor-da-rede-brasileira-de-bancos-de-alimentos;br-ministerio-do-desenvolvimento-social;integra;SIORG (ato normativo não informado)
br-comite-gestor-do-programa-crianca-feliz;br-ministerio-do-desenvolvimento-social;integra;SIORG (ato normativo não informado)
br-comite-gestor-do-programa-de-fomento-as-atividades-produtivas-rurais;br-ministerio-do-desenvolvimento-social;integra;SIORG (ato normativo não informado)
br-comissao-nacional-de-atletas;br-ministerio-do-esporte;integra;SIORG (ato normativo não informado)
br-comite-gestor-do-programa-integra-brasil;br-ministerio-do-esporte;integra;SIORG (ato normativo não informado)
br-comite-interministerial-de-saneamento-basico;br-ministerio-das-cidades;integra;SIORG (ato normativo não informado)
br-conselho-gestor-do-fundo-nacional-de-habitacao-de-interesse-social;br-ministerio-das-cidades;integra;SIORG (ato normativo não informado)
br-comite-gestor-do-plano-sub-regional-de-desenvolvimento-sustentavel-do-xingu;br-ministerio-da-integracao-e-do-desenvolvimento-regional;integra;SIORG (ato normativo não informado)
br-conselho-nacional-de-desenvolvimento-urbano;br-ministerio-da-integracao-e-do-desenvolvimento-regional;integra;SIORG (ato normativo não informado)
br-conselho-nacional-de-irrigacao;br-ministerio-da-integracao-e-do-desenvolvimento-regional;integra;SIORG (ato normativo não informado)
br-conselho-nacional-de-protecao-e-defesa-civil;br-ministerio-da-integracao-e-do-desenvolvimento-regional;integra;SIORG (ato normativo não informado)
br-conselho-gestor-do-sistema-de-gestao-do-projeto-de-integracao-do-rio-sao-francisco-com-as-bacias-hidro-pisf;br-ministerio-da-integracao-e-do-desenvolvimento-regional;integra;SIORG (ato normativo não informado)
br-conselho-nacional-de-recursos-hidricos;br-ministerio-da-integracao-e-do-desenvolvimento-regional;integra;SIORG (ato normativo não informado)
br-conselho-administrativo-da-regiao-integrada-de-desenvolvimento-do-distrito-federal-e-entorno;br-ministerio-da-integracao-e-do-desenvolvimento-regional;integra;SIORG (ato normativo não informado)
br-comite-gestor-do-simples-nacional;br-ministerio-da-fazenda;integra;SIORG (ato normativo não informado)
br-conselho-de-recursos-do-sistema-financeiro-nacional;br-ministerio-da-fazenda;integra;SIORG (ato normativo não informado)
br-conselho-nacional-de-seguros-privados;br-ministerio-da-fazenda;integra;SIORG (ato normativo não informado)
br-conselho-nacional-de-politica-fazendaria;br-ministerio-da-fazenda;integra;SIORG (ato normativo não informado)
br-comissao-de-governanca-do-concurso-publico-nacional-unificado;br-ministerio-da-gestao;integra;SIORG (ato normativo não informado)
br-comite-de-monitoramento-e-avaliacao-de-politicas-publicas-federais;br-ministerio-da-gestao;integra;SIORG (ato normativo não informado)
br-comite-interministerial-do-programa-de-democratizacao-de-imoveis-da-uniao;br-ministerio-da-gestao;integra;SIORG (ato normativo não informado)
br-comissao-interministerial-de-contratacoes-publicas-para-o-desenvolvimento-sustentavel;br-ministerio-da-gestao;integra;SIORG (ato normativo não informado)
br-comissao-interministerial-de-governanca-corporativa-e-de-administracao-de-participacoes-societarias-da-uniao;br-ministerio-da-gestao;integra;SIORG (ato normativo não informado)
br-comite-gestor-de-tecnologia-da-informacao-e-comunicacoes;br-ministerio-da-gestao;integra;SIORG (ato normativo não informado)
br-comite-consultivo-e-deliberativo-do-concurso-publico-nacional-unificado;br-ministerio-da-gestao;integra;SIORG (ato normativo não informado)
br-comissao-nacional-de-classificacao;br-ministerio-do-planejamento-e-orcamento;integra;SIORG (ato normativo não informado)
br-comissao-nacional-de-cartografia;br-ministerio-do-planejamento-e-orcamento;integra;SIORG (ato normativo não informado)
br-conselho-de-monitoramento-e-avaliacao-de-politicas-publicas;br-ministerio-do-planejamento-e-orcamento;integra;SIORG (ato normativo não informado)
br-comissao-interministerial-para-a-infraestrutura-e-o-planejamento-da-integracao-da-america-do-sul;br-ministerio-do-planejamento-e-orcamento;integra;SIORG (ato normativo não informado)
br-conselho-nacional-de-fertilizantes-e-nutricao-de-plantas;br-ministerio-do-desenvolvimento-industria-comercio-e-servicos;integra;SIORG (ato normativo não informado)
br-conselho-nacional-de-metrologia-normalizacao-e-qualidade-industrial;br-ministerio-do-desenvolvimento-industria-comercio-e-servicos;integra;SIORG (ato normativo não informado)
br-comite-gestor-do-programa-de-fortalecimento-da-capacidade-institucional-para-gestao-em-regulacao-pro-reg;br-ministerio-do-desenvolvimento-industria-comercio-e-servicos;integra;SIORG (ato normativo não informado)
br-conselho-gestor-do-brasil-semicon;br-ministerio-do-desenvolvimento-industria-comercio-e-servicos;integra;SIORG (ato normativo não informado)
br-comite-gestor-da-sala-de-inovacao;br-ministerio-do-desenvolvimento-industria-comercio-e-servicos;integra;SIORG (ato normativo não informado)
br-comite-nacional-de-biotecnologia;br-ministerio-do-desenvolvimento-industria-comercio-e-servicos;integra;SIORG (ato normativo não informado)
br-comite-gestor-do-sem-barreiras;br-ministerio-do-desenvolvimento-industria-comercio-e-servicos;integra;SIORG (ato normativo não informado)
br-conselho-nacional-das-zonas-de-processamento-de-exportacao;br-ministerio-do-desenvolvimento-industria-comercio-e-servicos;integra;SIORG (ato normativo não informado)
br-comite-interministerial-de-negociacao-e-contramedidas-economicas-e-comerciais;br-ministerio-do-desenvolvimento-industria-comercio-e-servicos;integra;SIORG (ato normativo não informado)
br-comite-nacional-para-a-promocao-da-cultura-exportadora;br-ministerio-do-desenvolvimento-industria-comercio-e-servicos;integra;SIORG (ato normativo não informado)
br-conselho-nacional-dos-direitos-das-mulheres;br-ministerio-das-mulheres;integra;SIORG (ato normativo não informado)
br-comite-gestor-do-programa-protege-brasil;br-ministerio-dos-direitos-humanos-e-da-cidadania;integra;SIORG (ato normativo não informado)
br-comite-gestor-nac-do-compr-nac-pela-erradicacao-do-sub-registro-civil-de-nasc-e-ampl-do-acs-a-doc-basic;br-ministerio-dos-direitos-humanos-e-da-cidadania;integra;SIORG (ato normativo não informado)
br-conselho-nacional-dos-direitos-da-pessoa-com-deficiencia;br-ministerio-dos-direitos-humanos-e-da-cidadania;integra;SIORG (ato normativo não informado)
br-conselho-nacional-de-combate-a-discriminacao;br-ministerio-dos-direitos-humanos-e-da-cidadania;integra;SIORG (ato normativo não informado)
br-conselho-nacional-dos-direitos-das-pessoas-lgbtqia;br-ministerio-dos-direitos-humanos-e-da-cidadania;integra;SIORG (ato normativo não informado)
br-comite-intersetorial-de-acompanhamento-e-monitoramento-da-politica-nacional-para-populacao-em-situacao-de-rua;br-ministerio-dos-direitos-humanos-e-da-cidadania;integra;SIORG (ato normativo não informado)
br-comissao-nacional-de-erradicacao-do-trabalho-escravo;br-ministerio-dos-direitos-humanos-e-da-cidadania;integra;SIORG (ato normativo não informado)
br-conselho-deliberativo-do-programa-de-protecao-aos-defensores-dos-direitos-humanos-comunicad-e-ambientalistas;br-ministerio-dos-direitos-humanos-e-da-cidadania;integra;SIORG (ato normativo não informado)
br-comissao-interministerial-de-avaliacao;br-ministerio-dos-direitos-humanos-e-da-cidadania;integra;SIORG (ato normativo não informado)
br-comite-gestor-de-politicas-de-enfrentamento-a-violencia-contra-crianca-e-adolescente;br-ministerio-dos-direitos-humanos-e-da-cidadania;integra;SIORG (ato normativo não informado)
br-conselho-nacional-dos-direitos-humanos;br-ministerio-dos-direitos-humanos-e-da-cidadania;integra;SIORG (ato normativo não informado)
br-conselho-nacional-dos-direitos-da-pessoa-idosa;br-ministerio-dos-direitos-humanos-e-da-cidadania;integra;SIORG (ato normativo não informado)
br-comite-nacional-de-prevencao-e-combate-a-tortura;br-ministerio-dos-direitos-humanos-e-da-cidadania;integra;SIORG (ato normativo não informado)
br-comite-gestor-do-sistema-nacional-de-informacoes-de-registro-civil;br-ministerio-dos-direitos-humanos-e-da-cidadania;integra;SIORG (ato normativo não informado)
br-comite-gestor-da-rede-nacional-de-identificacao-e-localizacao-de-criancas-e-adolescentes-desaparecidos;br-ministerio-dos-direitos-humanos-e-da-cidadania;integra;SIORG (ato normativo não informado)
br-comissao-nacional-de-autoridades-aeroportuarias;br-ministerio-de-portos-e-aeroportos;integra;SIORG (ato normativo não informado)
br-comissao-nacional-das-autoridades-nos-portos;br-ministerio-de-portos-e-aeroportos;integra;SIORG (ato normativo não informado)
br-comite-gestor-do-fundo-nacional-de-aviacao-civil;br-ministerio-de-portos-e-aeroportos;integra;SIORG (ato normativo não informado)
br-conselho-nacional-de-secretarios-de-transportes;br-ministerio-dos-transportes;integra;SIORG (ato normativo não informado)
br-comissao-nacional-das-autoridades-de-transportes-terrestres;br-ministerio-dos-transportes;integra;SIORG (ato normativo não informado)
br-conselho-nacional-de-previdencia-complementar;br-ministerio-da-previdencia-social;integra;SIORG (ato normativo não informado)
br-conselho-nacional-dos-regimes-proprios-de-previdencia-social;br-ministerio-da-previdencia-social;integra;SIORG (ato normativo não informado)
br-conselho-nacional-de-previdencia-social;br-ministerio-da-previdencia-social;integra;SIORG (ato normativo não informado)
br-conselho-nacional-do-trabalho;br-ministerio-do-trabalho-e-emprego;integra;SIORG (ato normativo não informado)
br-conselho-nacional-de-economia-solidaria;br-ministerio-do-trabalho-e-emprego;integra;SIORG (ato normativo não informado)
br-comissao-nacional-dos-trabalhadores-rurais-empregados;br-ministerio-do-trabalho-e-emprego;integra;SIORG (ato normativo não informado)
br-comissao-nacional-de-erradicacao-do-trabalho-infantil;br-ministerio-do-trabalho-e-emprego;integra;SIORG (ato normativo não informado)
br-comite-gestor-das-operacoes-de-credito-consignado;br-ministerio-do-trabalho-e-emprego;integra;SIORG (ato normativo não informado)
br-conselho-deliberativo-do-fundo-de-amparo-ao-trabalhador;br-ministerio-do-trabalho-e-emprego;integra;SIORG (ato normativo não informado)
br-comite-gestor-do-programa-de-alimentacao-do-trabalhador;br-ministerio-do-trabalho-e-emprego;integra;SIORG (ato normativo não informado)
br-comissao-interministerial-brasil-200-anos;br-ministerio-da-cultura;integra;SIORG (ato normativo não informado)
br-conselho-nacional-de-politica-cultural;br-ministerio-da-cultura;integra;SIORG (ato normativo não informado)
br-comissao-intergestores-tripartite-do-sistema-nacional-de-cultura;br-ministerio-da-cultura;integra;SIORG (ato normativo não informado)
br-comissao-nacional-de-incentivo-a-cultura;br-ministerio-da-cultura;integra;SIORG (ato normativo não informado)
br-comite-executivo-do-plano-nacional-de-cultura;br-ministerio-da-cultura;integra;SIORG (ato normativo não informado)
br-comite-de-enfrentamento-da-desinformacao-sobre-o-prog-nacional-de-imunizacoes-e-as-politicas-de-saude-publica;br-secretaria-de-comunicacao-social;integra;SIORG (ato normativo não informado)
br-comite-gestor-da-politica-nacional-de-gestao-territorial-e-ambiental-quilombola;br-ministerio-da-igualdade-racial;integra;SIORG (ato normativo não informado)
br-comite-gestor-do-plano-juventude-negra-viva;br-ministerio-da-igualdade-racial;integra;SIORG (ato normativo não informado)
br-comite-gestor-do-programa-aquilomba-brasil;br-ministerio-da-igualdade-racial;integra;SIORG (ato normativo não informado)
br-conselho-nacional-de-promocao-da-igualdade-racial;br-ministerio-da-igualdade-racial;integra;SIORG (ato normativo não informado)
br-conselho-nacional-de-politica-indigenista;br-ministerio-dos-povos-indigenas;integra;SIORG (ato normativo não informado)
br-comite-interministerial-de-desintrusao-de-terras-indigenas;br-ministerio-dos-povos-indigenas;integra;SIORG (ato normativo não informado)
br-comite-gestor-da-politica-nacional-de-gestao-territorial-e-ambiental-de-terras-indigenas;br-ministerio-dos-povos-indigenas;integra;SIORG (ato normativo não informado)
br-comissao-de-assuntos-sociais-do-senado;br-senado-federal;integra;"CF/88 art. 58; RISF arts. 72-73"
br-comissao-de-comunicacao-e-direito-digital-do-senado;br-senado-federal;integra;"CF/88 art. 58; RISF arts. 72-73"
br-comissao-de-ciencia-tecnologia-inovacao-e-informatica-do-senado;br-senado-federal;integra;"CF/88 art. 58; RISF arts. 72-73"
br-comissao-de-defesa-da-democracia-do-senado;br-senado-federal;integra;"CF/88 art. 58; RISF arts. 72-73"
br-comissao-de-direitos-humanos-e-legislacao-participativa-do-senado;br-senado-federal;integra;"CF/88 art. 58; RISF arts. 72-73"
br-comissao-de-desenvolvimento-regional-e-turismo-do-senado;br-senado-federal;integra;"CF/88 art. 58; RISF arts. 72-73"
br-comissao-de-educacao-e-cultura-do-senado;br-senado-federal;integra;"CF/88 art. 58; RISF arts. 72-73"
br-comissao-de-esporte-do-senado;br-senado-federal;integra;"CF/88 art. 58; RISF arts. 72-73"
br-comissao-de-meio-ambiente-do-senado;br-senado-federal;integra;"CF/88 art. 58; RISF arts. 72-73"
br-comissao-de-agricultura-e-reforma-agraria-do-senado;br-senado-federal;integra;"CF/88 art. 58; RISF arts. 72-73"
br-comissao-de-seguranca-publica-do-senado;br-senado-federal;integra;"CF/88 art. 58; RISF arts. 72-73"
br-comissao-de-transparencia-governanca-fiscalizacao-e-controle-e-defesa-do-consumidor-do-senado;br-senado-federal;integra;"CF/88 art. 58; RISF arts. 72-73"
br-comissao-de-agricultura-pecuaria-abastecimento-e-desenvolvimento-rural-da-camara;br-camara-dos-deputados;integra;"CF/88 art. 58; RICD arts. 22 e 32"
br-comissao-de-administracao-e-servico-publico-da-camara;br-camara-dos-deputados;integra;"CF/88 art. 58; RICD arts. 22 e 32"
br-comissao-de-comunicacao-da-camara;br-camara-dos-deputados;integra;"CF/88 art. 58; RICD arts. 22 e 32"
br-comissao-de-ciencia-tecnologia-e-inovacao-da-camara;br-camara-dos-deputados;integra;"CF/88 art. 58; RICD arts. 22 e 32"
br-comissao-de-cultura-da-camara;br-camara-dos-deputados;integra;"CF/88 art. 58; RICD arts. 22 e 32"
br-comissao-de-defesa-do-consumidor-da-camara;br-camara-dos-deputados;integra;"CF/88 art. 58; RICD arts. 22 e 32"
br-comissao-de-desenvolvimento-economico-da-camara;br-camara-dos-deputados;integra;"CF/88 art. 58; RICD arts. 22 e 32"
br-comissao-de-direitos-humanos-minorias-e-igualdade-racial-da-camara;br-camara-dos-deputados;integra;"CF/88 art. 58; RICD arts. 22 e 32"
br-comissao-de-desenvolvimento-urbano-da-camara;br-camara-dos-deputados;integra;"CF/88 art. 58; RICD arts. 22 e 32"
br-comissao-de-educacao-da-camara;br-camara-dos-deputados;integra;"CF/88 art. 58; RICD arts. 22 e 32"
br-comissao-do-esporte-da-camara;br-camara-dos-deputados;integra;"CF/88 art. 58; RICD arts. 22 e 32"
br-comissao-de-fiscalizacao-financeira-e-controle-da-camara;br-camara-dos-deputados;integra;"CF/88 art. 58; RICD arts. 22 e 32"
br-comissao-de-industria-comercio-e-servicos-da-camara;br-camara-dos-deputados;integra;"CF/88 art. 58; RICD arts. 22 e 32"
br-comissao-de-defesa-dos-direitos-da-pessoa-idosa-da-camara;br-camara-dos-deputados;integra;"CF/88 art. 58; RICD arts. 22 e 32"
br-comissao-de-integracao-nacional-e-desenvolvimento-regional-da-camara;br-camara-dos-deputados;integra;"CF/88 art. 58; RICD arts. 22 e 32"
br-comissao-de-legislacao-participativa-da-camara;br-camara-dos-deputados;integra;"CF/88 art. 58; RICD arts. 22 e 32"
br-comissao-de-meio-ambiente-e-desenvolvimento-sustentavel-da-camara;br-camara-dos-deputados;integra;"CF/88 art. 58; RICD arts. 22 e 32"
br-comissao-de-minas-e-energia-da-camara;br-camara-dos-deputados;integra;"CF/88 art. 58; RICD arts. 22 e 32"
br-comissao-de-defesa-dos-direitos-da-mulher-da-camara;br-camara-dos-deputados;integra;"CF/88 art. 58; RICD arts. 22 e 32"
br-comissao-de-previdencia-assistencia-social-infancia-adolescencia-e-familia-da-camara;br-camara-dos-deputados;integra;"CF/88 art. 58; RICD arts. 22 e 32"
br-comissao-de-defesa-dos-direitos-das-pessoas-com-deficiencia-da-camara;br-camara-dos-deputados;integra;"CF/88 art. 58; RICD arts. 22 e 32"
br-comissao-da-amazonia-e-dos-povos-originarios-e-tradicionais-da-camara;br-camara-dos-deputados;integra;"CF/88 art. 58; RICD arts. 22 e 32"
br-comissao-de-relacoes-exteriores-e-de-defesa-nacional-da-camara;br-camara-dos-deputados;integra;"CF/88 art. 58; RICD arts. 22 e 32"
br-comissao-de-saude-da-camara;br-camara-dos-deputados;integra;"CF/88 art. 58; RICD arts. 22 e 32"
br-comissao-de-seguranca-publica-e-combate-ao-crime-organizado-da-camara;br-camara-dos-deputados;integra;"CF/88 art. 58; RICD arts. 22 e 32"
br-comissao-de-trabalho-da-camara;br-camara-dos-deputados;integra;"CF/88 art. 58; RICD arts. 22 e 32"
br-comissao-de-turismo-da-camara;br-camara-dos-deputados;integra;"CF/88 art. 58; RICD arts. 22 e 32"
br-comissao-de-viacao-e-transportes-da-camara;br-camara-dos-deputados;integra;"CF/88 art. 58; RICD arts. 22 e 32"
br-comissao-mista-de-controle-das-atividades-de-inteligencia;br-congresso-nacional;integra;"CF/88 art. 58; (Resolução nº 2, de 2013-CN - Art. 6º da Lei nº 9.883/1999)"
br-secretaria-executiva-cgu;br-controladoria-geral-da-uniao;integra;"Lei 14.600/2023; decreto de estrutura do ministério"
br-secretaria-federal-de-controle-interno;br-controladoria-geral-da-uniao;integra;"Lei 14.600/2023; decreto de estrutura do ministério"
br-secretaria-nacional-de-transparencia-e-acesso-a-informacao;br-controladoria-geral-da-uniao;integra;"Lei 14.600/2023; decreto de estrutura do ministério"
br-secretaria-de-integridade-privada;br-controladoria-geral-da-uniao;integra;"Lei 14.600/2023; decreto de estrutura do ministério"
br-secretaria-de-integridade-publica;br-controladoria-geral-da-uniao;integra;"Lei 14.600/2023; decreto de estrutura do ministério"
br-secretaria-executiva-agricultura;br-ministerio-da-agricultura-e-pecuaria;integra;"Lei 14.600/2023; decreto de estrutura do ministério"
br-secretaria-de-comercio-e-relacoes-internacionais;br-ministerio-da-agricultura-e-pecuaria;integra;"Lei 14.600/2023; decreto de estrutura do ministério"
br-secretaria-de-defesa-agropecuaria;br-ministerio-da-agricultura-e-pecuaria;integra;"Lei 14.600/2023; decreto de estrutura do ministério"
br-secretaria-de-desenvolvimento-rural;br-ministerio-da-agricultura-e-pecuaria;integra;"Lei 14.600/2023; decreto de estrutura do ministério"
br-secretaria-de-politica-agricola;br-ministerio-da-agricultura-e-pecuaria;integra;"Lei 14.600/2023; decreto de estrutura do ministério"
br-secretaria-executiva-ciencia-e-tecnologia;br-ministerio-da-ciencia-tecnologia-e-inovacao;integra;"Lei 14.600/2023; decreto de estrutura do ministério"
br-secretaria-de-ciencia-e-tecnologia-para-transformacao-digital;br-ministerio-da-ciencia-tecnologia-e-inovacao;integra;"Lei 14.600/2023; decreto de estrutura do ministério"
br-secretaria-de-ciencia-e-tecnologia-para-o-desenvolvimento-social;br-ministerio-da-ciencia-tecnologia-e-inovacao;integra;"Lei 14.600/2023; decreto de estrutura do ministério"
br-secretaria-de-desenvolvimento-tecnologico-e-inovacao;br-ministerio-da-ciencia-tecnologia-e-inovacao;integra;"Lei 14.600/2023; decreto de estrutura do ministério"
br-secretaria-de-politicas-e-programas-estrategicos;br-ministerio-da-ciencia-tecnologia-e-inovacao;integra;"Lei 14.600/2023; decreto de estrutura do ministério"
br-secretaria-executiva-cultura;br-ministerio-da-cultura;integra;"Lei 14.600/2023; decreto de estrutura do ministério"
br-secretaria-de-articulacao-federativa-e-comites-de-cultura;br-ministerio-da-cultura;integra;"Lei 14.600/2023; decreto de estrutura do ministério"
br-secretaria-de-cidadania-e-diversidade-cultural;br-ministerio-da-cultura;integra;"Lei 14.600/2023; decreto de estrutura do ministério"
br-secretaria-de-direitos-autorais-e-intelectuais;br-ministerio-da-cultura;integra;"Lei 14.600/2023; decreto de estrutura do ministério"
br-secretaria-de-economia-criativa;br-ministerio-da-cultura;integra;"Lei 14.600/2023; decreto de estrutura do ministério"
br-secretaria-de-fomento-e-incentivo-a-cultura;br-ministerio-da-cultura;integra;"Lei 14.600/2023; decreto de estrutura do ministério"
br-secretaria-de-formacao-artistica-e-cultural-livro-e-leitura;br-ministerio-da-cultura;integra;"Lei 14.600/2023; decreto de estrutura do ministério"
br-secretaria-do-audiovisual;br-ministerio-da-cultura;integra;"Lei 14.600/2023; decreto de estrutura do ministério"
br-secretaria-de-controle-interno-defesa;br-ministerio-da-defesa;integra;"Lei 14.600/2023; decreto de estrutura do ministério"
br-secretaria-geral;br-ministerio-da-defesa;integra;"Lei 14.600/2023; decreto de estrutura do ministério"
br-secretaria-executiva-educacao;br-ministerio-da-educacao;integra;"Lei 14.600/2023; decreto de estrutura do ministério"
br-secretaria-de-articulacao-intersetorial-e-com-os-sistemas-de-ensino;br-ministerio-da-educacao;integra;"Lei 14.600/2023; decreto de estrutura do ministério"
br-secretaria-de-educacao-basica;br-ministerio-da-educacao;integra;"Lei 14.600/2023; decreto de estrutura do ministério"
br-secretaria-de-educacao-continuada-alfabetizacao-de-jovens-e-adultos-diversidade-e-inclusao;br-ministerio-da-educacao;integra;"Lei 14.600/2023; decreto de estrutura do ministério"
br-secretaria-de-educacao-profissional-e-tecnologica;br-ministerio-da-educacao;integra;"Lei 14.600/2023; decreto de estrutura do ministério"
br-secretaria-de-educacao-superior;br-ministerio-da-educacao;integra;"Lei 14.600/2023; decreto de estrutura do ministério"
br-secretaria-de-gestao-da-informacao-inovacao-e-avaliacao-de-politicas-educacionais;br-ministerio-da-educacao;integra;"Lei 14.600/2023; decreto de estrutura do ministério"
br-secretaria-de-regulacao-e-supervisao-da-educacao-superior;br-ministerio-da-educacao;integra;"Lei 14.600/2023; decreto de estrutura do ministério"
br-secretaria-executiva-fazenda;br-ministerio-da-fazenda;integra;"Lei 14.600/2023; decreto de estrutura do ministério"
br-secretaria-extraordinaria-do-mercado-de-carbono;br-ministerio-da-fazenda;integra;"Lei 14.600/2023; decreto de estrutura do ministério"
br-secretaria-de-assuntos-internacionais;br-ministerio-da-fazenda;integra;"Lei 14.600/2023; decreto de estrutura do ministério"
br-secretaria-de-politica-economica;br-ministerio-da-fazenda;integra;"Lei 14.600/2023; decreto de estrutura do ministério"
br-secretaria-de-premios-e-apostas;br-ministerio-da-fazenda;integra;"Lei 14.600/2023; decreto de estrutura do ministério"
br-secretaria-de-reformas-economicas;br-ministerio-da-fazenda;integra;"Lei 14.600/2023; decreto de estrutura do ministério"
br-secretaria-executiva-gestao;br-ministerio-da-gestao;integra;"Lei 14.600/2023; decreto de estrutura do ministério"
br-secretaria-extraordinaria-para-a-transformacao-do-estado;br-ministerio-da-gestao;integra;"Lei 14.600/2023; decreto de estrutura do ministério"
br-secretaria-de-coordenacao-e-governanca-das-empresas-estatais;br-ministerio-da-gestao;integra;"Lei 14.600/2023; decreto de estrutura do ministério"
br-secretaria-de-gestao-de-pessoas;br-ministerio-da-gestao;integra;"Lei 14.600/2023; decreto de estrutura do ministério"
br-secretaria-de-gestao-e-inovacao;br-ministerio-da-gestao;integra;"Lei 14.600/2023; decreto de estrutura do ministério"
br-secretaria-de-governo-digital;br-ministerio-da-gestao;integra;"Lei 14.600/2023; decreto de estrutura do ministério"
br-secretaria-de-relacoes-de-trabalho;br-ministerio-da-gestao;integra;"Lei 14.600/2023; decreto de estrutura do ministério"
br-secretaria-de-servicos-compartilhados;br-ministerio-da-gestao;integra;"Lei 14.600/2023; decreto de estrutura do ministério"
br-secretaria-do-patrimonio-da-uniao;br-ministerio-da-gestao;integra;"Lei 14.600/2023; decreto de estrutura do ministério"
br-secretaria-executiva-igualdade-racial;br-ministerio-da-igualdade-racial;integra;"Lei 14.600/2023; decreto de estrutura do ministério"
br-secretaria-de-gestao-do-sistema-nacional-de-promocao-da-igualdade-racial;br-ministerio-da-igualdade-racial;integra;"Lei 14.600/2023; decreto de estrutura do ministério"
br-secretaria-de-polit-p-quilombolas-povos-e-comunidades-tradic-de-mat-africana-povos-de-terreiros-e-ciganos;br-ministerio-da-igualdade-racial;integra;"Lei 14.600/2023; decreto de estrutura do ministério"
br-secretaria-de-politicas-de-acoes-afirmativas-combate-e-superacao-do-racismo;br-ministerio-da-igualdade-racial;integra;"Lei 14.600/2023; decreto de estrutura do ministério"
br-secretaria-executiva-integracao;br-ministerio-da-integracao-e-do-desenvolvimento-regional;integra;"Lei 14.600/2023; decreto de estrutura do ministério"
br-secretaria-nacional-de-fundos-e-instrumentos-financeiros;br-ministerio-da-integracao-e-do-desenvolvimento-regional;integra;"Lei 14.600/2023; decreto de estrutura do ministério"
br-secretaria-nacional-de-politicas-de-desenvolvimento-regional-e-territorial;br-ministerio-da-integracao-e-do-desenvolvimento-regional;integra;"Lei 14.600/2023; decreto de estrutura do ministério"
br-secretaria-nacional-de-protecao-e-defesa-civil;br-ministerio-da-integracao-e-do-desenvolvimento-regional;integra;"Lei 14.600/2023; decreto de estrutura do ministério"
br-secretaria-nacional-de-seguranca-hidrica;br-ministerio-da-integracao-e-do-desenvolvimento-regional;integra;"Lei 14.600/2023; decreto de estrutura do ministério"
br-secretaria-executiva-justica;br-ministerio-da-justica-e-seguranca-publica;integra;"Lei 14.600/2023; decreto de estrutura do ministério"
br-secretaria-nacional-de-acesso-a-justica;br-ministerio-da-justica-e-seguranca-publica;integra;"Lei 14.600/2023; decreto de estrutura do ministério"
br-secretaria-nacional-de-assuntos-legislativos;br-ministerio-da-justica-e-seguranca-publica;integra;"Lei 14.600/2023; decreto de estrutura do ministério"
br-secretaria-nacional-de-direitos-digitais;br-ministerio-da-justica-e-seguranca-publica;integra;"Lei 14.600/2023; decreto de estrutura do ministério"
br-secretaria-nacional-de-justica;br-ministerio-da-justica-e-seguranca-publica;integra;"Lei 14.600/2023; decreto de estrutura do ministério"
br-secretaria-nacional-de-politicas-penais;br-ministerio-da-justica-e-seguranca-publica;integra;"Lei 14.600/2023; decreto de estrutura do ministério"
br-secretaria-nacional-de-politicas-sobre-drogas-e-gestao-de-ativos;br-ministerio-da-justica-e-seguranca-publica;integra;"Lei 14.600/2023; decreto de estrutura do ministério"
br-secretaria-nacional-de-seguranca-publica;br-ministerio-da-justica-e-seguranca-publica;integra;"Lei 14.600/2023; decreto de estrutura do ministério"
br-secretaria-nacional-do-consumidor;br-ministerio-da-justica-e-seguranca-publica;integra;"Lei 14.600/2023; decreto de estrutura do ministério"
br-secretaria-executiva-pesca;br-ministerio-da-pesca-e-aquicultura;integra;"Lei 14.600/2023; decreto de estrutura do ministério"
br-secretaria-nacional-de-aquicultura;br-ministerio-da-pesca-e-aquicultura;integra;"Lei 14.600/2023; decreto de estrutura do ministério"
br-secretaria-nacional-de-pesca-artesanal;br-ministerio-da-pesca-e-aquicultura;integra;"Lei 14.600/2023; decreto de estrutura do ministério"
br-secretaria-nacional-de-pesca-industrial-amadora-e-esportiva;br-ministerio-da-pesca-e-aquicultura;integra;"Lei 14.600/2023; decreto de estrutura do ministério"
br-secretaria-nacional-de-registro-monitoramento-e-pesquisa-da-pesca-e-aquicultura;br-ministerio-da-pesca-e-aquicultura;integra;"Lei 14.600/2023; decreto de estrutura do ministério"
br-secretaria-executiva-previdencia;br-ministerio-da-previdencia-social;integra;"Lei 14.600/2023; decreto de estrutura do ministério"
br-secretaria-de-regime-geral-de-previdencia-social;br-ministerio-da-previdencia-social;integra;"Lei 14.600/2023; decreto de estrutura do ministério"
br-secretaria-de-regime-proprio-e-complementar;br-ministerio-da-previdencia-social;integra;"Lei 14.600/2023; decreto de estrutura do ministério"
br-secretaria-executiva-saude;br-ministerio-da-saude;integra;"Lei 14.600/2023; decreto de estrutura do ministério"
br-secretaria-de-atencao-especializada-a-saude;br-ministerio-da-saude;integra;"Lei 14.600/2023; decreto de estrutura do ministério"
br-secretaria-de-atencao-primaria-a-saude;br-ministerio-da-saude;integra;"Lei 14.600/2023; decreto de estrutura do ministério"
br-secretaria-de-ciencia-tecnologia-e-inovacao-em-saude;br-ministerio-da-saude;integra;"Lei 14.600/2023; decreto de estrutura do ministério"
br-secretaria-de-gestao-do-trabalho-e-da-educacao-na-saude;br-ministerio-da-saude;integra;"Lei 14.600/2023; decreto de estrutura do ministério"
br-secretaria-de-informacao-e-saude-digital;br-ministerio-da-saude;integra;"Lei 14.600/2023; decreto de estrutura do ministério"
br-secretaria-de-saude-indigena;br-ministerio-da-saude;integra;"Lei 14.600/2023; decreto de estrutura do ministério"
br-secretaria-de-vigilancia-em-saude-e-ambiente;br-ministerio-da-saude;integra;"Lei 14.600/2023; decreto de estrutura do ministério"
br-secretaria-executiva-cidades;br-ministerio-das-cidades;integra;"Lei 14.600/2023; decreto de estrutura do ministério"
br-secretaria-nacional-de-desenvolvimento-urbano-e-metropolitano;br-ministerio-das-cidades;integra;"Lei 14.600/2023; decreto de estrutura do ministério"
br-secretaria-nacional-de-habitacao;br-ministerio-das-cidades;integra;"Lei 14.600/2023; decreto de estrutura do ministério"
br-secretaria-nacional-de-mobilidade-urbana;br-ministerio-das-cidades;integra;"Lei 14.600/2023; decreto de estrutura do ministério"
br-secretaria-nacional-de-periferias;br-ministerio-das-cidades;integra;"Lei 14.600/2023; decreto de estrutura do ministério"
br-secretaria-nacional-de-saneamento-ambiental;br-ministerio-das-cidades;integra;"Lei 14.600/2023; decreto de estrutura do ministério"
br-secretaria-executiva-comunicacoes;br-ministerio-das-comunicacoes;integra;"Lei 14.600/2023; decreto de estrutura do ministério"
br-secretaria-de-radiodifusao;br-ministerio-das-comunicacoes;integra;"Lei 14.600/2023; decreto de estrutura do ministério"
br-secretaria-de-telecomunicacoes;br-ministerio-das-comunicacoes;integra;"Lei 14.600/2023; decreto de estrutura do ministério"
br-secretaria-executiva-mulheres;br-ministerio-das-mulheres;integra;"Lei 14.600/2023; decreto de estrutura do ministério"
br-secretaria-nacional-de-articulacao-intersetorial-e-interfederativa-e-participacao-politica;br-ministerio-das-mulheres;integra;"Lei 14.600/2023; decreto de estrutura do ministério"
br-secretaria-nacional-de-autonomia-economica-e-politica-de-cuidados;br-ministerio-das-mulheres;integra;"Lei 14.600/2023; decreto de estrutura do ministério"
br-secretaria-nacional-de-enfrentamento-a-violencia-contra-mulheres;br-ministerio-das-mulheres;integra;"Lei 14.600/2023; decreto de estrutura do ministério"
br-secretaria-de-controle-interno-itamaraty;br-ministerio-das-relacoes-exteriores;integra;"Lei 14.600/2023; decreto de estrutura do ministério"
br-secretaria-geral-das-relacoes-exteriores;br-ministerio-das-relacoes-exteriores;integra;"Lei 14.600/2023; decreto de estrutura do ministério"
br-secretaria-executiva-minas-e-energia;br-ministerio-de-minas-e-energia;integra;"Lei 14.600/2023; decreto de estrutura do ministério"
br-secretaria-nacional-de-energia-eletrica;br-ministerio-de-minas-e-energia;integra;"Lei 14.600/2023; decreto de estrutura do ministério"
br-secretaria-nacional-de-geologia-mineracao-e-transformacao-mineral;br-ministerio-de-minas-e-energia;integra;"Lei 14.600/2023; decreto de estrutura do ministério"
br-secretaria-nacional-de-petroleo-gas-natural-e-biocombustiveis;br-ministerio-de-minas-e-energia;integra;"Lei 14.600/2023; decreto de estrutura do ministério"
br-secretaria-nacional-de-transicao-energetica-e-planejamento;br-ministerio-de-minas-e-energia;integra;"Lei 14.600/2023; decreto de estrutura do ministério"
br-secretaria-executiva-portos-e-aeroportos;br-ministerio-de-portos-e-aeroportos;integra;"Lei 14.600/2023; decreto de estrutura do ministério"
br-secretaria-nacional-de-aviacao-civil;br-ministerio-de-portos-e-aeroportos;integra;"Lei 14.600/2023; decreto de estrutura do ministério"
br-secretaria-nacional-de-hidrovias-e-navegacao;br-ministerio-de-portos-e-aeroportos;integra;"Lei 14.600/2023; decreto de estrutura do ministério"
br-secretaria-nacional-de-portos;br-ministerio-de-portos-e-aeroportos;integra;"Lei 14.600/2023; decreto de estrutura do ministério"
br-secretaria-executiva-desenvolvimento-agrario;br-ministerio-do-desenvolvimento-agrario;integra;"Lei 14.600/2023; decreto de estrutura do ministério"
br-secretaria-de-abastecimento-cooperativismo-e-soberania-alimentar;br-ministerio-do-desenvolvimento-agrario;integra;"Lei 14.600/2023; decreto de estrutura do ministério"
br-secretaria-de-agricultura-familiar-e-agroecologia;br-ministerio-do-desenvolvimento-agrario;integra;"Lei 14.600/2023; decreto de estrutura do ministério"
br-secretaria-de-governanca-fundiaria-desenvolvimento-territorial-e-socioambiental;br-ministerio-do-desenvolvimento-agrario;integra;"Lei 14.600/2023; decreto de estrutura do ministério"
br-secretaria-de-territorios-e-sistemas-produtivos-quilombolas-e-tradicionais;br-ministerio-do-desenvolvimento-agrario;integra;"Lei 14.600/2023; decreto de estrutura do ministério"
br-secretaria-executiva-industria-e-comercio;br-ministerio-do-desenvolvimento-industria-comercio-e-servicos;integra;"Lei 14.600/2023; decreto de estrutura do ministério"
br-secretaria-de-competitividade-e-politica-regulatoria;br-ministerio-do-desenvolvimento-industria-comercio-e-servicos;integra;"Lei 14.600/2023; decreto de estrutura do ministério"
br-secretaria-de-comercio-exterior;br-ministerio-do-desenvolvimento-industria-comercio-e-servicos;integra;"Lei 14.600/2023; decreto de estrutura do ministério"
br-secretaria-de-desenvolvimento-industrial-inovacao-comercio-e-servicos;br-ministerio-do-desenvolvimento-industria-comercio-e-servicos;integra;"Lei 14.600/2023; decreto de estrutura do ministério"
br-secretaria-de-economia-verde-descarbonizacao-e-bioindustria;br-ministerio-do-desenvolvimento-industria-comercio-e-servicos;integra;"Lei 14.600/2023; decreto de estrutura do ministério"
br-secretaria-executiva-desenvolvimento-social;br-ministerio-do-desenvolvimento-social;integra;"Lei 14.600/2023; decreto de estrutura do ministério"
br-secretaria-extraordinaria-de-combate-a-pobreza-e-a-fome;br-ministerio-do-desenvolvimento-social;integra;"Lei 14.600/2023; decreto de estrutura do ministério"
br-secretaria-nacional-da-politica-de-cuidados-e-familia;br-ministerio-do-desenvolvimento-social;integra;"Lei 14.600/2023; decreto de estrutura do ministério"
br-secretaria-nacional-de-assistencia-social;br-ministerio-do-desenvolvimento-social;integra;"Lei 14.600/2023; decreto de estrutura do ministério"
br-secretaria-nacional-de-beneficios-assistenciais;br-ministerio-do-desenvolvimento-social;integra;"Lei 14.600/2023; decreto de estrutura do ministério"
br-secretaria-nacional-de-integracao-e-articulacao-de-plataformas-sociais-eletronicas;br-ministerio-do-desenvolvimento-social;integra;"Lei 14.600/2023; decreto de estrutura do ministério"
br-secretaria-nacional-de-renda-de-cidadania;br-ministerio-do-desenvolvimento-social;integra;"Lei 14.600/2023; decreto de estrutura do ministério"
br-secretaria-nacional-de-seguranca-alimentar-e-nutricional;br-ministerio-do-desenvolvimento-social;integra;"Lei 14.600/2023; decreto de estrutura do ministério"
br-secretaria-de-avaliacao-gestao-da-informacao-e-cadastro-unico;br-ministerio-do-desenvolvimento-social;integra;"Lei 14.600/2023; decreto de estrutura do ministério"
br-secretaria-de-inclusao-socioeconomica;br-ministerio-do-desenvolvimento-social;integra;"Lei 14.600/2023; decreto de estrutura do ministério"
br-secretaria-executiva-empreendedorismo;br-ministerio-do-empreendedorismo;integra;"Lei 14.600/2023; decreto de estrutura do ministério"
br-secretaria-nacional-de-ambiente-de-negocios;br-ministerio-do-empreendedorismo;integra;"Lei 14.600/2023; decreto de estrutura do ministério"
br-secretaria-nacional-de-inclusao-socioprodutiva-artesanato-e-microempreendedor-individual;br-ministerio-do-empreendedorismo;integra;"Lei 14.600/2023; decreto de estrutura do ministério"
br-secretaria-executiva-esporte;br-ministerio-do-esporte;integra;"Lei 14.600/2023; decreto de estrutura do ministério"
br-secretaria-extraordinaria-da-copa-do-mundo-de-futebol-feminino-2027;br-ministerio-do-esporte;integra;"Lei 14.600/2023; decreto de estrutura do ministério"
br-secretaria-nacional-de-apostas-esportivas-e-de-desenvolvimento-economico-do-esporte;br-ministerio-do-esporte;integra;"Lei 14.600/2023; decreto de estrutura do ministério"
br-secretaria-nacional-de-esporte-amador-educacao-lazer-e-inclusao-social;br-ministerio-do-esporte;integra;"Lei 14.600/2023; decreto de estrutura do ministério"
br-secretaria-nacional-de-excelencia-esportiva;br-ministerio-do-esporte;integra;"Lei 14.600/2023; decreto de estrutura do ministério"
br-secretaria-nacional-de-futebol-e-defesa-dos-direitos-do-torcedor;br-ministerio-do-esporte;integra;"Lei 14.600/2023; decreto de estrutura do ministério"
br-secretaria-nacional-de-paradesporto;br-ministerio-do-esporte;integra;"Lei 14.600/2023; decreto de estrutura do ministério"
br-secretaria-executiva-meio-ambiente;br-ministerio-do-meio-ambiente-e-mudanca-do-clima;integra;"Lei 14.600/2023; decreto de estrutura do ministério"
br-secretaria-extraordinaria-de-controle-do-desmatamento-e-ordenamento-ambiental-territorial;br-ministerio-do-meio-ambiente-e-mudanca-do-clima;integra;"Lei 14.600/2023; decreto de estrutura do ministério"
br-secretaria-nacional-de-biodiversidade-florestas-e-direitos-animais;br-ministerio-do-meio-ambiente-e-mudanca-do-clima;integra;"Lei 14.600/2023; decreto de estrutura do ministério"
br-secretaria-nacional-de-bioeconomia;br-ministerio-do-meio-ambiente-e-mudanca-do-clima;integra;"Lei 14.600/2023; decreto de estrutura do ministério"
br-secretaria-nacional-de-meio-ambiente-urbano-recursos-hidricos-e-qualidade-ambiental;br-ministerio-do-meio-ambiente-e-mudanca-do-clima;integra;"Lei 14.600/2023; decreto de estrutura do ministério"
br-secretaria-nacional-de-mudanca-do-clima;br-ministerio-do-meio-ambiente-e-mudanca-do-clima;integra;"Lei 14.600/2023; decreto de estrutura do ministério"
br-secretaria-nacional-de-povos-e-comunidades-tradicionais-e-desenvolvimento-rural-sustentavel;br-ministerio-do-meio-ambiente-e-mudanca-do-clima;integra;"Lei 14.600/2023; decreto de estrutura do ministério"
br-secretaria-executiva-planejamento;br-ministerio-do-planejamento-e-orcamento;integra;"Lei 14.600/2023; decreto de estrutura do ministério"
br-secretaria-nacional-de-planejamento;br-ministerio-do-planejamento-e-orcamento;integra;"Lei 14.600/2023; decreto de estrutura do ministério"
br-secretaria-de-articulacao-institucional;br-ministerio-do-planejamento-e-orcamento;integra;"Lei 14.600/2023; decreto de estrutura do ministério"
br-secretaria-de-assuntos-internacionais-e-desenvolvimento;br-ministerio-do-planejamento-e-orcamento;integra;"Lei 14.600/2023; decreto de estrutura do ministério"
br-secretaria-de-monitoramento-e-avaliacao-de-politicas-publicas;br-ministerio-do-planejamento-e-orcamento;integra;"Lei 14.600/2023; decreto de estrutura do ministério"
br-secretaria-de-orcamento-federal;br-ministerio-do-planejamento-e-orcamento;integra;"Lei 14.600/2023; decreto de estrutura do ministério"
br-secretaria-executiva-trabalho;br-ministerio-do-trabalho-e-emprego;integra;"Lei 14.600/2023; decreto de estrutura do ministério"
br-secretaria-nacional-de-economia-popular-e-solidaria;br-ministerio-do-trabalho-e-emprego;integra;"Lei 14.600/2023; decreto de estrutura do ministério"
br-secretaria-nacional-de-qualificacao-emprego-e-juventude;br-ministerio-do-trabalho-e-emprego;integra;"Lei 14.600/2023; decreto de estrutura do ministério"
br-secretaria-de-inspecao-do-trabalho;br-ministerio-do-trabalho-e-emprego;integra;"Lei 14.600/2023; decreto de estrutura do ministério"
br-secretaria-de-protecao-ao-trabalhador;br-ministerio-do-trabalho-e-emprego;integra;"Lei 14.600/2023; decreto de estrutura do ministério"
br-secretaria-de-relacoes-do-trabalho;br-ministerio-do-trabalho-e-emprego;integra;"Lei 14.600/2023; decreto de estrutura do ministério"
br-secretaria-executiva-turismo;br-ministerio-do-turismo;integra;"Lei 14.600/2023; decreto de estrutura do ministério"
br-secretaria-nacional-de-infraestrutura-credito-e-investimentos-no-turismo;br-ministerio-do-turismo;integra;"Lei 14.600/2023; decreto de estrutura do ministério"
br-secretaria-nacional-de-politicas-de-turismo;br-ministerio-do-turismo;integra;"Lei 14.600/2023; decreto de estrutura do ministério"
br-secretaria-executiva-direitos-humanos;br-ministerio-dos-direitos-humanos-e-da-cidadania;integra;"Lei 14.600/2023; decreto de estrutura do ministério"
br-secretaria-nacional-de-promocao-e-defesa-dos-direitos-humanos;br-ministerio-dos-direitos-humanos-e-da-cidadania;integra;"Lei 14.600/2023; decreto de estrutura do ministério"
br-secretaria-nacional-dos-direitos-da-crianca-e-do-adolescente;br-ministerio-dos-direitos-humanos-e-da-cidadania;integra;"Lei 14.600/2023; decreto de estrutura do ministério"
br-secretaria-nacional-dos-direitos-da-pessoa-idosa;br-ministerio-dos-direitos-humanos-e-da-cidadania;integra;"Lei 14.600/2023; decreto de estrutura do ministério"
br-secretaria-nacional-dos-direitos-da-pessoa-com-deficiencia;br-ministerio-dos-direitos-humanos-e-da-cidadania;integra;"Lei 14.600/2023; decreto de estrutura do ministério"
br-secretaria-nacional-dos-direitos-das-pessoas-lgbtqia;br-ministerio-dos-direitos-humanos-e-da-cidadania;integra;"Lei 14.600/2023; decreto de estrutura do ministério"
br-secretaria-executiva-povos-indigenas;br-ministerio-dos-povos-indigenas;integra;"Lei 14.600/2023; decreto de estrutura do ministério"
br-secretaria-nacional-de-articulacao-e-promocao-de-direitos-indigenas;br-ministerio-dos-povos-indigenas;integra;"Lei 14.600/2023; decreto de estrutura do ministério"
br-secretaria-nacional-de-direitos-territoriais-indigenas;br-ministerio-dos-povos-indigenas;integra;"Lei 14.600/2023; decreto de estrutura do ministério"
br-secretaria-nacional-de-gestao-ambiental-e-territorial-indigena;br-ministerio-dos-povos-indigenas;integra;"Lei 14.600/2023; decreto de estrutura do ministério"
br-secretaria-executiva-transportes;br-ministerio-dos-transportes;integra;"Lei 14.600/2023; decreto de estrutura do ministério"
br-secretaria-nacional-de-transporte-ferroviario;br-ministerio-dos-transportes;integra;"Lei 14.600/2023; decreto de estrutura do ministério"
br-secretaria-nacional-de-transporte-rodoviario;br-ministerio-dos-transportes;integra;"Lei 14.600/2023; decreto de estrutura do ministério"
br-secretaria-nacional-de-transito;br-ministerio-dos-transportes;integra;"Lei 14.600/2023; decreto de estrutura do ministério"
br-secretaria-executiva-cc-pr;br-casa-civil;integra;"Lei 14.600/2023; decreto de estrutura do ministério"
br-secretaria-especial-de-analise-governamental;br-casa-civil;integra;"Lei 14.600/2023; decreto de estrutura do ministério"
br-secretaria-especial-do-programa-de-aceleracao-do-crescimento;br-casa-civil;integra;"Lei 14.600/2023; decreto de estrutura do ministério"
br-secretaria-especial-do-programa-de-parcerias-de-investimentos;br-casa-civil;integra;"Lei 14.600/2023; decreto de estrutura do ministério"
br-secretaria-especial-para-assuntos-juridicos;br-casa-civil;integra;"Lei 14.600/2023; decreto de estrutura do ministério"
br-secretaria-de-articulacao-e-monitoramento;br-casa-civil;integra;"Lei 14.600/2023; decreto de estrutura do ministério"
br-secretaria-executiva-gsi-pr;br-gabinete-de-seguranca-institucional;integra;"Lei 14.600/2023; decreto de estrutura do ministério"
br-secretaria-de-acompanhamento-e-gestao-de-assuntos-estrategicos;br-gabinete-de-seguranca-institucional;integra;"Lei 14.600/2023; decreto de estrutura do ministério"
br-secretaria-de-coordenacao-e-assuntos-aeroespaciais;br-gabinete-de-seguranca-institucional;integra;"Lei 14.600/2023; decreto de estrutura do ministério"
br-secretaria-de-seguranca-presidencial;br-gabinete-de-seguranca-institucional;integra;"Lei 14.600/2023; decreto de estrutura do ministério"
br-secretaria-de-seguranca-da-informacao-e-cibernetica;br-gabinete-de-seguranca-institucional;integra;"Lei 14.600/2023; decreto de estrutura do ministério"
br-secretaria-executiva-secom-pr;br-secretaria-de-comunicacao-social;integra;"Lei 14.600/2023; decreto de estrutura do ministério"
br-secretaria-de-comunicacao-institucional;br-secretaria-de-comunicacao-social;integra;"Lei 14.600/2023; decreto de estrutura do ministério"
br-secretaria-de-estrategias-e-redes;br-secretaria-de-comunicacao-social;integra;"Lei 14.600/2023; decreto de estrutura do ministério"
br-secretaria-de-imprensa;br-secretaria-de-comunicacao-social;integra;"Lei 14.600/2023; decreto de estrutura do ministério"
br-secretaria-de-politicas-digitais;br-secretaria-de-comunicacao-social;integra;"Lei 14.600/2023; decreto de estrutura do ministério"
br-secretaria-de-producao-e-divulgacao-de-conteudo-audiovisual;br-secretaria-de-comunicacao-social;integra;"Lei 14.600/2023; decreto de estrutura do ministério"
br-secretaria-de-publicidade-e-patrocinios;br-secretaria-de-comunicacao-social;integra;"Lei 14.600/2023; decreto de estrutura do ministério"
br-secretaria-executiva-sri-pr;br-secretaria-de-relacoes-institucionais;integra;"Lei 14.600/2023; decreto de estrutura do ministério"
br-secretaria-especial-de-acompanhamento-governamental;br-secretaria-de-relacoes-institucionais;integra;"Lei 14.600/2023; decreto de estrutura do ministério"
br-secretaria-especial-de-assuntos-federativos;br-secretaria-de-relacoes-institucionais;integra;"Lei 14.600/2023; decreto de estrutura do ministério"
br-secretaria-especial-de-assuntos-parlamentares;br-secretaria-de-relacoes-institucionais;integra;"Lei 14.600/2023; decreto de estrutura do ministério"
br-secretaria-executiva-sg;br-secretaria-geral-da-presidencia;integra;"Lei 14.600/2023; decreto de estrutura do ministério"
br-secretaria-nacional-de-dialogos-sociais-e-articulacao-de-politicas-publicas;br-secretaria-geral-da-presidencia;integra;"Lei 14.600/2023; decreto de estrutura do ministério"
br-secretaria-nacional-de-juventude;br-secretaria-geral-da-presidencia;integra;"Lei 14.600/2023; decreto de estrutura do ministério"
br-secretaria-nacional-de-participacao-social;br-secretaria-geral-da-presidencia;integra;"Lei 14.600/2023; decreto de estrutura do ministério"
br-secretaria-nacional-de-relacoes-politico-sociais;br-secretaria-geral-da-presidencia;integra;"Lei 14.600/2023; decreto de estrutura do ministério"
br-secretaria-executiva-cgu-secretario;br-secretaria-executiva-cgu;chefia;"Lei 14.600/2023; Decreto 9.727/2019 (critérios para cargos em comissão)"
br-presidente-da-republica;br-secretaria-executiva-cgu-secretario;nomeia;"Lei 14.600/2023; Decreto 9.727/2019 (critérios para cargos em comissão)"
br-secretaria-federal-de-controle-interno-secretario;br-secretaria-federal-de-controle-interno;chefia;"Lei 14.600/2023; Decreto 9.727/2019 (critérios para cargos em comissão)"
br-presidente-da-republica;br-secretaria-federal-de-controle-interno-secretario;nomeia;"Lei 14.600/2023; Decreto 9.727/2019 (critérios para cargos em comissão)"
br-secretaria-nacional-de-transparencia-e-acesso-a-informacao-secretario;br-secretaria-nacional-de-transparencia-e-acesso-a-informacao;chefia;"Lei 14.600/2023; Decreto 9.727/2019 (critérios para cargos em comissão)"
br-presidente-da-republica;br-secretaria-nacional-de-transparencia-e-acesso-a-informacao-secretario;nomeia;"Lei 14.600/2023; Decreto 9.727/2019 (critérios para cargos em comissão)"
br-secretaria-de-integridade-privada-secretario;br-secretaria-de-integridade-privada;chefia;"Lei 14.600/2023; Decreto 9.727/2019 (critérios para cargos em comissão)"
br-presidente-da-republica;br-secretaria-de-integridade-privada-secretario;nomeia;"Lei 14.600/2023; Decreto 9.727/2019 (critérios para cargos em comissão)"
br-secretaria-de-integridade-publica-secretario;br-secretaria-de-integridade-publica;chefia;"Lei 14.600/2023; Decreto 9.727/2019 (critérios para cargos em comissão)"
br-presidente-da-republica;br-secretaria-de-integridade-publica-secretario;nomeia;"Lei 14.600/2023; Decreto 9.727/2019 (critérios para cargos em comissão)"
br-secretaria-executiva-agricultura-secretario;br-secretaria-executiva-agricultura;chefia;"Lei 14.600/2023; Decreto 9.727/2019 (critérios para cargos em comissão)"
br-presidente-da-republica;br-secretaria-executiva-agricultura-secretario;nomeia;"Lei 14.600/2023; Decreto 9.727/2019 (critérios para cargos em comissão)"
br-secretaria-de-comercio-e-relacoes-internacionais-secretario;br-secretaria-de-comercio-e-relacoes-internacionais;chefia;"Lei 14.600/2023; Decreto 9.727/2019 (critérios para cargos em comissão)"
br-presidente-da-republica;br-secretaria-de-comercio-e-relacoes-internacionais-secretario;nomeia;"Lei 14.600/2023; Decreto 9.727/2019 (critérios para cargos em comissão)"
br-secretaria-de-defesa-agropecuaria-secretario;br-secretaria-de-defesa-agropecuaria;chefia;"Lei 14.600/2023; Decreto 9.727/2019 (critérios para cargos em comissão)"
br-presidente-da-republica;br-secretaria-de-defesa-agropecuaria-secretario;nomeia;"Lei 14.600/2023; Decreto 9.727/2019 (critérios para cargos em comissão)"
br-secretaria-de-desenvolvimento-rural-secretario;br-secretaria-de-desenvolvimento-rural;chefia;"Lei 14.600/2023; Decreto 9.727/2019 (critérios para cargos em comissão)"
br-presidente-da-republica;br-secretaria-de-desenvolvimento-rural-secretario;nomeia;"Lei 14.600/2023; Decreto 9.727/2019 (critérios para cargos em comissão)"
br-secretaria-de-politica-agricola-secretario;br-secretaria-de-politica-agricola;chefia;"Lei 14.600/2023; Decreto 9.727/2019 (critérios para cargos em comissão)"
br-presidente-da-republica;br-secretaria-de-politica-agricola-secretario;nomeia;"Lei 14.600/2023; Decreto 9.727/2019 (critérios para cargos em comissão)"
br-secretaria-executiva-ciencia-e-tecnologia-secretario;br-secretaria-executiva-ciencia-e-tecnologia;chefia;"Lei 14.600/2023; Decreto 9.727/2019 (critérios para cargos em comissão)"
br-presidente-da-republica;br-secretaria-executiva-ciencia-e-tecnologia-secretario;nomeia;"Lei 14.600/2023; Decreto 9.727/2019 (critérios para cargos em comissão)"
br-secretaria-de-ciencia-e-tecnologia-para-transformacao-digital-secretario;br-secretaria-de-ciencia-e-tecnologia-para-transformacao-digital;chefia;"Lei 14.600/2023; Decreto 9.727/2019 (critérios para cargos em comissão)"
br-presidente-da-republica;br-secretaria-de-ciencia-e-tecnologia-para-transformacao-digital-secretario;nomeia;"Lei 14.600/2023; Decreto 9.727/2019 (critérios para cargos em comissão)"
br-secretaria-de-ciencia-e-tecnologia-para-o-desenvolvimento-social-secretario;br-secretaria-de-ciencia-e-tecnologia-para-o-desenvolvimento-social;chefia;"Lei 14.600/2023; Decreto 9.727/2019 (critérios para cargos em comissão)"
br-presidente-da-republica;br-secretaria-de-ciencia-e-tecnologia-para-o-desenvolvimento-social-secretario;nomeia;"Lei 14.600/2023; Decreto 9.727/2019 (critérios para cargos em comissão)"
br-secretaria-de-desenvolvimento-tecnologico-e-inovacao-secretario;br-secretaria-de-desenvolvimento-tecnologico-e-inovacao;chefia;"Lei 14.600/2023; Decreto 9.727/2019 (critérios para cargos em comissão)"
br-presidente-da-republica;br-secretaria-de-desenvolvimento-tecnologico-e-inovacao-secretario;nomeia;"Lei 14.600/2023; Decreto 9.727/2019 (critérios para cargos em comissão)"
br-secretaria-de-politicas-e-programas-estrategicos-secretario;br-secretaria-de-politicas-e-programas-estrategicos;chefia;"Lei 14.600/2023; Decreto 9.727/2019 (critérios para cargos em comissão)"
br-presidente-da-republica;br-secretaria-de-politicas-e-programas-estrategicos-secretario;nomeia;"Lei 14.600/2023; Decreto 9.727/2019 (critérios para cargos em comissão)"
br-secretaria-executiva-cultura-secretario;br-secretaria-executiva-cultura;chefia;"Lei 14.600/2023; Decreto 9.727/2019 (critérios para cargos em comissão)"
br-presidente-da-republica;br-secretaria-executiva-cultura-secretario;nomeia;"Lei 14.600/2023; Decreto 9.727/2019 (critérios para cargos em comissão)"
br-secretaria-de-articulacao-federativa-e-comites-de-cultura-secretario;br-secretaria-de-articulacao-federativa-e-comites-de-cultura;chefia;"Lei 14.600/2023; Decreto 9.727/2019 (critérios para cargos em comissão)"
br-presidente-da-republica;br-secretaria-de-articulacao-federativa-e-comites-de-cultura-secretario;nomeia;"Lei 14.600/2023; Decreto 9.727/2019 (critérios para cargos em comissão)"
br-secretaria-de-cidadania-e-diversidade-cultural-secretario;br-secretaria-de-cidadania-e-diversidade-cultural;chefia;"Lei 14.600/2023; Decreto 9.727/2019 (critérios para cargos em comissão)"
br-presidente-da-republica;br-secretaria-de-cidadania-e-diversidade-cultural-secretario;nomeia;"Lei 14.600/2023; Decreto 9.727/2019 (critérios para cargos em comissão)"
br-secretaria-de-direitos-autorais-e-intelectuais-secretario;br-secretaria-de-direitos-autorais-e-intelectuais;chefia;"Lei 14.600/2023; Decreto 9.727/2019 (critérios para cargos em comissão)"
br-presidente-da-republica;br-secretaria-de-direitos-autorais-e-intelectuais-secretario;nomeia;"Lei 14.600/2023; Decreto 9.727/2019 (critérios para cargos em comissão)"
br-secretaria-de-economia-criativa-secretario;br-secretaria-de-economia-criativa;chefia;"Lei 14.600/2023; Decreto 9.727/2019 (critérios para cargos em comissão)"
br-presidente-da-republica;br-secretaria-de-economia-criativa-secretario;nomeia;"Lei 14.600/2023; Decreto 9.727/2019 (critérios para cargos em comissão)"
br-secretaria-de-fomento-e-incentivo-a-cultura-secretario;br-secretaria-de-fomento-e-incentivo-a-cultura;chefia;"Lei 14.600/2023; Decreto 9.727/2019 (critérios para cargos em comissão)"
br-presidente-da-republica;br-secretaria-de-fomento-e-incentivo-a-cultura-secretario;nomeia;"Lei 14.600/2023; Decreto 9.727/2019 (critérios para cargos em comissão)"
br-secretaria-de-formacao-artistica-e-cultural-livro-e-leitura-secretario;br-secretaria-de-formacao-artistica-e-cultural-livro-e-leitura;chefia;"Lei 14.600/2023; Decreto 9.727/2019 (critérios para cargos em comissão)"
br-presidente-da-republica;br-secretaria-de-formacao-artistica-e-cultural-livro-e-leitura-secretario;nomeia;"Lei 14.600/2023; Decreto 9.727/2019 (critérios para cargos em comissão)"
br-secretaria-do-audiovisual-secretario;br-secretaria-do-audiovisual;chefia;"Lei 14.600/2023; Decreto 9.727/2019 (critérios para cargos em comissão)"
br-presidente-da-republica;br-secretaria-do-audiovisual-secretario;nomeia;"Lei 14.600/2023; Decreto 9.727/2019 (critérios para cargos em comissão)"
br-secretaria-de-controle-interno-defesa-secretario;br-secretaria-de-controle-interno-defesa;chefia;"Lei 14.600/2023; Decreto 9.727/2019 (critérios para cargos em comissão)"
br-presidente-da-republica;br-secretaria-de-controle-interno-defesa-secretario;nomeia;"Lei 14.600/2023; Decreto 9.727/2019 (critérios para cargos em comissão)"
br-secretaria-geral-secretario;br-secretaria-geral;chefia;"Lei 14.600/2023; Decreto 9.727/2019 (critérios para cargos em comissão)"
br-presidente-da-republica;br-secretaria-geral-secretario;nomeia;"Lei 14.600/2023; Decreto 9.727/2019 (critérios para cargos em comissão)"
br-secretaria-executiva-educacao-secretario;br-secretaria-executiva-educacao;chefia;"Lei 14.600/2023; Decreto 9.727/2019 (critérios para cargos em comissão)"
br-presidente-da-republica;br-secretaria-executiva-educacao-secretario;nomeia;"Lei 14.600/2023; Decreto 9.727/2019 (critérios para cargos em comissão)"
br-secretaria-de-articulacao-intersetorial-e-com-os-sistemas-de-ensino-secretario;br-secretaria-de-articulacao-intersetorial-e-com-os-sistemas-de-ensino;chefia;"Lei 14.600/2023; Decreto 9.727/2019 (critérios para cargos em comissão)"
br-presidente-da-republica;br-secretaria-de-articulacao-intersetorial-e-com-os-sistemas-de-ensino-secretario;nomeia;"Lei 14.600/2023; Decreto 9.727/2019 (critérios para cargos em comissão)"
br-secretaria-de-educacao-basica-secretario;br-secretaria-de-educacao-basica;chefia;"Lei 14.600/2023; Decreto 9.727/2019 (critérios para cargos em comissão)"
br-presidente-da-republica;br-secretaria-de-educacao-basica-secretario;nomeia;"Lei 14.600/2023; Decreto 9.727/2019 (critérios para cargos em comissão)"
br-secretaria-de-educacao-continuada-alfabetizacao-de-jovens-e-adultos-diversidade-e-inclusao-secretario;br-secretaria-de-educacao-continuada-alfabetizacao-de-jovens-e-adultos-diversidade-e-inclusao;chefia;"Lei 14.600/2023; Decreto 9.727/2019 (critérios para cargos em comissão)"
br-presidente-da-republica;br-secretaria-de-educacao-continuada-alfabetizacao-de-jovens-e-adultos-diversidade-e-inclusao-secretario;nomeia;"Lei 14.600/2023; Decreto 9.727/2019 (critérios para cargos em comissão)"
br-secretaria-de-educacao-profissional-e-tecnologica-secretario;br-secretaria-de-educacao-profissional-e-tecnologica;chefia;"Lei 14.600/2023; Decreto 9.727/2019 (critérios para cargos em comissão)"
br-presidente-da-republica;br-secretaria-de-educacao-profissional-e-tecnologica-secretario;nomeia;"Lei 14.600/2023; Decreto 9.727/2019 (critérios para cargos em comissão)"
br-secretaria-de-educacao-superior-secretario;br-secretaria-de-educacao-superior;chefia;"Lei 14.600/2023; Decreto 9.727/2019 (critérios para cargos em comissão)"
br-presidente-da-republica;br-secretaria-de-educacao-superior-secretario;nomeia;"Lei 14.600/2023; Decreto 9.727/2019 (critérios para cargos em comissão)"
br-secretaria-de-gestao-da-informacao-inovacao-e-avaliacao-de-politicas-educacionais-secretario;br-secretaria-de-gestao-da-informacao-inovacao-e-avaliacao-de-politicas-educacionais;chefia;"Lei 14.600/2023; Decreto 9.727/2019 (critérios para cargos em comissão)"
br-presidente-da-republica;br-secretaria-de-gestao-da-informacao-inovacao-e-avaliacao-de-politicas-educacionais-secretario;nomeia;"Lei 14.600/2023; Decreto 9.727/2019 (critérios para cargos em comissão)"
br-secretaria-de-regulacao-e-supervisao-da-educacao-superior-secretario;br-secretaria-de-regulacao-e-supervisao-da-educacao-superior;chefia;"Lei 14.600/2023; Decreto 9.727/2019 (critérios para cargos em comissão)"
br-presidente-da-republica;br-secretaria-de-regulacao-e-supervisao-da-educacao-superior-secretario;nomeia;"Lei 14.600/2023; Decreto 9.727/2019 (critérios para cargos em comissão)"
br-secretaria-executiva-fazenda-secretario;br-secretaria-executiva-fazenda;chefia;"Lei 14.600/2023; Decreto 9.727/2019 (critérios para cargos em comissão)"
br-presidente-da-republica;br-secretaria-executiva-fazenda-secretario;nomeia;"Lei 14.600/2023; Decreto 9.727/2019 (critérios para cargos em comissão)"
br-secretaria-extraordinaria-do-mercado-de-carbono-secretario;br-secretaria-extraordinaria-do-mercado-de-carbono;chefia;"Lei 14.600/2023; Decreto 9.727/2019 (critérios para cargos em comissão)"
br-presidente-da-republica;br-secretaria-extraordinaria-do-mercado-de-carbono-secretario;nomeia;"Lei 14.600/2023; Decreto 9.727/2019 (critérios para cargos em comissão)"
br-secretaria-de-assuntos-internacionais-secretario;br-secretaria-de-assuntos-internacionais;chefia;"Lei 14.600/2023; Decreto 9.727/2019 (critérios para cargos em comissão)"
br-presidente-da-republica;br-secretaria-de-assuntos-internacionais-secretario;nomeia;"Lei 14.600/2023; Decreto 9.727/2019 (critérios para cargos em comissão)"
br-secretaria-de-politica-economica-secretario;br-secretaria-de-politica-economica;chefia;"Lei 14.600/2023; Decreto 9.727/2019 (critérios para cargos em comissão)"
br-presidente-da-republica;br-secretaria-de-politica-economica-secretario;nomeia;"Lei 14.600/2023; Decreto 9.727/2019 (critérios para cargos em comissão)"
br-secretaria-de-premios-e-apostas-secretario;br-secretaria-de-premios-e-apostas;chefia;"Lei 14.600/2023; Decreto 9.727/2019 (critérios para cargos em comissão)"
br-presidente-da-republica;br-secretaria-de-premios-e-apostas-secretario;nomeia;"Lei 14.600/2023; Decreto 9.727/2019 (critérios para cargos em comissão)"
br-secretaria-de-reformas-economicas-secretario;br-secretaria-de-reformas-economicas;chefia;"Lei 14.600/2023; Decreto 9.727/2019 (critérios para cargos em comissão)"
br-presidente-da-republica;br-secretaria-de-reformas-economicas-secretario;nomeia;"Lei 14.600/2023; Decreto 9.727/2019 (critérios para cargos em comissão)"
br-secretaria-executiva-gestao-secretario;br-secretaria-executiva-gestao;chefia;"Lei 14.600/2023; Decreto 9.727/2019 (critérios para cargos em comissão)"
br-presidente-da-republica;br-secretaria-executiva-gestao-secretario;nomeia;"Lei 14.600/2023; Decreto 9.727/2019 (critérios para cargos em comissão)"
br-secretaria-extraordinaria-para-a-transformacao-do-estado-secretario;br-secretaria-extraordinaria-para-a-transformacao-do-estado;chefia;"Lei 14.600/2023; Decreto 9.727/2019 (critérios para cargos em comissão)"
br-presidente-da-republica;br-secretaria-extraordinaria-para-a-transformacao-do-estado-secretario;nomeia;"Lei 14.600/2023; Decreto 9.727/2019 (critérios para cargos em comissão)"
br-secretaria-de-coordenacao-e-governanca-das-empresas-estatais-secretario;br-secretaria-de-coordenacao-e-governanca-das-empresas-estatais;chefia;"Lei 14.600/2023; Decreto 9.727/2019 (critérios para cargos em comissão)"
br-presidente-da-republica;br-secretaria-de-coordenacao-e-governanca-das-empresas-estatais-secretario;nomeia;"Lei 14.600/2023; Decreto 9.727/2019 (critérios para cargos em comissão)"
br-secretaria-de-gestao-de-pessoas-secretario;br-secretaria-de-gestao-de-pessoas;chefia;"Lei 14.600/2023; Decreto 9.727/2019 (critérios para cargos em comissão)"
br-presidente-da-republica;br-secretaria-de-gestao-de-pessoas-secretario;nomeia;"Lei 14.600/2023; Decreto 9.727/2019 (critérios para cargos em comissão)"
br-secretaria-de-gestao-e-inovacao-secretario;br-secretaria-de-gestao-e-inovacao;chefia;"Lei 14.600/2023; Decreto 9.727/2019 (critérios para cargos em comissão)"
br-presidente-da-republica;br-secretaria-de-gestao-e-inovacao-secretario;nomeia;"Lei 14.600/2023; Decreto 9.727/2019 (critérios para cargos em comissão)"
br-secretaria-de-governo-digital-secretario;br-secretaria-de-governo-digital;chefia;"Lei 14.600/2023; Decreto 9.727/2019 (critérios para cargos em comissão)"
br-presidente-da-republica;br-secretaria-de-governo-digital-secretario;nomeia;"Lei 14.600/2023; Decreto 9.727/2019 (critérios para cargos em comissão)"
br-secretaria-de-relacoes-de-trabalho-secretario;br-secretaria-de-relacoes-de-trabalho;chefia;"Lei 14.600/2023; Decreto 9.727/2019 (critérios para cargos em comissão)"
br-presidente-da-republica;br-secretaria-de-relacoes-de-trabalho-secretario;nomeia;"Lei 14.600/2023; Decreto 9.727/2019 (critérios para cargos em comissão)"
br-secretaria-de-servicos-compartilhados-secretario;br-secretaria-de-servicos-compartilhados;chefia;"Lei 14.600/2023; Decreto 9.727/2019 (critérios para cargos em comissão)"
br-presidente-da-republica;br-secretaria-de-servicos-compartilhados-secretario;nomeia;"Lei 14.600/2023; Decreto 9.727/2019 (critérios para cargos em comissão)"
br-secretaria-do-patrimonio-da-uniao-secretario;br-secretaria-do-patrimonio-da-uniao;chefia;"Lei 14.600/2023; Decreto 9.727/2019 (critérios para cargos em comissão)"
br-presidente-da-republica;br-secretaria-do-patrimonio-da-uniao-secretario;nomeia;"Lei 14.600/2023; Decreto 9.727/2019 (critérios para cargos em comissão)"
br-secretaria-executiva-igualdade-racial-secretario;br-secretaria-executiva-igualdade-racial;chefia;"Lei 14.600/2023; Decreto 9.727/2019 (critérios para cargos em comissão)"
br-presidente-da-republica;br-secretaria-executiva-igualdade-racial-secretario;nomeia;"Lei 14.600/2023; Decreto 9.727/2019 (critérios para cargos em comissão)"
br-secretaria-de-gestao-do-sistema-nacional-de-promocao-da-igualdade-racial-secretario;br-secretaria-de-gestao-do-sistema-nacional-de-promocao-da-igualdade-racial;chefia;"Lei 14.600/2023; Decreto 9.727/2019 (critérios para cargos em comissão)"
br-presidente-da-republica;br-secretaria-de-gestao-do-sistema-nacional-de-promocao-da-igualdade-racial-secretario;nomeia;"Lei 14.600/2023; Decreto 9.727/2019 (critérios para cargos em comissão)"
br-secretaria-de-polit-p-quilombolas-povos-e-comunidades-tradic-de-mat-africana-povos-de-terreiros-e-ciganos-secretario;br-secretaria-de-polit-p-quilombolas-povos-e-comunidades-tradic-de-mat-africana-povos-de-terreiros-e-ciganos;chefia;"Lei 14.600/2023; Decreto 9.727/2019 (critérios para cargos em comissão)"
br-presidente-da-republica;br-secretaria-de-polit-p-quilombolas-povos-e-comunidades-tradic-de-mat-africana-povos-de-terreiros-e-ciganos-secretario;nomeia;"Lei 14.600/2023; Decreto 9.727/2019 (critérios para cargos em comissão)"
br-secretaria-de-politicas-de-acoes-afirmativas-combate-e-superacao-do-racismo-secretario;br-secretaria-de-politicas-de-acoes-afirmativas-combate-e-superacao-do-racismo;chefia;"Lei 14.600/2023; Decreto 9.727/2019 (critérios para cargos em comissão)"
br-presidente-da-republica;br-secretaria-de-politicas-de-acoes-afirmativas-combate-e-superacao-do-racismo-secretario;nomeia;"Lei 14.600/2023; Decreto 9.727/2019 (critérios para cargos em comissão)"
br-secretaria-executiva-integracao-secretario;br-secretaria-executiva-integracao;chefia;"Lei 14.600/2023; Decreto 9.727/2019 (critérios para cargos em comissão)"
br-presidente-da-republica;br-secretaria-executiva-integracao-secretario;nomeia;"Lei 14.600/2023; Decreto 9.727/2019 (critérios para cargos em comissão)"
br-secretaria-nacional-de-fundos-e-instrumentos-financeiros-secretario;br-secretaria-nacional-de-fundos-e-instrumentos-financeiros;chefia;"Lei 14.600/2023; Decreto 9.727/2019 (critérios para cargos em comissão)"
br-presidente-da-republica;br-secretaria-nacional-de-fundos-e-instrumentos-financeiros-secretario;nomeia;"Lei 14.600/2023; Decreto 9.727/2019 (critérios para cargos em comissão)"
br-secretaria-nacional-de-politicas-de-desenvolvimento-regional-e-territorial-secretario;br-secretaria-nacional-de-politicas-de-desenvolvimento-regional-e-territorial;chefia;"Lei 14.600/2023; Decreto 9.727/2019 (critérios para cargos em comissão)"
br-presidente-da-republica;br-secretaria-nacional-de-politicas-de-desenvolvimento-regional-e-territorial-secretario;nomeia;"Lei 14.600/2023; Decreto 9.727/2019 (critérios para cargos em comissão)"
br-secretaria-nacional-de-protecao-e-defesa-civil-secretario;br-secretaria-nacional-de-protecao-e-defesa-civil;chefia;"Lei 14.600/2023; Decreto 9.727/2019 (critérios para cargos em comissão)"
br-presidente-da-republica;br-secretaria-nacional-de-protecao-e-defesa-civil-secretario;nomeia;"Lei 14.600/2023; Decreto 9.727/2019 (critérios para cargos em comissão)"
br-secretaria-nacional-de-seguranca-hidrica-secretario;br-secretaria-nacional-de-seguranca-hidrica;chefia;"Lei 14.600/2023; Decreto 9.727/2019 (critérios para cargos em comissão)"
br-presidente-da-republica;br-secretaria-nacional-de-seguranca-hidrica-secretario;nomeia;"Lei 14.600/2023; Decreto 9.727/2019 (critérios para cargos em comissão)"
br-secretaria-executiva-justica-secretario;br-secretaria-executiva-justica;chefia;"Lei 14.600/2023; Decreto 9.727/2019 (critérios para cargos em comissão)"
br-presidente-da-republica;br-secretaria-executiva-justica-secretario;nomeia;"Lei 14.600/2023; Decreto 9.727/2019 (critérios para cargos em comissão)"
br-secretaria-nacional-de-acesso-a-justica-secretario;br-secretaria-nacional-de-acesso-a-justica;chefia;"Lei 14.600/2023; Decreto 9.727/2019 (critérios para cargos em comissão)"
br-presidente-da-republica;br-secretaria-nacional-de-acesso-a-justica-secretario;nomeia;"Lei 14.600/2023; Decreto 9.727/2019 (critérios para cargos em comissão)"
br-secretaria-nacional-de-assuntos-legislativos-secretario;br-secretaria-nacional-de-assuntos-legislativos;chefia;"Lei 14.600/2023; Decreto 9.727/2019 (critérios para cargos em comissão)"
br-presidente-da-republica;br-secretaria-nacional-de-assuntos-legislativos-secretario;nomeia;"Lei 14.600/2023; Decreto 9.727/2019 (critérios para cargos em comissão)"
br-secretaria-nacional-de-direitos-digitais-secretario;br-secretaria-nacional-de-direitos-digitais;chefia;"Lei 14.600/2023; Decreto 9.727/2019 (critérios para cargos em comissão)"
br-presidente-da-republica;br-secretaria-nacional-de-direitos-digitais-secretario;nomeia;"Lei 14.600/2023; Decreto 9.727/2019 (critérios para cargos em comissão)"
br-secretaria-nacional-de-justica-secretario;br-secretaria-nacional-de-justica;chefia;"Lei 14.600/2023; Decreto 9.727/2019 (critérios para cargos em comissão)"
br-presidente-da-republica;br-secretaria-nacional-de-justica-secretario;nomeia;"Lei 14.600/2023; Decreto 9.727/2019 (critérios para cargos em comissão)"
br-secretaria-nacional-de-politicas-penais-secretario;br-secretaria-nacional-de-politicas-penais;chefia;"Lei 14.600/2023; Decreto 9.727/2019 (critérios para cargos em comissão)"
br-presidente-da-republica;br-secretaria-nacional-de-politicas-penais-secretario;nomeia;"Lei 14.600/2023; Decreto 9.727/2019 (critérios para cargos em comissão)"
br-secretaria-nacional-de-politicas-sobre-drogas-e-gestao-de-ativos-secretario;br-secretaria-nacional-de-politicas-sobre-drogas-e-gestao-de-ativos;chefia;"Lei 14.600/2023; Decreto 9.727/2019 (critérios para cargos em comissão)"
br-presidente-da-republica;br-secretaria-nacional-de-politicas-sobre-drogas-e-gestao-de-ativos-secretario;nomeia;"Lei 14.600/2023; Decreto 9.727/2019 (critérios para cargos em comissão)"
br-secretaria-nacional-de-seguranca-publica-secretario;br-secretaria-nacional-de-seguranca-publica;chefia;"Lei 14.600/2023; Decreto 9.727/2019 (critérios para cargos em comissão)"
br-presidente-da-republica;br-secretaria-nacional-de-seguranca-publica-secretario;nomeia;"Lei 14.600/2023; Decreto 9.727/2019 (critérios para cargos em comissão)"
br-secretaria-nacional-do-consumidor-secretario;br-secretaria-nacional-do-consumidor;chefia;"Lei 14.600/2023; Decreto 9.727/2019 (critérios para cargos em comissão)"
br-presidente-da-republica;br-secretaria-nacional-do-consumidor-secretario;nomeia;"Lei 14.600/2023; Decreto 9.727/2019 (critérios para cargos em comissão)"
br-secretaria-executiva-pesca-secretario;br-secretaria-executiva-pesca;chefia;"Lei 14.600/2023; Decreto 9.727/2019 (critérios para cargos em comissão)"
br-presidente-da-republica;br-secretaria-executiva-pesca-secretario;nomeia;"Lei 14.600/2023; Decreto 9.727/2019 (critérios para cargos em comissão)"
br-secretaria-nacional-de-aquicultura-secretario;br-secretaria-nacional-de-aquicultura;chefia;"Lei 14.600/2023; Decreto 9.727/2019 (critérios para cargos em comissão)"
br-presidente-da-republica;br-secretaria-nacional-de-aquicultura-secretario;nomeia;"Lei 14.600/2023; Decreto 9.727/2019 (critérios para cargos em comissão)"
br-secretaria-nacional-de-pesca-artesanal-secretario;br-secretaria-nacional-de-pesca-artesanal;chefia;"Lei 14.600/2023; Decreto 9.727/2019 (critérios para cargos em comissão)"
br-presidente-da-republica;br-secretaria-nacional-de-pesca-artesanal-secretario;nomeia;"Lei 14.600/2023; Decreto 9.727/2019 (critérios para cargos em comissão)"
br-secretaria-nacional-de-pesca-industrial-amadora-e-esportiva-secretario;br-secretaria-nacional-de-pesca-industrial-amadora-e-esportiva;chefia;"Lei 14.600/2023; Decreto 9.727/2019 (critérios para cargos em comissão)"
br-presidente-da-republica;br-secretaria-nacional-de-pesca-industrial-amadora-e-esportiva-secretario;nomeia;"Lei 14.600/2023; Decreto 9.727/2019 (critérios para cargos em comissão)"
br-secretaria-nacional-de-registro-monitoramento-e-pesquisa-da-pesca-e-aquicultura-secretario;br-secretaria-nacional-de-registro-monitoramento-e-pesquisa-da-pesca-e-aquicultura;chefia;"Lei 14.600/2023; Decreto 9.727/2019 (critérios para cargos em comissão)"
br-presidente-da-republica;br-secretaria-nacional-de-registro-monitoramento-e-pesquisa-da-pesca-e-aquicultura-secretario;nomeia;"Lei 14.600/2023; Decreto 9.727/2019 (critérios para cargos em comissão)"
br-secretaria-executiva-previdencia-secretario;br-secretaria-executiva-previdencia;chefia;"Lei 14.600/2023; Decreto 9.727/2019 (critérios para cargos em comissão)"
br-presidente-da-republica;br-secretaria-executiva-previdencia-secretario;nomeia;"Lei 14.600/2023; Decreto 9.727/2019 (critérios para cargos em comissão)"
br-secretaria-de-regime-geral-de-previdencia-social-secretario;br-secretaria-de-regime-geral-de-previdencia-social;chefia;"Lei 14.600/2023; Decreto 9.727/2019 (critérios para cargos em comissão)"
br-presidente-da-republica;br-secretaria-de-regime-geral-de-previdencia-social-secretario;nomeia;"Lei 14.600/2023; Decreto 9.727/2019 (critérios para cargos em comissão)"
br-secretaria-de-regime-proprio-e-complementar-secretario;br-secretaria-de-regime-proprio-e-complementar;chefia;"Lei 14.600/2023; Decreto 9.727/2019 (critérios para cargos em comissão)"
br-presidente-da-republica;br-secretaria-de-regime-proprio-e-complementar-secretario;nomeia;"Lei 14.600/2023; Decreto 9.727/2019 (critérios para cargos em comissão)"
br-secretaria-executiva-saude-secretario;br-secretaria-executiva-saude;chefia;"Lei 14.600/2023; Decreto 9.727/2019 (critérios para cargos em comissão)"
br-presidente-da-republica;br-secretaria-executiva-saude-secretario;nomeia;"Lei 14.600/2023; Decreto 9.727/2019 (critérios para cargos em comissão)"
br-secretaria-de-atencao-especializada-a-saude-secretario;br-secretaria-de-atencao-especializada-a-saude;chefia;"Lei 14.600/2023; Decreto 9.727/2019 (critérios para cargos em comissão)"
br-presidente-da-republica;br-secretaria-de-atencao-especializada-a-saude-secretario;nomeia;"Lei 14.600/2023; Decreto 9.727/2019 (critérios para cargos em comissão)"
br-secretaria-de-atencao-primaria-a-saude-secretario;br-secretaria-de-atencao-primaria-a-saude;chefia;"Lei 14.600/2023; Decreto 9.727/2019 (critérios para cargos em comissão)"
br-presidente-da-republica;br-secretaria-de-atencao-primaria-a-saude-secretario;nomeia;"Lei 14.600/2023; Decreto 9.727/2019 (critérios para cargos em comissão)"
br-secretaria-de-ciencia-tecnologia-e-inovacao-em-saude-secretario;br-secretaria-de-ciencia-tecnologia-e-inovacao-em-saude;chefia;"Lei 14.600/2023; Decreto 9.727/2019 (critérios para cargos em comissão)"
br-presidente-da-republica;br-secretaria-de-ciencia-tecnologia-e-inovacao-em-saude-secretario;nomeia;"Lei 14.600/2023; Decreto 9.727/2019 (critérios para cargos em comissão)"
br-secretaria-de-gestao-do-trabalho-e-da-educacao-na-saude-secretario;br-secretaria-de-gestao-do-trabalho-e-da-educacao-na-saude;chefia;"Lei 14.600/2023; Decreto 9.727/2019 (critérios para cargos em comissão)"
br-presidente-da-republica;br-secretaria-de-gestao-do-trabalho-e-da-educacao-na-saude-secretario;nomeia;"Lei 14.600/2023; Decreto 9.727/2019 (critérios para cargos em comissão)"
br-secretaria-de-informacao-e-saude-digital-secretario;br-secretaria-de-informacao-e-saude-digital;chefia;"Lei 14.600/2023; Decreto 9.727/2019 (critérios para cargos em comissão)"
br-presidente-da-republica;br-secretaria-de-informacao-e-saude-digital-secretario;nomeia;"Lei 14.600/2023; Decreto 9.727/2019 (critérios para cargos em comissão)"
br-secretaria-de-saude-indigena-secretario;br-secretaria-de-saude-indigena;chefia;"Lei 14.600/2023; Decreto 9.727/2019 (critérios para cargos em comissão)"
br-presidente-da-republica;br-secretaria-de-saude-indigena-secretario;nomeia;"Lei 14.600/2023; Decreto 9.727/2019 (critérios para cargos em comissão)"
br-secretaria-de-vigilancia-em-saude-e-ambiente-secretario;br-secretaria-de-vigilancia-em-saude-e-ambiente;chefia;"Lei 14.600/2023; Decreto 9.727/2019 (critérios para cargos em comissão)"
br-presidente-da-republica;br-secretaria-de-vigilancia-em-saude-e-ambiente-secretario;nomeia;"Lei 14.600/2023; Decreto 9.727/2019 (critérios para cargos em comissão)"
br-secretaria-executiva-cidades-secretario;br-secretaria-executiva-cidades;chefia;"Lei 14.600/2023; Decreto 9.727/2019 (critérios para cargos em comissão)"
br-presidente-da-republica;br-secretaria-executiva-cidades-secretario;nomeia;"Lei 14.600/2023; Decreto 9.727/2019 (critérios para cargos em comissão)"
br-secretaria-nacional-de-desenvolvimento-urbano-e-metropolitano-secretario;br-secretaria-nacional-de-desenvolvimento-urbano-e-metropolitano;chefia;"Lei 14.600/2023; Decreto 9.727/2019 (critérios para cargos em comissão)"
br-presidente-da-republica;br-secretaria-nacional-de-desenvolvimento-urbano-e-metropolitano-secretario;nomeia;"Lei 14.600/2023; Decreto 9.727/2019 (critérios para cargos em comissão)"
br-secretaria-nacional-de-habitacao-secretario;br-secretaria-nacional-de-habitacao;chefia;"Lei 14.600/2023; Decreto 9.727/2019 (critérios para cargos em comissão)"
br-presidente-da-republica;br-secretaria-nacional-de-habitacao-secretario;nomeia;"Lei 14.600/2023; Decreto 9.727/2019 (critérios para cargos em comissão)"
br-secretaria-nacional-de-mobilidade-urbana-secretario;br-secretaria-nacional-de-mobilidade-urbana;chefia;"Lei 14.600/2023; Decreto 9.727/2019 (critérios para cargos em comissão)"
br-presidente-da-republica;br-secretaria-nacional-de-mobilidade-urbana-secretario;nomeia;"Lei 14.600/2023; Decreto 9.727/2019 (critérios para cargos em comissão)"
br-secretaria-nacional-de-periferias-secretario;br-secretaria-nacional-de-periferias;chefia;"Lei 14.600/2023; Decreto 9.727/2019 (critérios para cargos em comissão)"
br-presidente-da-republica;br-secretaria-nacional-de-periferias-secretario;nomeia;"Lei 14.600/2023; Decreto 9.727/2019 (critérios para cargos em comissão)"
br-secretaria-nacional-de-saneamento-ambiental-secretario;br-secretaria-nacional-de-saneamento-ambiental;chefia;"Lei 14.600/2023; Decreto 9.727/2019 (critérios para cargos em comissão)"
br-presidente-da-republica;br-secretaria-nacional-de-saneamento-ambiental-secretario;nomeia;"Lei 14.600/2023; Decreto 9.727/2019 (critérios para cargos em comissão)"
br-secretaria-executiva-comunicacoes-secretario;br-secretaria-executiva-comunicacoes;chefia;"Lei 14.600/2023; Decreto 9.727/2019 (critérios para cargos em comissão)"
br-presidente-da-republica;br-secretaria-executiva-comunicacoes-secretario;nomeia;"Lei 14.600/2023; Decreto 9.727/2019 (critérios para cargos em comissão)"
br-secretaria-de-radiodifusao-secretario;br-secretaria-de-radiodifusao;chefia;"Lei 14.600/2023; Decreto 9.727/2019 (critérios para cargos em comissão)"
br-presidente-da-republica;br-secretaria-de-radiodifusao-secretario;nomeia;"Lei 14.600/2023; Decreto 9.727/2019 (critérios para cargos em comissão)"
br-secretaria-de-telecomunicacoes-secretario;br-secretaria-de-telecomunicacoes;chefia;"Lei 14.600/2023; Decreto 9.727/2019 (critérios para cargos em comissão)"
br-presidente-da-republica;br-secretaria-de-telecomunicacoes-secretario;nomeia;"Lei 14.600/2023; Decreto 9.727/2019 (critérios para cargos em comissão)"
br-secretaria-executiva-mulheres-secretario;br-secretaria-executiva-mulheres;chefia;"Lei 14.600/2023; Decreto 9.727/2019 (critérios para cargos em comissão)"
br-presidente-da-republica;br-secretaria-executiva-mulheres-secretario;nomeia;"Lei 14.600/2023; Decreto 9.727/2019 (critérios para cargos em comissão)"
br-secretaria-nacional-de-articulacao-intersetorial-e-interfederativa-e-participacao-politica-secretario;br-secretaria-nacional-de-articulacao-intersetorial-e-interfederativa-e-participacao-politica;chefia;"Lei 14.600/2023; Decreto 9.727/2019 (critérios para cargos em comissão)"
br-presidente-da-republica;br-secretaria-nacional-de-articulacao-intersetorial-e-interfederativa-e-participacao-politica-secretario;nomeia;"Lei 14.600/2023; Decreto 9.727/2019 (critérios para cargos em comissão)"
br-secretaria-nacional-de-autonomia-economica-e-politica-de-cuidados-secretario;br-secretaria-nacional-de-autonomia-economica-e-politica-de-cuidados;chefia;"Lei 14.600/2023; Decreto 9.727/2019 (critérios para cargos em comissão)"
br-presidente-da-republica;br-secretaria-nacional-de-autonomia-economica-e-politica-de-cuidados-secretario;nomeia;"Lei 14.600/2023; Decreto 9.727/2019 (critérios para cargos em comissão)"
br-secretaria-nacional-de-enfrentamento-a-violencia-contra-mulheres-secretario;br-secretaria-nacional-de-enfrentamento-a-violencia-contra-mulheres;chefia;"Lei 14.600/2023; Decreto 9.727/2019 (critérios para cargos em comissão)"
br-presidente-da-republica;br-secretaria-nacional-de-enfrentamento-a-violencia-contra-mulheres-secretario;nomeia;"Lei 14.600/2023; Decreto 9.727/2019 (critérios para cargos em comissão)"
br-secretaria-de-controle-interno-itamaraty-secretario;br-secretaria-de-controle-interno-itamaraty;chefia;"Lei 14.600/2023; Decreto 9.727/2019 (critérios para cargos em comissão)"
br-presidente-da-republica;br-secretaria-de-controle-interno-itamaraty-secretario;nomeia;"Lei 14.600/2023; Decreto 9.727/2019 (critérios para cargos em comissão)"
br-secretaria-geral-das-relacoes-exteriores-secretario;br-secretaria-geral-das-relacoes-exteriores;chefia;"Lei 14.600/2023; Decreto 9.727/2019 (critérios para cargos em comissão)"
br-presidente-da-republica;br-secretaria-geral-das-relacoes-exteriores-secretario;nomeia;"Lei 14.600/2023; Decreto 9.727/2019 (critérios para cargos em comissão)"
br-secretaria-executiva-minas-e-energia-secretario;br-secretaria-executiva-minas-e-energia;chefia;"Lei 14.600/2023; Decreto 9.727/2019 (critérios para cargos em comissão)"
br-presidente-da-republica;br-secretaria-executiva-minas-e-energia-secretario;nomeia;"Lei 14.600/2023; Decreto 9.727/2019 (critérios para cargos em comissão)"
br-secretaria-nacional-de-energia-eletrica-secretario;br-secretaria-nacional-de-energia-eletrica;chefia;"Lei 14.600/2023; Decreto 9.727/2019 (critérios para cargos em comissão)"
br-presidente-da-republica;br-secretaria-nacional-de-energia-eletrica-secretario;nomeia;"Lei 14.600/2023; Decreto 9.727/2019 (critérios para cargos em comissão)"
br-secretaria-nacional-de-geologia-mineracao-e-transformacao-mineral-secretario;br-secretaria-nacional-de-geologia-mineracao-e-transformacao-mineral;chefia;"Lei 14.600/2023; Decreto 9.727/2019 (critérios para cargos em comissão)"
br-presidente-da-republica;br-secretaria-nacional-de-geologia-mineracao-e-transformacao-mineral-secretario;nomeia;"Lei 14.600/2023; Decreto 9.727/2019 (critérios para cargos em comissão)"
br-secretaria-nacional-de-petroleo-gas-natural-e-biocombustiveis-secretario;br-secretaria-nacional-de-petroleo-gas-natural-e-biocombustiveis;chefia;"Lei 14.600/2023; Decreto 9.727/2019 (critérios para cargos em comissão)"
br-presidente-da-republica;br-secretaria-nacional-de-petroleo-gas-natural-e-biocombustiveis-secretario;nomeia;"Lei 14.600/2023; Decreto 9.727/2019 (critérios para cargos em comissão)"
br-secretaria-nacional-de-transicao-energetica-e-planejamento-secretario;br-secretaria-nacional-de-transicao-energetica-e-planejamento;chefia;"Lei 14.600/2023; Decreto 9.727/2019 (critérios para cargos em comissão)"
br-presidente-da-republica;br-secretaria-nacional-de-transicao-energetica-e-planejamento-secretario;nomeia;"Lei 14.600/2023; Decreto 9.727/2019 (critérios para cargos em comissão)"
br-secretaria-executiva-portos-e-aeroportos-secretario;br-secretaria-executiva-portos-e-aeroportos;chefia;"Lei 14.600/2023; Decreto 9.727/2019 (critérios para cargos em comissão)"
br-presidente-da-republica;br-secretaria-executiva-portos-e-aeroportos-secretario;nomeia;"Lei 14.600/2023; Decreto 9.727/2019 (critérios para cargos em comissão)"
br-secretaria-nacional-de-aviacao-civil-secretario;br-secretaria-nacional-de-aviacao-civil;chefia;"Lei 14.600/2023; Decreto 9.727/2019 (critérios para cargos em comissão)"
br-presidente-da-republica;br-secretaria-nacional-de-aviacao-civil-secretario;nomeia;"Lei 14.600/2023; Decreto 9.727/2019 (critérios para cargos em comissão)"
br-secretaria-nacional-de-hidrovias-e-navegacao-secretario;br-secretaria-nacional-de-hidrovias-e-navegacao;chefia;"Lei 14.600/2023; Decreto 9.727/2019 (critérios para cargos em comissão)"
br-presidente-da-republica;br-secretaria-nacional-de-hidrovias-e-navegacao-secretario;nomeia;"Lei 14.600/2023; Decreto 9.727/2019 (critérios para cargos em comissão)"
br-secretaria-nacional-de-portos-secretario;br-secretaria-nacional-de-portos;chefia;"Lei 14.600/2023; Decreto 9.727/2019 (critérios para cargos em comissão)"
br-presidente-da-republica;br-secretaria-nacional-de-portos-secretario;nomeia;"Lei 14.600/2023; Decreto 9.727/2019 (critérios para cargos em comissão)"
br-secretaria-executiva-desenvolvimento-agrario-secretario;br-secretaria-executiva-desenvolvimento-agrario;chefia;"Lei 14.600/2023; Decreto 9.727/2019 (critérios para cargos em comissão)"
br-presidente-da-republica;br-secretaria-executiva-desenvolvimento-agrario-secretario;nomeia;"Lei 14.600/2023; Decreto 9.727/2019 (critérios para cargos em comissão)"
br-secretaria-de-abastecimento-cooperativismo-e-soberania-alimentar-secretario;br-secretaria-de-abastecimento-cooperativismo-e-soberania-alimentar;chefia;"Lei 14.600/2023; Decreto 9.727/2019 (critérios para cargos em comissão)"
br-presidente-da-republica;br-secretaria-de-abastecimento-cooperativismo-e-soberania-alimentar-secretario;nomeia;"Lei 14.600/2023; Decreto 9.727/2019 (critérios para cargos em comissão)"
br-secretaria-de-agricultura-familiar-e-agroecologia-secretario;br-secretaria-de-agricultura-familiar-e-agroecologia;chefia;"Lei 14.600/2023; Decreto 9.727/2019 (critérios para cargos em comissão)"
br-presidente-da-republica;br-secretaria-de-agricultura-familiar-e-agroecologia-secretario;nomeia;"Lei 14.600/2023; Decreto 9.727/2019 (critérios para cargos em comissão)"
br-secretaria-de-governanca-fundiaria-desenvolvimento-territorial-e-socioambiental-secretario;br-secretaria-de-governanca-fundiaria-desenvolvimento-territorial-e-socioambiental;chefia;"Lei 14.600/2023; Decreto 9.727/2019 (critérios para cargos em comissão)"
br-presidente-da-republica;br-secretaria-de-governanca-fundiaria-desenvolvimento-territorial-e-socioambiental-secretario;nomeia;"Lei 14.600/2023; Decreto 9.727/2019 (critérios para cargos em comissão)"
br-secretaria-de-territorios-e-sistemas-produtivos-quilombolas-e-tradicionais-secretario;br-secretaria-de-territorios-e-sistemas-produtivos-quilombolas-e-tradicionais;chefia;"Lei 14.600/2023; Decreto 9.727/2019 (critérios para cargos em comissão)"
br-presidente-da-republica;br-secretaria-de-territorios-e-sistemas-produtivos-quilombolas-e-tradicionais-secretario;nomeia;"Lei 14.600/2023; Decreto 9.727/2019 (critérios para cargos em comissão)"
br-secretaria-executiva-industria-e-comercio-secretario;br-secretaria-executiva-industria-e-comercio;chefia;"Lei 14.600/2023; Decreto 9.727/2019 (critérios para cargos em comissão)"
br-presidente-da-republica;br-secretaria-executiva-industria-e-comercio-secretario;nomeia;"Lei 14.600/2023; Decreto 9.727/2019 (critérios para cargos em comissão)"
br-secretaria-de-competitividade-e-politica-regulatoria-secretario;br-secretaria-de-competitividade-e-politica-regulatoria;chefia;"Lei 14.600/2023; Decreto 9.727/2019 (critérios para cargos em comissão)"
br-presidente-da-republica;br-secretaria-de-competitividade-e-politica-regulatoria-secretario;nomeia;"Lei 14.600/2023; Decreto 9.727/2019 (critérios para cargos em comissão)"
br-secretaria-de-comercio-exterior-secretario;br-secretaria-de-comercio-exterior;chefia;"Lei 14.600/2023; Decreto 9.727/2019 (critérios para cargos em comissão)"
br-presidente-da-republica;br-secretaria-de-comercio-exterior-secretario;nomeia;"Lei 14.600/2023; Decreto 9.727/2019 (critérios para cargos em comissão)"
br-secretaria-de-desenvolvimento-industrial-inovacao-comercio-e-servicos-secretario;br-secretaria-de-desenvolvimento-industrial-inovacao-comercio-e-servicos;chefia;"Lei 14.600/2023; Decreto 9.727/2019 (critérios para cargos em comissão)"
br-presidente-da-republica;br-secretaria-de-desenvolvimento-industrial-inovacao-comercio-e-servicos-secretario;nomeia;"Lei 14.600/2023; Decreto 9.727/2019 (critérios para cargos em comissão)"
br-secretaria-de-economia-verde-descarbonizacao-e-bioindustria-secretario;br-secretaria-de-economia-verde-descarbonizacao-e-bioindustria;chefia;"Lei 14.600/2023; Decreto 9.727/2019 (critérios para cargos em comissão)"
br-presidente-da-republica;br-secretaria-de-economia-verde-descarbonizacao-e-bioindustria-secretario;nomeia;"Lei 14.600/2023; Decreto 9.727/2019 (critérios para cargos em comissão)"
br-secretaria-executiva-desenvolvimento-social-secretario;br-secretaria-executiva-desenvolvimento-social;chefia;"Lei 14.600/2023; Decreto 9.727/2019 (critérios para cargos em comissão)"
br-presidente-da-republica;br-secretaria-executiva-desenvolvimento-social-secretario;nomeia;"Lei 14.600/2023; Decreto 9.727/2019 (critérios para cargos em comissão)"
br-secretaria-extraordinaria-de-combate-a-pobreza-e-a-fome-secretario;br-secretaria-extraordinaria-de-combate-a-pobreza-e-a-fome;chefia;"Lei 14.600/2023; Decreto 9.727/2019 (critérios para cargos em comissão)"
br-presidente-da-republica;br-secretaria-extraordinaria-de-combate-a-pobreza-e-a-fome-secretario;nomeia;"Lei 14.600/2023; Decreto 9.727/2019 (critérios para cargos em comissão)"
br-secretaria-nacional-da-politica-de-cuidados-e-familia-secretario;br-secretaria-nacional-da-politica-de-cuidados-e-familia;chefia;"Lei 14.600/2023; Decreto 9.727/2019 (critérios para cargos em comissão)"
br-presidente-da-republica;br-secretaria-nacional-da-politica-de-cuidados-e-familia-secretario;nomeia;"Lei 14.600/2023; Decreto 9.727/2019 (critérios para cargos em comissão)"
br-secretaria-nacional-de-assistencia-social-secretario;br-secretaria-nacional-de-assistencia-social;chefia;"Lei 14.600/2023; Decreto 9.727/2019 (critérios para cargos em comissão)"
br-presidente-da-republica;br-secretaria-nacional-de-assistencia-social-secretario;nomeia;"Lei 14.600/2023; Decreto 9.727/2019 (critérios para cargos em comissão)"
br-secretaria-nacional-de-beneficios-assistenciais-secretario;br-secretaria-nacional-de-beneficios-assistenciais;chefia;"Lei 14.600/2023; Decreto 9.727/2019 (critérios para cargos em comissão)"
br-presidente-da-republica;br-secretaria-nacional-de-beneficios-assistenciais-secretario;nomeia;"Lei 14.600/2023; Decreto 9.727/2019 (critérios para cargos em comissão)"
br-secretaria-nacional-de-integracao-e-articulacao-de-plataformas-sociais-eletronicas-secretario;br-secretaria-nacional-de-integracao-e-articulacao-de-plataformas-sociais-eletronicas;chefia;"Lei 14.600/2023; Decreto 9.727/2019 (critérios para cargos em comissão)"
br-presidente-da-republica;br-secretaria-nacional-de-integracao-e-articulacao-de-plataformas-sociais-eletronicas-secretario;nomeia;"Lei 14.600/2023; Decreto 9.727/2019 (critérios para cargos em comissão)"
br-secretaria-nacional-de-renda-de-cidadania-secretario;br-secretaria-nacional-de-renda-de-cidadania;chefia;"Lei 14.600/2023; Decreto 9.727/2019 (critérios para cargos em comissão)"
br-presidente-da-republica;br-secretaria-nacional-de-renda-de-cidadania-secretario;nomeia;"Lei 14.600/2023; Decreto 9.727/2019 (critérios para cargos em comissão)"
br-secretaria-nacional-de-seguranca-alimentar-e-nutricional-secretario;br-secretaria-nacional-de-seguranca-alimentar-e-nutricional;chefia;"Lei 14.600/2023; Decreto 9.727/2019 (critérios para cargos em comissão)"
br-presidente-da-republica;br-secretaria-nacional-de-seguranca-alimentar-e-nutricional-secretario;nomeia;"Lei 14.600/2023; Decreto 9.727/2019 (critérios para cargos em comissão)"
br-secretaria-de-avaliacao-gestao-da-informacao-e-cadastro-unico-secretario;br-secretaria-de-avaliacao-gestao-da-informacao-e-cadastro-unico;chefia;"Lei 14.600/2023; Decreto 9.727/2019 (critérios para cargos em comissão)"
br-presidente-da-republica;br-secretaria-de-avaliacao-gestao-da-informacao-e-cadastro-unico-secretario;nomeia;"Lei 14.600/2023; Decreto 9.727/2019 (critérios para cargos em comissão)"
br-secretaria-de-inclusao-socioeconomica-secretario;br-secretaria-de-inclusao-socioeconomica;chefia;"Lei 14.600/2023; Decreto 9.727/2019 (critérios para cargos em comissão)"
br-presidente-da-republica;br-secretaria-de-inclusao-socioeconomica-secretario;nomeia;"Lei 14.600/2023; Decreto 9.727/2019 (critérios para cargos em comissão)"
br-secretaria-executiva-empreendedorismo-secretario;br-secretaria-executiva-empreendedorismo;chefia;"Lei 14.600/2023; Decreto 9.727/2019 (critérios para cargos em comissão)"
br-presidente-da-republica;br-secretaria-executiva-empreendedorismo-secretario;nomeia;"Lei 14.600/2023; Decreto 9.727/2019 (critérios para cargos em comissão)"
br-secretaria-nacional-de-ambiente-de-negocios-secretario;br-secretaria-nacional-de-ambiente-de-negocios;chefia;"Lei 14.600/2023; Decreto 9.727/2019 (critérios para cargos em comissão)"
br-presidente-da-republica;br-secretaria-nacional-de-ambiente-de-negocios-secretario;nomeia;"Lei 14.600/2023; Decreto 9.727/2019 (critérios para cargos em comissão)"
br-secretaria-nacional-de-inclusao-socioprodutiva-artesanato-e-microempreendedor-individual-secretario;br-secretaria-nacional-de-inclusao-socioprodutiva-artesanato-e-microempreendedor-individual;chefia;"Lei 14.600/2023; Decreto 9.727/2019 (critérios para cargos em comissão)"
br-presidente-da-republica;br-secretaria-nacional-de-inclusao-socioprodutiva-artesanato-e-microempreendedor-individual-secretario;nomeia;"Lei 14.600/2023; Decreto 9.727/2019 (critérios para cargos em comissão)"
br-secretaria-executiva-esporte-secretario;br-secretaria-executiva-esporte;chefia;"Lei 14.600/2023; Decreto 9.727/2019 (critérios para cargos em comissão)"
br-presidente-da-republica;br-secretaria-executiva-esporte-secretario;nomeia;"Lei 14.600/2023; Decreto 9.727/2019 (critérios para cargos em comissão)"
br-secretaria-extraordinaria-da-copa-do-mundo-de-futebol-feminino-2027-secretario;br-secretaria-extraordinaria-da-copa-do-mundo-de-futebol-feminino-2027;chefia;"Lei 14.600/2023; Decreto 9.727/2019 (critérios para cargos em comissão)"
br-presidente-da-republica;br-secretaria-extraordinaria-da-copa-do-mundo-de-futebol-feminino-2027-secretario;nomeia;"Lei 14.600/2023; Decreto 9.727/2019 (critérios para cargos em comissão)"
br-secretaria-nacional-de-apostas-esportivas-e-de-desenvolvimento-economico-do-esporte-secretario;br-secretaria-nacional-de-apostas-esportivas-e-de-desenvolvimento-economico-do-esporte;chefia;"Lei 14.600/2023; Decreto 9.727/2019 (critérios para cargos em comissão)"
br-presidente-da-republica;br-secretaria-nacional-de-apostas-esportivas-e-de-desenvolvimento-economico-do-esporte-secretario;nomeia;"Lei 14.600/2023; Decreto 9.727/2019 (critérios para cargos em comissão)"
br-secretaria-nacional-de-esporte-amador-educacao-lazer-e-inclusao-social-secretario;br-secretaria-nacional-de-esporte-amador-educacao-lazer-e-inclusao-social;chefia;"Lei 14.600/2023; Decreto 9.727/2019 (critérios para cargos em comissão)"
br-presidente-da-republica;br-secretaria-nacional-de-esporte-amador-educacao-lazer-e-inclusao-social-secretario;nomeia;"Lei 14.600/2023; Decreto 9.727/2019 (critérios para cargos em comissão)"
br-secretaria-nacional-de-excelencia-esportiva-secretario;br-secretaria-nacional-de-excelencia-esportiva;chefia;"Lei 14.600/2023; Decreto 9.727/2019 (critérios para cargos em comissão)"
br-presidente-da-republica;br-secretaria-nacional-de-excelencia-esportiva-secretario;nomeia;"Lei 14.600/2023; Decreto 9.727/2019 (critérios para cargos em comissão)"
br-secretaria-nacional-de-futebol-e-defesa-dos-direitos-do-torcedor-secretario;br-secretaria-nacional-de-futebol-e-defesa-dos-direitos-do-torcedor;chefia;"Lei 14.600/2023; Decreto 9.727/2019 (critérios para cargos em comissão)"
br-presidente-da-republica;br-secretaria-nacional-de-futebol-e-defesa-dos-direitos-do-torcedor-secretario;nomeia;"Lei 14.600/2023; Decreto 9.727/2019 (critérios para cargos em comissão)"
br-secretaria-nacional-de-paradesporto-secretario;br-secretaria-nacional-de-paradesporto;chefia;"Lei 14.600/2023; Decreto 9.727/2019 (critérios para cargos em comissão)"
br-presidente-da-republica;br-secretaria-nacional-de-paradesporto-secretario;nomeia;"Lei 14.600/2023; Decreto 9.727/2019 (critérios para cargos em comissão)"
br-secretaria-executiva-meio-ambiente-secretario;br-secretaria-executiva-meio-ambiente;chefia;"Lei 14.600/2023; Decreto 9.727/2019 (critérios para cargos em comissão)"
br-presidente-da-republica;br-secretaria-executiva-meio-ambiente-secretario;nomeia;"Lei 14.600/2023; Decreto 9.727/2019 (critérios para cargos em comissão)"
br-secretaria-extraordinaria-de-controle-do-desmatamento-e-ordenamento-ambiental-territorial-secretario;br-secretaria-extraordinaria-de-controle-do-desmatamento-e-ordenamento-ambiental-territorial;chefia;"Lei 14.600/2023; Decreto 9.727/2019 (critérios para cargos em comissão)"
br-presidente-da-republica;br-secretaria-extraordinaria-de-controle-do-desmatamento-e-ordenamento-ambiental-territorial-secretario;nomeia;"Lei 14.600/2023; Decreto 9.727/2019 (critérios para cargos em comissão)"
br-secretaria-nacional-de-biodiversidade-florestas-e-direitos-animais-secretario;br-secretaria-nacional-de-biodiversidade-florestas-e-direitos-animais;chefia;"Lei 14.600/2023; Decreto 9.727/2019 (critérios para cargos em comissão)"
br-presidente-da-republica;br-secretaria-nacional-de-biodiversidade-florestas-e-direitos-animais-secretario;nomeia;"Lei 14.600/2023; Decreto 9.727/2019 (critérios para cargos em comissão)"
br-secretaria-nacional-de-bioeconomia-secretario;br-secretaria-nacional-de-bioeconomia;chefia;"Lei 14.600/2023; Decreto 9.727/2019 (critérios para cargos em comissão)"
br-presidente-da-republica;br-secretaria-nacional-de-bioeconomia-secretario;nomeia;"Lei 14.600/2023; Decreto 9.727/2019 (critérios para cargos em comissão)"
br-secretaria-nacional-de-meio-ambiente-urbano-recursos-hidricos-e-qualidade-ambiental-secretario;br-secretaria-nacional-de-meio-ambiente-urbano-recursos-hidricos-e-qualidade-ambiental;chefia;"Lei 14.600/2023; Decreto 9.727/2019 (critérios para cargos em comissão)"
br-presidente-da-republica;br-secretaria-nacional-de-meio-ambiente-urbano-recursos-hidricos-e-qualidade-ambiental-secretario;nomeia;"Lei 14.600/2023; Decreto 9.727/2019 (critérios para cargos em comissão)"
br-secretaria-nacional-de-mudanca-do-clima-secretario;br-secretaria-nacional-de-mudanca-do-clima;chefia;"Lei 14.600/2023; Decreto 9.727/2019 (critérios para cargos em comissão)"
br-presidente-da-republica;br-secretaria-nacional-de-mudanca-do-clima-secretario;nomeia;"Lei 14.600/2023; Decreto 9.727/2019 (critérios para cargos em comissão)"
br-secretaria-nacional-de-povos-e-comunidades-tradicionais-e-desenvolvimento-rural-sustentavel-secretario;br-secretaria-nacional-de-povos-e-comunidades-tradicionais-e-desenvolvimento-rural-sustentavel;chefia;"Lei 14.600/2023; Decreto 9.727/2019 (critérios para cargos em comissão)"
br-presidente-da-republica;br-secretaria-nacional-de-povos-e-comunidades-tradicionais-e-desenvolvimento-rural-sustentavel-secretario;nomeia;"Lei 14.600/2023; Decreto 9.727/2019 (critérios para cargos em comissão)"
br-secretaria-executiva-planejamento-secretario;br-secretaria-executiva-planejamento;chefia;"Lei 14.600/2023; Decreto 9.727/2019 (critérios para cargos em comissão)"
br-presidente-da-republica;br-secretaria-executiva-planejamento-secretario;nomeia;"Lei 14.600/2023; Decreto 9.727/2019 (critérios para cargos em comissão)"
br-secretaria-nacional-de-planejamento-secretario;br-secretaria-nacional-de-planejamento;chefia;"Lei 14.600/2023; Decreto 9.727/2019 (critérios para cargos em comissão)"
br-presidente-da-republica;br-secretaria-nacional-de-planejamento-secretario;nomeia;"Lei 14.600/2023; Decreto 9.727/2019 (critérios para cargos em comissão)"
br-secretaria-de-articulacao-institucional-secretario;br-secretaria-de-articulacao-institucional;chefia;"Lei 14.600/2023; Decreto 9.727/2019 (critérios para cargos em comissão)"
br-presidente-da-republica;br-secretaria-de-articulacao-institucional-secretario;nomeia;"Lei 14.600/2023; Decreto 9.727/2019 (critérios para cargos em comissão)"
br-secretaria-de-assuntos-internacionais-e-desenvolvimento-secretario;br-secretaria-de-assuntos-internacionais-e-desenvolvimento;chefia;"Lei 14.600/2023; Decreto 9.727/2019 (critérios para cargos em comissão)"
br-presidente-da-republica;br-secretaria-de-assuntos-internacionais-e-desenvolvimento-secretario;nomeia;"Lei 14.600/2023; Decreto 9.727/2019 (critérios para cargos em comissão)"
br-secretaria-de-monitoramento-e-avaliacao-de-politicas-publicas-secretario;br-secretaria-de-monitoramento-e-avaliacao-de-politicas-publicas;chefia;"Lei 14.600/2023; Decreto 9.727/2019 (critérios para cargos em comissão)"
br-presidente-da-republica;br-secretaria-de-monitoramento-e-avaliacao-de-politicas-publicas-secretario;nomeia;"Lei 14.600/2023; Decreto 9.727/2019 (critérios para cargos em comissão)"
br-secretaria-de-orcamento-federal-secretario;br-secretaria-de-orcamento-federal;chefia;"Lei 14.600/2023; Decreto 9.727/2019 (critérios para cargos em comissão)"
br-presidente-da-republica;br-secretaria-de-orcamento-federal-secretario;nomeia;"Lei 14.600/2023; Decreto 9.727/2019 (critérios para cargos em comissão)"
br-secretaria-executiva-trabalho-secretario;br-secretaria-executiva-trabalho;chefia;"Lei 14.600/2023; Decreto 9.727/2019 (critérios para cargos em comissão)"
br-presidente-da-republica;br-secretaria-executiva-trabalho-secretario;nomeia;"Lei 14.600/2023; Decreto 9.727/2019 (critérios para cargos em comissão)"
br-secretaria-nacional-de-economia-popular-e-solidaria-secretario;br-secretaria-nacional-de-economia-popular-e-solidaria;chefia;"Lei 14.600/2023; Decreto 9.727/2019 (critérios para cargos em comissão)"
br-presidente-da-republica;br-secretaria-nacional-de-economia-popular-e-solidaria-secretario;nomeia;"Lei 14.600/2023; Decreto 9.727/2019 (critérios para cargos em comissão)"
br-secretaria-nacional-de-qualificacao-emprego-e-juventude-secretario;br-secretaria-nacional-de-qualificacao-emprego-e-juventude;chefia;"Lei 14.600/2023; Decreto 9.727/2019 (critérios para cargos em comissão)"
br-presidente-da-republica;br-secretaria-nacional-de-qualificacao-emprego-e-juventude-secretario;nomeia;"Lei 14.600/2023; Decreto 9.727/2019 (critérios para cargos em comissão)"
br-secretaria-de-inspecao-do-trabalho-secretario;br-secretaria-de-inspecao-do-trabalho;chefia;"Lei 14.600/2023; Decreto 9.727/2019 (critérios para cargos em comissão)"
br-presidente-da-republica;br-secretaria-de-inspecao-do-trabalho-secretario;nomeia;"Lei 14.600/2023; Decreto 9.727/2019 (critérios para cargos em comissão)"
br-secretaria-de-protecao-ao-trabalhador-secretario;br-secretaria-de-protecao-ao-trabalhador;chefia;"Lei 14.600/2023; Decreto 9.727/2019 (critérios para cargos em comissão)"
br-presidente-da-republica;br-secretaria-de-protecao-ao-trabalhador-secretario;nomeia;"Lei 14.600/2023; Decreto 9.727/2019 (critérios para cargos em comissão)"
br-secretaria-de-relacoes-do-trabalho-secretario;br-secretaria-de-relacoes-do-trabalho;chefia;"Lei 14.600/2023; Decreto 9.727/2019 (critérios para cargos em comissão)"
br-presidente-da-republica;br-secretaria-de-relacoes-do-trabalho-secretario;nomeia;"Lei 14.600/2023; Decreto 9.727/2019 (critérios para cargos em comissão)"
br-secretaria-executiva-turismo-secretario;br-secretaria-executiva-turismo;chefia;"Lei 14.600/2023; Decreto 9.727/2019 (critérios para cargos em comissão)"
br-presidente-da-republica;br-secretaria-executiva-turismo-secretario;nomeia;"Lei 14.600/2023; Decreto 9.727/2019 (critérios para cargos em comissão)"
br-secretaria-nacional-de-infraestrutura-credito-e-investimentos-no-turismo-secretario;br-secretaria-nacional-de-infraestrutura-credito-e-investimentos-no-turismo;chefia;"Lei 14.600/2023; Decreto 9.727/2019 (critérios para cargos em comissão)"
br-presidente-da-republica;br-secretaria-nacional-de-infraestrutura-credito-e-investimentos-no-turismo-secretario;nomeia;"Lei 14.600/2023; Decreto 9.727/2019 (critérios para cargos em comissão)"
br-secretaria-nacional-de-politicas-de-turismo-secretario;br-secretaria-nacional-de-politicas-de-turismo;chefia;"Lei 14.600/2023; Decreto 9.727/2019 (critérios para cargos em comissão)"
br-presidente-da-republica;br-secretaria-nacional-de-politicas-de-turismo-secretario;nomeia;"Lei 14.600/2023; Decreto 9.727/2019 (critérios para cargos em comissão)"
br-secretaria-executiva-direitos-humanos-secretario;br-secretaria-executiva-direitos-humanos;chefia;"Lei 14.600/2023; Decreto 9.727/2019 (critérios para cargos em comissão)"
br-presidente-da-republica;br-secretaria-executiva-direitos-humanos-secretario;nomeia;"Lei 14.600/2023; Decreto 9.727/2019 (critérios para cargos em comissão)"
br-secretaria-nacional-de-promocao-e-defesa-dos-direitos-humanos-secretario;br-secretaria-nacional-de-promocao-e-defesa-dos-direitos-humanos;chefia;"Lei 14.600/2023; Decreto 9.727/2019 (critérios para cargos em comissão)"
br-presidente-da-republica;br-secretaria-nacional-de-promocao-e-defesa-dos-direitos-humanos-secretario;nomeia;"Lei 14.600/2023; Decreto 9.727/2019 (critérios para cargos em comissão)"
br-secretaria-nacional-dos-direitos-da-crianca-e-do-adolescente-secretario;br-secretaria-nacional-dos-direitos-da-crianca-e-do-adolescente;chefia;"Lei 14.600/2023; Decreto 9.727/2019 (critérios para cargos em comissão)"
br-presidente-da-republica;br-secretaria-nacional-dos-direitos-da-crianca-e-do-adolescente-secretario;nomeia;"Lei 14.600/2023; Decreto 9.727/2019 (critérios para cargos em comissão)"
br-secretaria-nacional-dos-direitos-da-pessoa-idosa-secretario;br-secretaria-nacional-dos-direitos-da-pessoa-idosa;chefia;"Lei 14.600/2023; Decreto 9.727/2019 (critérios para cargos em comissão)"
br-presidente-da-republica;br-secretaria-nacional-dos-direitos-da-pessoa-idosa-secretario;nomeia;"Lei 14.600/2023; Decreto 9.727/2019 (critérios para cargos em comissão)"
br-secretaria-nacional-dos-direitos-da-pessoa-com-deficiencia-secretario;br-secretaria-nacional-dos-direitos-da-pessoa-com-deficiencia;chefia;"Lei 14.600/2023; Decreto 9.727/2019 (critérios para cargos em comissão)"
br-presidente-da-republica;br-secretaria-nacional-dos-direitos-da-pessoa-com-deficiencia-secretario;nomeia;"Lei 14.600/2023; Decreto 9.727/2019 (critérios para cargos em comissão)"
br-secretaria-nacional-dos-direitos-das-pessoas-lgbtqia-secretario;br-secretaria-nacional-dos-direitos-das-pessoas-lgbtqia;chefia;"Lei 14.600/2023; Decreto 9.727/2019 (critérios para cargos em comissão)"
br-presidente-da-republica;br-secretaria-nacional-dos-direitos-das-pessoas-lgbtqia-secretario;nomeia;"Lei 14.600/2023; Decreto 9.727/2019 (critérios para cargos em comissão)"
br-secretaria-executiva-povos-indigenas-secretario;br-secretaria-executiva-povos-indigenas;chefia;"Lei 14.600/2023; Decreto 9.727/2019 (critérios para cargos em comissão)"
br-presidente-da-republica;br-secretaria-executiva-povos-indigenas-secretario;nomeia;"Lei 14.600/2023; Decreto 9.727/2019 (critérios para cargos em comissão)"
br-secretaria-nacional-de-articulacao-e-promocao-de-direitos-indigenas-secretario;br-secretaria-nacional-de-articulacao-e-promocao-de-direitos-indigenas;chefia;"Lei 14.600/2023; Decreto 9.727/2019 (critérios para cargos em comissão)"
br-presidente-da-republica;br-secretaria-nacional-de-articulacao-e-promocao-de-direitos-indigenas-secretario;nomeia;"Lei 14.600/2023; Decreto 9.727/2019 (critérios para cargos em comissão)"
br-secretaria-nacional-de-direitos-territoriais-indigenas-secretario;br-secretaria-nacional-de-direitos-territoriais-indigenas;chefia;"Lei 14.600/2023; Decreto 9.727/2019 (critérios para cargos em comissão)"
br-presidente-da-republica;br-secretaria-nacional-de-direitos-territoriais-indigenas-secretario;nomeia;"Lei 14.600/2023; Decreto 9.727/2019 (critérios para cargos em comissão)"
br-secretaria-nacional-de-gestao-ambiental-e-territorial-indigena-secretario;br-secretaria-nacional-de-gestao-ambiental-e-territorial-indigena;chefia;"Lei 14.600/2023; Decreto 9.727/2019 (critérios para cargos em comissão)"
br-presidente-da-republica;br-secretaria-nacional-de-gestao-ambiental-e-territorial-indigena-secretario;nomeia;"Lei 14.600/2023; Decreto 9.727/2019 (critérios para cargos em comissão)"
br-secretaria-executiva-transportes-secretario;br-secretaria-executiva-transportes;chefia;"Lei 14.600/2023; Decreto 9.727/2019 (critérios para cargos em comissão)"
br-presidente-da-republica;br-secretaria-executiva-transportes-secretario;nomeia;"Lei 14.600/2023; Decreto 9.727/2019 (critérios para cargos em comissão)"
br-secretaria-nacional-de-transporte-ferroviario-secretario;br-secretaria-nacional-de-transporte-ferroviario;chefia;"Lei 14.600/2023; Decreto 9.727/2019 (critérios para cargos em comissão)"
br-presidente-da-republica;br-secretaria-nacional-de-transporte-ferroviario-secretario;nomeia;"Lei 14.600/2023; Decreto 9.727/2019 (critérios para cargos em comissão)"
br-secretaria-nacional-de-transporte-rodoviario-secretario;br-secretaria-nacional-de-transporte-rodoviario;chefia;"Lei 14.600/2023; Decreto 9.727/2019 (critérios para cargos em comissão)"
br-presidente-da-republica;br-secretaria-nacional-de-transporte-rodoviario-secretario;nomeia;"Lei 14.600/2023; Decreto 9.727/2019 (critérios para cargos em comissão)"
br-secretaria-nacional-de-transito-secretario;br-secretaria-nacional-de-transito;chefia;"Lei 14.600/2023; Decreto 9.727/2019 (critérios para cargos em comissão)"
br-presidente-da-republica;br-secretaria-nacional-de-transito-secretario;nomeia;"Lei 14.600/2023; Decreto 9.727/2019 (critérios para cargos em comissão)"
br-secretaria-executiva-cc-pr-secretario;br-secretaria-executiva-cc-pr;chefia;"Lei 14.600/2023; Decreto 9.727/2019 (critérios para cargos em comissão)"
br-presidente-da-republica;br-secretaria-executiva-cc-pr-secretario;nomeia;"Lei 14.600/2023; Decreto 9.727/2019 (critérios para cargos em comissão)"
br-secretaria-especial-de-analise-governamental-secretario;br-secretaria-especial-de-analise-governamental;chefia;"Lei 14.600/2023; Decreto 9.727/2019 (critérios para cargos em comissão)"
br-presidente-da-republica;br-secretaria-especial-de-analise-governamental-secretario;nomeia;"Lei 14.600/2023; Decreto 9.727/2019 (critérios para cargos em comissão)"
br-secretaria-especial-do-programa-de-aceleracao-do-crescimento-secretario;br-secretaria-especial-do-programa-de-aceleracao-do-crescimento;chefia;"Lei 14.600/2023; Decreto 9.727/2019 (critérios para cargos em comissão)"
br-presidente-da-republica;br-secretaria-especial-do-programa-de-aceleracao-do-crescimento-secretario;nomeia;"Lei 14.600/2023; Decreto 9.727/2019 (critérios para cargos em comissão)"
br-secretaria-especial-do-programa-de-parcerias-de-investimentos-secretario;br-secretaria-especial-do-programa-de-parcerias-de-investimentos;chefia;"Lei 14.600/2023; Decreto 9.727/2019 (critérios para cargos em comissão)"
br-presidente-da-republica;br-secretaria-especial-do-programa-de-parcerias-de-investimentos-secretario;nomeia;"Lei 14.600/2023; Decreto 9.727/2019 (critérios para cargos em comissão)"
br-secretaria-especial-para-assuntos-juridicos-secretario;br-secretaria-especial-para-assuntos-juridicos;chefia;"Lei 14.600/2023; Decreto 9.727/2019 (critérios para cargos em comissão)"
br-presidente-da-republica;br-secretaria-especial-para-assuntos-juridicos-secretario;nomeia;"Lei 14.600/2023; Decreto 9.727/2019 (critérios para cargos em comissão)"
br-secretaria-de-articulacao-e-monitoramento-secretario;br-secretaria-de-articulacao-e-monitoramento;chefia;"Lei 14.600/2023; Decreto 9.727/2019 (critérios para cargos em comissão)"
br-presidente-da-republica;br-secretaria-de-articulacao-e-monitoramento-secretario;nomeia;"Lei 14.600/2023; Decreto 9.727/2019 (critérios para cargos em comissão)"
br-secretaria-executiva-gsi-pr-secretario;br-secretaria-executiva-gsi-pr;chefia;"Lei 14.600/2023; Decreto 9.727/2019 (critérios para cargos em comissão)"
br-presidente-da-republica;br-secretaria-executiva-gsi-pr-secretario;nomeia;"Lei 14.600/2023; Decreto 9.727/2019 (critérios para cargos em comissão)"
br-secretaria-de-acompanhamento-e-gestao-de-assuntos-estrategicos-secretario;br-secretaria-de-acompanhamento-e-gestao-de-assuntos-estrategicos;chefia;"Lei 14.600/2023; Decreto 9.727/2019 (critérios para cargos em comissão)"
br-presidente-da-republica;br-secretaria-de-acompanhamento-e-gestao-de-assuntos-estrategicos-secretario;nomeia;"Lei 14.600/2023; Decreto 9.727/2019 (critérios para cargos em comissão)"
br-secretaria-de-coordenacao-e-assuntos-aeroespaciais-secretario;br-secretaria-de-coordenacao-e-assuntos-aeroespaciais;chefia;"Lei 14.600/2023; Decreto 9.727/2019 (critérios para cargos em comissão)"
br-presidente-da-republica;br-secretaria-de-coordenacao-e-assuntos-aeroespaciais-secretario;nomeia;"Lei 14.600/2023; Decreto 9.727/2019 (critérios para cargos em comissão)"
br-secretaria-de-seguranca-presidencial-secretario;br-secretaria-de-seguranca-presidencial;chefia;"Lei 14.600/2023; Decreto 9.727/2019 (critérios para cargos em comissão)"
br-presidente-da-republica;br-secretaria-de-seguranca-presidencial-secretario;nomeia;"Lei 14.600/2023; Decreto 9.727/2019 (critérios para cargos em comissão)"
br-secretaria-de-seguranca-da-informacao-e-cibernetica-secretario;br-secretaria-de-seguranca-da-informacao-e-cibernetica;chefia;"Lei 14.600/2023; Decreto 9.727/2019 (critérios para cargos em comissão)"
br-presidente-da-republica;br-secretaria-de-seguranca-da-informacao-e-cibernetica-secretario;nomeia;"Lei 14.600/2023; Decreto 9.727/2019 (critérios para cargos em comissão)"
br-secretaria-executiva-secom-pr-secretario;br-secretaria-executiva-secom-pr;chefia;"Lei 14.600/2023; Decreto 9.727/2019 (critérios para cargos em comissão)"
br-presidente-da-republica;br-secretaria-executiva-secom-pr-secretario;nomeia;"Lei 14.600/2023; Decreto 9.727/2019 (critérios para cargos em comissão)"
br-secretaria-de-comunicacao-institucional-secretario;br-secretaria-de-comunicacao-institucional;chefia;"Lei 14.600/2023; Decreto 9.727/2019 (critérios para cargos em comissão)"
br-presidente-da-republica;br-secretaria-de-comunicacao-institucional-secretario;nomeia;"Lei 14.600/2023; Decreto 9.727/2019 (critérios para cargos em comissão)"
br-secretaria-de-estrategias-e-redes-secretario;br-secretaria-de-estrategias-e-redes;chefia;"Lei 14.600/2023; Decreto 9.727/2019 (critérios para cargos em comissão)"
br-presidente-da-republica;br-secretaria-de-estrategias-e-redes-secretario;nomeia;"Lei 14.600/2023; Decreto 9.727/2019 (critérios para cargos em comissão)"
br-secretaria-de-imprensa-secretario;br-secretaria-de-imprensa;chefia;"Lei 14.600/2023; Decreto 9.727/2019 (critérios para cargos em comissão)"
br-presidente-da-republica;br-secretaria-de-imprensa-secretario;nomeia;"Lei 14.600/2023; Decreto 9.727/2019 (critérios para cargos em comissão)"
br-secretaria-de-politicas-digitais-secretario;br-secretaria-de-politicas-digitais;chefia;"Lei 14.600/2023; Decreto 9.727/2019 (critérios para cargos em comissão)"
br-presidente-da-republica;br-secretaria-de-politicas-digitais-secretario;nomeia;"Lei 14.600/2023; Decreto 9.727/2019 (critérios para cargos em comissão)"
br-secretaria-de-producao-e-divulgacao-de-conteudo-audiovisual-secretario;br-secretaria-de-producao-e-divulgacao-de-conteudo-audiovisual;chefia;"Lei 14.600/2023; Decreto 9.727/2019 (critérios para cargos em comissão)"
br-presidente-da-republica;br-secretaria-de-producao-e-divulgacao-de-conteudo-audiovisual-secretario;nomeia;"Lei 14.600/2023; Decreto 9.727/2019 (critérios para cargos em comissão)"
br-secretaria-de-publicidade-e-patrocinios-secretario;br-secretaria-de-publicidade-e-patrocinios;chefia;"Lei 14.600/2023; Decreto 9.727/2019 (critérios para cargos em comissão)"
br-presidente-da-republica;br-secretaria-de-publicidade-e-patrocinios-secretario;nomeia;"Lei 14.600/2023; Decreto 9.727/2019 (critérios para cargos em comissão)"
br-secretaria-executiva-sri-pr-secretario;br-secretaria-executiva-sri-pr;chefia;"Lei 14.600/2023; Decreto 9.727/2019 (critérios para cargos em comissão)"
br-presidente-da-republica;br-secretaria-executiva-sri-pr-secretario;nomeia;"Lei 14.600/2023; Decreto 9.727/2019 (critérios para cargos em comissão)"
br-secretaria-especial-de-acompanhamento-governamental-secretario;br-secretaria-especial-de-acompanhamento-governamental;chefia;"Lei 14.600/2023; Decreto 9.727/2019 (critérios para cargos em comissão)"
br-presidente-da-republica;br-secretaria-especial-de-acompanhamento-governamental-secretario;nomeia;"Lei 14.600/2023; Decreto 9.727/2019 (critérios para cargos em comissão)"
br-secretaria-especial-de-assuntos-federativos-secretario;br-secretaria-especial-de-assuntos-federativos;chefia;"Lei 14.600/2023; Decreto 9.727/2019 (critérios para cargos em comissão)"
br-presidente-da-republica;br-secretaria-especial-de-assuntos-federativos-secretario;nomeia;"Lei 14.600/2023; Decreto 9.727/2019 (critérios para cargos em comissão)"
br-secretaria-especial-de-assuntos-parlamentares-secretario;br-secretaria-especial-de-assuntos-parlamentares;chefia;"Lei 14.600/2023; Decreto 9.727/2019 (critérios para cargos em comissão)"
br-presidente-da-republica;br-secretaria-especial-de-assuntos-parlamentares-secretario;nomeia;"Lei 14.600/2023; Decreto 9.727/2019 (critérios para cargos em comissão)"
br-secretaria-executiva-sg-secretario;br-secretaria-executiva-sg;chefia;"Lei 14.600/2023; Decreto 9.727/2019 (critérios para cargos em comissão)"
br-presidente-da-republica;br-secretaria-executiva-sg-secretario;nomeia;"Lei 14.600/2023; Decreto 9.727/2019 (critérios para cargos em comissão)"
br-secretaria-nacional-de-dialogos-sociais-e-articulacao-de-politicas-publicas-secretario;br-secretaria-nacional-de-dialogos-sociais-e-articulacao-de-politicas-publicas;chefia;"Lei 14.600/2023; Decreto 9.727/2019 (critérios para cargos em comissão)"
br-presidente-da-republica;br-secretaria-nacional-de-dialogos-sociais-e-articulacao-de-politicas-publicas-secretario;nomeia;"Lei 14.600/2023; Decreto 9.727/2019 (critérios para cargos em comissão)"
br-secretaria-nacional-de-juventude-secretario;br-secretaria-nacional-de-juventude;chefia;"Lei 14.600/2023; Decreto 9.727/2019 (critérios para cargos em comissão)"
br-presidente-da-republica;br-secretaria-nacional-de-juventude-secretario;nomeia;"Lei 14.600/2023; Decreto 9.727/2019 (critérios para cargos em comissão)"
br-secretaria-nacional-de-participacao-social-secretario;br-secretaria-nacional-de-participacao-social;chefia;"Lei 14.600/2023; Decreto 9.727/2019 (critérios para cargos em comissão)"
br-presidente-da-republica;br-secretaria-nacional-de-participacao-social-secretario;nomeia;"Lei 14.600/2023; Decreto 9.727/2019 (critérios para cargos em comissão)"
br-secretaria-nacional-de-relacoes-politico-sociais-secretario;br-secretaria-nacional-de-relacoes-politico-sociais;chefia;"Lei 14.600/2023; Decreto 9.727/2019 (critérios para cargos em comissão)"
br-presidente-da-republica;br-secretaria-nacional-de-relacoes-politico-sociais-secretario;nomeia;"Lei 14.600/2023; Decreto 9.727/2019 (critérios para cargos em comissão)"
br-eleitorado;br-presidente-da-republica;elege;CF/88 art. 77
br-eleitorado;br-vice-presidente-da-republica;elege;CF/88 art. 77 §1º
br-eleitorado;br-camara-dos-deputados;elege;CF/88 art. 45
br-eleitorado;br-senado-federal;elege;CF/88 art. 46
br-congresso-nacional;br-presidencia-da-republica;fiscaliza;"CF/88 art. 49 X; art. 70"
br-tribunal-de-contas-da-uniao;br-presidencia-da-republica;fiscaliza;CF/88 art. 71
br-camara-dos-deputados;br-presidente-da-republica;fiscaliza;CF/88 art. 51 I
br-senado-federal;br-presidente-da-republica;fiscaliza;CF/88 art. 52 I
br-controladoria-geral-da-uniao;br-presidencia-da-republica;fiscaliza;"Lei 14.600/2023 art. 46; Lei 10.180/2001 art. 19"
br-conselho-nacional-de-justica;br-superior-tribunal-de-justica;fiscaliza;CF/88 art. 103-B §4º
br-conselho-nacional-de-justica;br-tribunal-superior-do-trabalho;fiscaliza;CF/88 art. 103-B §4º
br-conselho-nacional-de-justica;br-tribunal-superior-eleitoral;fiscaliza;CF/88 art. 103-B §4º
br-conselho-nacional-de-justica;br-superior-tribunal-militar;fiscaliza;CF/88 art. 103-B §4º
br-conselho-nacional-de-justica;br-tribunal-regional-federal-da-1a-regiao;fiscaliza;CF/88 art. 103-B §4º
br-conselho-nacional-de-justica;br-tribunal-regional-federal-da-2a-regiao;fiscaliza;CF/88 art. 103-B §4º
br-conselho-nacional-de-justica;br-tribunal-regional-federal-da-3a-regiao;fiscaliza;CF/88 art. 103-B §4º
br-conselho-nacional-de-justica;br-tribunal-regional-federal-da-4a-regiao;fiscaliza;CF/88 art. 103-B §4º
br-conselho-nacional-de-justica;br-tribunal-regional-federal-da-5a-regiao;fiscaliza;CF/88 art. 103-B §4º
br-conselho-nacional-de-justica;br-tribunal-regional-federal-da-6a-regiao;fiscaliza;CF/88 art. 103-B §4º
br-conselho-nacional-de-justica;br-tribunais-regionais-do-trabalho;fiscaliza;CF/88 art. 103-B §4º
br-conselho-nacional-de-justica;br-tribunais-regionais-eleitorais;fiscaliza;CF/88 art. 103-B §4º
br-conselho-nacional-do-ministerio-publico;br-ministerio-publico-federal;fiscaliza;CF/88 art. 130-A §2º
br-conselho-nacional-do-ministerio-publico;br-ministerio-publico-do-trabalho;fiscaliza;CF/88 art. 130-A §2º
br-conselho-nacional-do-ministerio-publico;br-ministerio-publico-militar;fiscaliza;CF/88 art. 130-A §2º
br-conselho-nacional-do-ministerio-publico;br-ministerio-publico-do-distrito-federal-e-territorios;fiscaliza;CF/88 art. 130-A §2º
br-comissao-mista-de-orcamento;br-presidencia-da-republica;fiscaliza;CF/88 art. 166 §1º
br-conselho-da-republica;br-presidente-da-republica;aconselha;CF/88 art. 90
br-conselho-de-defesa-nacional;br-presidente-da-republica;aconselha;CF/88 art. 91 §1º
br-conselho-de-desenvolvimento-economico-social-sustentavel;br-presidente-da-republica;aconselha;Lei 14.600/2023 art. 2º
br-conselho-de-governo;br-presidente-da-republica;aconselha;Lei 14.600/2023 art. 11
br-conselho-nacional-de-politica-energetica;br-presidente-da-republica;aconselha;Lei 9.478/1997 art. 2º
br-ministro-de-estado-da-fazenda;br-conselho-monetario-nacional;membro_nato;Lei 9.069/1995 art. 8º I
br-ministro-de-estado-do-planejamento-e-orcamento;br-conselho-monetario-nacional;membro_nato;Lei 9.069/1995 art. 8º II
br-presidente-do-banco-central;br-conselho-monetario-nacional;membro_nato;Lei 9.069/1995 art. 8º III
br-presidente-do-banco-central;br-comite-de-politica-monetaria;membro_nato;Resolução BCB 61/2021
br-diretor-do-banco-central;br-comite-de-politica-monetaria;membro_nato;Resolução BCB 61/2021
br-supremo-tribunal-federal-presidente;br-conselho-nacional-de-justica;membro_nato;CF/88 art. 103-B I e §1º
br-procurador-geral-da-republica;br-conselho-nacional-do-ministerio-publico;membro_nato;CF/88 art. 130-A I
br-vice-presidente-da-republica;br-conselho-da-republica;membro_nato;CF/88 art. 89 I
br-presidente-da-camara-dos-deputados;br-conselho-da-republica;membro_nato;CF/88 art. 89 II
br-presidente-do-senado-federal;br-conselho-da-republica;membro_nato;CF/88 art. 89 III
br-ministro-de-estado-da-justica-e-seguranca-publica;br-conselho-da-republica;membro_nato;CF/88 art. 89 VI
br-vice-presidente-da-republica;br-conselho-de-defesa-nacional;membro_nato;CF/88 art. 91 I
br-presidente-da-camara-dos-deputados;br-conselho-de-defesa-nacional;membro_nato;CF/88 art. 91 II
br-presidente-do-senado-federal;br-conselho-de-defesa-nacional;membro_nato;CF/88 art. 91 III
br-ministro-de-estado-da-justica-e-seguranca-publica;br-conselho-de-defesa-nacional;membro_nato;CF/88 art. 91 IV
br-ministro-de-estado-da-defesa;br-conselho-de-defesa-nacional;membro_nato;CF/88 art. 91 V
br-ministro-de-estado-das-relacoes-exteriores;br-conselho-de-defesa-nacional;membro_nato;CF/88 art. 91 VI
br-ministro-de-estado-do-planejamento-e-orcamento;br-conselho-de-defesa-nacional;membro_nato;CF/88 art. 91 VII
br-marinha-do-brasil-comandante;br-conselho-de-defesa-nacional;membro_nato;CF/88 art. 91 VIII
br-exercito-brasileiro-comandante;br-conselho-de-defesa-nacional;membro_nato;CF/88 art. 91 VIII
br-forca-aerea-brasileira-comandante;br-conselho-de-defesa-nacional;membro_nato;CF/88 art. 91 VIII
br-ministro-de-estado-de-minas-e-energia;br-conselho-nacional-de-politica-energetica;membro_nato;"Lei 9.478/1997 art. 2º; Decreto 3.520/2000"
br-ministro-de-estado-do-meio-ambiente-e-mudanca-do-clima;br-conselho-nacional-do-meio-ambiente;membro_nato;Lei 6.938/1981 art. 6º II
br-ministro-de-estado-da-saude;br-conselho-nacional-de-saude;membro_nato;Decreto 5.839/2006
br-ministro-de-estado-do-desenvolvimento-industria-comercio-e-servicos;br-camara-de-comercio-exterior;membro_nato;Decreto 11.428/2023
br-presidente-do-senado-federal;br-congresso-nacional;membro_nato;CF/88 art. 57 §5º
br-supremo-tribunal-federal-presidente;br-tribunal-superior-eleitoral;membro_nato;CF/88 art. 119 I a
br-congresso-nacional;br-ministro-do-tcu;indica;CF/88 art. 73 §2º II
br-supremo-tribunal-federal;br-tribunal-superior-eleitoral-ministro;indica;CF/88 art. 119 I a
br-superior-tribunal-de-justica;br-tribunal-superior-eleitoral-ministro;indica;CF/88 art. 119 I b
br-supremo-tribunal-federal;br-tribunal-superior-eleitoral-ministro;indica;CF/88 art. 119 II
br-camara-dos-deputados;br-conselheiro-do-cnj;indica;CF/88 art. 103-B XIII
br-senado-federal;br-conselheiro-do-cnj;indica;CF/88 art. 103-B XIII
br-camara-dos-deputados;br-conselho-da-republica;indica;CF/88 art. 89 VII
br-senado-federal;br-conselho-da-republica;indica;CF/88 art. 89 VII
br-presidente-da-republica;br-conselho-da-republica;indica;CF/88 art. 89 VII
br-ministerio-publico-federal;br-procurador-geral-da-republica;indica;"Costume institucional (lista tríplice da ANPR); sem previsão legal"
br-ministro-de-estado-da-defesa;br-marinha-do-brasil-comandante;indica;LC 97/1999 art. 4º
br-ministro-de-estado-da-defesa;br-exercito-brasileiro-comandante;indica;LC 97/1999 art. 4º
br-ministro-de-estado-da-defesa;br-forca-aerea-brasileira-comandante;indica;LC 97/1999 art. 4º
br-advogado-geral-da-uniao;br-procurador-geral-da-uniao;indica;LC 73/1993 art. 9º
br-advogado-geral-da-uniao;br-procurador-geral-federal;indica;Lei 10.480/2002 art. 11
br-ministro-de-estado-da-fazenda;br-procurador-geral-da-fazenda-nacional;indica;LC 73/1993 art. 12
br-senado-federal;br-ministerio-das-relacoes-exteriores;sabatina;CF/88 art. 52 IV
