id;tipo;subtipo;setor;anel;nome;pai;cite;official_url
br-eleitorado;constituency;;;0;Povo brasileiro;;"CF/88 art. 1º, parágrafo único; art. 14";https://www.tse.jus.br/
br-presidente-da-republica;elected;chefia_executivo;executivo;1;Presidente da República;;CF/88 arts. 76, 77, 84;https://www.gov.br/planalto/
br-vice-presidente-da-republica;elected;chefia_executivo;executivo;1;Vice-Presidente da República;;CF/88 arts. 77 §1º, 79, 89 I, 91 I;https://www.gov.br/planalto/pt-br/vice-presidencia
br-congresso-nacional;elected;casa_legislativa;legislativo;1;Congresso Nacional;;CF/88 arts. 44, 48, 49, 70;https://www.congressonacional.leg.br/
br-camara-dos-deputados;elected;casa_legislativa;legislativo;2;Câmara dos Deputados;br-congresso-nacional;CF/88 arts. 45, 51;https://www.camara.leg.br/
br-senado-federal;elected;casa_legislativa;legislativo;2;Senado Federal;br-congresso-nacional;CF/88 arts. 46, 52;https://www.senado.leg.br/
br-presidencia-da-republica;department;orgao_presidencia;executivo;1;Presidência da República;;Lei 14.600/2023 arts. 2º a 6º;https://www.gov.br/planalto/
br-casa-civil;department;orgao_presidencia;executivo;2;Casa Civil da Presidência da República;br-presidencia-da-republica;Lei 14.600/2023 art. 3º;https://www.gov.br/casacivil/
br-secretaria-geral-da-presidencia;department;orgao_presidencia;executivo;2;Secretaria-Geral da Presidência da República;br-presidencia-da-republica;Lei 14.600/2023 art. 4º;https://www.gov.br/secretariageral/
br-secretaria-de-relacoes-institucionais;department;orgao_presidencia;executivo;2;Secretaria de Relações Institucionais da Presidência da República;br-presidencia-da-republica;Lei 14.600/2023 art. 5º;https://www.gov.br/secretariadegoverno/
br-secretaria-de-comunicacao-social;department;orgao_presidencia;executivo;2;Secretaria de Comunicação Social da Presidência da República;br-presidencia-da-republica;Lei 14.600/2023 art. 6º;https://www.gov.br/secom/
br-gabinete-de-seguranca-institucional;department;orgao_presidencia;executivo;2;Gabinete de Segurança Institucional da Presidência da República;br-presidencia-da-republica;Lei 14.600/2023 art. 8º;https://www.gov.br/gsi/
br-agencia-brasileira-de-inteligencia;department;orgao_singular;executivo;3;Agência Brasileira de Inteligência;br-gabinete-de-seguranca-institucional;Lei 9.883/1999;https://www.gov.br/abin/
br-controladoria-geral-da-uniao;department;ministerio;executivo;2;Controladoria-Geral da União;br-presidencia-da-republica;Lei 14.600/2023 art. 9º e arts. 46-47;https://www.gov.br/cgu/
br-conselho-da-republica;advisory;;executivo;3;Conselho da República;br-presidencia-da-republica;"CF/88 arts. 89-90; Lei 8.041/1990";
br-conselho-de-defesa-nacional;advisory;;executivo;3;Conselho de Defesa Nacional;br-presidencia-da-republica;"CF/88 art. 91; Lei 8.183/1991";
br-conselho-de-desenvolvimento-economico-social-sustentavel;advisory;;executivo;4;Conselho de Desenvolvimento Econômico Social Sustentável;br-secretaria-geral-da-presidencia;"Lei 14.600/2023 art. 2º; Decreto 11.372/2023";
br-conselho-de-governo;advisory;;executivo;3;Conselho de Governo;br-presidencia-da-republica;Lei 14.600/2023 art. 2º, §1º e art. 11;
br-ministerio-da-agricultura-e-pecuaria;department;ministerio;executivo;2;Ministério da Agricultura e Pecuária;br-presidencia-da-republica;Lei 14.600/2023 art. 19;https://www.gov.br/agricultura/
br-ministerio-das-cidades;department;ministerio;executivo;2;Ministério das Cidades;br-presidencia-da-republica;Lei 14.600/2023 art. 19;https://www.gov.br/cidades/
br-ministerio-da-ciencia-tecnologia-e-inovacao;department;ministerio;executivo;2;Ministério da Ciência, Tecnologia e Inovação;br-presidencia-da-republica;Lei 14.600/2023 art. 19;https://www.gov.br/mcti/
br-ministerio-das-comunicacoes;department;ministerio;executivo;2;Ministério das Comunicações;br-presidencia-da-republica;Lei 14.600/2023 art. 19;https://www.gov.br/mcom/
br-ministerio-da-cultura;department;ministerio;executivo;2;Ministério da Cultura;br-presidencia-da-republica;Lei 14.600/2023 art. 19;https://www.gov.br/cultura/
br-ministerio-da-defesa;department;ministerio;executivo;2;Ministério da Defesa;br-presidencia-da-republica;Lei 14.600/2023 art. 19;https://www.gov.br/defesa/
br-ministerio-do-desenvolvimento-agrario;department;ministerio;executivo;2;Ministério do Desenvolvimento Agrário e Agricultura Familiar;br-presidencia-da-republica;Lei 14.600/2023 art. 19;https://www.gov.br/mda/
br-ministerio-do-desenvolvimento-social;department;ministerio;executivo;2;Ministério do Desenvolvimento e Assistência Social, Família e Combate à Fome;br-presidencia-da-republica;Lei 14.600/2023 art. 19;https://www.gov.br/mds/
br-ministerio-do-desenvolvimento-industria-comercio-e-servicos;department;ministerio;executivo;2;Ministério do Desenvolvimento, Indústria, Comércio e Serviços;br-presidencia-da-republica;Lei 14.600/2023 art. 19;https://www.gov.br/mdic/
br-ministerio-dos-direitos-humanos-e-da-cidadania;department;ministerio;executivo;2;Ministério dos Direitos Humanos e da Cidadania;br-presidencia-da-republica;Lei 14.600/2023 art. 19;https://www.gov.br/direitoshumanos/
br-ministerio-da-educacao;department;ministerio;executivo;2;Ministério da Educação;br-presidencia-da-republica;Lei 14.600/2023 art. 19;https://www.gov.br/mec/
br-ministerio-do-empreendedorismo;department;ministerio;executivo;2;Ministério do Empreendedorismo, da Microempresa e da Empresa de Pequeno Porte;br-presidencia-da-republica;Lei 14.600/2023 art. 19;https://www.gov.br/empreendedor/
br-ministerio-do-esporte;department;ministerio;executivo;2;Ministério do Esporte;br-presidencia-da-republica;Lei 14.600/2023 art. 19;https://www.gov.br/esporte/
br-ministerio-da-fazenda;department;ministerio;executivo;2;Ministério da Fazenda;br-presidencia-da-republica;Lei 14.600/2023 art. 19;https://www.gov.br/fazenda/
br-ministerio-da-gestao;department;ministerio;executivo;2;Ministério da Gestão e da Inovação em Serviços Públicos;br-presidencia-da-republica;Lei 14.600/2023 art. 19;https://www.gov.br/gestao/
br-ministerio-da-igualdade-racial;department;ministerio;executivo;2;Ministério da Igualdade Racial;br-presidencia-da-republica;Lei 14.600/2023 art. 19;https://www.gov.br/igualdaderacial/
br-ministerio-da-integracao-e-do-desenvolvimento-regional;department;ministerio;executivo;2;Ministério da Integração e do Desenvolvimento Regional;br-presidencia-da-republica;Lei 14.600/2023 art. 19;https://www.gov.br/mdr/
br-ministerio-da-justica-e-seguranca-publica;department;ministerio;executivo;2;Ministério da Justiça e Segurança Pública;br-presidencia-da-republica;Lei 14.600/2023 art. 19;https://www.gov.br/mj/
br-ministerio-do-meio-ambiente-e-mudanca-do-clima;department;ministerio;executivo;2;Ministério do Meio Ambiente e Mudança do Clima;br-presidencia-da-republica;Lei 14.600/2023 art. 19;https://www.gov.br/mma/
br-ministerio-de-minas-e-energia;department;ministerio;executivo;2;Ministério de Minas e Energia;br-presidencia-da-republica;Lei 14.600/2023 art. 19;https://www.gov.br/mme/
br-ministerio-das-mulheres;department;ministerio;executivo;2;Ministério das Mulheres;br-presidencia-da-republica;Lei 14.600/2023 art. 19;https://www.gov.br/mulheres/
br-ministerio-da-pesca-e-aquicultura;department;ministerio;executivo;2;Ministério da Pesca e Aquicultura;br-presidencia-da-republica;Lei 14.600/2023 art. 19;https://www.gov.br/mpa/
br-ministerio-do-planejamento-e-orcamento;department;ministerio;executivo;2;Ministério do Planejamento e Orçamento;br-presidencia-da-republica;Lei 14.600/2023 art. 19;https://www.gov.br/planejamento/
br-ministerio-de-portos-e-aeroportos;department;ministerio;executivo;2;Ministério de Portos e Aeroportos;br-presidencia-da-republica;Lei 14.600/2023 art. 19;https://www.gov.br/portos-e-aeroportos/
br-ministerio-dos-povos-indigenas;department;ministerio;executivo;2;Ministério dos Povos Indígenas;br-presidencia-da-republica;Lei 14.600/2023 art. 19;https://www.gov.br/povosindigenas/
br-ministerio-da-previdencia-social;department;ministerio;executivo;2;Ministério da Previdência Social;br-presidencia-da-republica;Lei 14.600/2023 art. 19;https://www.gov.br/previdencia/
br-ministerio-das-relacoes-exteriores;department;ministerio;executivo;2;Ministério das Relações Exteriores;br-presidencia-da-republica;Lei 14.600/2023 art. 19;https://www.gov.br/mre/
br-ministerio-da-saude;department;ministerio;executivo;2;Ministério da Saúde;br-presidencia-da-republica;Lei 14.600/2023 art. 19;https://www.gov.br/saude/
br-ministerio-do-trabalho-e-emprego;department;ministerio;executivo;2;Ministério do Trabalho e Emprego;br-presidencia-da-republica;Lei 14.600/2023 art. 19;https://www.gov.br/trabalho-e-emprego/
br-ministerio-dos-transportes;department;ministerio;executivo;2;Ministério dos Transportes;br-presidencia-da-republica;Lei 14.600/2023 art. 19;https://www.gov.br/transportes/
br-ministerio-do-turismo;department;ministerio;executivo;2;Ministério do Turismo;br-presidencia-da-republica;Lei 14.600/2023 art. 19;https://www.gov.br/turismo/
br-banco-central-do-brasil;department;autarquia;executivo;2;Banco Central do Brasil;;"LC 179/2021 arts. 1º, 4º e 6º; Lei 4.595/1964";https://www.bcb.gov.br/
br-receita-federal-do-brasil;department;orgao_singular;executivo;3;Secretaria Especial da Receita Federal do Brasil;br-ministerio-da-fazenda;Lei 11.457/2007 art. 2º;https://www.gov.br/receitafederal/
br-secretaria-do-tesouro-nacional;department;orgao_singular;executivo;3;Secretaria do Tesouro Nacional;br-ministerio-da-fazenda;"Decreto 92.452/1986; Lei 10.180/2001 arts. 5º-9º";https://www.gov.br/tesouronacional/
br-comissao-de-valores-mobiliarios;department;autarquia;executivo;4;Comissão de Valores Mobiliários;br-ministerio-da-fazenda;Lei 6.385/1976 arts. 5º e 6º;https://www.gov.br/cvm/
br-superintendencia-de-seguros-privados;department;autarquia;executivo;4;Superintendência de Seguros Privados;br-ministerio-da-fazenda;Decreto-Lei 73/1966 art. 35;https://www.gov.br/susep/
br-banco-do-brasil;department;sociedade_economia_mista;executivo;4;Banco do Brasil S.A.;br-ministerio-da-fazenda;"Lei 4.595/1964 art. 19; Lei 13.303/2016";https://www.bb.com.br/
br-caixa-economica-federal;department;empresa_publica;executivo;4;Caixa Econômica Federal;br-ministerio-da-fazenda;Decreto-Lei 759/1969;https://www.caixa.gov.br/
br-casa-da-moeda-do-brasil;department;empresa_publica;executivo;4;Casa da Moeda do Brasil;br-ministerio-da-fazenda;Lei 5.895/1973;https://www.casadamoeda.gov.br/
br-bndes;department;empresa_publica;executivo;4;Banco Nacional de Desenvolvimento Econômico e Social;br-ministerio-do-desenvolvimento-industria-comercio-e-servicos;"Lei 5.662/1971; Lei 13.303/2016";https://www.bndes.gov.br/
br-instituto-nacional-da-propriedade-industrial;department;autarquia;executivo;4;Instituto Nacional da Propriedade Industrial;br-ministerio-do-desenvolvimento-industria-comercio-e-servicos;Lei 5.648/1970;https://www.gov.br/inpi/
br-inmetro;department;autarquia;executivo;4;Instituto Nacional de Metrologia, Qualidade e Tecnologia;br-ministerio-do-desenvolvimento-industria-comercio-e-servicos;Lei 5.966/1973;https://www.gov.br/inmetro/
br-aneel;department;agencia_reguladora;executivo;4;Agência Nacional de Energia Elétrica;br-ministerio-de-minas-e-energia;"Lei 9.427/1996; Lei 13.848/2019";https://www.gov.br/aneel/
br-anp;department;agencia_reguladora;executivo;4;Agência Nacional do Petróleo, Gás Natural e Biocombustíveis;br-ministerio-de-minas-e-energia;"Lei 9.478/1997 arts. 7º-8º; Lei 13.848/2019";https://www.gov.br/anp/
br-anm;department;agencia_reguladora;executivo;4;Agência Nacional de Mineração;br-ministerio-de-minas-e-energia;Lei 13.575/2017;https://www.gov.br/anm/
br-petrobras;department;sociedade_economia_mista;executivo;4;Petróleo Brasileiro S.A.;br-ministerio-de-minas-e-energia;"Lei 9.478/1997 arts. 61-62; Lei 13.303/2016";https://petrobras.com.br/
br-empresa-de-pesquisa-energetica;department;empresa_publica;executivo;4;Empresa de Pesquisa Energética;br-ministerio-de-minas-e-energia;Lei 10.847/2004;https://www.epe.gov.br/
br-anatel;department;agencia_reguladora;executivo;4;Agência Nacional de Telecomunicações;br-ministerio-das-comunicacoes;Lei 9.472/1997 arts. 8º e 19;https://www.gov.br/anatel/
br-correios;department;empresa_publica;executivo;4;Empresa Brasileira de Correios e Telégrafos;br-ministerio-das-comunicacoes;"Decreto-Lei 509/1969; Lei 6.538/1978";https://www.correios.com.br/
br-telebras;department;sociedade_economia_mista;executivo;4;Telecomunicações Brasileiras S.A.;br-ministerio-das-comunicacoes;"Lei 5.792/1972; Decreto 7.175/2010";https://www.telebras.com.br/
br-empresa-brasil-de-comunicacao;department;empresa_publica;executivo;4;Empresa Brasil de Comunicação;br-secretaria-de-comunicacao-social;Lei 11.652/2008;https://www.ebc.com.br/
br-anvisa;department;agencia_reguladora;executivo;4;Agência Nacional de Vigilância Sanitária;br-ministerio-da-saude;Lei 9.782/1999;https://www.gov.br/anvisa/
br-ans;department;agencia_reguladora;executivo;4;Agência Nacional de Saúde Suplementar;br-ministerio-da-saude;Lei 9.961/2000;https://www.gov.br/ans/
br-fiocruz;department;fundacao;executivo;4;Fundação Oswaldo Cruz;br-ministerio-da-saude;"Lei 5.019/1966; Decreto 4.725/2003";https://portal.fiocruz.br/
br-funasa;department;fundacao;executivo;4;Fundação Nacional de Saúde;br-ministerio-da-saude;"Lei 8.029/1990 art. 14; Decreto 100/1991";https://www.gov.br/funasa/
br-inep;department;autarquia;executivo;4;Instituto Nacional de Estudos e Pesquisas Educacionais Anísio Teixeira;br-ministerio-da-educacao;Lei 9.448/1997;https://www.gov.br/inep/
br-fnde;department;autarquia;executivo;4;Fundo Nacional de Desenvolvimento da Educação;br-ministerio-da-educacao;"Lei 5.537/1968; Decreto 9.007/2017";https://www.gov.br/fnde/
br-capes;department;fundacao;executivo;4;Coordenação de Aperfeiçoamento de Pessoal de Nível Superior;br-ministerio-da-educacao;Lei 8.405/1992;https://www.gov.br/capes/
br-ebserh;department;empresa_publica;executivo;4;Empresa Brasileira de Serviços Hospitalares;br-ministerio-da-educacao;Lei 12.550/2011;https://www.gov.br/ebserh/
br-cnpq;department;fundacao;executivo;4;Conselho Nacional de Desenvolvimento Científico e Tecnológico;br-ministerio-da-ciencia-tecnologia-e-inovacao;Lei 6.129/1974;https://www.gov.br/cnpq/
br-finep;department;empresa_publica;executivo;4;Financiadora de Estudos e Projetos;br-ministerio-da-ciencia-tecnologia-e-inovacao;"Decreto 61.056/1967; Lei 11.540/2007";https://www.finep.gov.br/
br-inpe;department;orgao_singular;executivo;3;Instituto Nacional de Pesquisas Espaciais;br-ministerio-da-ciencia-tecnologia-e-inovacao;Decreto 11.xxx/2023 (estrutura regimental do MCTI);https://www.gov.br/inpe/
br-agencia-espacial-brasileira;department;autarquia;executivo;4;Agência Espacial Brasileira;br-ministerio-da-ciencia-tecnologia-e-inovacao;Lei 8.854/1994;https://www.gov.br/aeb/
br-cnen;department;autarquia;executivo;4;Comissão Nacional de Energia Nuclear;br-ministerio-da-ciencia-tecnologia-e-inovacao;"Lei 4.118/1962; Lei 14.222/2021";https://www.gov.br/cnen/
br-policia-federal;department;orgao_singular;executivo;3;Polícia Federal;br-ministerio-da-justica-e-seguranca-publica;"CF/88 art. 144 §1º; Lei 9.266/1996";https://www.gov.br/pf/
br-policia-rodoviaria-federal;department;orgao_singular;executivo;3;Polícia Rodoviária Federal;br-ministerio-da-justica-e-seguranca-publica;CF/88 art. 144 §2º;https://www.gov.br/prf/
br-cade;department;autarquia;executivo;4;Conselho Administrativo de Defesa Econômica;br-ministerio-da-justica-e-seguranca-publica;Lei 12.529/2011 arts. 4º-6º;https://www.gov.br/cade/
br-anpd;department;autarquia;executivo;4;Autoridade Nacional de Proteção de Dados;br-presidencia-da-republica;Lei 13.709/2018 arts. 55-A a 55-D (redação da Lei 14.460/2022);https://www.gov.br/anpd/
br-ibama;department;autarquia;executivo;4;Instituto Brasileiro do Meio Ambiente e dos Recursos Naturais Renováveis;br-ministerio-do-meio-ambiente-e-mudanca-do-clima;Lei 7.735/1989;https://www.gov.br/ibama/
br-icmbio;department;autarquia;executivo;4;Instituto Chico Mendes de Conservação da Biodiversidade;br-ministerio-do-meio-ambiente-e-mudanca-do-clima;Lei 11.516/2007;https://www.gov.br/icmbio/
br-ana;department;agencia_reguladora;executivo;4;Agência Nacional de Águas e Saneamento Básico;br-ministerio-da-integracao-e-do-desenvolvimento-regional;"Lei 9.984/2000; Lei 14.026/2020";https://www.gov.br/ana/
br-sudene;department;autarquia;executivo;4;Superintendência do Desenvolvimento do Nordeste;br-ministerio-da-integracao-e-do-desenvolvimento-regional;LC 125/2007;https://www.gov.br/sudene/
br-sudam;department;autarquia;executivo;4;Superintendência do Desenvolvimento da Amazônia;br-ministerio-da-integracao-e-do-desenvolvimento-regional;LC 124/2007;https://www.gov.br/sudam/
br-sudeco;department;autarquia;executivo;4;Superintendência do Desenvolvimento do Centro-Oeste;br-ministerio-da-integracao-e-do-desenvolvimento-regional;LC 129/2009;https://www.gov.br/sudeco/
br-dnocs;department;autarquia;executivo;4;Departamento Nacional de Obras Contra as Secas;br-ministerio-da-integracao-e-do-desenvolvimento-regional;Lei 4.229/1963;https://www.gov.br/dnocs/
br-codevasf;department;empresa_publica;executivo;4;Companhia de Desenvolvimento dos Vales do São Francisco e do Parnaíba;br-ministerio-da-integracao-e-do-desenvolvimento-regional;Lei 6.088/1974;https://www.codevasf.gov.br/
br-antt;department;agencia_reguladora;executivo;4;Agência Nacional de Transportes Terrestres;br-ministerio-dos-transportes;Lei 10.233/2001 arts. 21-26;https://www.gov.br/antt/
br-dnit;department;autarquia;executivo;4;Departamento Nacional de Infraestrutura de Transportes;br-ministerio-dos-transportes;Lei 10.233/2001 arts. 79-83;https://www.gov.br/dnit/
br-infra-sa;department;empresa_publica;executivo;4;Infra S.A.;br-ministerio-dos-transportes;"Lei 11.772/2008; Decreto 11.204/2022";https://www.infrasa.gov.br/
br-antaq;department;agencia_reguladora;executivo;4;Agência Nacional de Transportes Aquaviários;br-ministerio-de-portos-e-aeroportos;Lei 10.233/2001 arts. 21-27;https://www.gov.br/antaq/
br-anac;department;agencia_reguladora;executivo;4;Agência Nacional de Aviação Civil;br-ministerio-de-portos-e-aeroportos;Lei 11.182/2005;https://www.gov.br/anac/
br-infraero;department;empresa_publica;executivo;4;Empresa Brasileira de Infraestrutura Aeroportuária;br-ministerio-de-portos-e-aeroportos;Lei 5.862/1972;https://www.infraero.gov.br/
br-embrapa;department;empresa_publica;executivo;4;Empresa Brasileira de Pesquisa Agropecuária;br-ministerio-da-agricultura-e-pecuaria;Lei 5.851/1972;https://www.embrapa.br/
br-conab;department;empresa_publica;executivo;4;Companhia Nacional de Abastecimento;br-ministerio-da-agricultura-e-pecuaria;Lei 8.029/1990 art. 19;https://www.conab.gov.br/
br-incra;department;autarquia;executivo;4;Instituto Nacional de Colonização e Reforma Agrária;br-ministerio-do-desenvolvimento-agrario;Decreto-Lei 1.110/1970;https://www.gov.br/incra/
br-funai;department;fundacao;executivo;4;Fundação Nacional dos Povos Indígenas;br-ministerio-dos-povos-indigenas;Lei 5.371/1967;https://www.gov.br/funai/
br-inss;department;autarquia;executivo;4;Instituto Nacional do Seguro Social;br-ministerio-da-previdencia-social;Lei 8.029/1990 art. 17;https://www.gov.br/inss/
br-previc;department;autarquia;executivo;4;Superintendência Nacional de Previdência Complementar;br-ministerio-da-previdencia-social;Lei 12.154/2009;https://www.gov.br/previc/
br-ibge;department;fundacao;executivo;4;Instituto Brasileiro de Geografia e Estatística;br-ministerio-do-planejamento-e-orcamento;Lei 5.878/1973;https://www.ibge.gov.br/
br-ipea;department;fundacao;executivo;4;Instituto de Pesquisa Econômica Aplicada;br-ministerio-do-planejamento-e-orcamento;Decreto 7.142/2010;https://www.ipea.gov.br/
br-enap;department;fundacao;executivo;4;Escola Nacional de Administração Pública;br-ministerio-da-gestao;"Lei 6.871/1980; Lei 8.140/1990";https://www.gov.br/enap/
br-serpro;department;empresa_publica;executivo;4;Serviço Federal de Processamento de Dados;br-ministerio-da-gestao;"Lei 4.516/1964; Lei 5.615/1970";https://www.serpro.gov.br/
br-dataprev;department;empresa_publica;executivo;4;Empresa de Tecnologia e Informações da Previdência;br-ministerio-da-gestao;Lei 6.125/1974;https://www.dataprev.gov.br/
br-iphan;department;autarquia;executivo;4;Instituto do Patrimônio Histórico e Artístico Nacional;br-ministerio-da-cultura;Lei 8.113/1990;https://www.gov.br/iphan/
br-funarte;department;fundacao;executivo;4;Fundação Nacional de Artes;br-ministerio-da-cultura;Lei 6.312/1975;https://www.gov.br/funarte/
br-biblioteca-nacional;department;fundacao;executivo;4;Fundação Biblioteca Nacional;br-ministerio-da-cultura;"Lei 8.029/1990 art. 22; Decreto 8.297/2014";https://www.gov.br/bn/
br-ancine;department;agencia_reguladora;executivo;4;Agência Nacional do Cinema;br-ministerio-da-cultura;MP 2.228-1/2001;https://www.gov.br/ancine/
br-fundacao-cultural-palmares;department;fundacao;executivo;4;Fundação Cultural Palmares;br-ministerio-da-igualdade-racial;Lei 7.668/1988;https://www.gov.br/palmares/
br-marinha-do-brasil;department;forca_armada;executivo;3;Marinha do Brasil;br-ministerio-da-defesa;"CF/88 art. 142; LC 97/1999";https://www.marinha.mil.br/
br-exercito-brasileiro;department;forca_armada;executivo;3;Exército Brasileiro;br-ministerio-da-defesa;"CF/88 art. 142; LC 97/1999";https://www.eb.mil.br/
br-forca-aerea-brasileira;department;forca_armada;executivo;3;Força Aérea Brasileira;br-ministerio-da-defesa;"CF/88 art. 142; LC 97/1999";https://www.fab.mil.br/
br-imprensa-nacional;department;orgao_singular;executivo;3;Imprensa Nacional;br-casa-civil;Lei 14.600/2023 art. 3º;https://www.gov.br/imprensanacional/
br-iti;department;autarquia;executivo;4;Instituto Nacional de Tecnologia da Informação;br-casa-civil;MP 2.200-2/2001;https://www.gov.br/iti/
br-funag;department;fundacao;executivo;4;Fundação Alexandre de Gusmão;br-ministerio-das-relacoes-exteriores;Lei 5.717/1971;https://www.gov.br/funag/
br-mesa-da-camara-dos-deputados;commission;;legislativo;3;Mesa Diretora da Câmara dos Deputados;br-camara-dos-deputados;"CF/88 art. 57 §4º; RICD arts. 14-15";https://www.camara.leg.br/a-camara/estruturaadm/mesa
br-mesa-do-senado-federal;commission;;legislativo;3;Mesa do Senado Federal;br-senado-federal;"CF/88 art. 57 §§4º-5º; RISF arts. 46-48";https://www25.senado.leg.br/web/senadores/mesa-diretora
br-comissao-de-constituicao-e-justica-e-de-cidadania-da-camara;commission;;legislativo;3;Comissão de Constituição e Justiça e de Cidadania da Câmara;br-camara-dos-deputados;RICD art. 32 IV;https://www2.camara.leg.br/atividade-legislativa/comissoes/comissoes-permanentes/ccjc
br-comissao-de-financas-e-tributacao-da-camara;commission;;legislativo;3;Comissão de Finanças e Tributação da Câmara;br-camara-dos-deputados;RICD art. 32 X;https://www2.camara.leg.br/atividade-legislativa/comissoes/comissoes-permanentes/cft
br-comissao-de-constituicao-justica-e-cidadania-do-senado;commission;;legislativo;3;Comissão de Constituição, Justiça e Cidadania do Senado;br-senado-federal;RISF art. 101;https://legis.senado.leg.br/comissoes/comissao?codcol=34
br-comissao-de-assuntos-economicos-do-senado;commission;;legislativo;3;Comissão de Assuntos Econômicos do Senado;br-senado-federal;RISF art. 99;https://legis.senado.leg.br/comissoes/comissao?codcol=38
br-comissao-de-relacoes-exteriores-e-defesa-nacional-do-senado;commission;;legislativo;3;Comissão de Relações Exteriores e Defesa Nacional do Senado;br-senado-federal;"RISF art. 103; CF/88 art. 52 IV";https://legis.senado.leg.br/comissoes/comissao?codcol=54
br-comissao-de-infraestrutura-do-senado;commission;;legislativo;3;Comissão de Serviços de Infraestrutura do Senado;br-senado-federal;RISF art. 104;https://legis.senado.leg.br/comissoes/comissao?codcol=59
br-comissao-mista-de-orcamento;commission;;legislativo;3;Comissão Mista de Planos, Orçamentos Públicos e Fiscalização;br-congresso-nacional;"CF/88 art. 166 §1º; Resolução CN 1/2006";https://www.congressonacional.leg.br/materias/orcamento-da-uniao/cmo
br-ministerio-publico-da-uniao;department;ministerio_publico;essenciais;1;Ministério Público da União;;"CF/88 arts. 127-128; LC 75/1993";https://www.mpu.mp.br/
br-ministerio-publico-federal;department;ministerio_publico;essenciais;2;Ministério Público Federal;br-ministerio-publico-da-uniao;LC 75/1993 arts. 37-82;https://www.mpf.mp.br/
br-ministerio-publico-do-trabalho;department;ministerio_publico;essenciais;3;Ministério Público do Trabalho;br-ministerio-publico-da-uniao;LC 75/1993 arts. 83-115;https://mpt.mp.br/
br-ministerio-publico-militar;department;ministerio_publico;essenciais;3;Ministério Público Militar;br-ministerio-publico-da-uniao;LC 75/1993 arts. 116-148;https://www.mpm.mp.br/
br-ministerio-publico-do-distrito-federal-e-territorios;department;ministerio_publico;essenciais;3;Ministério Público do Distrito Federal e Territórios;br-ministerio-publico-da-uniao;LC 75/1993 arts. 149-181;https://www.mpdft.mp.br/
br-conselho-nacional-do-ministerio-publico;commission;;essenciais;2;Conselho Nacional do Ministério Público;;CF/88 art. 130-A;https://www.cnmp.mp.br/
br-defensoria-publica-da-uniao;department;defensoria;essenciais;2;Defensoria Pública da União;;"CF/88 art. 134; LC 80/1994";https://www.dpu.def.br/
br-advocacia-geral-da-uniao;department;advocacia;essenciais;2;Advocacia-Geral da União;;"CF/88 art. 131; LC 73/1993; Lei 14.600/2023 art. 47";https://www.gov.br/agu/
br-procuradoria-geral-da-uniao;department;advocacia;essenciais;3;Procuradoria-Geral da União;br-advocacia-geral-da-uniao;LC 73/1993 arts. 2º e 9º;https://www.gov.br/agu/pt-br/composicao/pgu
br-procuradoria-geral-federal;department;advocacia;essenciais;3;Procuradoria-Geral Federal;br-advocacia-geral-da-uniao;Lei 10.480/2002 arts. 9º-10;https://www.gov.br/agu/pt-br/composicao/pgf
br-procuradoria-geral-da-fazenda-nacional;department;advocacia;essenciais;3;Procuradoria-Geral da Fazenda Nacional;br-advocacia-geral-da-uniao;LC 73/1993 arts. 12-13;https://www.gov.br/pgfn/
br-tribunal-de-contas-da-uniao;department;tribunal;essenciais;2;Tribunal de Contas da União;;"CF/88 arts. 70-73; Lei 8.443/1992";https://portal.tcu.gov.br/
br-supremo-tribunal-federal;department;tribunal;judiciario;1;Supremo Tribunal Federal;;CF/88 arts. 101-103;https://portal.stf.jus.br/
br-conselho-nacional-de-justica;commission;;judiciario;2;Conselho Nacional de Justiça;;CF/88 art. 103-B;https://www.cnj.jus.br/
br-superior-tribunal-de-justica;department;tribunal;judiciario;2;Superior Tribunal de Justiça;;CF/88 arts. 104-105;https://www.stj.jus.br/
br-tribunal-superior-do-trabalho;department;tribunal;judiciario;2;Tribunal Superior do Trabalho;;CF/88 art. 111-A;https://www.tst.jus.br/
br-tribunal-superior-eleitoral;department;tribunal;judiciario;2;Tribunal Superior Eleitoral;;CF/88 arts. 118-121;https://www.tse.jus.br/
br-superior-tribunal-militar;department;tribunal;judiciario;2;Superior Tribunal Militar;;CF/88 arts. 122-124;https://www.stm.jus.br/
br-conselho-da-justica-federal;commission;;judiciario;3;Conselho da Justiça Federal;br-superior-tribunal-de-justica;"CF/88 art. 105, parágrafo único, II; Lei 11.798/2008";https://www.cjf.jus.br/
br-conselho-superior-da-justica-do-trabalho;commission;;judiciario;3;Conselho Superior da Justiça do Trabalho;br-tribunal-superior-do-trabalho;CF/88 art. 111-A §2º II;https://www.csjt.jus.br/
br-tribunal-regional-federal-da-1a-regiao;department;tribunal;judiciario;3;Tribunal Regional Federal da 1ª Região;br-superior-tribunal-de-justica;"CF/88 arts. 107-108; Lei 7.727/1989";https://www.trf1.jus.br/
br-tribunal-regional-federal-da-2a-regiao;department;tribunal;judiciario;3;Tribunal Regional Federal da 2ª Região;br-superior-tribunal-de-justica;"CF/88 arts. 107-108; Lei 7.727/1989";https://www.trf2.jus.br/
br-tribunal-regional-federal-da-3a-regiao;department;tribunal;judiciario;3;Tribunal Regional Federal da 3ª Região;br-superior-tribunal-de-justica;"CF/88 arts. 107-108; Lei 7.727/1989";https://www.trf3.jus.br/
br-tribunal-regional-federal-da-4a-regiao;department;tribunal;judiciario;3;Tribunal Regional Federal da 4ª Região;br-superior-tribunal-de-justica;"CF/88 arts. 107-108; Lei 7.727/1989";https://www.trf4.jus.br/
br-tribunal-regional-federal-da-5a-regiao;department;tribunal;judiciario;3;Tribunal Regional Federal da 5ª Região;br-superior-tribunal-de-justica;"CF/88 arts. 107-108; Lei 7.727/1989";https://www.trf5.jus.br/
br-tribunal-regional-federal-da-6a-regiao;department;tribunal;judiciario;3;Tribunal Regional Federal da 6ª Região;br-superior-tribunal-de-justica;Lei 14.226/2021;https://www.trf6.jus.br/
br-tribunais-regionais-do-trabalho;department;tribunal;judiciario;3;Tribunais Regionais do Trabalho;br-tribunal-superior-do-trabalho;CF/88 arts. 112-115;https://www.tst.jus.br/web/guest/tribunais-regionais
br-tribunais-regionais-eleitorais;department;tribunal;judiciario;3;Tribunais Regionais Eleitorais;br-tribunal-superior-eleitoral;CF/88 art. 120;https://www.tse.jus.br/
br-conselho-monetario-nacional;commission;;executivo;3;Conselho Monetário Nacional;br-ministerio-da-fazenda;"Lei 4.595/1964 arts. 2º-4º; Lei 9.069/1995 art. 8º";https://www.bcb.gov.br/acessoinformacao/cmn
br-comite-de-politica-monetaria;commission;;executivo;3;Comitê de Política Monetária;br-banco-central-do-brasil;"Circular BCB 2.698/1996; Resolução BCB 61/2021";https://www.bcb.gov.br/controleinflacao/copom
br-conselho-nacional-de-politica-energetica;commission;;executivo;3;Conselho Nacional de Política Energética;br-ministerio-de-minas-e-energia;Lei 9.478/1997 art. 2º;https://www.gov.br/mme/pt-br/assuntos/conselhos-e-comites/cnpe
br-conselho-nacional-do-meio-ambiente;commission;;executivo;3;Conselho Nacional do Meio Ambiente;br-ministerio-do-meio-ambiente-e-mudanca-do-clima;Lei 6.938/1981 art. 6º II e art. 8º;https://conama.mma.gov.br/
br-conselho-nacional-de-saude;commission;;executivo;3;Conselho Nacional de Saúde;br-ministerio-da-saude;"Lei 8.142/1990 art. 1º; Decreto 5.839/2006";https://conselho.saude.gov.br/
br-conselho-nacional-de-educacao;commission;;executivo;3;Conselho Nacional de Educação;br-ministerio-da-educacao;Lei 9.131/1995 arts. 7º-9º;https://www.gov.br/mec/pt-br/cne
br-camara-de-comercio-exterior;commission;;executivo;3;Câmara de Comércio Exterior;br-ministerio-do-desenvolvimento-industria-comercio-e-servicos;"Lei 14.600/2023 art. 2º; Decreto 11.428/2023";https://www.gov.br/camex/
br-conselho-nacional-de-assistencia-social;commission;;executivo;3;Conselho Nacional de Assistência Social;br-ministerio-do-desenvolvimento-social;Lei 8.742/1993 arts. 17-18;https://www.gov.br/mds/pt-br/orgaos/conselhos/cnas
br-conselho-nacional-de-transito;commission;;executivo;3;Conselho Nacional de Trânsito;br-ministerio-dos-transportes;Lei 9.503/1997 arts. 7º e 10;https://www.gov.br/transportes/pt-br/assuntos/transito/conteudo-contran
br-ministro-de-estado-da-agricultura-e-pecuaria;dept_head;;executivo;2;Ministro de Estado da Agricultura e Pecuária;;"CF/88 arts. 84 I e 87; Lei 14.600/2023 art. 19";
br-ministro-de-estado-das-cidades;dept_head;;executivo;2;Ministro de Estado das Cidades;;"CF/88 arts. 84 I e 87; Lei 14.600/2023 art. 19";
br-ministro-de-estado-da-ciencia-tecnologia-e-inovacao;dept_head;;executivo;2;Ministro de Estado da Ciência, Tecnologia e Inovação;;"CF/88 arts. 84 I e 87; Lei 14.600/2023 art. 19";
br-ministro-de-estado-das-comunicacoes;dept_head;;executivo;2;Ministro de Estado das Comunicações;;"CF/88 arts. 84 I e 87; Lei 14.600/2023 art. 19";
br-ministro-de-estado-da-cultura;dept_head;;executivo;2;Ministro de Estado da Cultura;;"CF/88 arts. 84 I e 87; Lei 14.600/2023 art. 19";
br-ministro-de-estado-da-defesa;dept_head;;executivo;2;Ministro de Estado da Defesa;;"CF/88 arts. 84 I e 87; Lei 14.600/2023 art. 19";
br-ministro-de-estado-do-desenvolvimento-agrario;dept_head;;executivo;2;Ministro de Estado do Desenvolvimento Agrário e Agricultura Familiar;;"CF/88 arts. 84 I e 87; Lei 14.600/2023 art. 19";
br-ministro-de-estado-do-desenvolvimento-social;dept_head;;executivo;2;Ministro de Estado do Desenvolvimento e Assistência Social, Família e Combate à Fome;;"CF/88 arts. 84 I e 87; Lei 14.600/2023 art. 19";
br-ministro-de-estado-do-desenvolvimento-industria-comercio-e-servicos;dept_head;;executivo;2;Ministro de Estado do Desenvolvimento, Indústria, Comércio e Serviços;;"CF/88 arts. 84 I e 87; Lei 14.600/2023 art. 19";
br-ministro-de-estado-dos-direitos-humanos-e-da-cidadania;dept_head;;executivo;2;Ministro de Estado dos Direitos Humanos e da Cidadania;;"CF/88 arts. 84 I e 87; Lei 14.600/2023 art. 19";
br-ministro-de-estado-da-educacao;dept_head;;executivo;2;Ministro de Estado da Educação;;"CF/88 arts. 84 I e 87; Lei 14.600/2023 art. 19";
br-ministro-de-estado-do-empreendedorismo;dept_head;;executivo;2;Ministro de Estado do Empreendedorismo, da Microempresa e da Empresa de Pequeno Porte;;"CF/88 arts. 84 I e 87; Lei 14.600/2023 art. 19";
br-ministro-de-estado-do-esporte;dept_head;;executivo;2;Ministro de Estado do Esporte;;"CF/88 arts. 84 I e 87; Lei 14.600/2023 art. 19";
br-ministro-de-estado-da-fazenda;dept_head;;executivo;2;Ministro de Estado da Fazenda;;"CF/88 arts. 84 I e 87; Lei 14.600/2023 art. 19";
br-ministro-de-estado-da-gestao;dept_head;;executivo;2;Ministro de Estado da Gestão e da Inovação em Serviços Públicos;;"CF/88 arts. 84 I e 87; Lei 14.600/2023 art. 19";
br-ministro-de-estado-da-igualdade-racial;dept_head;;executivo;2;Ministro de Estado da Igualdade Racial;;"CF/88 arts. 84 I e 87; Lei 14.600/2023 art. 19";
br-ministro-de-estado-da-integracao-e-do-desenvolvimento-regional;dept_head;;executivo;2;Ministro de Estado da Integração e do Desenvolvimento Regional;;"CF/88 arts. 84 I e 87; Lei 14.600/2023 art. 19";
br-ministro-de-estado-da-justica-e-seguranca-publica;dept_head;;executivo;2;Ministro de Estado da Justiça e Segurança Pública;;"CF/88 arts. 84 I e 87; Lei 14.600/2023 art. 19";
br-ministro-de-estado-do-meio-ambiente-e-mudanca-do-clima;dept_head;;executivo;2;Ministro de Estado do Meio Ambiente e Mudança do Clima;;"CF/88 arts. 84 I e 87; Lei 14.600/2023 art. 19";
br-ministro-de-estado-de-minas-e-energia;dept_head;;executivo;2;Ministro de Estado de Minas e Energia;;"CF/88 arts. 84 I e 87; Lei 14.600/2023 art. 19";
br-ministro-de-estado-das-mulheres;dept_head;;executivo;2;Ministro de Estado das Mulheres;;"CF/88 arts. 84 I e 87; Lei 14.600/2023 art. 19";
br-ministro-de-estado-da-pesca-e-aquicultura;dept_head;;executivo;2;Ministro de Estado da Pesca e Aquicultura;;"CF/88 arts. 84 I e 87; Lei 14.600/2023 art. 19";
br-ministro-de-estado-do-planejamento-e-orcamento;dept_head;;executivo;2;Ministro de Estado do Planejamento e Orçamento;;"CF/88 arts. 84 I e 87; Lei 14.600/2023 art. 19";
br-ministro-de-estado-de-portos-e-aeroportos;dept_head;;executivo;2;Ministro de Estado de Portos e Aeroportos;;"CF/88 arts. 84 I e 87; Lei 14.600/2023 art. 19";
br-ministro-de-estado-dos-povos-indigenas;dept_head;;executivo;2;Ministro de Estado dos Povos Indígenas;;"CF/88 arts. 84 I e 87; Lei 14.600/2023 art. 19";
br-ministro-de-estado-da-previdencia-social;dept_head;;executivo;2;Ministro de Estado da Previdência Social;;"CF/88 arts. 84 I e 87; Lei 14.600/2023 art. 19";
br-ministro-de-estado-das-relacoes-exteriores;dept_head;;executivo;2;Ministro de Estado das Relações Exteriores;;"CF/88 arts. 84 I e 87; Lei 14.600/2023 art. 19";
br-ministro-de-estado-da-saude;dept_head;;executivo;2;Ministro de Estado da Saúde;;"CF/88 arts. 84 I e 87; Lei 14.600/2023 art. 19";
br-ministro-de-estado-do-trabalho-e-emprego;dept_head;;executivo;2;Ministro de Estado do Trabalho e Emprego;;"CF/88 arts. 84 I e 87; Lei 14.600/2023 art. 19";
br-ministro-de-estado-dos-transportes;dept_head;;executivo;2;Ministro de Estado dos Transportes;;"CF/88 arts. 84 I e 87; Lei 14.600/2023 art. 19";
br-ministro-de-estado-do-turismo;dept_head;;executivo;2;Ministro de Estado do Turismo;;"CF/88 arts. 84 I e 87; Lei 14.600/2023 art. 19";
br-ministro-de-estado-da-controladoria-geral-da-uniao;dept_head;;executivo;2;Ministro de Estado da Controladoria-Geral da União;;Lei 14.600/2023 art. 46;
br-ministro-chefe-casa-civil;dept_head;;executivo;2;Ministro de Estado Chefe da Casa Civil;;Lei 14.600/2023 art. 46;
br-ministro-chefe-secretaria-geral-da-presidencia;dept_head;;executivo;2;Ministro de Estado Chefe da Secretaria-Geral da Presidência;;Lei 14.600/2023 art. 46;
br-ministro-chefe-secretaria-de-relacoes-institucionais;dept_head;;executivo;2;Ministro de Estado Chefe da Secretaria de Relações Institucionais;;Lei 14.600/2023 art. 46;
br-ministro-chefe-secretaria-de-comunicacao-social;dept_head;;executivo;2;Ministro de Estado Chefe da Secretaria de Comunicação Social;;Lei 14.600/2023 art. 46;
br-ministro-chefe-gabinete-de-seguranca-institucional;dept_head;;executivo;2;Ministro de Estado Chefe do Gabinete de Segurança Institucional;;Lei 14.600/2023 art. 46;
br-advogado-geral-da-uniao;dept_head;;essenciais;2;Advogado-Geral da União;;"CF/88 art. 131 §1º; Lei 14.600/2023 art. 47";
br-anatel-dirigente;dept_head;;executivo;4;Presidente da Anatel;;"Lei 9.986/2000 art. 5º; Lei 13.848/2019; CF/88 art. 52 III f";
br-anatel-diretor;dept_head;;executivo;4;Conselheiro da Anatel;;"Lei 9.986/2000 art. 5º; Lei 13.848/2019; CF/88 art. 52 III f";
br-aneel-dirigente;dept_head;;executivo;4;Diretor-Geral da Aneel;;"Lei 9.986/2000 art. 5º; Lei 13.848/2019; CF/88 art. 52 III f";
br-aneel-diretor;dept_head;;executivo;4;Diretor da Aneel;;"Lei 9.986/2000 art. 5º; Lei 13.848/2019; CF/88 art. 52 III f";
br-anp-dirigente;dept_head;;executivo;4;Diretor-Geral da ANP;;"Lei 9.986/2000 art. 5º; Lei 13.848/2019; CF/88 art. 52 III f";
br-anp-diretor;dept_head;;executivo;4;Diretor da ANP;;"Lei 9.986/2000 art. 5º; Lei 13.848/2019; CF/88 art. 52 III f";
br-anm-dirigente;dept_head;;executivo;4;Diretor-Geral da ANM;;"Lei 9.986/2000 art. 5º; Lei 13.848/2019; CF/88 art. 52 III f";
br-anm-diretor;dept_head;;executivo;4;Diretor da ANM;;"Lei 9.986/2000 art. 5º; Lei 13.848/2019; CF/88 art. 52 III f";
br-anvisa-dirigente;dept_head;;executivo;4;Diretor-Presidente da Anvisa;;"Lei 9.986/2000 art. 5º; Lei 13.848/2019; CF/88 art. 52 III f";
br-anvisa-diretor;dept_head;;executivo;4;Diretor da Anvisa;;"Lei 9.986/2000 art. 5º; Lei 13.848/2019; CF/88 art. 52 III f";
br-ans-dirigente;dept_head;;executivo;4;Diretor-Presidente da ANS;;"Lei 9.986/2000 art. 5º; Lei 13.848/2019; CF/88 art. 52 III f";
br-ans-diretor;dept_head;;executivo;4;Diretor da ANS;;"Lei 9.986/2000 art. 5º; Lei 13.848/2019; CF/88 art. 52 III f";
br-ana-dirigente;dept_head;;executivo;4;Diretor-Presidente da ANA;;"Lei 9.986/2000 art. 5º; Lei 13.848/2019; CF/88 art. 52 III f";
br-ana-diretor;dept_head;;executivo;4;Diretor da ANA;;"Lei 9.986/2000 art. 5º; Lei 13.848/2019; CF/88 art. 52 III f";
br-antt-dirigente;dept_head;;executivo;4;Diretor-Geral da ANTT;;"Lei 9.986/2000 art. 5º; Lei 13.848/2019; CF/88 art. 52 III f";
br-antt-diretor;dept_head;;executivo;4;Diretor da ANTT;;"Lei 9.986/2000 art. 5º; Lei 13.848/2019; CF/88 art. 52 III f";
br-antaq-dirigente;dept_head;;executivo;4;Diretor-Geral da Antaq;;"Lei 9.986/2000 art. 5º; Lei 13.848/2019; CF/88 art. 52 III f";
br-antaq-diretor;dept_head;;executivo;4;Diretor da Antaq;;"Lei 9.986/2000 art. 5º; Lei 13.848/2019; CF/88 art. 52 III f";
br-anac-dirigente;dept_head;;executivo;4;Diretor-Presidente da Anac;;"Lei 9.986/2000 art. 5º; Lei 13.848/2019; CF/88 art. 52 III f";
br-anac-diretor;dept_head;;executivo;4;Diretor da Anac;;"Lei 9.986/2000 art. 5º; Lei 13.848/2019; CF/88 art. 52 III f";
br-ancine-dirigente;dept_head;;executivo;4;Diretor-Presidente da Ancine;;"Lei 9.986/2000 art. 5º; Lei 13.848/2019; CF/88 art. 52 III f";
br-ancine-diretor;dept_head;;executivo;4;Diretor da Ancine;;"Lei 9.986/2000 art. 5º; Lei 13.848/2019; CF/88 art. 52 III f";
br-presidente-do-banco-central;dept_head;;executivo;2;Presidente do Banco Central do Brasil;;"LC 179/2021 arts. 3º-4º; CF/88 art. 52 III d";
br-diretor-do-banco-central;dept_head;;executivo;2;Diretor do Banco Central do Brasil;;"LC 179/2021 arts. 3º-4º; CF/88 art. 52 III d";
br-presidente-da-cvm;dept_head;;executivo;4;Presidente da CVM;;Lei 6.385/1976 art. 6º;
br-diretor-da-cvm;dept_head;;executivo;4;Diretor da CVM;;Lei 6.385/1976 art. 6º;
br-presidente-do-cade;dept_head;;executivo;4;Presidente do Cade;;Lei 12.529/2011 art. 6º;
br-conselheiro-do-cade;dept_head;;executivo;4;Conselheiro do Tribunal do Cade;;Lei 12.529/2011 art. 6º;
br-diretor-presidente-da-anpd;dept_head;;executivo;4;Diretor-Presidente da ANPD;;Lei 13.709/2018 art. 55-D;
br-diretor-da-anpd;dept_head;;executivo;4;Diretor da ANPD;;Lei 13.709/2018 art. 55-D;
br-superintendente-da-susep;dept_head;;executivo;4;Superintendente da Susep;;Decreto-Lei 73/1966 art. 36;
br-inss-dirigente;dept_head;;executivo;4;Presidente do INSS;;"CF/88 art. 84 XXV; Lei 8.029/1990 art. 17";
br-ibama-dirigente;dept_head;;executivo;4;Presidente do Ibama;;"CF/88 art. 84 XXV; Lei 7.735/1989";
br-icmbio-dirigente;dept_head;;executivo;4;Presidente do ICMBio;;"CF/88 art. 84 XXV; Lei 11.516/2007";
br-funai-dirigente;dept_head;;executivo;4;Presidente da Funai;;"CF/88 art. 84 XXV; Lei 5.371/1967";
br-incra-dirigente;dept_head;;executivo;4;Presidente do Incra;;"CF/88 art. 84 XXV; Decreto-Lei 1.110/1970";
br-inep-dirigente;dept_head;;executivo;4;Presidente do Inep;;"CF/88 art. 84 XXV; Lei 9.448/1997";
br-fnde-dirigente;dept_head;;executivo;4;Presidente do FNDE;;"CF/88 art. 84 XXV; Lei 5.537/1968; Decreto 9.007/2017";
br-capes-dirigente;dept_head;;executivo;4;Presidente da Capes;;"CF/88 art. 84 XXV; Lei 8.405/1992";
br-cnpq-dirigente;dept_head;;executivo;4;Presidente do CNPq;;"CF/88 art. 84 XXV; Lei 6.129/1974";
br-ibge-dirigente;dept_head;;executivo;4;Presidente do IBGE;;"CF/88 art. 84 XXV; Lei 5.878/1973";
br-ipea-dirigente;dept_head;;executivo;4;Presidente do Ipea;;"CF/88 art. 84 XXV; Decreto 7.142/2010";
br-enap-dirigente;dept_head;;executivo;4;Presidente da Enap;;"CF/88 art. 84 XXV; Lei 6.871/1980; Lei 8.140/1990";
br-iphan-dirigente;dept_head;;executivo;4;Presidente do Iphan;;"CF/88 art. 84 XXV; Lei 8.113/1990";
br-funarte-dirigente;dept_head;;executivo;4;Presidente da Funarte;;"CF/88 art. 84 XXV; Lei 6.312/1975";
br-biblioteca-nacional-dirigente;dept_head;;executivo;4;Presidente da Fundação Biblioteca Nacional;;"CF/88 art. 84 XXV; Lei 8.029/1990 art. 22; Decreto 8.297/2014";
br-fundacao-cultural-palmares-dirigente;dept_head;;executivo;4;Presidente da Fundação Cultural Palmares;;"CF/88 art. 84 XXV; Lei 7.668/1988";
br-funasa-dirigente;dept_head;;executivo;4;Presidente da Funasa;;"CF/88 art. 84 XXV; Lei 8.029/1990 art. 14; Decreto 100/1991";
br-dnocs-dirigente;dept_head;;executivo;4;Diretor-Geral do DNOCS;;"CF/88 art. 84 XXV; Lei 4.229/1963";
br-dnit-dirigente;dept_head;;executivo;4;Diretor-Geral do DNIT;;"CF/88 art. 84 XXV; Lei 10.233/2001 arts. 79-83";
br-instituto-nacional-da-propriedade-industrial-dirigente;dept_head;;executivo;4;Presidente do INPI;;"CF/88 art. 84 XXV; Lei 5.648/1970";
br-inmetro-dirigente;dept_head;;executivo;4;Presidente do Inmetro;;"CF/88 art. 84 XXV; Lei 5.966/1973";
br-previc-dirigente;dept_head;;executivo;4;Diretor-Superintendente da Previc;;"CF/88 art. 84 XXV; Lei 12.154/2009";
br-agencia-espacial-brasileira-dirigente;dept_head;;executivo;4;Presidente da AEB;;"CF/88 art. 84 XXV; Lei 8.854/1994";
br-cnen-dirigente;dept_head;;executivo;4;Presidente da CNEN;;"CF/88 art. 84 XXV; Lei 4.118/1962; Lei 14.222/2021";
br-iti-dirigente;dept_head;;executivo;4;Diretor-Presidente do ITI;;"CF/88 art. 84 XXV; MP 2.200-2/2001";
br-funag-dirigente;dept_head;;executivo;4;Presidente da Funag;;"CF/88 art. 84 XXV; Lei 5.717/1971";
br-sudene-dirigente;dept_head;;executivo;4;Superintendente da Sudene;;"CF/88 art. 84 XXV; LC 125/2007";
br-sudam-dirigente;dept_head;;executivo;4;Superintendente da Sudam;;"CF/88 art. 84 XXV; LC 124/2007";
br-sudeco-dirigente;dept_head;;executivo;4;Superintendente da Sudeco;;"CF/88 art. 84 XXV; LC 129/2009";
br-fiocruz-dirigente;dept_head;;executivo;4;Presidente da Fiocruz;;Decreto 4.725/2003 art. 6º;
br-petrobras-dirigente;dept_head;;executivo;4;Presidente da Petrobras;;"Lei 13.303/2016 arts. 13-17; estatuto social";
br-banco-do-brasil-dirigente;dept_head;;executivo;4;Presidente do Banco do Brasil;;"Lei 13.303/2016 arts. 13-17; estatuto social";
br-caixa-economica-federal-dirigente;dept_head;;executivo;4;Presidente da Caixa;;"Lei 13.303/2016 arts. 13-17; estatuto social";
br-bndes-dirigente;dept_head;;executivo;4;Presidente do BNDES;;"Lei 13.303/2016 arts. 13-17; estatuto social";
br-correios-dirigente;dept_head;;executivo;4;Presidente dos Correios;;"Lei 13.303/2016 arts. 13-17; estatuto social";
br-empresa-brasil-de-comunicacao-dirigente;dept_head;;executivo;4;Diretor-Presidente da EBC;;"Lei 13.303/2016 arts. 13-17; estatuto social";
br-embrapa-dirigente;dept_head;;executivo;4;Presidente da Embrapa;;"Lei 13.303/2016 arts. 13-17; estatuto social";
br-conab-dirigente;dept_head;;executivo;4;Presidente da Conab;;"Lei 13.303/2016 arts. 13-17; estatuto social";
br-serpro-dirigente;dept_head;;executivo;4;Diretor-Presidente do Serpro;;"Lei 13.303/2016 arts. 13-17; estatuto social";
br-dataprev-dirigente;dept_head;;executivo;4;Presidente da Dataprev;;"Lei 13.303/2016 arts. 13-17; estatuto social";
br-codevasf-dirigente;dept_head;;executivo;4;Presidente da Codevasf;;"Lei 13.303/2016 arts. 13-17; estatuto social";
br-infra-sa-dirigente;dept_head;;executivo;4;Presidente da Infra S.A.;;"Lei 13.303/2016 arts. 13-17; estatuto social";
br-infraero-dirigente;dept_head;;executivo;4;Presidente da Infraero;;"Lei 13.303/2016 arts. 13-17; estatuto social";
br-telebras-dirigente;dept_head;;executivo;4;Presidente da Telebras;;"Lei 13.303/2016 arts. 13-17; estatuto social";
br-empresa-de-pesquisa-energetica-dirigente;dept_head;;executivo;4;Presidente da EPE;;"Lei 13.303/2016 arts. 13-17; estatuto social";
br-finep-dirigente;dept_head;;executivo;4;Presidente da Finep;;"Lei 13.303/2016 arts. 13-17; estatuto social";
br-ebserh-dirigente;dept_head;;executivo;4;Presidente da Ebserh;;"Lei 13.303/2016 arts. 13-17; estatuto social";
br-casa-da-moeda-do-brasil-dirigente;dept_head;;executivo;4;Presidente da Casa da Moeda;;"Lei 13.303/2016 arts. 13-17; estatuto social";
br-secretario-especial-da-receita-federal;dept_head;;executivo;3;Secretário Especial da Receita Federal do Brasil;;"Lei 11.457/2007; Decreto de estrutura regimental do MF";
br-secretario-do-tesouro-nacional;dept_head;;executivo;3;Secretário do Tesouro Nacional;;Decreto de estrutura regimental do MF;
br-diretor-geral-da-policia-federal;dept_head;;executivo;3;Diretor-Geral da Polícia Federal;;Lei 9.266/1996 art. 2º-C;
br-diretor-geral-da-policia-rodoviaria-federal;dept_head;;executivo;3;Diretor-Geral da Polícia Rodoviária Federal;;Decreto de estrutura regimental do MJSP;
br-diretor-geral-da-abin;dept_head;;executivo;3;Diretor-Geral da Abin;;Lei 9.883/1999 art. 11;
br-marinha-do-brasil-comandante;dept_head;;executivo;3;Comandante da Marinha;;LC 97/1999 art. 4º;
br-exercito-brasileiro-comandante;dept_head;;executivo;3;Comandante do Exército;;LC 97/1999 art. 4º;
br-forca-aerea-brasileira-comandante;dept_head;;executivo;3;Comandante da Aeronáutica;;LC 97/1999 art. 4º;
br-presidente-da-camara-dos-deputados;dept_head;;legislativo;2;Presidente da Câmara dos Deputados;;"CF/88 art. 57 §4º; RICD art. 5º";
br-presidente-do-senado-federal;dept_head;;legislativo;2;Presidente do Senado Federal;;"CF/88 art. 57 §§4º-5º; RISF art. 3º";
br-deputado-federal;dept_head;;legislativo;2;Deputado Federal;;CF/88 arts. 45 e 53-56;
br-senador;dept_head;;legislativo;2;Senador da República;;CF/88 arts. 46 e 53-56;
br-ministro-do-tcu;dept_head;;essenciais;2;Ministro do Tribunal de Contas da União;;CF/88 art. 73 §§1º-2º;
br-presidente-do-tcu;dept_head;;essenciais;2;Presidente do Tribunal de Contas da União;;"Lei 8.443/1992 art. 67; RITCU";
br-supremo-tribunal-federal-ministro;dept_head;;judiciario;1;Ministro do Supremo Tribunal Federal;;"CF/88 art. 101; CF/88 art. 52 III a";
br-supremo-tribunal-federal-presidente;dept_head;;judiciario;1;Presidente do Supremo Tribunal Federal;;Regimento interno do tribunal;
br-superior-tribunal-de-justica-ministro;dept_head;;judiciario;2;Ministro do Superior Tribunal de Justiça;;"CF/88 art. 104; CF/88 art. 52 III a";
br-superior-tribunal-de-justica-presidente;dept_head;;judiciario;2;Presidente do Superior Tribunal de Justiça;;Regimento interno do tribunal;
br-tribunal-superior-do-trabalho-ministro;dept_head;;judiciario;2;Ministro do Tribunal Superior do Trabalho;;"CF/88 art. 111-A; CF/88 art. 52 III a";
br-tribunal-superior-do-trabalho-presidente;dept_head;;judiciario;2;Presidente do Tribunal Superior do Trabalho;;Regimento interno do tribunal;
br-superior-tribunal-militar-ministro;dept_head;;judiciario;2;Ministro do Superior Tribunal Militar;;"CF/88 art. 123; CF/88 art. 52 III a";
br-superior-tribunal-militar-presidente;dept_head;;judiciario;2;Presidente do Superior Tribunal Militar;;Regimento interno do tribunal;
br-tribunal-superior-eleitoral-ministro;dept_head;;judiciario;2;Ministro do Tribunal Superior Eleitoral;;CF/88 art. 119;
br-tribunal-superior-eleitoral-presidente;dept_head;;judiciario;2;Presidente do Tribunal Superior Eleitoral;;CF/88 art. 119, parágrafo único;
br-conselheiro-do-cnj;dept_head;;judiciario;2;Conselheiro do Conselho Nacional de Justiça;;CF/88 art. 103-B §2º;
br-presidente-do-cnj;dept_head;;judiciario;2;Presidente do Conselho Nacional de Justiça;;CF/88 art. 103-B §1º;
br-procurador-geral-da-republica;dept_head;;essenciais;1;Procurador-Geral da República;;"CF/88 art. 128 §1º; CF/88 art. 52 III e";
br-procurador-geral-do-trabalho;dept_head;;essenciais;3;Procurador-Geral do Trabalho;;LC 75/1993 art. 88;
br-procurador-geral-da-justica-militar;dept_head;;essenciais;3;Procurador-Geral da Justiça Militar;;LC 75/1993 art. 121;
br-procurador-geral-de-justica-do-dft;dept_head;;essenciais;3;Procurador-Geral de Justiça do Distrito Federal e Territórios;;LC 75/1993 art. 156;
br-conselheiro-do-cnmp;dept_head;;essenciais;2;Conselheiro do Conselho Nacional do Ministério Público;;CF/88 art. 130-A;
br-defensor-publico-geral-federal;dept_head;;essenciais;2;Defensor Público-Geral Federal;;LC 80/1994 art. 6º;
br-procurador-geral-da-uniao;dept_head;;essenciais;3;Procurador-Geral da União;;LC 73/1993 art. 9º;
br-procurador-geral-federal;dept_head;;essenciais;3;Procurador-Geral Federal;;Lei 10.480/2002 art. 11;
br-procurador-geral-da-fazenda-nacional;dept_head;;essenciais;3;Procurador-Geral da Fazenda Nacional;;LC 73/1993 art. 12;
br-colegio-pedro-ii;department;instituicao_de_ensino;executivo;4;Colégio Pedro II;br-ministerio-da-educacao;Portaria 2806/2026;http://cp2.g12.br/
br-fundacao-joaquim-nabuco;department;fundacao;executivo;4;Fundação Joaquim Nabuco;br-ministerio-da-educacao;Portaria 159/2023;https://www.fundaj.gov.br
br-hospital-de-clinicas-de-porto-alegre;department;empresa_publica;executivo;4;Hospital de Clínicas de Porto Alegre;br-ministerio-da-educacao;Ata 8/2019;https://www.mec.gov.br
br-universidade-federal-do-estado-do-rio-de-janeiro;department;instituicao_de_ensino;executivo;4;Universidade Federal do Estado do Rio de Janeiro;br-ministerio-da-educacao;Portaria 9331/2025;
br-fundacao-casa-de-rui-barbosa;department;fundacao;executivo;4;Fundação Casa de Rui Barbosa;br-ministerio-da-cultura;Portaria 2/2026;https://www.casaruibarbosa.gov.br
br-industria-de-material-belico-do-brasil;department;empresa_publica;executivo;4;Indústria de Material Bélico do Brasil;br-ministerio-da-defesa;Resolução 49/2024;https://www.imbel.com.br
br-superintendencia-da-zona-franca-de-manaus;department;autarquia;executivo;4;Superintendência da Zona Franca de Manaus;br-ministerio-do-desenvolvimento-industria-comercio-e-servicos;Portaria 2729/2026;
br-banco-da-amazonia-s-a;department;sociedade_economia_mista;executivo;4;Banco da Amazônia S.A.;br-ministerio-da-fazenda;Decreto 11344/2023;https://www.bancoamazonia.com.br
br-banco-do-nordeste-do-brasil-s-a;department;sociedade_economia_mista;executivo;4;Banco do Nordeste do Brasil S.A.;br-ministerio-da-fazenda;Decreto 11344/2023;
br-companhia-docas-do-rio-de-janeiro;department;sociedade_economia_mista;executivo;4;Companhia Docas do Rio de Janeiro;br-ministerio-de-portos-e-aeroportos;Decreto 11354/2023;https://www.portosrio.gov.br
br-companhia-docas-do-para;department;sociedade_economia_mista;executivo;4;Companhia Docas do Pará;br-ministerio-de-portos-e-aeroportos;Decreto 11354/2023;https://www.cdp.com.br/
br-companhia-docas-do-rio-grande-do-norte;department;sociedade_economia_mista;executivo;4;Companhia Docas do Rio Grande do Norte;br-ministerio-de-portos-e-aeroportos;Decreto 9660/2019;https://codern.com.br/
br-caixa-de-construcoes-de-casas-para-o-pessoal-da-marinha;department;autarquia;executivo;4;Caixa de Construções de Casas para o Pessoal da Marinha;br-ministerio-da-defesa;SIORG (ato normativo não informado);
br-fundacao-jorge-duprat-figueiredo-de-seguranca-e-medicina-do-trabalho;department;fundacao;executivo;4;Fundação Jorge Duprat Figueiredo, de Segurança e Medicina do Trabalho;br-ministerio-do-trabalho-e-emprego;Portaria 1928/2026;https://pt-br.facebook.com/Fundacentro/
br-companhia-de-pesquisa-de-recursos-minerais;department;empresa_publica;executivo;4;Companhia de Pesquisa de Recursos Minerais;br-ministerio-de-minas-e-energia;SIORG (ato normativo não informado);https://www.sgb.gov.br
br-industrias-nucleares-do-brasil-s-a;department;sociedade_economia_mista;executivo;4;Indústrias Nucleares do Brasil S/A;br-ministerio-de-minas-e-energia;Resolução 64/2025;https://www.inb.gov.br
br-assessoria-especial-do-presidente-da-republica;department;orgao_singular;executivo;2;Assessoria Especial do Presidente da República;br-presidencia-da-republica;Decreto 12788/2025;https://www.gov.br/pt-br/
br-companhia-brasileira-de-trens-urbanos;department;empresa_publica;executivo;4;Companhia Brasileira de Trens Urbanos;br-ministerio-das-cidades;SIORG (ato normativo não informado);https://www.cbtu.gov.br
br-universidade-federal-do-para;department;instituicao_de_ensino;executivo;4;Universidade Federal do Pará;br-ministerio-da-educacao;Portaria 03/2026;https://www.ufpa.br
br-universidade-federal-do-ceara;department;instituicao_de_ensino;executivo;4;Universidade Federal do Ceará;br-ministerio-da-educacao;Resolução 36/2026;
br-universidade-federal-do-rio-grande-do-norte;department;instituicao_de_ensino;executivo;4;Universidade Federal do Rio Grande do Norte;br-ministerio-da-educacao;Portaria 1513/2025;https://www.ufrn.br
br-universidade-federal-de-pernambuco;department;instituicao_de_ensino;executivo;4;Universidade Federal de Pernambuco;br-ministerio-da-educacao;Instrução Normativa 16/2025;https://www.ufpe.br
br-universidade-federal-da-paraiba;department;instituicao_de_ensino;executivo;4;Universidade Federal da Paraíba;br-ministerio-da-educacao;Ajuste 2708/2026;https://www.ufpb.br
br-universidade-federal-de-alagoas;department;instituicao_de_ensino;executivo;4;Universidade Federal de Alagoas;br-ministerio-da-educacao;Portaria 812/2026;
br-universidade-federal-da-bahia;department;instituicao_de_ensino;executivo;4;Universidade Federal da Bahia;br-ministerio-da-educacao;Portaria 114/2026;
br-universidade-federal-de-goias;department;instituicao_de_ensino;executivo;4;Universidade Federal de Goiás;br-ministerio-da-educacao;Portaria 5927/2026;
br-universidade-federal-de-minas-gerais;department;instituicao_de_ensino;executivo;4;Universidade Federal de Minas Gerais;br-ministerio-da-educacao;Portaria 6829/2026;
br-universidade-federal-de-juiz-de-fora;department;instituicao_de_ensino;executivo;4;Universidade Federal de Juiz de Fora;br-ministerio-da-educacao;Resolução 256/2026;
br-universidade-federal-do-espirito-santo;department;instituicao_de_ensino;executivo;4;Universidade Federal do Espírito Santo;br-ministerio-da-educacao;Portaria 631/2026;
br-universidade-federal-do-rio-de-janeiro;department;instituicao_de_ensino;executivo;4;Universidade Federal do Rio de Janeiro;br-ministerio-da-educacao;Portaria 10174/2026;https://www.ufrj.br
br-universidade-federal-fluminense;department;instituicao_de_ensino;executivo;4;Universidade Federal Fluminense;br-ministerio-da-educacao;Portaria 68939/2026;https://www.uff.br
br-universidade-federal-do-parana;department;instituicao_de_ensino;executivo;4;Universidade Federal do Paraná;br-ministerio-da-educacao;Resolução 20/2024;https://www.ufpr.br
br-universidade-federal-de-santa-catarina;department;instituicao_de_ensino;executivo;4;Universidade Federal de Santa Catarina;br-ministerio-da-educacao;Portaria 2615/2026;https://ufsc.br
br-universidade-federal-do-rio-grande-do-sul;department;instituicao_de_ensino;executivo;4;Universidade Federal do Rio Grande do Sul;br-ministerio-da-educacao;Portaria 5975/2026;
br-universidade-federal-de-santa-maria;department;instituicao_de_ensino;executivo;4;Universidade Federal de Santa Maria;br-ministerio-da-educacao;Portaria Normativa 117/2026;https://www.ufsm.br/
br-universidade-federal-rural-do-rio-de-janeiro;department;instituicao_de_ensino;executivo;4;Universidade Federal Rural do Rio de Janeiro;br-ministerio-da-educacao;Deliberação 72/2026;https://www.ufrrj.br
br-universidade-federal-rural-de-pernambuco;department;instituicao_de_ensino;executivo;4;Universidade Federal Rural de Pernambuco;br-ministerio-da-educacao;Portaria 863/2026;https://www.ufrpe.br
br-instituto-federal-de-educacao-ciencia-e-tecnologia-do-piaui;department;instituicao_de_ensino;executivo;4;Instituto Federal de Educação, Ciência e Tecnologia do Piauí;br-ministerio-da-educacao;Ajuste 271/2026;https://www.ifpi.edu.br
br-instituto-federal-de-educacao-ciencia-e-tecnologia-do-rio-grande-do-norte;department;instituicao_de_ensino;executivo;4;Instituto Federal de Educação, Ciência e Tecnologia do Rio Grande do Norte;br-ministerio-da-educacao;Portaria 63/2026;http://portal.ifrn.edu.br/
br-instituto-federal-de-educacao-ciencia-e-tecnologia-da-bahia;department;instituicao_de_ensino;executivo;4;Instituto Federal de Educação, Ciência e Tecnologia da Bahia;br-ministerio-da-educacao;Portaria 1770/2026;https://portal.ifba.edu.br/
br-centro-federal-de-educacao-tecnologica-de-minas-gerais;department;instituicao_de_ensino;executivo;4;Centro Federal de Educação Tecnológica de Minas Gerais;br-ministerio-da-educacao;Portaria 147/2026;https://www.cefetmg.br
br-centro-federal-de-educacao-tecnologica-celso-suckow-da-fonseca;department;instituicao_de_ensino;executivo;4;Centro Federal de Educação Tecnológica - Celso Suckow da Fonseca;br-ministerio-da-educacao;Portaria 1198/2026;http://www.cefet-rj.br/
br-instituto-federal-de-educacao-ciencia-e-tecnologia-de-goias;department;instituicao_de_ensino;executivo;4;Instituto Federal de Educação, Ciência e Tecnologia de Goiás;br-ministerio-da-educacao;Resolução 293/2026;
br-instituto-federal-de-educacao-ciencia-e-tecnologia-de-sao-paulo;department;instituicao_de_ensino;executivo;4;Instituto Federal de Educação, Ciência e Tecnologia de São Paulo;br-ministerio-da-educacao;Ajuste 166/2026;
br-universidade-tecnologica-federal-do-parana;department;instituicao_de_ensino;executivo;4;Universidade Tecnológica Federal do Paraná;br-ministerio-da-educacao;Portaria 1322/2026;https://www.utfpr.edu.br
br-instituto-federal-de-educacao-ciencia-e-tecnologia-de-santa-catarina;department;instituicao_de_ensino;executivo;4;Instituto Federal de Educação, Ciência e Tecnologia de Santa Catarina;br-ministerio-da-educacao;Portaria 49/2026;
br-instituto-federal-de-educacao-ciencia-e-tecnologia-sul-rio-grandense;department;instituicao_de_ensino;executivo;4;Instituto Federal de Educação, Ciência e Tecnologia Sul-Rio-Grandense;br-ministerio-da-educacao;Resolução 763/2026;
br-universidade-federal-rural-da-amazonia;department;instituicao_de_ensino;executivo;4;Universidade Federal Rural da Amazônia;br-ministerio-da-educacao;Portaria 1371/2026;https://www.ufra.edu.br
br-universidade-federal-rural-do-semi-arido;department;instituicao_de_ensino;executivo;4;Universidade Federal Rural do Semi-Árido;br-ministerio-da-educacao;Portaria 22/2026;http://ufersa.edu.br/
br-universidade-federal-do-triangulo-mineiro;department;instituicao_de_ensino;executivo;4;Universidade Federal do Triângulo Mineiro;br-ministerio-da-educacao;Portaria 304/2026;
br-universidade-federal-dos-vales-do-jequitinhonha-e-mucuri;department;instituicao_de_ensino;executivo;4;Universidade Federal dos Vales do Jequitinhonha e Mucuri;br-ministerio-da-educacao;Resolução 06/2009;http://www.ufvjm.edu.br
br-universidade-federal-de-alfenas;department;instituicao_de_ensino;executivo;4;Universidade Federal de Alfenas;br-ministerio-da-educacao;Resolução 44/2026;
br-universidade-federal-de-itajuba;department;instituicao_de_ensino;executivo;4;Universidade Federal de Itajubá;br-ministerio-da-educacao;Portaria 2283/2026;
br-universidade-federal-de-lavras;department;instituicao_de_ensino;executivo;4;Universidade Federal de Lavras;br-ministerio-da-educacao;Portaria Normativa 247/2026;
br-universidade-federal-de-sao-paulo;department;instituicao_de_ensino;executivo;4;Universidade Federal de São Paulo;br-ministerio-da-educacao;Resolução 275/2025;
br-fundacao-universidade-do-amazonas;department;instituicao_de_ensino;executivo;4;Fundação Universidade do Amazonas;br-ministerio-da-educacao;Resolução 19/2026;
br-fundacao-universidade-federal-do-acre;department;instituicao_de_ensino;executivo;4;Fundação Universidade Federal do Acre;br-ministerio-da-educacao;Portaria 3530/2026;
br-fundacao-universidade-federal-do-maranhao;department;instituicao_de_ensino;executivo;4;Fundação Universidade Federal do Maranhão;br-ministerio-da-educacao;Resolução 397/2026;
br-fundacao-universidade-federal-do-piaui;department;instituicao_de_ensino;executivo;4;Fundação Universidade Federal do Piauí;br-ministerio-da-educacao;Resolução 209/2026;https://www.ufpi.br
br-fundacao-universidade-federal-de-sergipe;department;instituicao_de_ensino;executivo;4;Fundação Universidade Federal de Sergipe;br-ministerio-da-educacao;Portaria 813/2026;http://www.ufs.br/
br-fundacao-universidade-de-brasilia;department;instituicao_de_ensino;executivo;4;Fundação Universidade de Brasília;br-ministerio-da-educacao;Ato 1086/2026;https://www.unb.br/
br-fundacao-universidade-federal-de-mato-grosso;department;instituicao_de_ensino;executivo;4;Fundação Universidade Federal de Mato Grosso;br-ministerio-da-educacao;Ajuste 121/2026;https://www.ufmt.br
br-universidade-federal-de-uberlandia;department;instituicao_de_ensino;executivo;4;Universidade Federal de Uberlândia;br-ministerio-da-educacao;Ato Administrativo 115/2026;
br-fundacao-universidade-federal-de-ouro-preto;department;instituicao_de_ensino;executivo;4;Fundação Universidade Federal de Ouro Preto;br-ministerio-da-educacao;Resolução 2954/2026;https://ufop.br
br-fundacao-universidade-federal-de-vicosa;department;instituicao_de_ensino;executivo;4;Fundação Universidade Federal de Viçosa;br-ministerio-da-educacao;Resolução 7/2023;https://www.ufv.br
br-fundacao-universidade-federal-de-sao-carlos;department;instituicao_de_ensino;executivo;4;Fundação Universidade Federal de São Carlos;br-ministerio-da-educacao;Portaria 8504/2026;
br-fundacao-universidade-federal-do-rio-grande;department;instituicao_de_ensino;executivo;4;Fundação Universidade Federal do Rio Grande;br-ministerio-da-educacao;Resolução 90/2026;https://www.furg.br
br-fundacao-universidade-federal-de-pelotas;department;instituicao_de_ensino;executivo;4;Fundação Universidade Federal de Pelotas;br-ministerio-da-educacao;Portaria 284/2026;
br-companhia-das-docas-do-estado-da-bahia;department;sociedade_economia_mista;executivo;4;Companhia das Docas do Estado da Bahia;br-ministerio-de-portos-e-aeroportos;Decreto 11354/2023;http://www.codeba.com.br
br-companhia-docas-do-ceara;department;sociedade_economia_mista;executivo;4;Companhia Docas do Ceará;br-ministerio-de-portos-e-aeroportos;Decreto 11354/2023;https://www.docasdoceara.com.br
br-fundacao-universidade-federal-de-mato-grosso-do-sul;department;instituicao_de_ensino;executivo;4;Fundação Universidade Federal de Mato Grosso do Sul;br-ministerio-da-educacao;Portaria 1567/2026;
br-fundacao-habitacional-do-exercito;department;fundacao;executivo;4;Fundação Habitacional do Exército;br-ministerio-da-defesa;SIORG (ato normativo não informado);https://www.fhe.com.br
br-empresa-de-trens-urbanos-de-porto-alegre-s-a;department;empresa_publica;executivo;4;Empresa de Trens Urbanos de Porto Alegre S.A;br-ministerio-das-cidades;Decreto 11333/2023;
br-autoridade-portuaria-de-santos-s-a;department;empresa_publica;executivo;4;Autoridade Portuária de Santos S.A.;br-ministerio-de-portos-e-aeroportos;Decreto 11354/2023;https://www.portodesantos.com.br
br-fundacao-universidade-federal-de-ciencias-da-saude-de-porto-alegre;department;instituicao_de_ensino;executivo;4;Fundação Universidade Federal de Ciências da Saúde de Porto Alegre;br-ministerio-da-educacao;Portaria 7528/2026;
br-empresa-gerencial-de-projetos-navais;department;empresa_publica;executivo;4;Empresa Gerencial de Projetos Navais;br-ministerio-da-defesa;Resolução 30/2024;
br-fundacao-universidade-federal-de-rondonia;department;instituicao_de_ensino;executivo;4;Fundação Universidade Federal de Rondônia;br-ministerio-da-educacao;Resolução 871/2026;
br-vice-presidencia-da-republica;department;orgao_singular;executivo;2;Vice-Presidência da República;br-presidencia-da-republica;Decreto 12935/2026;https://www2.planalto.gov.br
br-caixa-de-financiamento-imobiliario-da-aeronautica;department;autarquia;executivo;4;Caixa de Financiamento Imobiliário da Aeronáutica;br-ministerio-da-defesa;Decreto 13077/2026;
br-instituto-de-pesquisas-jardim-botanico-do-rio-de-janeiro;department;autarquia;executivo;4;Instituto de Pesquisas Jardim Botânico do Rio de Janeiro;br-ministerio-do-meio-ambiente-e-mudanca-do-clima;Portaria 38/2025;https://www.jbrj.gov.br
br-gabinete-pessoal-do-presidente-da-republica;department;orgao_singular;executivo;2;Gabinete Pessoal do Presidente da República;br-presidencia-da-republica;Decreto 12788/2025;
br-grupo-hospitalar-conceicao-s-a;department;sociedade_economia_mista;executivo;4;Grupo Hospitalar Conceição S.A;br-ministerio-da-saude;Medida Provisória 1301/2025;https://hnsc.org.br/
br-universidade-federal-do-reconcavo-da-bahia;department;instituicao_de_ensino;executivo;4;Universidade Federal do Recôncavo da Bahia;br-ministerio-da-educacao;Portaria 899/2026;https://ufrb.edu.br
br-fundacao-universidade-federal-de-roraima;department;instituicao_de_ensino;executivo;4;Fundação Universidade Federal de Roraima;br-ministerio-da-educacao;Resolução 163/2026;http://ufrr.br
br-fundacao-universidade-federal-do-amapa;department;instituicao_de_ensino;executivo;4;Fundação Universidade Federal do Amapá;br-ministerio-da-educacao;Resolução 037/2013;
br-fundacao-universidade-federal-de-sao-joao-del-rei;department;instituicao_de_ensino;executivo;4;Fundação Universidade Federal de São João Del Rei;br-ministerio-da-educacao;Resolução 4/2026;http://www.ufsj.edu.br
br-instituto-federal-de-educacao-ciencia-e-tecnologia-de-roraima;department;instituicao_de_ensino;executivo;4;Instituto Federal de Educação, Ciência e Tecnologia de Roraima;br-ministerio-da-educacao;Resolução 899/2026;https://www.ifrr.edu.br
br-fundacao-universidade-federal-da-grande-dourados;department;instituicao_de_ensino;executivo;4;Fundação Universidade Federal da Grande Dourados;br-ministerio-da-educacao;Resolução 1067/2026;https://www.ufgd.edu.br
br-fundacao-osorio;department;fundacao;executivo;4;Fundação Osório;br-ministerio-da-defesa;Decreto 11227/2022;https://www.fosorio.com.br
br-instituto-federal-de-educacao-ciencia-e-tecnologia-de-alagoas;department;instituicao_de_ensino;executivo;4;Instituto Federal de Educação, Ciência e Tecnologia de Alagoas;br-ministerio-da-educacao;Resolução 228/2026;
br-instituto-federal-de-educacao-ciencia-e-tecnologia-de-mato-grosso-do-sul;department;instituicao_de_ensino;executivo;4;Instituto Federal de Educação, Ciência e Tecnologia de Mato Grosso do Sul;br-ministerio-da-educacao;Portaria 950/2026;
br-instituto-federal-de-educacao-ciencia-e-tecnologia-de-sergipe;department;instituicao_de_ensino;executivo;4;Instituto Federal de Educação, Ciência e Tecnologia de Sergipe;br-ministerio-da-educacao;Portaria 94/2026;https://www.ifs.edu.br
br-instituto-federal-de-educacao-ciencia-e-tecnologia-goiano;department;instituicao_de_ensino;executivo;4;Instituto Federal de Educação, Ciência e Tecnologia Goiano;br-ministerio-da-educacao;Portaria 4660/2026;https://www.ifgoiano.edu.br
br-instituto-federal-de-educacao-ciencia-e-tecnologia-do-rio-de-janeiro;department;instituicao_de_ensino;executivo;4;Instituto Federal de Educação, Ciência e Tecnologia do Rio de Janeiro;br-ministerio-da-educacao;Portaria 578/2026;http://www.ifrj.edu.br
br-empresa-brasileira-de-hemoderivados-e-biotecnologia;department;empresa_publica;executivo;4;Empresa Brasileira de Hemoderivados e Biotecnologia;br-ministerio-da-saude;SIORG (ato normativo não informado);https://www.saude.gov.br
br-instituto-federal-de-educacao-ciencia-e-tecnologia-de-mato-grosso;department;instituicao_de_ensino;executivo;4;Instituto Federal de Educação, Ciência e Tecnologia de Mato Grosso;br-ministerio-da-educacao;Resolução 81/2026;https://www.ifmt.edu.br
br-instituto-federal-de-educacao-ciencia-e-tecnologia-do-maranhao;department;instituicao_de_ensino;executivo;4;Instituto Federal de Educação, Ciência e Tecnologia do Maranhão;br-ministerio-da-educacao;Resolução 104/2026;
br-instituto-federal-de-educacao-ciencia-e-tecnologia-do-norte-de-minas-gerais;department;instituicao_de_ensino;executivo;4;Instituto Federal de Educação, Ciência e Tecnologia do Norte de Minas Gerais;br-ministerio-da-educacao;Portaria 5453/2026;https://www.ifnmg.edu.br
br-instituto-brasileiro-de-museus;department;autarquia;executivo;4;Instituto Brasileiro de Museus;br-ministerio-da-cultura;Portaria 4236/2026;https://www.museus.gov.br
br-instituto-federal-de-educacao-ciencia-e-tecnologia-do-sudeste-de-minas-gerais;department;instituicao_de_ensino;executivo;4;Instituto Federal de Educação, Ciência e Tecnologia do Sudeste de Minas Gerais;br-ministerio-da-educacao;Portaria 947/2026;
br-centro-nacional-de-tecnologia-eletronica-avancada-s-a;department;empresa_publica;executivo;4;Centro Nacional de Tecnologia Eletrônica Avançada S. A;br-ministerio-da-ciencia-tecnologia-e-inovacao;SIORG (ato normativo não informado);https://www.ceitec-sa.com
br-instituto-federal-de-educacao-ciencia-e-tecnologia-do-triangulo-mineiro;department;instituicao_de_ensino;executivo;4;Instituto Federal de Educação, Ciência e Tecnologia do Triângulo Mineiro;br-ministerio-da-educacao;Resolução 365/2023;https://iftm.edu.br/
br-instituto-federal-de-educacao-ciencia-e-tecnologia-do-tocantins;department;instituicao_de_ensino;executivo;4;Instituto Federal de Educação, Ciência e Tecnologia do Tocantins;br-ministerio-da-educacao;Portaria 1514/2026;https://www.ifto.edu.br
br-instituto-federal-de-educacao-ciencia-e-tecnologia-do-espirito-santo;department;instituicao_de_ensino;executivo;4;Instituto Federal de Educação, Ciência e Tecnologia do Espírito Santo;br-ministerio-da-educacao;Portaria 315/2026;
br-instituto-federal-de-educacao-ciencia-e-tecnologia-do-sul-de-minas-gerais;department;instituicao_de_ensino;executivo;4;Instituto Federal de Educação, Ciência e Tecnologia do Sul de Minas Gerais;br-ministerio-da-educacao;Portaria 4555/2026;
br-instituto-federal-de-educacao-ciencia-e-tecnologia-baiano;department;instituicao_de_ensino;executivo;4;Instituto Federal de Educação, Ciência e Tecnologia Baiano;br-ministerio-da-educacao;Portaria 505/2026;
br-companhia-de-entrepostos-e-armazens-gerais-de-sao-paulo;department;sociedade_economia_mista;executivo;4;Companhia de Entrepostos e Armazéns Gerais de São Paulo;br-ministerio-do-desenvolvimento-agrario;Decreto 11401/2023;http://www.ceagesp.gov.br
br-agencia-brasileira-gestora-de-fundos-garantidores-e-garantias-s-a;department;empresa_publica;executivo;4;Agência Brasileira Gestora de Fundos Garantidores e Garantias S.A.;br-ministerio-da-fazenda;Decreto 11344/2023;https://www.abgf.gov.br
br-instituto-federal-de-educacao-ciencia-e-tecnologia-do-sertao-pernambucano;department;instituicao_de_ensino;executivo;4;Instituto Federal de Educação, Ciência e Tecnologia do Sertão Pernambucano;br-ministerio-da-educacao;Portaria 591/2026;https://www.ifsertao-pe.edu.br/
br-instituto-federal-de-educacao-ciencia-e-tecnologia-de-pernambuco;department;instituicao_de_ensino;executivo;4;Instituto Federal de Educação, Ciência e Tecnologia de Pernambuco;br-ministerio-da-educacao;Portaria 1210/2026;https://www.ifpe.edu.br/
br-empresa-brasileira-de-administracao-de-petroleo-e-gas-natural-s-a-pre-sal-petroleo-s-a;department;empresa_publica;executivo;4;Empresa Brasileira de Administração de Petróleo e Gás Natural S.A.- Pré-Sal Petróleo S.A;br-ministerio-de-minas-e-energia;SIORG (ato normativo não informado);https://www.presalpetroleo.gov.br
br-instituto-federal-de-educacao-ciencia-e-tecnologia-da-paraiba;department;instituicao_de_ensino;executivo;4;Instituto Federal de Educação, Ciência e Tecnologia da Paraíba;br-ministerio-da-educacao;Portaria 131/2026;https://www.ifpb.edu.br 
br-instituto-federal-de-educacao-ciencia-e-tecnologia-farroupilha;department;instituicao_de_ensino;executivo;4;Instituto Federal de Educação, Ciência e Tecnologia Farroupilha;br-ministerio-da-educacao;Portaria 1350/2026;https://www.iffarroupilha.edu.br/
br-instituto-federal-de-educacao-ciencia-e-tecnologia-de-rondonia;department;instituicao_de_ensino;executivo;4;Instituto Federal de Educação, Ciência e Tecnologia de Rondônia;br-ministerio-da-educacao;Portaria 25/2026;https://www.ifro.edu.br
br-instituto-federal-de-educacao-ciencia-e-tecnologia-do-amazonas;department;instituicao_de_ensino;executivo;4;Instituto Federal de Educação, Ciência e Tecnologia do Amazonas;br-ministerio-da-educacao;Portaria 1475/2026;https://www2.ifam.edu.br 
br-instituto-federal-de-educacao-ciencia-e-tecnologia-do-ceara;department;instituicao_de_ensino;executivo;4;Instituto Federal de Educação, Ciência e Tecnologia do Ceará;br-ministerio-da-educacao;Portaria Normativa 441/2026;https://www.ifce.edu.br
br-instituto-federal-de-educacao-ciencia-e-tecnologia-de-minas-gerais;department;instituicao_de_ensino;executivo;4;Instituto Federal de Educação, Ciência e Tecnologia de Minas Gerais;br-ministerio-da-educacao;Resolução 65/2026;https://www.ifmg.edu.br
br-instituto-federal-de-educacao-ciencia-e-tecnologia-do-para;department;instituicao_de_ensino;executivo;4;Instituto Federal de Educação, Ciência e Tecnologia do Pará;br-ministerio-da-educacao;Resolução 1776/2026;https://ifpa.edu.br
br-instituto-federal-de-educacao-ciencia-e-tecnologia-do-rio-grande-do-sul;department;instituicao_de_ensino;executivo;4;Instituto Federal de Educação, Ciência e Tecnologia do Rio Grande do Sul;br-ministerio-da-educacao;Portaria 144/2026;https://ifrs.edu.br
br-instituto-federal-de-educacao-ciencia-e-tecnologia-catarinense;department;instituicao_de_ensino;executivo;4;Instituto Federal de Educação, Ciência e Tecnologia Catarinense;br-ministerio-da-educacao;Resolução 1/2021;https://www.ifc.edu.br
br-fundacao-universidade-federal-do-abc;department;instituicao_de_ensino;executivo;4;Fundação Universidade Federal do ABC;br-ministerio-da-educacao;Portaria 1056/2026;
br-fundacao-universidade-federal-do-tocantins;department;instituicao_de_ensino;executivo;4;Fundação Universidade Federal do Tocantins;br-ministerio-da-educacao;Portaria 1655/2026;
br-centrais-de-abastecimento-de-minas-gerais-s-a;department;sociedade_economia_mista;executivo;4;Centrais de Abastecimento de Minas Gerais S.A.;br-ministerio-do-desenvolvimento-agrario;Decreto 11396/2023;http://www.ceasaminas.com.br
br-fundacao-de-previdencia-complementar-do-servidor-publico-federal-do-poder-executivo;department;fundacao;executivo;4;Fundação de Previdência Complementar do Servidor Público Federal do Poder Executivo;br-ministerio-da-gestao;Decreto 11345/2023;https://www.funpresp.com.br
br-nuclebras-equipamentos-pesados-s-a;department;sociedade_economia_mista;executivo;4;Nuclebrás Equipamentos Pesados S/A;br-ministerio-de-minas-e-energia;SIORG (ato normativo não informado);https://www.nuclep.gov.br
br-instituto-federal-de-educacao-ciencia-e-tecnologia-do-parana;department;instituicao_de_ensino;executivo;4;Instituto Federal de Educação, Ciência e Tecnologia do Paraná;br-ministerio-da-educacao;Portaria 340/2026;https://reitoria.ifpr.edu.br/
br-universidade-federal-do-oeste-do-para;department;instituicao_de_ensino;executivo;4;Universidade Federal do Oeste do Pará;br-ministerio-da-educacao;Portaria 424/2026;
br-instituto-federal-de-educacao-ciencia-e-tecnologia-fluminense;department;instituicao_de_ensino;executivo;4;Instituto Federal de Educação, Ciência e Tecnologia Fluminense;br-ministerio-da-educacao;Portaria 1325/2026;
br-empresa-gestora-de-ativos;department;empresa_publica;executivo;4;Empresa Gestora de Ativos;br-ministerio-da-fazenda;SIORG (ato normativo não informado);https://www.emgea.gov.br
br-fundacao-universidade-federal-do-pampa;department;instituicao_de_ensino;executivo;4;Fundação Universidade Federal do Pampa;br-ministerio-da-educacao;Portaria 362/2026;https://unipampa.edu.br
br-universidade-federal-de-campina-grande;department;instituicao_de_ensino;executivo;4;Universidade Federal de Campina Grande;br-ministerio-da-educacao;Resolução 06/2005;https:// http://www.ufcg.edu.br.
br-eletronuclear-s-a;department;sociedade_economia_mista;executivo;4;Eletronuclear S.A;br-empresa-brasileira-de-participacoes-em-energia-nuclear-e-binacional-s-a;Decreto 10791/2021;
br-instituto-federal-de-educacao-ciencia-e-tecnologia-do-acre;department;instituicao_de_ensino;executivo;4;Instituto Federal de Educação, Ciência e Tecnologia do Acre;br-ministerio-da-educacao;Portaria 129/2026;https://www.ifac.edu.br
br-instituto-federal-de-educacao-ciencia-e-tecnologia-do-amapa;department;instituicao_de_ensino;executivo;4;Instituto Federal de Educação, Ciência e Tecnologia do Amapá;br-ministerio-da-educacao;Portaria 281/2026;
br-instituto-federal-de-educacao-ciencia-e-tecnologia-de-brasilia;department;instituicao_de_ensino;executivo;4;Instituto Federal de Educação, Ciência e Tecnologia de Brasília;br-ministerio-da-educacao;Portaria 1362/2026;https://www.ifb.edu.br/reitori
br-universidade-federal-da-integracao-latino-americana;department;instituicao_de_ensino;executivo;4;Universidade Federal da Integração Latino-Americana;br-ministerio-da-educacao;Portaria 186/2026;
br-universidade-federal-do-sul-da-bahia;department;instituicao_de_ensino;executivo;4;Universidade Federal do Sul da Bahia;br-ministerio-da-educacao;Portaria 709/2026;https://www.ufsb.edu.br
br-universidade-federal-do-sul-e-sudeste-do-para;department;instituicao_de_ensino;executivo;4;Universidade Federal do Sul e Sudeste do Pará;br-ministerio-da-educacao;Ajuste 157/2026;https://www.unifesspa.edu.br/
br-universidade-federal-do-oeste-da-bahia;department;instituicao_de_ensino;executivo;4;Universidade Federal do Oeste da Bahia;br-ministerio-da-educacao;Portaria 700/2026;https://www.ufob.edu.br
br-universidade-federal-do-cariri;department;instituicao_de_ensino;executivo;4;Universidade Federal do Cariri;br-ministerio-da-educacao;Portaria Normativa 252/2026;
br-universidade-federal-da-fronteira-sul;department;instituicao_de_ensino;executivo;4;Universidade Federal da Fronteira Sul;br-ministerio-da-educacao;Portaria 4840/2026;
br-fundacao-universidade-federal-do-vale-do-sao-francisco;department;instituicao_de_ensino;executivo;4;Fundação Universidade Federal do Vale do São Francisco;br-ministerio-da-educacao;Portaria 1676/2026;http://www.univasf.edu.br
br-universidade-da-integracao-internacional-da-lusofonia-afro-brasileira;department;instituicao_de_ensino;executivo;4;Universidade da Integração Internacional da Lusofonia Afro-Brasileira;br-ministerio-da-educacao;Portaria 1254/2026;
br-amazonia-azul-tecnologias-de-defesa-s-a;department;empresa_publica;executivo;4;Amazônia Azul Tecnologias de Defesa S.A.;br-ministerio-da-defesa;Decreto 9660/2019;
br-universidade-federal-de-catalao;department;instituicao_de_ensino;executivo;4;Universidade Federal de Catalão;br-ministerio-da-educacao;Portaria 439/2026;https://www.catalao.ufg.br
br-universidade-federal-de-jatai;department;instituicao_de_ensino;executivo;4;Universidade Federal de Jataí;br-ministerio-da-educacao;Portaria 347/2026;https://www.jatai.ufg.br
br-universidade-federal-de-rondonopolis;department;instituicao_de_ensino;executivo;4;Universidade Federal de Rondonópolis;br-ministerio-da-educacao;Portaria 660/2026;https://www.ufr.edu.br
br-universidade-federal-do-delta-do-parnaiba;department;instituicao_de_ensino;executivo;4;Universidade Federal do Delta do Parnaíba;br-ministerio-da-educacao;Ajuste 195/2026;https://www.ufpi.br/ufdpar
br-universidade-federal-do-agreste-de-pernambuco;department;instituicao_de_ensino;executivo;4;Universidade Federal do Agreste de Pernambuco;br-ministerio-da-educacao;Resolução 024/2023;http://ufape.edu.br/
br-universidade-federal-do-norte-do-tocantins;department;instituicao_de_ensino;executivo;4;Universidade Federal do Norte do Tocantins;br-ministerio-da-educacao;Portaria 15/2026;https://ww2.uft.edu.br//
br-autoridade-nacional-de-seguranca-nuclear;department;autarquia;executivo;4;Autoridade Nacional de Segurança Nuclear;br-ministerio-de-minas-e-energia;Portaria 33/2026;
br-nav-brasil-servicos-de-navegacao-aerea-s-a;department;empresa_publica;executivo;4;NAV Brasil Serviços de Navegação Aérea S.A;br-ministerio-da-defesa;Lei 15083/2025;
br-empresa-brasileira-de-participacoes-em-energia-nuclear-e-binacional-s-a;department;sociedade_economia_mista;executivo;4;Empresa Brasileira de Participações em Energia Nuclear e Binacional S.A.;br-ministerio-de-minas-e-energia;Decreto 10791/2021;https://www.mme.gov.br
br-veiculo-de-desestatizacao-mg-investimentos-s-a;department;empresa_publica;executivo;4;Veículo de Desestatização MG Investimentos S.A.;br-ministerio-das-cidades;SIORG (ato normativo não informado);
br-instituto-federal-de-educacao-ciencia-e-tecnologia-do-sertao-paraibano;department;instituicao_de_ensino;executivo;4;Instituto Federal de Educação, Ciência e Tecnologia do Sertão Paraibano;br-ministerio-da-educacao;Lei 15367/2026;https://www.mec.gov.br
br-universidade-federal-indigena;department;instituicao_de_ensino;executivo;4;Universidade Federal Indígena;br-ministerio-da-educacao;Lei 15418/2026;https://www.mec.gov.br
br-caixa-seguridade-participacoes-s-a;department;sociedade_economia_mista;executivo;4;Caixa Seguridade Participações S.A.;br-caixa-economica-federal;Estatuto 000000/2025;https://www.caixa.gov.br
br-caixa-cartoes-holding-s-a;department;empresa_publica;executivo;4;CAIXA Cartões Holding S.A.;br-caixa-economica-federal;Estatuto 000000/2018;https://www.caixa.gov.br
br-caixa-loterias-s-a;department;empresa_publica;executivo;4;CAIXA Loterias S.A.;br-caixa-economica-federal;Assembléia Geral Extraordinária 000000/2015;https://www.caixa.gov.br
br-caixa-distribuidora-de-titulos-e-valores-mobiliarios-s-a;department;empresa_publica;executivo;4;CAIXA Distribuidora de Títulos e Valores Mobiliários S/A;br-caixa-economica-federal;Estatuto 000000/2023;https://www.caixa.gov.br
br-universidade-federal-do-esporte;department;instituicao_de_ensino;executivo;4;Universidade Federal do Esporte;br-ministerio-da-educacao;Lei 15457/2026;https://www.mec.gov.br
br-tribunal-regional-eleitoral-de-roraima;department;tribunal;judiciario;4;Tribunal Regional Eleitoral de Roraima;br-tribunais-regionais-eleitorais;Resolução 510/2023;
br-tribunal-regional-eleitoral-do-rio-grande-do-norte;department;tribunal;judiciario;4;Tribunal Regional Eleitoral do Rio Grande do Norte;br-tribunais-regionais-eleitorais;Lei 4737/1965;
br-tribunal-de-justica-do-distrito-federal-e-dos-territorios;department;tribunal;judiciario;3;Tribunal de Justiça do Distrito Federal e dos Territórios;br-superior-tribunal-de-justica;SIORG (ato normativo não informado);
br-tribunal-regional-do-trabalho-da-13a-regiao-pb;department;tribunal;judiciario;4;Tribunal Regional do Trabalho da 13ª Região (PB);br-tribunais-regionais-do-trabalho;Constituição Federal 1988;
br-justica-federal-de-primeiro-grau-em-alagoas;department;secao_judiciaria;judiciario;4;Justiça Federal de Primeiro Grau em Alagoas;;SIORG (ato normativo não informado);
br-justica-federal-de-primeiro-grau-no-rio-grande-do-norte;department;secao_judiciaria;judiciario;4;Justiça Federal de Primeiro Grau no Rio Grande do Norte;;Lei 5010/1966;
br-tribunal-regional-do-trabalho-da-1a-regiao-rj;department;tribunal;judiciario;4;Tribunal Regional do Trabalho da 1ª Região (RJ);br-tribunais-regionais-do-trabalho;Constituição Federal 1988;
br-tribunal-regional-do-trabalho-da-3a-regiao-mg;department;tribunal;judiciario;4;Tribunal Regional do Trabalho da 3ª Região (MG);br-tribunais-regionais-do-trabalho;Constituição Federal 1988;
br-tribunal-regional-do-trabalho-da-4a-regiao-rs;department;tribunal;judiciario;4;Tribunal Regional do Trabalho da 4ª Região (RS);br-tribunais-regionais-do-trabalho;Constituição Federal 1988;
br-tribunal-regional-do-trabalho-da-6a-regiao-pe;department;tribunal;judiciario;4;Tribunal Regional do Trabalho da 6ª Região (PE);br-tribunais-regionais-do-trabalho;Constituição Federal 1988;
br-tribunal-regional-do-trabalho-da-10a-regiao-df-e-to;department;tribunal;judiciario;4;Tribunal Regional do Trabalho da 10ª Região (DF e TO);br-tribunais-regionais-do-trabalho;Constituição Federal 1988;
br-tribunal-regional-do-trabalho-da-11a-regiao-am-e-rr;department;tribunal;judiciario;4;Tribunal Regional do Trabalho da 11ª Região (AM e RR);br-tribunais-regionais-do-trabalho;Constituição Federal 1988;
br-tribunal-regional-do-trabalho-da-17a-regiao-es;department;tribunal;judiciario;4;Tribunal Regional do Trabalho da 17ª Região (ES);br-tribunais-regionais-do-trabalho;Constituição Federal 1988;
br-tribunal-regional-do-trabalho-da-18a-regiao-go;department;tribunal;judiciario;4;Tribunal Regional do Trabalho da 18ª Região (GO);br-tribunais-regionais-do-trabalho;Constituição Federal 1988;
br-tribunal-regional-do-trabalho-da-19a-regiao-al;department;tribunal;judiciario;4;Tribunal Regional do Trabalho da 19ª Região (AL);br-tribunais-regionais-do-trabalho;Constituição Federal 1988;
br-tribunal-regional-do-trabalho-da-2a-regiao-sp;department;tribunal;judiciario;4;Tribunal Regional do Trabalho da 2ª Região (SP);br-tribunais-regionais-do-trabalho;Constituição Federal 1988;
br-tribunal-regional-do-trabalho-da-5a-regiao-ba;department;tribunal;judiciario;4;Tribunal Regional do Trabalho da 5ª Região (BA);br-tribunais-regionais-do-trabalho;Constituição Federal 1988;
br-tribunal-regional-do-trabalho-da-7a-regiao-ce;department;tribunal;judiciario;4;Tribunal Regional do Trabalho da 7ª Região (CE);br-tribunais-regionais-do-trabalho;Constituição Federal 1988;
br-tribunal-regional-do-trabalho-da-8a-regiao-pa-e-ap;department;tribunal;judiciario;4;Tribunal Regional do Trabalho da 8ª Região (PA e AP);br-tribunais-regionais-do-trabalho;Constituição Federal 1988;
br-tribunal-regional-do-trabalho-da-9a-regiao-pr;department;tribunal;judiciario;4;Tribunal Regional do Trabalho da 9ª Região (PR);br-tribunais-regionais-do-trabalho;Constituição Federal 1988;
br-tribunal-regional-do-trabalho-da-12a-regiao-sc;department;tribunal;judiciario;4;Tribunal Regional do Trabalho da 12ª Região (SC);br-tribunais-regionais-do-trabalho;Constituição Federal 1988;
br-tribunal-regional-do-trabalho-da-14a-regiao-ro-e-ac;department;tribunal;judiciario;4;Tribunal Regional do Trabalho da 14ª Região (RO e AC);br-tribunais-regionais-do-trabalho;Constituição Federal 1988;
br-tribunal-regional-do-trabalho-da-15a-regiao-campinas-sp;department;tribunal;judiciario;4;Tribunal Regional do Trabalho da 15ª Região (Campinas/SP);br-tribunais-regionais-do-trabalho;Constituição Federal 1988;
br-tribunal-regional-do-trabalho-da-16a-regiao-ma;department;tribunal;judiciario;4;Tribunal Regional do Trabalho da 16ª Região (MA);br-tribunais-regionais-do-trabalho;Constituição Federal 1988;
br-tribunal-regional-do-trabalho-da-20a-regiao-se;department;tribunal;judiciario;4;Tribunal Regional do Trabalho da 20ª Região (SE);br-tribunais-regionais-do-trabalho;Constituição Federal 1988;
br-tribunal-regional-do-trabalho-da-21a-regiao-rn;department;tribunal;judiciario;4;Tribunal Regional do Trabalho da 21ª Região (RN);br-tribunais-regionais-do-trabalho;Constituição Federal 1988;
br-tribunal-regional-do-trabalho-da-22a-regiao-pi;department;tribunal;judiciario;4;Tribunal Regional do Trabalho da 22ª Região (PI);br-tribunais-regionais-do-trabalho;Constituição Federal 1988;
br-tribunal-regional-do-trabalho-da-23a-regiao-mt;department;tribunal;judiciario;4;Tribunal Regional do Trabalho da 23ª Região (MT);br-tribunais-regionais-do-trabalho;Constituição Federal 1988;
br-tribunal-regional-do-trabalho-da-24a-regiao-ms;department;tribunal;judiciario;4;Tribunal Regional do Trabalho da 24ª Região (MS);br-tribunais-regionais-do-trabalho;Constituição Federal 1988;
br-tribunal-regional-eleitoral-do-maranhao;department;tribunal;judiciario;4;Tribunal Regional Eleitoral do Maranhão;br-tribunais-regionais-eleitorais;SIORG (ato normativo não informado);https://www.tre-ma.gov.br
br-justica-federal-de-primeiro-grau-no-ceara;department;secao_judiciaria;judiciario;4;Justiça Federal de Primeiro Grau no Ceará;;SIORG (ato normativo não informado);
br-secao-judiciaria-estado-do-para;department;secao_judiciaria;judiciario;4;Seção Judiciária Estado do Pará;br-tribunal-regional-federal-da-1a-regiao;SIORG (ato normativo não informado);
br-secao-judiciaria-estado-de-roraima;department;secao_judiciaria;judiciario;4;Seção Judiciária Estado de Roraima;br-tribunal-regional-federal-da-1a-regiao;SIORG (ato normativo não informado);
br-secao-judiciaria-estado-do-tocantins;department;secao_judiciaria;judiciario;4;Seção Judiciária Estado do Tocantins;br-tribunal-regional-federal-da-1a-regiao;SIORG (ato normativo não informado);
br-secao-judiciaria-estado-do-amazonas;department;secao_judiciaria;judiciario;4;Seção Judiciária Estado do Amazonas;br-tribunal-regional-federal-da-1a-regiao;SIORG (ato normativo não informado);
br-secao-judiciaria-estado-do-maranhao;department;secao_judiciaria;judiciario;4;Seção Judiciária Estado do Maranhão;br-tribunal-regional-federal-da-1a-regiao;SIORG (ato normativo não informado);
br-secao-judiciaria-estado-do-amapa;department;secao_judiciaria;judiciario;4;Seção Judiciária Estado do Amapá;br-tribunal-regional-federal-da-1a-regiao;SIORG (ato normativo não informado);
br-secao-judiciaria-estado-do-acre;department;secao_judiciaria;judiciario;4;Seção Judiciária Estado do Acre;br-tribunal-regional-federal-da-1a-regiao;SIORG (ato normativo não informado);
br-secao-judiciaria-estado-do-piaui;department;secao_judiciaria;judiciario;4;Seção Judiciária Estado do Piauí;br-tribunal-regional-federal-da-1a-regiao;SIORG (ato normativo não informado);
br-secao-judiciaria-distrito-federal;department;secao_judiciaria;judiciario;4;Seção Judiciária Distrito Federal;br-tribunal-regional-federal-da-1a-regiao;SIORG (ato normativo não informado);
br-secao-judiciaria-estado-do-mato-grosso;department;secao_judiciaria;judiciario;4;Seção Judiciária Estado do Mato Grosso;br-tribunal-regional-federal-da-1a-regiao;SIORG (ato normativo não informado);
br-secao-judiciaria-estado-de-rondonia;department;secao_judiciaria;judiciario;4;Seção Judiciária Estado de Rondônia;br-tribunal-regional-federal-da-1a-regiao;SIORG (ato normativo não informado);
br-secao-judiciaria-estado-da-bahia;department;secao_judiciaria;judiciario;4;Seção Judiciária Estado da Bahia;br-tribunal-regional-federal-da-1a-regiao;SIORG (ato normativo não informado);
br-secao-judiciaria-estado-de-goias;department;secao_judiciaria;judiciario;4;Seção Judiciária Estado de Goiás;br-tribunal-regional-federal-da-1a-regiao;SIORG (ato normativo não informado);
br-tribunal-regional-eleitoral-de-rondonia;department;tribunal;judiciario;4;Tribunal Regional Eleitoral de Rondônia;br-tribunais-regionais-eleitorais;SIORG (ato normativo não informado);
br-tribunal-regional-eleitoral-de-sao-paulo;department;tribunal;judiciario;4;Tribunal Regional Eleitoral de São Paulo;br-tribunais-regionais-eleitorais;SIORG (ato normativo não informado);https://www.tre-sp.jus.br/
br-justica-federal-de-primeiro-grau-em-sergipe;department;secao_judiciaria;judiciario;4;Justiça Federal de Primeiro Grau em Sergipe;;SIORG (ato normativo não informado);
br-escola-superior-do-ministerio-publico-da-uniao;department;orgao_autonomo;essenciais;2;Escola Superior do Ministério Público da União;;SIORG (ato normativo não informado);
br-conselho-nacional-de-desenvolvimento-industrial;commission;;executivo;3;Conselho Nacional de Desenvolvimento Industrial;br-presidencia-da-republica;SIORG (ato normativo não informado);
br-conselho-de-participacao-social-da-presidencia-da-republica;commission;;executivo;3;Conselho de Participação Social da Presidência da República;br-presidencia-da-republica;SIORG (ato normativo não informado);
br-conselho-nacional-de-seguranca-alimentar-e-nutricional;commission;;executivo;3;Conselho Nacional de Segurança Alimentar e Nutricional;br-presidencia-da-republica;SIORG (ato normativo não informado);
br-conselho-da-ordem-nacional-do-merito-cientifico;commission;;executivo;3;Conselho da Ordem Nacional do Mérito Científico;br-presidencia-da-republica;SIORG (ato normativo não informado);
br-comite-gestor-da-seguranca-da-informacao;commission;;executivo;3;Comitê Gestor da Segurança da Informação;br-gabinete-de-seguranca-institucional;SIORG (ato normativo não informado);
br-camara-de-relacoes-exteriores-e-defesa-nacional;commission;;executivo;3;Câmara de Relações Exteriores e  Defesa Nacional;br-gabinete-de-seguranca-institucional;SIORG (ato normativo não informado);
br-comite-gestor-do-programa-pe-de-meia;commission;;executivo;3;Comitê Gestor do Programa Pé-de-Meia;br-ministerio-da-educacao;SIORG (ato normativo não informado);
br-comissao-nacional-de-alfabetizacao-e-educacao-de-jovens-e-adultos;commission;;executivo;3;Comissão Nacional de Alfabetização e Educação de Jovens e Adultos;br-ministerio-da-educacao;SIORG (ato normativo não informado);
br-comite-executivo-da-estrategia-nacional-de-escolas-conectadas;commission;;executivo;3;Comitê Executivo da Estratégia Nacional de Escolas Conectadas;br-ministerio-da-educacao;SIORG (ato normativo não informado);
br-comite-gestor-de-protecao-de-dados-pessoais;commission;;executivo;3;Comitê Gestor de Proteção de Dados Pessoais;br-ministerio-das-relacoes-exteriores;SIORG (ato normativo não informado);
br-comissao-nacional-para-difusao-e-implementacao-do-direito-internacional-humanitario;commission;;executivo;3;Comissão Nacional para Difusão e Implementação do Direito Internacional Humanitário;br-ministerio-das-relacoes-exteriores;SIORG (ato normativo não informado);
br-comite-gestor-da-estrategia-e-saude;commission;;executivo;3;Comitê Gestor da Estratégia e-Saúde;br-ministerio-da-saude;SIORG (ato normativo não informado);
br-comite-nacional-de-plantas-medicinais-e-fitoterapicos;commission;;executivo;3;Comitê Nacional de Plantas Medicinais e Fitoterápicos;br-ministerio-da-saude;SIORG (ato normativo não informado);
br-comissao-nacional-de-incorporacao-de-tecnologias-no-sistema-unico-de-saude;commission;;executivo;3;Comissão Nacional de Incorporação de Tecnologias no Sistema Único de Saúde;br-ministerio-da-saude;SIORG (ato normativo não informado);
br-comissao-nacional-para-implementacao-da-convencao-quadro-sobre-controle-do-uso-do-tabaco-e-de-seus-protocolos;commission;;executivo;3;Comissão Nacional para Implementação da Convenção-Quadro sobre Controle do Uso do Tabaco e de seus Protocolos;br-ministerio-da-saude;SIORG (ato normativo não informado);
br-comite-gestor-da-politica-nacional-de-prevencao-da-automutilacao-e-do-suicidio;commission;;executivo;3;Comitê Gestor da Política Nacional de Prevenção da Automutilação e do Suicídio;br-ministerio-da-saude;SIORG (ato normativo não informado);
br-comite-deliberativo-das-parcerias-para-o-desenvolvimento-produtivo;commission;;executivo;3;Comitê Deliberativo das Parcerias para o Desenvolvimento Produtivo;br-ministerio-da-saude;SIORG (ato normativo não informado);
br-comite-de-implementacao-do-programa-nacional-de-seguranca-do-paciente;commission;;executivo;3;Comitê de Implementação do Programa Nacional de Segurança do Paciente;br-ministerio-da-saude;SIORG (ato normativo não informado);
br-comite-interministerial-para-a-eliminacao-da-tuberculose-e-de-outras-doencas-determinadas-socialmente;commission;;executivo;3;Comitê Interministerial para a Eliminação da Tuberculose e de Outras Doenças Determinadas Socialmente;br-ministerio-da-saude;SIORG (ato normativo não informado);
br-comite-tecnico-interministerial-de-saude-da-populacao-negra;commission;;executivo;3;Comitê Técnico Interministerial de Saúde da População Negra;br-ministerio-da-saude;SIORG (ato normativo não informado);
br-conselho-nacional-da-amazonia-legal;commission;;executivo;3;Conselho Nacional da Amazônia Legal;br-vice-presidencia-da-republica;SIORG (ato normativo não informado);
br-comite-nacional-das-zonas-umidas;commission;;executivo;3;Comitê Nacional das Zonas Úmidas;br-ministerio-do-meio-ambiente-e-mudanca-do-clima;SIORG (ato normativo não informado);
br-camara-interministerial-de-combate-a-desertificacao;commission;;executivo;3;Câmara Interministerial de Combate à Desertificação;br-ministerio-do-meio-ambiente-e-mudanca-do-clima;SIORG (ato normativo não informado);
br-comissao-nacional-de-seguranca-quimica;commission;;executivo;3;Comissão Nacional de Segurança Química;br-ministerio-do-meio-ambiente-e-mudanca-do-clima;SIORG (ato normativo não informado);
br-comissao-nacional-de-florestas;commission;;executivo;3;Comissão Nacional de Florestas;br-ministerio-do-meio-ambiente-e-mudanca-do-clima;SIORG (ato normativo não informado);
br-conselho-nacional-dos-povos-e-comunidades-tradicionais;commission;;executivo;3;Conselho Nacional dos Povos e Comunidades Tradicionais;br-ministerio-do-meio-ambiente-e-mudanca-do-clima;SIORG (ato normativo não informado);
br-comissao-nacional-para-redd;commission;;executivo;3;Comissão Nacional para REDD+;br-ministerio-do-meio-ambiente-e-mudanca-do-clima;SIORG (ato normativo não informado);
br-conselho-deliberativo-do-fundo-nacional-do-meio-ambiente;commission;;executivo;3;Conselho Deliberativo do Fundo Nacional do Meio Ambiente;br-ministerio-do-meio-ambiente-e-mudanca-do-clima;SIORG (ato normativo não informado);
br-comite-nacional-de-manejo-integrado-do-fogo;commission;;executivo;3;Comitê Nacional de Manejo Integrado do Fogo;br-ministerio-do-meio-ambiente-e-mudanca-do-clima;SIORG (ato normativo não informado);
br-comissao-nacional-de-biodiversidade;commission;;executivo;3;Comissão Nacional de Biodiversidade;br-ministerio-do-meio-ambiente-e-mudanca-do-clima;SIORG (ato normativo não informado);
br-conselho-nacional-de-mudanca-do-clima;commission;;executivo;3;Conselho Nacional de Mudança do Clima;br-ministerio-do-meio-ambiente-e-mudanca-do-clima;SIORG (ato normativo não informado);
br-comite-gestor-do-programa-bolsa-verde;commission;;executivo;3;Comitê Gestor do Programa Bolsa Verde;br-ministerio-do-meio-ambiente-e-mudanca-do-clima;SIORG (ato normativo não informado);
br-comissao-nacional-de-combate-a-desertificacao;commission;;executivo;3;Comissão Nacional de Combate à Desertificação;br-ministerio-do-meio-ambiente-e-mudanca-do-clima;SIORG (ato normativo não informado);
br-comite-gestor-do-fundo-nacional-sobre-mudanca-do-clima;commission;;executivo;3;Comitê Gestor do Fundo Nacional sobre Mudança do Clima;br-ministerio-do-meio-ambiente-e-mudanca-do-clima;SIORG (ato normativo não informado);
br-comissao-nacional-para-recuperacao-da-vegetacao-nativa;commission;;executivo;3;Comissão Nacional para Recuperação da Vegetação Nativa;br-ministerio-do-meio-ambiente-e-mudanca-do-clima;SIORG (ato normativo não informado);
br-comite-gestor-do-fundo-nacional-para-a-reparticao-de-beneficios;commission;;executivo;3;Comitê Gestor do Fundo Nacional para a Repartição de Benefícios;br-ministerio-do-meio-ambiente-e-mudanca-do-clima;SIORG (ato normativo não informado);
br-comissao-memoria-dos-presidentes-da-republica;commission;;executivo;3;Comissão Memória dos Presidentes da República;br-gabinete-pessoal-do-presidente-da-republica;SIORG (ato normativo não informado);
br-comite-interministerial-sobre-a-mudanca-do-clima-e-o-crescimento-verde;commission;;executivo;3;Comitê Interministerial sobre a Mudança do Clima e o Crescimento Verde;br-casa-civil;SIORG (ato normativo não informado);
br-comite-interministerial-de-governanca;commission;;executivo;3;Comitê Interministerial de Governança;br-casa-civil;SIORG (ato normativo não informado);
br-comissao-interministerial-de-qualificacao-profis-emprego-e-inclu-socioe-do-prog-de-aceler-do-crescimento;commission;;executivo;3;Comissão Interministerial de Qualificação Profis., Emprego e Inclu. Socioe. do Prog. de Aceler. do Crescimento;br-casa-civil;SIORG (ato normativo não informado);
br-conselho-nacional-para-a-30a-conferencia-das-partes-da-convencao-quadro-das-nacoes-unidas-mudanca-do-clima;commission;;executivo;3;Conselho Nacional para a 30ª Conferência das Partes da Convenção-Quadro das Nações Unidas Mudança do Clima;br-casa-civil;SIORG (ato normativo não informado);
br-comissao-de-etica-dos-agentes-publicos-da-presidencia-e-da-vice-presidencia-da-republica;commission;;executivo;3;Comissão de Ética dos Agentes Públicos da Presidência e da Vice-Presidência da República;br-casa-civil;SIORG (ato normativo não informado);
br-comite-intersetorial-da-politica-nacional-integrada-para-a-primeira-infancia;commission;;executivo;3;Comitê Intersetorial da Política Nacional Integrada para a Primeira Infância;br-casa-civil;SIORG (ato normativo não informado);
br-conselho-interministerial-do-plano-brasil-soberano;commission;;executivo;3;Conselho Interministerial do Plano Brasil Soberano;br-casa-civil;SIORG (ato normativo não informado);
br-comite-gestor-do-programa-de-aceleracao-do-crescimento;commission;;executivo;3;Comitê Gestor do Programa de Aceleração do Crescimento;br-casa-civil;SIORG (ato normativo não informado);
br-conselho-interministerial-do-paar;commission;;executivo;3;Conselho Interministerial do PAAR;br-casa-civil;SIORG (ato normativo não informado);
br-comite-gestor-especifico-p-as-linhas-de-finan-p-renov-da-frota-e-p-infra-do-transporte-urbano-individual;commission;;executivo;3;Comitê Gestor Específico p/ as Linhas de Finan. p/ Renov. da Frota e p/ Infra. do Transporte Urbano Individual;br-casa-civil;SIORG (ato normativo não informado);
br-comite-gestor-da-infraestrutura-de-chaves-publicas-brasileira-icp-brasil;commission;;executivo;3;Comitê Gestor da Infraestrutura de Chaves Públicas Brasileira - ICP-Brasil;br-casa-civil;SIORG (ato normativo não informado);
br-comite-gestor-do-fundo-nacional-de-investimento-em-infraestrutura-social;commission;;executivo;3;Comitê Gestor do Fundo Nacional de Investimento em Infraestrutura Social;br-casa-civil;SIORG (ato normativo não informado);
br-comite-interministerial-sobre-mudanca-do-clima;commission;;executivo;3;Comitê Interministerial sobre Mudança do Clima;br-casa-civil;SIORG (ato normativo não informado);
br-comissao-interministerial-de-inovacoes-e-aquisicoes-do-programa-de-aceleracao-do-crescimento;commission;;executivo;3;Comissão Interministerial de Inovações e Aquisições do Programa de Aceleração do Crescimento;br-casa-civil;SIORG (ato normativo não informado);
br-comite-interministerial-de-planejamento-da-infraestrutura;commission;;executivo;3;Comitê Interministerial de Planejamento da Infraestrutura;br-casa-civil;SIORG (ato normativo não informado);
br-comite-federal-de-assistencia-emergencial;commission;;executivo;3;Comitê Federal de Assistência Emergencial;br-casa-civil;SIORG (ato normativo não informado);
br-camara-executiva-federal-de-identificacao-do-cidadao;commission;;executivo;3;Câmara-Executiva Federal de Identificação do Cidadão;br-casa-civil;SIORG (ato normativo não informado);
br-conselho-deliberativo-do-fundo-social;commission;;executivo;3;Conselho Deliberativo do Fundo Social;br-casa-civil;SIORG (ato normativo não informado);
br-conselho-do-programa-nacional-de-incentivo-ao-voluntariado;commission;;executivo;3;Conselho do Programa Nacional de Incentivo ao Voluntariado;br-casa-civil;SIORG (ato normativo não informado);
br-comite-de-governanca-digital-e-seguranca-da-informacao-da-presidencia-da-republica;commission;;executivo;3;Comitê de Governança Digital e Segurança da Informação da Presidência da República;br-casa-civil;SIORG (ato normativo não informado);
br-comite-interministerial-para-a-transformacao-digital;commission;;executivo;3;Comitê Interministerial para a Transformação Digital;br-casa-civil;SIORG (ato normativo não informado);
br-comite-da-politica-nacional-de-biocombustiveis;commission;;executivo;3;Comitê da Política Nacional de Biocombustíveis;br-ministerio-de-minas-e-energia;SIORG (ato normativo não informado);
br-comite-gestor-do-programa-nacional-do-hidrogenio;commission;;executivo;3;Comitê Gestor do Programa Nacional do Hidrogênio;br-ministerio-de-minas-e-energia;SIORG (ato normativo não informado);
br-comite-gestor-de-indicadores-e-niveis-de-eficiencia-energetica;commission;;executivo;3;Comitê Gestor de Indicadores e Níveis de Eficiência Energética;br-ministerio-de-minas-e-energia;SIORG (ato normativo não informado);
br-comite-gestor-do-pro-amazonia-legal;commission;;executivo;3;Comitê Gestor do Pró-Amazônia Legal;br-ministerio-de-minas-e-energia;SIORG (ato normativo não informado);
br-conselho-nacional-de-politica-mineral;commission;;executivo;3;Conselho Nacional de Política Mineral;br-ministerio-de-minas-e-energia;SIORG (ato normativo não informado);
br-comite-gestor-de-eficiencia-energetica;commission;;executivo;3;Comitê Gestor de Eficiência Energética;br-ministerio-de-minas-e-energia;SIORG (ato normativo não informado);
br-conselho-deliberativo-do-sistema-de-protecao-da-amazonia;commission;;executivo;3;Conselho Deliberativo do Sistema de Proteção da Amazônia;br-ministerio-da-defesa;SIORG (ato normativo não informado);
br-comite-de-patrocinios-do-sistema-de-comunicacao-de-governo-do-poder-executivo-federal;commission;;executivo;3;Comitê de Patrocínios do Sistema de Comunicação de Governo do Poder Executivo Federal;br-secretaria-de-relacoes-institucionais;SIORG (ato normativo não informado);
br-conselho-nacional-de-turismo;commission;;executivo;3;Conselho Nacional de Turismo;br-ministerio-do-turismo;SIORG (ato normativo não informado);
br-comite-interministerial-de-facilitacao-turistica;commission;;executivo;3;Comitê Interministerial de Facilitação Turística;br-ministerio-do-turismo;SIORG (ato normativo não informado);
br-comite-consultivo-do-cadastro-nacional-dos-prestadores-de-servicos-turisticos;commission;;executivo;3;Comitê Consultivo do Cadastro Nacional dos Prestadores de Serviços Turísticos;br-ministerio-do-turismo;SIORG (ato normativo não informado);
br-comite-interministerial-de-gestao-turistica-do-patrimonio-mundial;commission;;executivo;3;Comitê Interministerial de Gestão Turística do Patrimônio Mundial;br-ministerio-do-turismo;SIORG (ato normativo não informado);
br-comite-interministerial-de-governo-aberto;commission;;executivo;3;Comitê Interministerial de Governo Aberto;br-controladoria-geral-da-uniao;SIORG (ato normativo não informado);
br-comite-interministerial-de-combate-a-corrupcao;commission;;executivo;3;Comitê Interministerial de Combate à Corrupção;br-controladoria-geral-da-uniao;SIORG (ato normativo não informado);
br-conselho-nacional-de-secretarios-de-estado-de-justica-cidadania-direitos-humanos-e-administra-penitenciaria;commission;;executivo;3;Conselho Nacional de Secretários de Estado de Justiça, Cidadania, Direitos Humanos e Administra. Penitenciária;br-ministerio-da-justica-e-seguranca-publica;SIORG (ato normativo não informado);
br-comissao-nacional-de-seguranca-publica-nos-portos-terminais-e-vias-navegaveis;commission;;executivo;3;Comissão Nacional de Segurança Pública nos Portos, Terminais e Vias Navegáveis;br-ministerio-da-justica-e-seguranca-publica;SIORG (ato normativo não informado);
br-conselho-gestor-do-fundo-nacional-de-seguranca-publica;commission;;executivo;3;Conselho Gestor do Fundo Nacional de Segurança Pública;br-ministerio-da-justica-e-seguranca-publica;SIORG (ato normativo não informado);
br-conselho-nacional-de-defesa-do-consumidor;commission;;executivo;3;Conselho Nacional de Defesa do Consumidor;br-ministerio-da-justica-e-seguranca-publica;SIORG (ato normativo não informado);
br-comite-gestor-dos-planos-de-enfrentamento-da-covid-19-para-os-povos-indigenas;commission;;executivo;3;Comitê Gestor dos Planos de Enfrentamento da Covid-19 para os Povos Indígenas;br-ministerio-da-justica-e-seguranca-publica;SIORG (ato normativo não informado);
br-conselho-nacional-de-combate-a-pirataria-e-delitos-contra-a-propriedade-intelectual;commission;;executivo;3;Conselho Nacional de Combate à Pirataria e Delitos contra a Propriedade Intelectual;br-ministerio-da-justica-e-seguranca-publica;SIORG (ato normativo não informado);
br-conselho-nacional-de-politicas-sobre-drogas;commission;;executivo;3;Conselho Nacional de Políticas sobre Drogas;br-ministerio-da-justica-e-seguranca-publica;SIORG (ato normativo não informado);
br-conselho-gestor-do-sinesp;commission;;executivo;3;Conselho Gestor do SINESP;br-ministerio-da-justica-e-seguranca-publica;SIORG (ato normativo não informado);
br-comite-gestor-da-rede-integrada-de-bancos-de-perfis-geneticos;commission;;executivo;3;Comitê Gestor da Rede Integrada de Bancos de Perfis Genéticos;br-ministerio-da-justica-e-seguranca-publica;SIORG (ato normativo não informado);
br-conselho-nacional-de-seguranca-publica-e-defesa-social;commission;;executivo;3;Conselho Nacional de Segurança Pública e Defesa Social;br-ministerio-da-justica-e-seguranca-publica;SIORG (ato normativo não informado);
br-conselho-nacional-de-secretarios-de-seguranca-publica;commission;;executivo;3;Conselho Nacional de Secretários de Segurança Pública;br-ministerio-da-justica-e-seguranca-publica;SIORG (ato normativo não informado);
br-conselho-nacional-de-politicas-sobre-recuperacao-de-ativos;commission;;executivo;3;Conselho Nacional de Políticas sobre Recuperação de Ativos;br-ministerio-da-justica-e-seguranca-publica;SIORG (ato normativo não informado);
br-conselho-nacional-de-imigracao;commission;;executivo;3;Conselho Nacional de Imigração;br-ministerio-da-justica-e-seguranca-publica;SIORG (ato normativo não informado);
br-comite-gestor-do-plano-amazonia-seguranca-e-soberania-plano-amas;commission;;executivo;3;Comitê Gestor do Plano Amazônia: Segurança e Soberania-Plano Amas;br-ministerio-da-justica-e-seguranca-publica;SIORG (ato normativo não informado);
br-comite-gestor-da-politica-nacional-de-repressao-ao-furto-e-roubo-de-veiculos-e-cargas;commission;;executivo;3;Comitê Gestor da Política Nacional de Repressão ao Furto e Roubo de Veículos e Cargas;br-ministerio-da-justica-e-seguranca-publica;SIORG (ato normativo não informado);
br-conselho-gestor-do-fundo-de-universalizacao-dos-servicos-de-telecomunicacoes;commission;;executivo;3;Conselho Gestor do Fundo de Universalização dos Serviços de Telecomunicações;br-ministerio-das-comunicacoes;SIORG (ato normativo não informado);
br-conselho-gestor-do-fundo-para-o-desenvolvimento-tecnologico-das-telecomunicacoes-funttel;commission;;executivo;3;Conselho Gestor do Fundo para o Desenvolvimento Tecnológico das Telecomunicações - Funttel;br-ministerio-das-comunicacoes;SIORG (ato normativo não informado);
br-comite-gestor-do-programa-amazonia-integrada-sustentavel;commission;;executivo;3;Comitê Gestor do Programa Amazônia Integrada Sustentável;br-ministerio-das-comunicacoes;SIORG (ato normativo não informado);
br-comite-de-coordenacao-do-fundo-nacional-de-desenvolvimento-cientifico-e-tecnologico;commission;;executivo;3;Comitê de Coordenação do Fundo Nacional de Desenvolvimento Científico e Tecnológico;br-ministerio-da-ciencia-tecnologia-e-inovacao;SIORG (ato normativo não informado);
br-conselho-nacional-de-informatica-e-automacao;commission;;executivo;3;Conselho Nacional de Informática e Automação;br-ministerio-da-ciencia-tecnologia-e-inovacao;SIORG (ato normativo não informado);
br-comite-nacional-de-pesquisas-antarticas;commission;;executivo;3;Comitê Nacional de Pesquisas Antárticas;br-ministerio-da-ciencia-tecnologia-e-inovacao;SIORG (ato normativo não informado);
br-conselho-diretor-do-fundo-nacional-de-desenvolvimento-cientifico-e-tecnologico;commission;;executivo;3;Conselho Diretor do Fundo Nacional de Desenvolvimento Científico e Tecnológico;br-ministerio-da-ciencia-tecnologia-e-inovacao;SIORG (ato normativo não informado);
br-comissao-tecnica-nacional-de-biosseguranca;commission;;executivo;3;Comissão Técnica Nacional de Biossegurança;br-ministerio-da-ciencia-tecnologia-e-inovacao;SIORG (ato normativo não informado);
br-conselho-nacional-de-ciencia-e-tecnologia;commission;;executivo;3;Conselho Nacional de Ciência e Tecnologia;br-ministerio-da-ciencia-tecnologia-e-inovacao;SIORG (ato normativo não informado);
br-comissao-interministerial-de-controle-de-exportacao-de-bens-sensiveis;commission;;executivo;3;Comissão Interministerial de Controle de Exportação de Bens Sensíveis;br-ministerio-da-ciencia-tecnologia-e-inovacao;SIORG (ato normativo não informado);
br-comite-nacional-de-pesquisas-antartidas;commission;;executivo;3;Comitê Nacional de Pesquisas Antártidas;br-ministerio-da-ciencia-tecnologia-e-inovacao;SIORG (ato normativo não informado);
br-conselho-nacional-de-controle-de-experimentacao-animal;commission;;executivo;3;Conselho Nacional de Controle de Experimentação Animal;br-ministerio-da-ciencia-tecnologia-e-inovacao;SIORG (ato normativo não informado);
br-comite-gestor-de-materiais-avancados;commission;;executivo;3;Comitê Gestor de Materiais Avançados;br-ministerio-da-ciencia-tecnologia-e-inovacao;SIORG (ato normativo não informado);
br-conselho-estrategico-do-programa-nacional-de-bioinsumos;commission;;executivo;3;Conselho Estratégico do Programa Nacional de Bioinsumos;br-ministerio-da-agricultura-e-pecuaria;SIORG (ato normativo não informado);
br-comissao-executiva-nacional-do-plano-set-p-adaptacao-a-mud-do-clima-e-baixa-emi-de-carbono-na-agropecuaria;commission;;executivo;3;Comissão Executiva Nacional do Plano Set. p/ Adaptação à Mud. do Clima e Baixa Emi. de Carbono na Agropecuária;br-ministerio-da-agricultura-e-pecuaria;SIORG (ato normativo não informado);
br-comite-gestor-do-plano-de-desenvolvimento-agropecuario-e-agroindustrial-do-matopiba;commission;;executivo;3;Comitê Gestor do Plano de Desenvolvimento Agropecuário e Agroindustrial do Matopiba;br-ministerio-da-agricultura-e-pecuaria;SIORG (ato normativo não informado);
br-comite-gestor-interministerial-do-seguro-rural;commission;;executivo;3;Comitê Gestor Interministerial do Seguro Rural;br-ministerio-da-agricultura-e-pecuaria;SIORG (ato normativo não informado);
br-conselho-nacional-de-politica-agricola;commission;;executivo;3;Conselho Nacional de Política Agrícola;br-ministerio-da-agricultura-e-pecuaria;SIORG (ato normativo não informado);
br-comite-estrategico-do-programa-nacional-de-levantamento-e-interpretacao-de-solos-do-brasil;commission;;executivo;3;Comitê Estratégico do Programa Nacional de Levantamento e Interpretação de Solos do Brasil;br-ministerio-da-agricultura-e-pecuaria;SIORG (ato normativo não informado);
br-comite-gestor-interministerial-do-prog-nac-de-conv-de-past-deg-em-sis-de-pro-agro-e-flo-sustentaveis;commission;;executivo;3;Comitê Gestor Interministerial do Prog. Nac. de Conv. de Past.. Deg. em Sis. de Pro. Agro. e Flo. Sustentáveis;br-ministerio-da-agricultura-e-pecuaria;SIORG (ato normativo não informado);
br-conselho-deliberativo-da-politica-do-cafe;commission;;executivo;3;Conselho Deliberativo da Política do Café;br-ministerio-da-agricultura-e-pecuaria;SIORG (ato normativo não informado);
br-comissao-coordenadora-da-criacao-do-cavalo-nacional;commission;;executivo;3;Comissão Coordenadora da Criação do Cavalo Nacional;br-ministerio-da-agricultura-e-pecuaria;SIORG (ato normativo não informado);
br-comite-gestor-do-garantia-safra;commission;;executivo;3;Comitê Gestor do Garantia-Safra;br-ministerio-do-desenvolvimento-agrario;SIORG (ato normativo não informado);
br-comite-gestor-do-programa-de-organizacao-produtiva-e-economica-de-mulheres-rurais;commission;;executivo;3;Comitê Gestor do Programa de Organização Produtiva e Econômica de Mulheres Rurais;br-ministerio-do-desenvolvimento-agrario;SIORG (ato normativo não informado);
br-comissao-nacional-de-agroecologia-e-producao-organica;commission;;executivo;3;Comissão Nacional de Agroecologia e Produção Orgânica;br-ministerio-do-desenvolvimento-agrario;SIORG (ato normativo não informado);
br-conselho-nacional-de-desenvolvimento-rural-sustentavel;commission;;executivo;3;Conselho Nacional de Desenvolvimento Rural Sustentável;br-ministerio-do-desenvolvimento-agrario;SIORG (ato normativo não informado);
br-comite-gestor-do-pgpaf;commission;;executivo;3;Comitê Gestor do PGPAF;br-ministerio-do-desenvolvimento-agrario;SIORG (ato normativo não informado);
br-comite-gestor-do-projeto-de-cooperacao-brasil-alemanha-p-regular-ambiental-de-imov-rurais-na-amazonia;commission;;executivo;3;Comitê Gestor do Projeto de Cooperação Brasil-Alemanha p/ Regular. Ambiental de Imóv. Rurais na Amazônia;br-ministerio-do-desenvolvimento-agrario;SIORG (ato normativo não informado);
br-conselho-nacional-de-aquicultura-e-pesca;commission;;executivo;3;Conselho Nacional de Aquicultura e Pesca;br-ministerio-da-pesca-e-aquicultura;SIORG (ato normativo não informado);
br-comite-intersetorial-de-politicas-publicas-para-a-primeira-infancia;commission;;executivo;3;Comitê Intersetorial de Políticas Públicas para a Primeira Infância;br-ministerio-do-desenvolvimento-social;SIORG (ato normativo não informado);
br-camara-interministerial-de-seguranca-alimentar-e-nutricional;commission;;executivo;3;Câmara Interministerial de Segurança Alimentar e Nutricional;br-ministerio-do-desenvolvimento-social;SIORG (ato normativo não informado);
br-comite-gestor-do-plano-nacional-de-cuidados;commission;;executivo;3;Comitê Gestor do Plano Nacional de Cuidados;br-ministerio-do-desenvolvimento-social;SIORG (ato normativo não informado);
br-comite-estrategico-do-plano-nacional-de-cuidados;commission;;executivo;3;Comitê Estratégico do Plano Nacional de Cuidados;br-ministerio-do-desenvolvimento-social;SIORG (ato normativo não informado);
br-comite-gestor-da-rede-brasileira-de-bancos-de-alimentos;commission;;executivo;3;Comitê Gestor da Rede Brasileira de Bancos de Alimentos;br-ministerio-do-desenvolvimento-social;SIORG (ato normativo não informado);
br-comite-gestor-do-programa-crianca-feliz;commission;;executivo;3;Comitê Gestor do Programa Criança Feliz;br-ministerio-do-desenvolvimento-social;SIORG (ato normativo não informado);
br-comite-gestor-do-programa-de-fomento-as-atividades-produtivas-rurais;commission;;executivo;3;Comitê Gestor do Programa de Fomento às Atividades Produtivas Rurais;br-ministerio-do-desenvolvimento-social;SIORG (ato normativo não informado);
br-comissao-nacional-de-atletas;commission;;executivo;3;Comissão Nacional de Atletas;br-ministerio-do-esporte;SIORG (ato normativo não informado);
br-comite-gestor-do-programa-integra-brasil;commission;;executivo;3;Comitê Gestor do Programa Integra Brasil;br-ministerio-do-esporte;SIORG (ato normativo não informado);
br-comite-interministerial-de-saneamento-basico;commission;;executivo;3;Comitê Interministerial de Saneamento Básico;br-ministerio-das-cidades;SIORG (ato normativo não informado);
br-conselho-gestor-do-fundo-nacional-de-habitacao-de-interesse-social;commission;;executivo;3;Conselho Gestor do Fundo Nacional de Habitação de Interesse Social;br-ministerio-das-cidades;SIORG (ato normativo não informado);
br-comite-gestor-do-plano-sub-regional-de-desenvolvimento-sustentavel-do-xingu;commission;;executivo;3;Comitê Gestor do Plano Sub-regional de Desenvolvimento Sustentável do Xingu;br-ministerio-da-integracao-e-do-desenvolvimento-regional;SIORG (ato normativo não informado);
br-conselho-nacional-de-desenvolvimento-urbano;commission;;executivo;3;Conselho Nacional de Desenvolvimento Urbano;br-ministerio-da-integracao-e-do-desenvolvimento-regional;SIORG (ato normativo não informado);
br-conselho-nacional-de-irrigacao;commission;;executivo;3;Conselho Nacional de Irrigação;br-ministerio-da-integracao-e-do-desenvolvimento-regional;SIORG (ato normativo não informado);
br-conselho-nacional-de-protecao-e-defesa-civil;commission;;executivo;3;Conselho Nacional de Proteção e Defesa Civil;br-ministerio-da-integracao-e-do-desenvolvimento-regional;SIORG (ato normativo não informado);
br-conselho-gestor-do-sistema-de-gestao-do-projeto-de-integracao-do-rio-sao-francisco-com-as-bacias-hidro-pisf;commission;;executivo;3;Conselho Gestor do Sistema de Gestão do Projeto de Integração do Rio São Francisco com as Bacias Hidro. - PISF;br-ministerio-da-integracao-e-do-desenvolvimento-regional;SIORG (ato normativo não informado);
br-conselho-nacional-de-recursos-hidricos;commission;;executivo;3;Conselho Nacional de Recursos Hídricos;br-ministerio-da-integracao-e-do-desenvolvimento-regional;SIORG (ato normativo não informado);
br-conselho-administrativo-da-regiao-integrada-de-desenvolvimento-do-distrito-federal-e-entorno;commission;;executivo;3;Conselho Administrativo da Região Integrada de Desenvolvimento do Distrito Federal e Entorno;br-ministerio-da-integracao-e-do-desenvolvimento-regional;SIORG (ato normativo não informado);
br-comite-gestor-do-simples-nacional;commission;;executivo;3;Comitê Gestor do Simples Nacional;br-ministerio-da-fazenda;SIORG (ato normativo não informado);
br-conselho-de-recursos-do-sistema-financeiro-nacional;commission;;executivo;3;Conselho de Recursos do Sistema Financeiro Nacional;br-ministerio-da-fazenda;SIORG (ato normativo não informado);
br-conselho-nacional-de-seguros-privados;commission;;executivo;3;Conselho Nacional de Seguros Privados;br-ministerio-da-fazenda;SIORG (ato normativo não informado);
br-conselho-nacional-de-politica-fazendaria;commission;;executivo;3;Conselho Nacional de Política Fazendária;br-ministerio-da-fazenda;SIORG (ato normativo não informado);
br-comissao-de-governanca-do-concurso-publico-nacional-unificado;commission;;executivo;3;Comissão de Governança do Concurso Público Nacional Unificado;br-ministerio-da-gestao;SIORG (ato normativo não informado);
br-comite-de-monitoramento-e-avaliacao-de-politicas-publicas-federais;commission;;executivo;3;Comitê de Monitoramento e Avaliação de Políticas Públicas Federais;br-ministerio-da-gestao;SIORG (ato normativo não informado);
br-comite-interministerial-do-programa-de-democratizacao-de-imoveis-da-uniao;commission;;executivo;3;Comitê Interministerial do Programa de Democratização de Imóveis da União;br-ministerio-da-gestao;SIORG (ato normativo não informado);
br-comissao-interministerial-de-contratacoes-publicas-para-o-desenvolvimento-sustentavel;commission;;executivo;3;Comissão Interministerial de Contratações Públicas para o Desenvolvimento Sustentável;br-ministerio-da-gestao;SIORG (ato normativo não informado);
br-comissao-interministerial-de-governanca-corporativa-e-de-administracao-de-participacoes-societarias-da-uniao;commission;;executivo;3;Comissão Interministerial de Governança Corporativa e de Administração de Participações Societárias da União;br-ministerio-da-gestao;SIORG (ato normativo não informado);
br-comite-gestor-de-tecnologia-da-informacao-e-comunicacoes;commission;;executivo;3;Comitê Gestor de Tecnologia da Informação e Comunicações;br-ministerio-da-gestao;SIORG (ato normativo não informado);
br-comite-consultivo-e-deliberativo-do-concurso-publico-nacional-unificado;commission;;executivo;3;Comitê Consultivo e Deliberativo do Concurso Público Nacional Unificado;br-ministerio-da-gestao;SIORG (ato normativo não informado);
br-comissao-nacional-de-classificacao;commission;;executivo;3;Comissão Nacional de Classificação;br-ministerio-do-planejamento-e-orcamento;SIORG (ato normativo não informado);
br-comissao-nacional-de-cartografia;commission;;executivo;3;Comissão Nacional de Cartografia;br-ministerio-do-planejamento-e-orcamento;SIORG (ato normativo não informado);
br-conselho-de-monitoramento-e-avaliacao-de-politicas-publicas;commission;;executivo;3;Conselho de Monitoramento e Avaliação de Políticas Públicas;br-ministerio-do-planejamento-e-orcamento;SIORG (ato normativo não informado);
br-comissao-interministerial-para-a-infraestrutura-e-o-planejamento-da-integracao-da-america-do-sul;commission;;executivo;3;Comissão Interministerial para a Infraestrutura e o Planejamento da Integração da América do Sul;br-ministerio-do-planejamento-e-orcamento;SIORG (ato normativo não informado);
br-conselho-nacional-de-fertilizantes-e-nutricao-de-plantas;commission;;executivo;3;Conselho Nacional de Fertilizantes e Nutrição de Plantas;br-ministerio-do-desenvolvimento-industria-comercio-e-servicos;SIORG (ato normativo não informado);
br-conselho-nacional-de-metrologia-normalizacao-e-qualidade-industrial;commission;;executivo;3;Conselho Nacional de Metrologia, Normalização e Qualidade Industrial;br-ministerio-do-desenvolvimento-industria-comercio-e-servicos;SIORG (ato normativo não informado);
br-comite-gestor-do-programa-de-fortalecimento-da-capacidade-institucional-para-gestao-em-regulacao-pro-reg;commission;;executivo;3;Comitê Gestor do Programa de Fortalecimento da Capacidade Institucional para Gestão em Regulação - PRO-REG;br-ministerio-do-desenvolvimento-industria-comercio-e-servicos;SIORG (ato normativo não informado);
br-conselho-gestor-do-brasil-semicon;commission;;executivo;3;Conselho Gestor do Brasil Semicon;br-ministerio-do-desenvolvimento-industria-comercio-e-servicos;SIORG (ato normativo não informado);
br-comite-gestor-da-sala-de-inovacao;commission;;executivo;3;Comitê Gestor da Sala de Inovação;br-ministerio-do-desenvolvimento-industria-comercio-e-servicos;SIORG (ato normativo não informado);
br-comite-nacional-de-biotecnologia;commission;;executivo;3;Comitê Nacional de Biotecnologia;br-ministerio-do-desenvolvimento-industria-comercio-e-servicos;SIORG (ato normativo não informado);
br-comite-gestor-do-sem-barreiras;commission;;executivo;3;Comitê Gestor do SEM Barreiras;br-ministerio-do-desenvolvimento-industria-comercio-e-servicos;SIORG (ato normativo não informado);
br-conselho-nacional-das-zonas-de-processamento-de-exportacao;commission;;executivo;3;Conselho Nacional das Zonas de Processamento de Exportação;br-ministerio-do-desenvolvimento-industria-comercio-e-servicos;SIORG (ato normativo não informado);
br-comite-interministerial-de-negociacao-e-contramedidas-economicas-e-comerciais;commission;;executivo;3;Comitê Interministerial de Negociação e Contramedidas Econômicas e Comerciais;br-ministerio-do-desenvolvimento-industria-comercio-e-servicos;SIORG (ato normativo não informado);
br-comite-nacional-para-a-promocao-da-cultura-exportadora;commission;;executivo;3;Comitê Nacional para a Promoção da Cultura Exportadora;br-ministerio-do-desenvolvimento-industria-comercio-e-servicos;SIORG (ato normativo não informado);
br-conselho-nacional-dos-direitos-das-mulheres;commission;;executivo;3;Conselho Nacional dos Direitos das Mulheres;br-ministerio-das-mulheres;SIORG (ato normativo não informado);
br-comite-gestor-do-programa-protege-brasil;commission;;executivo;3;Comitê Gestor do Programa Protege Brasil;br-ministerio-dos-direitos-humanos-e-da-cidadania;SIORG (ato normativo não informado);
br-comite-gestor-nac-do-compr-nac-pela-erradicacao-do-sub-registro-civil-de-nasc-e-ampl-do-acs-a-doc-basic;commission;;executivo;3;Comitê Gestor Nac. do Compr. Nac. pela Erradicação do Sub-registro Civil de Nasc. e Ampl. do Acs. à Doc. Básic;br-ministerio-dos-direitos-humanos-e-da-cidadania;SIORG (ato normativo não informado);
br-conselho-nacional-dos-direitos-da-pessoa-com-deficiencia;commission;;executivo;3;Conselho Nacional dos Direitos da Pessoa com Deficiência;br-ministerio-dos-direitos-humanos-e-da-cidadania;SIORG (ato normativo não informado);
br-conselho-nacional-de-combate-a-discriminacao;commission;;executivo;3;Conselho Nacional de Combate à Discriminação;br-ministerio-dos-direitos-humanos-e-da-cidadania;SIORG (ato normativo não informado);
br-conselho-nacional-dos-direitos-das-pessoas-lgbtqia;commission;;executivo;3;Conselho Nacional dos Direitos das Pessoas LGBTQIA+;br-ministerio-dos-direitos-humanos-e-da-cidadania;SIORG (ato normativo não informado);
br-comite-intersetorial-de-acompanhamento-e-monitoramento-da-politica-nacional-para-populacao-em-situacao-de-rua;commission;;executivo;3;Comitê Intersetorial de Acompanhamento e Monitoramento da Política Nacional para População em Situação de Rua;br-ministerio-dos-direitos-humanos-e-da-cidadania;SIORG (ato normativo não informado);
br-comissao-nacional-de-erradicacao-do-trabalho-escravo;commission;;executivo;3;Comissão Nacional de Erradicação do Trabalho Escravo;br-ministerio-dos-direitos-humanos-e-da-cidadania;SIORG (ato normativo não informado);
br-conselho-deliberativo-do-programa-de-protecao-aos-defensores-dos-direitos-humanos-comunicad-e-ambientalistas;commission;;executivo;3;Conselho Deliberativo do Programa de Proteção aos Defensores dos Direitos Humanos, Comunicad. e Ambientalistas;br-ministerio-dos-direitos-humanos-e-da-cidadania;SIORG (ato normativo não informado);
br-comissao-interministerial-de-avaliacao;commission;;executivo;3;Comissão Interministerial de Avaliação;br-ministerio-dos-direitos-humanos-e-da-cidadania;SIORG (ato normativo não informado);
br-comite-gestor-de-politicas-de-enfrentamento-a-violencia-contra-crianca-e-adolescente;commission;;executivo;3;Comitê Gestor de Políticas de Enfrentamento à Violência contra Criança e Adolescente;br-ministerio-dos-direitos-humanos-e-da-cidadania;SIORG (ato normativo não informado);
br-conselho-nacional-dos-direitos-humanos;commission;;executivo;3;Conselho Nacional dos Direitos Humanos;br-ministerio-dos-direitos-humanos-e-da-cidadania;SIORG (ato normativo não informado);
br-conselho-nacional-dos-direitos-da-pessoa-idosa;commission;;executivo;3;Conselho Nacional dos Direitos da Pessoa Idosa;br-ministerio-dos-direitos-humanos-e-da-cidadania;SIORG (ato normativo não informado);
br-comite-nacional-de-prevencao-e-combate-a-tortura;commission;;executivo;3;Comitê Nacional de Prevenção e Combate à Tortura;br-ministerio-dos-direitos-humanos-e-da-cidadania;SIORG (ato normativo não informado);
br-comite-gestor-do-sistema-nacional-de-informacoes-de-registro-civil;commission;;executivo;3;Comitê Gestor do Sistema Nacional de Informações de Registro Civil;br-ministerio-dos-direitos-humanos-e-da-cidadania;SIORG (ato normativo não informado);
br-comite-gestor-da-rede-nacional-de-identificacao-e-localizacao-de-criancas-e-adolescentes-desaparecidos;commission;;executivo;3;Comitê Gestor da Rede Nacional de Identificação e Localização de Crianças e Adolescentes Desaparecidos;br-ministerio-dos-direitos-humanos-e-da-cidadania;SIORG (ato normativo não informado);
br-comissao-nacional-de-autoridades-aeroportuarias;commission;;executivo;3;Comissão Nacional de Autoridades Aeroportuárias;br-ministerio-de-portos-e-aeroportos;SIORG (ato normativo não informado);
br-comissao-nacional-das-autoridades-nos-portos;commission;;executivo;3;Comissão Nacional das Autoridades nos Portos;br-ministerio-de-portos-e-aeroportos;SIORG (ato normativo não informado);
br-comite-gestor-do-fundo-nacional-de-aviacao-civil;commission;;executivo;3;Comitê Gestor do Fundo Nacional de Aviação Civil;br-ministerio-de-portos-e-aeroportos;SIORG (ato normativo não informado);
br-conselho-nacional-de-secretarios-de-transportes;commission;;executivo;3;Conselho Nacional de Secretários de Transportes;br-ministerio-dos-transportes;SIORG (ato normativo não informado);
br-comissao-nacional-das-autoridades-de-transportes-terrestres;commission;;executivo;3;Comissão Nacional das Autoridades de Transportes Terrestres;br-ministerio-dos-transportes;SIORG (ato normativo não informado);
br-conselho-nacional-de-previdencia-complementar;commission;;executivo;3;Conselho Nacional de Previdência Complementar;br-ministerio-da-previdencia-social;SIORG (ato normativo não informado);
br-conselho-nacional-dos-regimes-proprios-de-previdencia-social;commission;;executivo;3;Conselho Nacional dos Regimes Próprios de Previdência Social;br-ministerio-da-previdencia-social;SIORG (ato normativo não informado);
br-conselho-nacional-de-previdencia-social;commission;;executivo;3;Conselho Nacional de Previdência Social;br-ministerio-da-previdencia-social;SIORG (ato normativo não informado);
br-conselho-nacional-do-trabalho;commission;;executivo;3;Conselho Nacional do Trabalho;br-ministerio-do-trabalho-e-emprego;SIORG (ato normativo não informado);
br-conselho-nacional-de-economia-solidaria;commission;;executivo;3;Conselho Nacional de Economia Solidária;br-ministerio-do-trabalho-e-emprego;SIORG (ato normativo não informado);
br-comissao-nacional-dos-trabalhadores-rurais-empregados;commission;;executivo;3;Comissão Nacional dos Trabalhadores Rurais Empregados;br-ministerio-do-trabalho-e-emprego;SIORG (ato normativo não informado);
br-comissao-nacional-de-erradicacao-do-trabalho-infantil;commission;;executivo;3;Comissão Nacional de Erradicação do Trabalho Infantil;br-ministerio-do-trabalho-e-emprego;SIORG (ato normativo não informado);
br-comite-gestor-das-operacoes-de-credito-consignado;commission;;executivo;3;Comitê Gestor das Operações de Crédito Consignado;br-ministerio-do-trabalho-e-emprego;SIORG (ato normativo não informado);
br-conselho-deliberativo-do-fundo-de-amparo-ao-trabalhador;commission;;executivo;3;Conselho Deliberativo do Fundo de Amparo ao Trabalhador;br-ministerio-do-trabalho-e-emprego;SIORG (ato normativo não informado);
br-comite-gestor-do-programa-de-alimentacao-do-trabalhador;commission;;executivo;3;Comitê Gestor do Programa de Alimentação do Trabalhador;br-ministerio-do-trabalho-e-emprego;SIORG (ato normativo não informado);
br-comissao-interministerial-brasil-200-anos;commission;;executivo;3;Comissão Interministerial Brasil 200 Anos;br-ministerio-da-cultura;SIORG (ato normativo não informado);
br-conselho-nacional-de-politica-cultural;commission;;executivo;3;Conselho Nacional de Política Cultural;br-ministerio-da-cultura;SIORG (ato normativo não informado);
br-comissao-intergestores-tripartite-do-sistema-nacional-de-cultura;commission;;executivo;3;Comissão Intergestores Tripartite do Sistema Nacional de Cultura;br-ministerio-da-cultura;SIORG (ato normativo não informado);
br-comissao-nacional-de-incentivo-a-cultura;commission;;executivo;3;Comissão Nacional de Incentivo à Cultura;br-ministerio-da-cultura;SIORG (ato normativo não informado);
br-comite-executivo-do-plano-nacional-de-cultura;commission;;executivo;3;Comitê Executivo do Plano Nacional de Cultura;br-ministerio-da-cultura;SIORG (ato normativo não informado);
br-comite-de-enfrentamento-da-desinformacao-sobre-o-prog-nacional-de-imunizacoes-e-as-politicas-de-saude-publica;commission;;executivo;3;Comitê de Enfrentamento da Desinformação sobre o Prog. Nacional de Imunizações e as Políticas de Saúde Pública;br-secretaria-de-comunicacao-social;SIORG (ato normativo não informado);
br-comite-gestor-da-politica-nacional-de-gestao-territorial-e-ambiental-quilombola;commission;;executivo;3;Comitê Gestor da Política Nacional de Gestão Territorial e Ambiental Quilombola;br-ministerio-da-igualdade-racial;SIORG (ato normativo não informado);
br-comite-gestor-do-plano-juventude-negra-viva;commission;;executivo;3;Comitê Gestor do Plano Juventude Negra Viva;br-ministerio-da-igualdade-racial;SIORG (ato normativo não informado);
br-comite-gestor-do-programa-aquilomba-brasil;commission;;executivo;3;Comitê Gestor do Programa Aquilomba Brasil;br-ministerio-da-igualdade-racial;SIORG (ato normativo não informado);
br-conselho-nacional-de-promocao-da-igualdade-racial;commission;;executivo;3;Conselho Nacional de Promoção da Igualdade Racial;br-ministerio-da-igualdade-racial;SIORG (ato normativo não informado);
br-conselho-nacional-de-politica-indigenista;commission;;executivo;3;Conselho Nacional de Política Indigenísta;br-ministerio-dos-povos-indigenas;SIORG (ato normativo não informado);
br-comite-interministerial-de-desintrusao-de-terras-indigenas;commission;;executivo;3;Comitê Interministerial de Desintrusão de Terras Indígenas;br-ministerio-dos-povos-indigenas;SIORG (ato normativo não informado);
br-comite-gestor-da-politica-nacional-de-gestao-territorial-e-ambiental-de-terras-indigenas;commission;;executivo;3;Comitê Gestor da Política Nacional de Gestão Territorial e Ambiental de Terras Indígenas;br-ministerio-dos-povos-indigenas;SIORG (ato normativo não informado);
br-comissao-de-assuntos-sociais-do-senado;commission;;legislativo;3;Comissão de Assuntos Sociais do Senado;br-senado-federal;"CF/88 art. 58; RISF arts. 72-73";https://legis.senado.leg.br/comissoes/comissao?codcol=40
br-comissao-de-comunicacao-e-direito-digital-do-senado;commission;;legislativo;3;Comissão de Comunicação e Direito Digital do Senado;br-senado-federal;"CF/88 art. 58; RISF arts. 72-73";https://legis.senado.leg.br/comissoes/comissao?codcol=2614
br-comissao-de-ciencia-tecnologia-inovacao-e-informatica-do-senado;commission;;legislativo;3;Comissão de Ciência, Tecnologia, Inovação e Informática do Senado;br-senado-federal;"CF/88 art. 58; RISF arts. 72-73";https://legis.senado.leg.br/comissoes/comissao?codcol=1363
br-comissao-de-defesa-da-democracia-do-senado;commission;;legislativo;3;Comissão de Defesa da Democracia do Senado;br-senado-federal;"CF/88 art. 58; RISF arts. 72-73";https://legis.senado.leg.br/comissoes/comissao?codcol=2617
br-comissao-de-direitos-humanos-e-legislacao-participativa-do-senado;commission;;legislativo;3;Comissão de Direitos Humanos e Legislação Participativa do Senado;br-senado-federal;"CF/88 art. 58; RISF arts. 72-73";https://legis.senado.leg.br/comissoes/comissao?codcol=834
br-comissao-de-desenvolvimento-regional-e-turismo-do-senado;commission;;legislativo;3;Comissão de Desenvolvimento Regional e Turismo do Senado;br-senado-federal;"CF/88 art. 58; RISF arts. 72-73";https://legis.senado.leg.br/comissoes/comissao?codcol=1306
br-comissao-de-educacao-e-cultura-do-senado;commission;;legislativo;3;Comissão de Educação e Cultura do Senado;br-senado-federal;"CF/88 art. 58; RISF arts. 72-73";https://legis.senado.leg.br/comissoes/comissao?codcol=47
br-comissao-de-esporte-do-senado;commission;;legislativo;3;Comissão de Esporte do Senado;br-senado-federal;"CF/88 art. 58; RISF arts. 72-73";https://legis.senado.leg.br/comissoes/comissao?codcol=2615
br-comissao-de-meio-ambiente-do-senado;commission;;legislativo;3;Comissão de Meio Ambiente do Senado;br-senado-federal;"CF/88 art. 58; RISF arts. 72-73";https://legis.senado.leg.br/comissoes/comissao?codcol=50
br-comissao-de-agricultura-e-reforma-agraria-do-senado;commission;;legislativo;3;Comissão de Agricultura e Reforma Agrária do Senado;br-senado-federal;"CF/88 art. 58; RISF arts. 72-73";https://legis.senado.leg.br/comissoes/comissao?codcol=1307
br-comissao-de-seguranca-publica-do-senado;commission;;legislativo;3;Comissão de Segurança Pública do Senado;br-senado-federal;"CF/88 art. 58; RISF arts. 72-73";https://legis.senado.leg.br/comissoes/comissao?codcol=2429
br-comissao-de-transparencia-governanca-fiscalizacao-e-controle-e-defesa-do-consumidor-do-senado;commission;;legislativo;3;Comissão de Transparência, Governança, Fiscalização e Controle e Defesa do Consumidor do Senado;br-senado-federal;"CF/88 art. 58; RISF arts. 72-73";https://legis.senado.leg.br/comissoes/comissao?codcol=1956
br-comissao-de-agricultura-pecuaria-abastecimento-e-desenvolvimento-rural-da-camara;commission;;legislativo;3;Comissão de Agricultura, Pecuária, Abastecimento e Desenvolvimento Rural da Câmara;br-camara-dos-deputados;"CF/88 art. 58; RICD arts. 22 e 32";https://www.camara.leg.br/comissoes/capadr
br-comissao-de-administracao-e-servico-publico-da-camara;commission;;legislativo;3;Comissão de Administração e Serviço Público da Câmara;br-camara-dos-deputados;"CF/88 art. 58; RICD arts. 22 e 32";https://www.camara.leg.br/comissoes/casp
br-comissao-de-comunicacao-da-camara;commission;;legislativo;3;Comissão de Comunicação da Câmara;br-camara-dos-deputados;"CF/88 art. 58; RICD arts. 22 e 32";https://www.camara.leg.br/comissoes/ccom
br-comissao-de-ciencia-tecnologia-e-inovacao-da-camara;commission;;legislativo;3;Comissão de Ciência, Tecnologia e Inovação da Câmara;br-camara-dos-deputados;"CF/88 art. 58; RICD arts. 22 e 32";https://www.camara.leg.br/comissoes/ccti
br-comissao-de-cultura-da-camara;commission;;legislativo;3;Comissão de Cultura da Câmara;br-camara-dos-deputados;"CF/88 art. 58; RICD arts. 22 e 32";https://www.camara.leg.br/comissoes/ccult
br-comissao-de-defesa-do-consumidor-da-camara;commission;;legislativo;3;Comissão de Defesa do Consumidor da Câmara;br-camara-dos-deputados;"CF/88 art. 58; RICD arts. 22 e 32";https://www.camara.leg.br/comissoes/cdc
br-comissao-de-desenvolvimento-economico-da-camara;commission;;legislativo;3;Comissão de Desenvolvimento Econômico da Câmara;br-camara-dos-deputados;"CF/88 art. 58; RICD arts. 22 e 32";https://www.camara.leg.br/comissoes/cde
br-comissao-de-direitos-humanos-minorias-e-igualdade-racial-da-camara;commission;;legislativo;3;Comissão de Direitos Humanos, Minorias e Igualdade Racial da Câmara;br-camara-dos-deputados;"CF/88 art. 58; RICD arts. 22 e 32";https://www.camara.leg.br/comissoes/cdhmir
br-comissao-de-desenvolvimento-urbano-da-camara;commission;;legislativo;3;Comissão de Desenvolvimento Urbano da Câmara;br-camara-dos-deputados;"CF/88 art. 58; RICD arts. 22 e 32";https://www.camara.leg.br/comissoes/cdu
br-comissao-de-educacao-da-camara;commission;;legislativo;3;Comissão de Educação da Câmara;br-camara-dos-deputados;"CF/88 art. 58; RICD arts. 22 e 32";https://www.camara.leg.br/comissoes/ce
br-comissao-do-esporte-da-camara;commission;;legislativo;3;Comissão do Esporte da Câmara;br-camara-dos-deputados;"CF/88 art. 58; RICD arts. 22 e 32";https://www.camara.leg.br/comissoes/cespo
br-comissao-de-fiscalizacao-financeira-e-controle-da-camara;commission;;legislativo;3;Comissão de Fiscalização Financeira e Controle da Câmara;br-camara-dos-deputados;"CF/88 art. 58; RICD arts. 22 e 32";https://www.camara.leg.br/comissoes/cffc
br-comissao-de-industria-comercio-e-servicos-da-camara;commission;;legislativo;3;Comissão de Indústria, Comércio e Serviços da Câmara;br-camara-dos-deputados;"CF/88 art. 58; RICD arts. 22 e 32";https://www.camara.leg.br/comissoes/cics
br-comissao-de-defesa-dos-direitos-da-pessoa-idosa-da-camara;commission;;legislativo;3;Comissão de Defesa dos Direitos da Pessoa Idosa da Câmara;br-camara-dos-deputados;"CF/88 art. 58; RICD arts. 22 e 32";https://www.camara.leg.br/comissoes/cidoso
br-comissao-de-integracao-nacional-e-desenvolvimento-regional-da-camara;commission;;legislativo;3;Comissão de Integração Nacional e Desenvolvimento Regional da Câmara;br-camara-dos-deputados;"CF/88 art. 58; RICD arts. 22 e 32";https://www.camara.leg.br/comissoes/cindre
br-comissao-de-legislacao-participativa-da-camara;commission;;legislativo;3;Comissão de Legislação Participativa da Câmara;br-camara-dos-deputados;"CF/88 art. 58; RICD arts. 22 e 32";https://www.camara.leg.br/comissoes/clp
br-comissao-de-meio-ambiente-e-desenvolvimento-sustentavel-da-camara;commission;;legislativo;3;Comissão de Meio Ambiente e Desenvolvimento Sustentável da Câmara;br-camara-dos-deputados;"CF/88 art. 58; RICD arts. 22 e 32";https://www.camara.leg.br/comissoes/cmads
br-comissao-de-minas-e-energia-da-camara;commission;;legislativo;3;Comissão de Minas e Energia da Câmara;br-camara-dos-deputados;"CF/88 art. 58; RICD arts. 22 e 32";https://www.camara.leg.br/comissoes/cme
br-comissao-de-defesa-dos-direitos-da-mulher-da-camara;commission;;legislativo;3;Comissão de Defesa dos Direitos da Mulher da Câmara;br-camara-dos-deputados;"CF/88 art. 58; RICD arts. 22 e 32";https://www.camara.leg.br/comissoes/cmulher
br-comissao-de-previdencia-assistencia-social-infancia-adolescencia-e-familia-da-camara;commission;;legislativo;3;Comissão de Previdência, Assistência Social, Infância, Adolescência e Família da Câmara;br-camara-dos-deputados;"CF/88 art. 58; RICD arts. 22 e 32";https://www.camara.leg.br/comissoes/cpasf
br-comissao-de-defesa-dos-direitos-das-pessoas-com-deficiencia-da-camara;commission;;legislativo;3;Comissão de Defesa dos Direitos das Pessoas com Deficiência da Câmara;br-camara-dos-deputados;"CF/88 art. 58; RICD arts. 22 e 32";https://www.camara.leg.br/comissoes/cpd
br-comissao-da-amazonia-e-dos-povos-originarios-e-tradicionais-da-camara;commission;;legislativo;3;Comissão da Amazônia e dos Povos Originários e Tradicionais da Câmara;br-camara-dos-deputados;"CF/88 art. 58; RICD arts. 22 e 32";https://www.camara.leg.br/comissoes/cpovos
br-comissao-de-relacoes-exteriores-e-de-defesa-nacional-da-camara;commission;;legislativo;3;Comissão de Relações Exteriores e de Defesa Nacional da Câmara;br-camara-dos-deputados;"CF/88 art. 58; RICD arts. 22 e 32";https://www.camara.leg.br/comissoes/credn
br-comissao-de-saude-da-camara;commission;;legislativo;3;Comissão de Saúde da Câmara;br-camara-dos-deputados;"CF/88 art. 58; RICD arts. 22 e 32";https://www.camara.leg.br/comissoes/csaude
br-comissao-de-seguranca-publica-e-combate-ao-crime-organizado-da-camara;commission;;legislativo;3;Comissão de Segurança Pública e Combate ao Crime Organizado da Câmara;br-camara-dos-deputados;"CF/88 art. 58; RICD arts. 22 e 32";https://www.camara.leg.br/comissoes/cspcco
br-comissao-de-trabalho-da-camara;commission;;legislativo;3;Comissão de Trabalho da Câmara;br-camara-dos-deputados;"CF/88 art. 58; RICD arts. 22 e 32";https://www.camara.leg.br/comissoes/ctrab
br-comissao-de-turismo-da-camara;commission;;legislativo;3;Comissão de Turismo da Câmara;br-camara-dos-deputados;"CF/88 art. 58; RICD arts. 22 e 32";https://www.camara.leg.br/comissoes/ctur
br-comissao-de-viacao-e-transportes-da-camara;commission;;legislativo;3;Comissão de Viação e Transportes da Câmara;br-camara-dos-deputados;"CF/88 art. 58; RICD arts. 22 e 32";https://www.camara.leg.br/comissoes/cvt
br-comissao-mista-de-controle-das-atividades-de-inteligencia;commission;;legislativo;3;Comissão Mista de Controle das Atividades de Inteligência;br-congresso-nacional;"CF/88 art. 58; (Resolução nº 2, de 2013-CN - Art. 6º da Lei nº 9.883/1999)";https://www.congressonacional.leg.br/comissoes
br-secretaria-executiva-cgu;department;;executivo;3;Secretaria-Executiva da Controladoria-Geral da União;br-controladoria-geral-da-uniao;"Lei 14.600/2023; decreto de estrutura do ministério";https://www.gov.br/cgu/pt-br/acesso-a-informacao/institucional/quem-e-quem/secretaria-federal-de-controle-interno
br-secretaria-federal-de-controle-interno;department;;executivo;3;Secretaria Federal de Controle Interno;br-controladoria-geral-da-uniao;"Lei 14.600/2023; decreto de estrutura do ministério";https://www.gov.br/cgu/pt-br/acesso-a-informacao/institucional/quem-e-quem/secretaria-federal-de-controle-interno
br-secretaria-nacional-de-transparencia-e-acesso-a-informacao;department;;executivo;3;Secretaria Nacional de Transparência e Acesso à Informação;br-controladoria-geral-da-uniao;"Lei 14.600/2023; decreto de estrutura do ministério";https://www.gov.br/cgu/pt-br/acesso-a-informacao/institucional/quem-e-quem/secretaria-nacional-de-transparencia-e-acesso-a-informacao
br-secretaria-de-integridade-privada;department;;executivo;3;Secretaria de Integridade Privada;br-controladoria-geral-da-uniao;"Lei 14.600/2023; decreto de estrutura do ministério";https://www.gov.br/cgu/pt-br/acesso-a-informacao/institucional/quem-e-quem/secretaria-de-integridade-privada
br-secretaria-de-integridade-publica;department;;executivo;3;Secretaria de Integridade Pública;br-controladoria-geral-da-uniao;"Lei 14.600/2023; decreto de estrutura do ministério";https://www.gov.br/cgu/pt-br/acesso-a-informacao/institucional/quem-e-quem/secretaria-federal-de-controle-interno
br-secretaria-executiva-agricultura;department;;executivo;3;Secretaria-Executiva do Ministério da Agricultura e Pecuária;br-ministerio-da-agricultura-e-pecuaria;"Lei 14.600/2023; decreto de estrutura do ministério";https://www.gov.br/agricultura/pt-br/acesso-a-informacao/institucional/quem-e-quem-novo/se/secretaria-executiva-staff
br-secretaria-de-comercio-e-relacoes-internacionais;department;;executivo;3;Secretaria de Comércio e Relações Internacionais;br-ministerio-da-agricultura-e-pecuaria;"Lei 14.600/2023; decreto de estrutura do ministério";https://www.gov.br/agricultura/pt-br/acesso-a-informacao/institucional/quem-e-quem-novo/scri/staff-e-gabinete
br-secretaria-de-defesa-agropecuaria;department;;executivo;3;Secretaria de Defesa Agropecuária;br-ministerio-da-agricultura-e-pecuaria;"Lei 14.600/2023; decreto de estrutura do ministério";https://www.gov.br/agricultura/pt-br/acesso-a-informacao/institucional/quem-e-quem-novo/sda/secretaria-de-defesa-agropecuaria-staff-e-gabinete-1
br-secretaria-de-desenvolvimento-rural;department;;executivo;3;Secretaria de Desenvolvimento Rural;br-ministerio-da-agricultura-e-pecuaria;"Lei 14.600/2023; decreto de estrutura do ministério";https://www.gov.br/agricultura/pt-br/acesso-a-informacao/institucional/quem-e-quem-novo/sdr/staff-e-gabinete
br-secretaria-de-politica-agricola;department;;executivo;3;Secretaria de Política Agrícola;br-ministerio-da-agricultura-e-pecuaria;"Lei 14.600/2023; decreto de estrutura do ministério";https://www.gov.br/agricultura/pt-br/acesso-a-informacao/institucional/quem-e-quem-novo/spa/staff-e-gabinete
br-secretaria-executiva-ciencia-e-tecnologia;department;;executivo;3;Secretaria-Executiva do Ministério da Ciência, Tecnologia e Inovação;br-ministerio-da-ciencia-tecnologia-e-inovacao;"Lei 14.600/2023; decreto de estrutura do ministério";https://www.gov.br/mcti/pt-br/composicao/sexec_c/quem-e-quem
br-secretaria-de-ciencia-e-tecnologia-para-transformacao-digital;department;;executivo;3;Secretaria de Ciência e Tecnologia para Transformação Digital;br-ministerio-da-ciencia-tecnologia-e-inovacao;"Lei 14.600/2023; decreto de estrutura do ministério";https://www.gov.br/mcti/pt-br/composicao/setad_c/quem-e-quem/quem
br-secretaria-de-ciencia-e-tecnologia-para-o-desenvolvimento-social;department;;executivo;3;Secretaria de Ciência e Tecnologia para o Desenvolvimento Social;br-ministerio-da-ciencia-tecnologia-e-inovacao;"Lei 14.600/2023; decreto de estrutura do ministério";https://www.gov.br/mcti/pt-br/composicao/sexec_c/quem-e-quem
br-secretaria-de-desenvolvimento-tecnologico-e-inovacao;department;;executivo;3;Secretaria de Desenvolvimento Tecnológico e Inovação;br-ministerio-da-ciencia-tecnologia-e-inovacao;"Lei 14.600/2023; decreto de estrutura do ministério";https://www.gov.br/mcti/pt-br/composicao/sexec_c/quem-e-quem
br-secretaria-de-politicas-e-programas-estrategicos;department;;executivo;3;Secretaria de Políticas e Programas Estratégicos;br-ministerio-da-ciencia-tecnologia-e-inovacao;"Lei 14.600/2023; decreto de estrutura do ministério";https://www.gov.br/mcti/pt-br/composicao
br-secretaria-executiva-cultura;department;;executivo;3;Secretaria-Executiva do Ministério da Cultura;br-ministerio-da-cultura;"Lei 14.600/2023; decreto de estrutura do ministério";https://www.gov.br/cultura/pt-br/acesso-a-informacao/institucional/quem-e-quem
br-secretaria-de-articulacao-federativa-e-comites-de-cultura;department;;executivo;3;Secretaria de Articulação Federativa e Comitês de Cultura;br-ministerio-da-cultura;"Lei 14.600/2023; decreto de estrutura do ministério";https://www.gov.br/cultura/pt-br/acesso-a-informacao/institucional/quem-e-quem
br-secretaria-de-cidadania-e-diversidade-cultural;department;;executivo;3;Secretaria de Cidadania e Diversidade Cultural;br-ministerio-da-cultura;"Lei 14.600/2023; decreto de estrutura do ministério";https://www.gov.br/cultura/pt-br/acesso-a-informacao/institucional/quem-e-quem
br-secretaria-de-direitos-autorais-e-intelectuais;department;;executivo;3;Secretaria de Direitos Autorais e Intelectuais;br-ministerio-da-cultura;"Lei 14.600/2023; decreto de estrutura do ministério";https://www.gov.br/cultura/pt-br/acesso-a-informacao/institucional/quem-e-quem
br-secretaria-de-economia-criativa;department;;executivo;3;Secretaria de Economia Criativa;br-ministerio-da-cultura;"Lei 14.600/2023; decreto de estrutura do ministério";https://www.gov.br/cultura/pt-br/acesso-a-informacao/institucional/quem-e-quem
br-secretaria-de-fomento-e-incentivo-a-cultura;department;;executivo;3;Secretaria de Fomento e Incentivo à Cultura;br-ministerio-da-cultura;"Lei 14.600/2023; decreto de estrutura do ministério";https://www.gov.br/cultura/pt-br/acesso-a-informacao/institucional/quem-e-quem
br-secretaria-de-formacao-artistica-e-cultural-livro-e-leitura;department;;executivo;3;Secretaria de Formação Artística e Cultural, Livro e Leitura;br-ministerio-da-cultura;"Lei 14.600/2023; decreto de estrutura do ministério";https://www.gov.br/cultura/pt-br/acesso-a-informacao/institucional/quem-e-quem
br-secretaria-do-audiovisual;department;;executivo;3;Secretaria do Audiovisual;br-ministerio-da-cultura;"Lei 14.600/2023; decreto de estrutura do ministério";https://www.gov.br/cultura/pt-br/acesso-a-informacao/institucional/quem-e-quem
br-secretaria-de-controle-interno-defesa;department;;executivo;3;Secretaria de Controle Interno do Ministério da Defesa;br-ministerio-da-defesa;"Lei 14.600/2023; decreto de estrutura do ministério";https://www.gov.br/defesa/pt-br/composicao/quem-e-quem
br-secretaria-geral;department;;executivo;3;Secretaria-Geral;br-ministerio-da-defesa;"Lei 14.600/2023; decreto de estrutura do ministério";https://www.gov.br/defesa/pt-br/composicao/quem-e-quem
br-secretaria-executiva-educacao;department;;executivo;3;Secretaria-Executiva do Ministério da Educação;br-ministerio-da-educacao;"Lei 14.600/2023; decreto de estrutura do ministério";https://www.gov.br/mec/pt-br/composicao
br-secretaria-de-articulacao-intersetorial-e-com-os-sistemas-de-ensino;department;;executivo;3;Secretaria de Articulação Intersetorial e com os Sistemas de Ensino;br-ministerio-da-educacao;"Lei 14.600/2023; decreto de estrutura do ministério";https://www.gov.br/mec/pt-br/composicao
br-secretaria-de-educacao-basica;department;;executivo;3;Secretaria de Educação Básica;br-ministerio-da-educacao;"Lei 14.600/2023; decreto de estrutura do ministério";https://www.gov.br/mec/pt-br/composicao
br-secretaria-de-educacao-continuada-alfabetizacao-de-jovens-e-adultos-diversidade-e-inclusao;department;;executivo;3;Secretaria de Educação Continuada, Alfabetização de Jovens e Adultos, Diversidade e Inclusão;br-ministerio-da-educacao;"Lei 14.600/2023; decreto de estrutura do ministério";https://www.gov.br/mec/pt-br/composicao
br-secretaria-de-educacao-profissional-e-tecnologica;department;;executivo;3;Secretaria de Educação Profissional e Tecnológica;br-ministerio-da-educacao;"Lei 14.600/2023; decreto de estrutura do ministério";https://www.gov.br/mec/pt-br/composicao
br-secretaria-de-educacao-superior;department;;executivo;3;Secretaria de Educação Superior;br-ministerio-da-educacao;"Lei 14.600/2023; decreto de estrutura do ministério";https://www.gov.br/mec/pt-br/composicao
br-secretaria-de-gestao-da-informacao-inovacao-e-avaliacao-de-politicas-educacionais;department;;executivo;3;Secretaria de Gestão da Informação, Inovação e Avaliação de Políticas Educacionais;br-ministerio-da-educacao;"Lei 14.600/2023; decreto de estrutura do ministério";https://www.gov.br/mec/pt-br/composicao
br-secretaria-de-regulacao-e-supervisao-da-educacao-superior;department;;executivo;3;Secretaria de Regulação e Supervisão da Educação Superior;br-ministerio-da-educacao;"Lei 14.600/2023; decreto de estrutura do ministério";https://www.gov.br/mec/pt-br/composicao
br-secretaria-executiva-fazenda;department;;executivo;3;Secretaria-Executiva do Ministério da Fazenda;br-ministerio-da-fazenda;"Lei 14.600/2023; decreto de estrutura do ministério";https://www.gov.br/fazenda/pt-br/composicao/quem-e-quem
br-secretaria-extraordinaria-do-mercado-de-carbono;department;;executivo;3;Secretaria Extraordinária do Mercado de Carbono;br-ministerio-da-fazenda;"Lei 14.600/2023; decreto de estrutura do ministério";https://www.gov.br/fazenda/pt-br/composicao/quem-e-quem
br-secretaria-de-assuntos-internacionais;department;;executivo;3;Secretaria de Assuntos Internacionais;br-ministerio-da-fazenda;"Lei 14.600/2023; decreto de estrutura do ministério";https://www.gov.br/fazenda/pt-br/composicao/quem-e-quem
br-secretaria-de-politica-economica;department;;executivo;3;Secretaria de Política Econômica;br-ministerio-da-fazenda;"Lei 14.600/2023; decreto de estrutura do ministério";https://www.gov.br/fazenda/pt-br/composicao/quem-e-quem
br-secretaria-de-premios-e-apostas;department;;executivo;3;Secretaria de Prêmios e Apostas;br-ministerio-da-fazenda;"Lei 14.600/2023; decreto de estrutura do ministério";https://www.gov.br/fazenda/pt-br/composicao/quem-e-quem
br-secretaria-de-reformas-economicas;department;;executivo;3;Secretaria de Reformas Econômicas;br-ministerio-da-fazenda;"Lei 14.600/2023; decreto de estrutura do ministério";https://www.gov.br/fazenda/pt-br/composicao/quem-e-quem
br-secretaria-executiva-gestao;department;;executivo;3;Secretaria-Executiva do Ministério da Gestão e da Inovação em Serviços Públicos;br-ministerio-da-gestao;"Lei 14.600/2023; decreto de estrutura do ministério";https://www.gov.br/gestao/pt-br/composicao/quem-e-quem/ministra-e-orgaos-de-assistencia-direta
br-secretaria-extraordinaria-para-a-transformacao-do-estado;department;;executivo;3;Secretaria Extraordinária para a Transformação do Estado;br-ministerio-da-gestao;"Lei 14.600/2023; decreto de estrutura do ministério";https://www.gov.br/gestao/pt-br/composicao/quem-e-quem/secretaria-extraordinaria-para-a-transformacao-do-estado-sete
br-secretaria-de-coordenacao-e-governanca-das-empresas-estatais;department;;executivo;3;Secretaria de Coordenação e Governança das Empresas Estatais;br-ministerio-da-gestao;"Lei 14.600/2023; decreto de estrutura do ministério";https://www.gov.br/gestao/pt-br/composicao/quem-e-quem/secretaria-de-coordenacao-e-governanca-das-empresas-estatais-sest
br-secretaria-de-gestao-de-pessoas;department;;executivo;3;Secretaria de Gestão de Pessoas;br-ministerio-da-gestao;"Lei 14.600/2023; decreto de estrutura do ministério";https://www.gov.br/gestao/pt-br/composicao/quem-e-quem/secretaria-de-gestao-de-pessoas-sgp
br-secretaria-de-gestao-e-inovacao;department;;executivo;3;Secretaria de Gestão e Inovação;br-ministerio-da-gestao;"Lei 14.600/2023; decreto de estrutura do ministério";https://www.gov.br/gestao/pt-br/composicao/quem-e-quem/secretaria-de-gestao-e-inovacao-seges
br-secretaria-de-governo-digital;department;;executivo;3;Secretaria de Governo Digital;br-ministerio-da-gestao;"Lei 14.600/2023; decreto de estrutura do ministério";https://www.gov.br/gestao/pt-br/composicao/quem-e-quem/secretaria-de-governo-digital-sgd
br-secretaria-de-relacoes-de-trabalho;department;;executivo;3;Secretaria de Relações de Trabalho;br-ministerio-da-gestao;"Lei 14.600/2023; decreto de estrutura do ministério";https://www.gov.br/gestao/pt-br/composicao/quem-e-quem/secretaria-de-relacoes-de-trabalho-srt
br-secretaria-de-servicos-compartilhados;department;;executivo;3;Secretaria de Serviços Compartilhados;br-ministerio-da-gestao;"Lei 14.600/2023; decreto de estrutura do ministério";https://www.gov.br/gestao/pt-br/composicao/quem-e-quem/secretaria-de-servicos-compartilhados-ssc
br-secretaria-do-patrimonio-da-uniao;department;;executivo;3;Secretaria do Patrimônio da União;br-ministerio-da-gestao;"Lei 14.600/2023; decreto de estrutura do ministério";https://www.gov.br/gestao/pt-br/composicao/quem-e-quem/secretaria-do-patrimonio-da-uniao-spu
br-secretaria-executiva-igualdade-racial;department;;executivo;3;Secretaria-Executiva do Ministério da Igualdade Racial;br-ministerio-da-igualdade-racial;"Lei 14.600/2023; decreto de estrutura do ministério";https://www.gov.br/igualdaderacial/pt-br/composicao/quem-e-quem
br-secretaria-de-gestao-do-sistema-nacional-de-promocao-da-igualdade-racial;department;;executivo;3;Secretaria de Gestão do Sistema Nacional de Promoção da Igualdade Racial;br-ministerio-da-igualdade-racial;"Lei 14.600/2023; decreto de estrutura do ministério";https://www.gov.br/igualdaderacial/pt-br/composicao/quem-e-quem
br-secretaria-de-polit-p-quilombolas-povos-e-comunidades-tradic-de-mat-africana-povos-de-terreiros-e-ciganos;department;;executivo;3;Secretaria de Polít. p/ Quilombolas, Povos e Comunidades Tradic de Mat. Africana, Povos de Terreiros e Ciganos;br-ministerio-da-igualdade-racial;"Lei 14.600/2023; decreto de estrutura do ministério";https://www.gov.br/igualdaderacial/pt-br/composicao/quem-e-quem
br-secretaria-de-politicas-de-acoes-afirmativas-combate-e-superacao-do-racismo;department;;executivo;3;Secretaria de Políticas de Ações Afirmativas, Combate e Superação do Racismo;br-ministerio-da-igualdade-racial;"Lei 14.600/2023; decreto de estrutura do ministério";https://www.gov.br/igualdaderacial/pt-br/composicao/quem-e-quem
br-secretaria-executiva-integracao;department;;executivo;3;Secretaria-Executiva do Ministério da Integração e do Desenvolvimento Regional;br-ministerio-da-integracao-e-do-desenvolvimento-regional;"Lei 14.600/2023; decreto de estrutura do ministério";https://www.gov.br/mdr/pt-br/acesso-a-informacao/institucional/quem-e-quem
br-secretaria-nacional-de-fundos-e-instrumentos-financeiros;department;;executivo;3;Secretaria Nacional de Fundos e Instrumentos Financeiros;br-ministerio-da-integracao-e-do-desenvolvimento-regional;"Lei 14.600/2023; decreto de estrutura do ministério";https://www.gov.br/mdr/pt-br/acesso-a-informacao/institucional/quem-e-quem
br-secretaria-nacional-de-politicas-de-desenvolvimento-regional-e-territorial;department;;executivo;3;Secretaria Nacional de Políticas de Desenvolvimento Regional e Territorial;br-ministerio-da-integracao-e-do-desenvolvimento-regional;"Lei 14.600/2023; decreto de estrutura do ministério";https://www.gov.br/mdr/pt-br/acesso-a-informacao/institucional/quem-e-quem
br-secretaria-nacional-de-protecao-e-defesa-civil;department;;executivo;3;Secretaria Nacional de Proteção e Defesa Civil;br-ministerio-da-integracao-e-do-desenvolvimento-regional;"Lei 14.600/2023; decreto de estrutura do ministério";https://www.gov.br/mdr/pt-br/acesso-a-informacao/institucional/quem-e-quem
br-secretaria-nacional-de-seguranca-hidrica;department;;executivo;3;Secretaria Nacional de Segurança Hídrica;br-ministerio-da-integracao-e-do-desenvolvimento-regional;"Lei 14.600/2023; decreto de estrutura do ministério";https://www.gov.br/mdr/pt-br/acesso-a-informacao/institucional/quem-e-quem
br-secretaria-executiva-justica;department;;executivo;3;Secretaria-Executiva do Ministério da Justiça e Segurança Pública;br-ministerio-da-justica-e-seguranca-publica;"Lei 14.600/2023; decreto de estrutura do ministério";https://www.gov.br/mj/pt-br/acesso-a-informacao/institucional/sumario/quemequem/secretaria-executiva
br-secretaria-nacional-de-acesso-a-justica;department;;executivo;3;Secretaria Nacional de Acesso à Justiça;br-ministerio-da-justica-e-seguranca-publica;"Lei 14.600/2023; decreto de estrutura do ministério";https://www.gov.br/mj/pt-br/acesso-a-informacao/institucional/sumario/quemequem/secretaria-de-acesso-a-justica
br-secretaria-nacional-de-assuntos-legislativos;department;;executivo;3;Secretaria Nacional de Assuntos Legislativos;br-ministerio-da-justica-e-seguranca-publica;"Lei 14.600/2023; decreto de estrutura do ministério";https://www.gov.br/mj/pt-br/acesso-a-informacao/institucional/sumario/quemequem/secretaria-nacional-de-assuntos-legislativos
br-secretaria-nacional-de-direitos-digitais;department;;executivo;3;Secretaria Nacional de Direitos Digitais;br-ministerio-da-justica-e-seguranca-publica;"Lei 14.600/2023; decreto de estrutura do ministério";https://www.gov.br/mj/pt-br/acesso-a-informacao/institucional/sumario/quemequem/secretaria-direitos-digitais
br-secretaria-nacional-de-justica;department;;executivo;3;Secretaria Nacional de Justiça;br-ministerio-da-justica-e-seguranca-publica;"Lei 14.600/2023; decreto de estrutura do ministério";https://www.gov.br/mj/pt-br/acesso-a-informacao/institucional/sumario/quemequem/secretaria-nacional-de-justica
br-secretaria-nacional-de-politicas-penais;department;;executivo;3;Secretaria Nacional de Políticas Penais;br-ministerio-da-justica-e-seguranca-publica;"Lei 14.600/2023; decreto de estrutura do ministério";https://www.gov.br/mj/pt-br/acesso-a-informacao/institucional/sumario/quemequem/secretaria-executiva
br-secretaria-nacional-de-politicas-sobre-drogas-e-gestao-de-ativos;department;;executivo;3;Secretaria Nacional de Políticas sobre Drogas e Gestão de Ativos;br-ministerio-da-justica-e-seguranca-publica;"Lei 14.600/2023; decreto de estrutura do ministério";https://www.gov.br/mj/pt-br/acesso-a-informacao/institucional/sumario/quemequem/secretaria-nacional-de-politicas-sobre-drogas
br-secretaria-nacional-de-seguranca-publica;department;;executivo;3;Secretaria Nacional de Segurança Pública;br-ministerio-da-justica-e-seguranca-publica;"Lei 14.600/2023; decreto de estrutura do ministério";https://www.gov.br/mj/pt-br/acesso-a-informacao/institucional/sumario/quemequem/secretaria-nacional-de-seguranca-publica
br-secretaria-nacional-do-consumidor;department;;executivo;3;Secretaria Nacional do Consumidor;br-ministerio-da-justica-e-seguranca-publica;"Lei 14.600/2023; decreto de estrutura do ministério";https://www.gov.br/mj/pt-br/acesso-a-informacao/institucional/sumario/quemequem/secretaria-nacional-do-consumidor
br-secretaria-executiva-pesca;department;;executivo;3;Secretaria-Executiva do Ministério da Pesca e Aquicultura;br-ministerio-da-pesca-e-aquicultura;"Lei 14.600/2023; decreto de estrutura do ministério";https://www.gov.br/mpa/pt-br/acesso-a-informacao/institucional/quem-e-quem-3/secretaria-executiva/gabinete
br-secretaria-nacional-de-aquicultura;department;;executivo;3;Secretaria Nacional de Aquicultura;br-ministerio-da-pesca-e-aquicultura;"Lei 14.600/2023; decreto de estrutura do ministério";https://www.gov.br/mpa/pt-br/acesso-a-informacao/institucional/quem-e-quem-3/secretaria-nacional-de-aquicultura/gabinete
br-secretaria-nacional-de-pesca-artesanal;department;;executivo;3;Secretaria Nacional de Pesca Artesanal;br-ministerio-da-pesca-e-aquicultura;"Lei 14.600/2023; decreto de estrutura do ministério";https://www.gov.br/mpa/pt-br/acesso-a-informacao/institucional/quem-e-quem-3/secretaria-executiva/gabinete
br-secretaria-nacional-de-pesca-industrial-amadora-e-esportiva;department;;executivo;3;Secretaria Nacional de Pesca Industrial, Amadora e Esportiva;br-ministerio-da-pesca-e-aquicultura;"Lei 14.600/2023; decreto de estrutura do ministério";https://www.gov.br/mpa/pt-br/acesso-a-informacao/institucional/quem-e-quem-3/secretaria-nacional-de-pesca-industrial-amadora-e-esportiva/gabinete
br-secretaria-nacional-de-registro-monitoramento-e-pesquisa-da-pesca-e-aquicultura;department;;executivo;3;Secretaria Nacional de Registro, Monitoramento e Pesquisa da Pesca e Aquicultura;br-ministerio-da-pesca-e-aquicultura;"Lei 14.600/2023; decreto de estrutura do ministério";https://www.gov.br/mpa/pt-br/acesso-a-informacao/institucional/quem-e-quem-3/secretaria-nacional-de-registro-monitoramento-e-pesquisa-da-pesca-e-aquicultura/gabinete
br-secretaria-executiva-previdencia;department;;executivo;3;Secretaria-Executiva do Ministério da Previdência Social;br-ministerio-da-previdencia-social;"Lei 14.600/2023; decreto de estrutura do ministério";https://www.gov.br/previdencia/pt-br/composicao/quem-e-quem
br-secretaria-de-regime-geral-de-previdencia-social;department;;executivo;3;Secretaria de Regime Geral de Previdência Social;br-ministerio-da-previdencia-social;"Lei 14.600/2023; decreto de estrutura do ministério";https://www.gov.br/previdencia/pt-br/composicao/quem-e-quem
br-secretaria-de-regime-proprio-e-complementar;department;;executivo;3;Secretaria de Regime Próprio e Complementar;br-ministerio-da-previdencia-social;"Lei 14.600/2023; decreto de estrutura do ministério";https://www.gov.br/previdencia/pt-br/composicao/quem-e-quem
br-secretaria-executiva-saude;department;;executivo;3;Secretaria-Executiva do Ministério da Saúde;br-ministerio-da-saude;"Lei 14.600/2023; decreto de estrutura do ministério";https://www.gov.br/saude/pt-br/composicao/quem-e-quem
br-secretaria-de-atencao-especializada-a-saude;department;;executivo;3;Secretaria de Atenção Especializada à Saúde;br-ministerio-da-saude;"Lei 14.600/2023; decreto de estrutura do ministério";https://www.gov.br/saude/pt-br/composicao/quem-e-quem
br-secretaria-de-atencao-primaria-a-saude;department;;executivo;3;Secretaria de Atenção Primária à Saúde;br-ministerio-da-saude;"Lei 14.600/2023; decreto de estrutura do ministério";https://www.gov.br/saude/pt-br/composicao/quem-e-quem
br-secretaria-de-ciencia-tecnologia-e-inovacao-em-saude;department;;executivo;3;Secretaria de Ciência, Tecnologia e Inovação em Saúde;br-ministerio-da-saude;"Lei 14.600/2023; decreto de estrutura do ministério";https://www.gov.br/saude/pt-br/composicao/quem-e-quem
br-secretaria-de-gestao-do-trabalho-e-da-educacao-na-saude;department;;executivo;3;Secretaria de Gestão do Trabalho e da Educação na Saúde;br-ministerio-da-saude;"Lei 14.600/2023; decreto de estrutura do ministério";https://www.gov.br/saude/pt-br/composicao/quem-e-quem
br-secretaria-de-informacao-e-saude-digital;department;;executivo;3;Secretaria de Informação e Saúde Digital;br-ministerio-da-saude;"Lei 14.600/2023; decreto de estrutura do ministério";https://www.gov.br/saude/pt-br/composicao/quem-e-quem
br-secretaria-de-saude-indigena;department;;executivo;3;Secretaria de Saúde Indígena;br-ministerio-da-saude;"Lei 14.600/2023; decreto de estrutura do ministério";https://www.gov.br/saude/pt-br/composicao/quem-e-quem
br-secretaria-de-vigilancia-em-saude-e-ambiente;department;;executivo;3;Secretaria de Vigilância em Saúde e Ambiente;br-ministerio-da-saude;"Lei 14.600/2023; decreto de estrutura do ministério";https://www.gov.br/saude/pt-br/composicao/quem-e-quem
br-secretaria-executiva-cidades;department;;executivo;3;Secretaria-Executiva do Ministério das Cidades;br-ministerio-das-cidades;"Lei 14.600/2023; decreto de estrutura do ministério";https://www.gov.br/cidades/pt-br/acesso-a-informacao/institucional/quem-e-quem
br-secretaria-nacional-de-desenvolvimento-urbano-e-metropolitano;department;;executivo;3;Secretaria Nacional de Desenvolvimento Urbano e Metropolitano;br-ministerio-das-cidades;"Lei 14.600/2023; decreto de estrutura do ministério";https://www.gov.br/cidades/pt-br/acesso-a-informacao/institucional/quem-e-quem
br-secretaria-nacional-de-habitacao;department;;executivo;3;Secretaria Nacional de Habitação;br-ministerio-das-cidades;"Lei 14.600/2023; decreto de estrutura do ministério";https://www.gov.br/cidades/pt-br/acesso-a-informacao/institucional/quem-e-quem
br-secretaria-nacional-de-mobilidade-urbana;department;;executivo;3;Secretaria Nacional de Mobilidade Urbana;br-ministerio-das-cidades;"Lei 14.600/2023; decreto de estrutura do ministério";https://www.gov.br/cidades/pt-br/acesso-a-informacao/institucional/quem-e-quem
br-secretaria-nacional-de-periferias;department;;executivo;3;Secretaria Nacional de Periferias;br-ministerio-das-cidades;"Lei 14.600/2023; decreto de estrutura do ministério";https://www.gov.br/cidades/pt-br/acesso-a-informacao/institucional/quem-e-quem
br-secretaria-nacional-de-saneamento-ambiental;department;;executivo;3;Secretaria Nacional de Saneamento Ambiental;br-ministerio-das-cidades;"Lei 14.600/2023; decreto de estrutura do ministério";https://www.gov.br/cidades/pt-br/acesso-a-informacao/institucional/quem-e-quem
br-secretaria-executiva-comunicacoes;department;;executivo;3;Secretaria-Executiva do Ministério das Comunicações;br-ministerio-das-comunicacoes;"Lei 14.600/2023; decreto de estrutura do ministério";https://www.gov.br/mcom/pt-br/acesso-a-informacao/institucional/quem-e-quem
br-secretaria-de-radiodifusao;department;;executivo;3;Secretaria de Radiodifusão;br-ministerio-das-comunicacoes;"Lei 14.600/2023; decreto de estrutura do ministério";https://www.gov.br/mcom/pt-br/acesso-a-informacao/institucional/quem-e-quem
br-secretaria-de-telecomunicacoes;department;;executivo;3;Secretaria de Telecomunicações;br-ministerio-das-comunicacoes;"Lei 14.600/2023; decreto de estrutura do ministério";https://www.gov.br/mcom/pt-br/acesso-a-informacao/institucional/quem-e-quem
br-secretaria-executiva-mulheres;department;;executivo;3;Secretaria-Executiva do Ministério das Mulheres;br-ministerio-das-mulheres;"Lei 14.600/2023; decreto de estrutura do ministério";https://www.gov.br/mulheres/pt-br/composicao/secretaria-executiva/eutalia-barbosa-rodrigues-naves
br-secretaria-nacional-de-articulacao-intersetorial-e-interfederativa-e-participacao-politica;department;;executivo;3;Secretaria Nacional de Articulação Intersetorial e Interfederativa e Participação Política;br-ministerio-das-mulheres;"Lei 14.600/2023; decreto de estrutura do ministério";https://www.gov.br/mulheres/pt-br/composicao/secretaria-nacional-de-articulacao-institucional-acoes-tematicas-e-participacao-politica/sandra-kennedy-viana
br-secretaria-nacional-de-autonomia-economica-e-politica-de-cuidados;department;;executivo;3;Secretaria Nacional de Autonomia Econômica e Política de Cuidados;br-ministerio-das-mulheres;"Lei 14.600/2023; decreto de estrutura do ministério";https://www.gov.br/mulheres/pt-br/composicao/secretaria-nacional-de-autonomia-economica/joana-celia-dos-passos
br-secretaria-nacional-de-enfrentamento-a-violencia-contra-mulheres;department;;executivo;3;Secretaria Nacional de Enfrentamento à Violência contra Mulheres;br-ministerio-das-mulheres;"Lei 14.600/2023; decreto de estrutura do ministério";https://www.gov.br/mulheres/pt-br/composicao/secretaria-executiva/eutalia-barbosa-rodrigues-naves
br-secretaria-de-controle-interno-itamaraty;department;;executivo;3;Secretaria de Controle Interno do Ministério das Relações Exteriores;br-ministerio-das-relacoes-exteriores;"Lei 14.600/2023; decreto de estrutura do ministério";https://www.gov.br/mre/pt-br/composicao/quem-e-quem
br-secretaria-geral-das-relacoes-exteriores;department;;executivo;3;Secretaria-Geral das Relações Exteriores;br-ministerio-das-relacoes-exteriores;"Lei 14.600/2023; decreto de estrutura do ministério";https://www.gov.br/mre/pt-br/composicao/quem-e-quem
br-secretaria-executiva-minas-e-energia;department;;executivo;3;Secretaria-Executiva do Ministério de Minas e Energia;br-ministerio-de-minas-e-energia;"Lei 14.600/2023; decreto de estrutura do ministério";https://www.gov.br/mme/pt-br/composicao/quem-e-quem
br-secretaria-nacional-de-energia-eletrica;department;;executivo;3;Secretaria Nacional de Energia Elétrica;br-ministerio-de-minas-e-energia;"Lei 14.600/2023; decreto de estrutura do ministério";https://www.gov.br/mme/pt-br/composicao/quem-e-quem
br-secretaria-nacional-de-geologia-mineracao-e-transformacao-mineral;department;;executivo;3;Secretaria Nacional de Geologia, Mineração e Transformação Mineral;br-ministerio-de-minas-e-energia;"Lei 14.600/2023; decreto de estrutura do ministério";https://www.gov.br/mme/pt-br/composicao/quem-e-quem
br-secretaria-nacional-de-petroleo-gas-natural-e-biocombustiveis;department;;executivo;3;Secretaria Nacional de Petróleo, Gás Natural e Biocombustíveis;br-ministerio-de-minas-e-energia;"Lei 14.600/2023; decreto de estrutura do ministério";https://www.gov.br/mme/pt-br/composicao/quem-e-quem
br-secretaria-nacional-de-transicao-energetica-e-planejamento;department;;executivo;3;Secretaria Nacional de Transição Energética e Planejamento;br-ministerio-de-minas-e-energia;"Lei 14.600/2023; decreto de estrutura do ministério";https://www.gov.br/mme/pt-br/composicao/quem-e-quem
br-secretaria-executiva-portos-e-aeroportos;department;;executivo;3;Secretaria-Executiva do Ministério de Portos e Aeroportos;br-ministerio-de-portos-e-aeroportos;"Lei 14.600/2023; decreto de estrutura do ministério";https://www.gov.br/portos-e-aeroportos/pt-br/composicao/secretaria-executiva-subsecretaria-de-gestao-e-administracao/fabio-lavor-teixeira
br-secretaria-nacional-de-aviacao-civil;department;;executivo;3;Secretaria Nacional de Aviação Civil;br-ministerio-de-portos-e-aeroportos;"Lei 14.600/2023; decreto de estrutura do ministério";https://www.gov.br/portos-e-aeroportos/pt-br/composicao/secretaria-nacional-de-aviacao-civil/daniel-ramos-longo
br-secretaria-nacional-de-hidrovias-e-navegacao;department;;executivo;3;Secretaria Nacional de Hidrovias e Navegação;br-ministerio-de-portos-e-aeroportos;"Lei 14.600/2023; decreto de estrutura do ministério";https://www.gov.br/portos-e-aeroportos/pt-br/composicao/secretaria-nacional-de-hidrovias-e-navegacao/otto-luiz-burlier-da-silveira-filho
br-secretaria-nacional-de-portos;department;;executivo;3;Secretaria Nacional de Portos;br-ministerio-de-portos-e-aeroportos;"Lei 14.600/2023; decreto de estrutura do ministério";https://www.gov.br/portos-e-aeroportos/pt-br/composicao/secretaria-nacional-de-portos/alex-sandro-de-avila
br-secretaria-executiva-desenvolvimento-agrario;department;;executivo;3;Secretaria-Executiva do Ministério do Desenvolvimento Agrário e Agricultura Familiar;br-ministerio-do-desenvolvimento-agrario;"Lei 14.600/2023; decreto de estrutura do ministério";https://www.gov.br/mda/pt-br/acesso-a-informacao/institucional/quem-e-quem/secretaria-executiva
br-secretaria-de-abastecimento-cooperativismo-e-soberania-alimentar;department;;executivo;3;Secretaria de Abastecimento, Cooperativismo e Soberania Alimentar;br-ministerio-do-desenvolvimento-agrario;"Lei 14.600/2023; decreto de estrutura do ministério";https://www.gov.br/mda/pt-br/acesso-a-informacao/institucional/quem-e-quem/secretaria-de-abastecimento-cooperativismo-e-soberania-alimentar
br-secretaria-de-agricultura-familiar-e-agroecologia;department;;executivo;3;Secretaria de Agricultura Familiar e Agroecologia;br-ministerio-do-desenvolvimento-agrario;"Lei 14.600/2023; decreto de estrutura do ministério";https://www.gov.br/mda/pt-br/acesso-a-informacao/institucional/quem-e-quem/secretaria-de-agricultura-familiar-e-agroecologia
br-secretaria-de-governanca-fundiaria-desenvolvimento-territorial-e-socioambiental;department;;executivo;3;Secretaria de Governança Fundiária, Desenvolvimento Territorial e Socioambiental;br-ministerio-do-desenvolvimento-agrario;"Lei 14.600/2023; decreto de estrutura do ministério";https://www.gov.br/mda/pt-br/acesso-a-informacao/institucional/quem-e-quem/secretaria-de-governanca-fundiaria-desenvolvimento-territorial-e-socioambiental
br-secretaria-de-territorios-e-sistemas-produtivos-quilombolas-e-tradicionais;department;;executivo;3;Secretaria de Territórios e Sistemas Produtivos Quilombolas e Tradicionais;br-ministerio-do-desenvolvimento-agrario;"Lei 14.600/2023; decreto de estrutura do ministério";https://www.gov.br/mda/pt-br/acesso-a-informacao/institucional/quem-e-quem/secretaria-de-territorios-e-sistemas-produtivos-quilombolas-e-tradicionais
br-secretaria-executiva-industria-e-comercio;department;;executivo;3;Secretaria-Executiva do Ministério do Desenvolvimento, Indústria, Comércio e Serviços;br-ministerio-do-desenvolvimento-industria-comercio-e-servicos;"Lei 14.600/2023; decreto de estrutura do ministério";https://www.gov.br/mdic/pt-br/composicao/quem-e-quem
br-secretaria-de-competitividade-e-politica-regulatoria;department;;executivo;3;Secretaria de Competitividade e Política Regulatória;br-ministerio-do-desenvolvimento-industria-comercio-e-servicos;"Lei 14.600/2023; decreto de estrutura do ministério";https://www.gov.br/mdic/pt-br/composicao/scpr
br-secretaria-de-comercio-exterior;department;;executivo;3;Secretaria de Comércio Exterior;br-ministerio-do-desenvolvimento-industria-comercio-e-servicos;"Lei 14.600/2023; decreto de estrutura do ministério";https://www.gov.br/mdic/pt-br/composicao/quem-e-quem
br-secretaria-de-desenvolvimento-industrial-inovacao-comercio-e-servicos;department;;executivo;3;Secretaria de Desenvolvimento Industrial, Inovação, Comércio e Serviços;br-ministerio-do-desenvolvimento-industria-comercio-e-servicos;"Lei 14.600/2023; decreto de estrutura do ministério";https://www.gov.br/mdic/pt-br/composicao/quem-e-quem
br-secretaria-de-economia-verde-descarbonizacao-e-bioindustria;department;;executivo;3;Secretaria de Economia Verde, Descarbonização e Bioindústria;br-ministerio-do-desenvolvimento-industria-comercio-e-servicos;"Lei 14.600/2023; decreto de estrutura do ministério";https://www.gov.br/mdic/pt-br/composicao/quem-e-quem
br-secretaria-executiva-desenvolvimento-social;department;;executivo;3;Secretaria-Executiva do Ministério do Desenvolvimento e Assistência Social, Família e Combate à Fome;br-ministerio-do-desenvolvimento-social;"Lei 14.600/2023; decreto de estrutura do ministério";https://www.gov.br/mds/pt-br/composicao/quem-e-quem
br-secretaria-extraordinaria-de-combate-a-pobreza-e-a-fome;department;;executivo;3;Secretaria Extraordinária de Combate à Pobreza e à Fome;br-ministerio-do-desenvolvimento-social;"Lei 14.600/2023; decreto de estrutura do ministério";https://www.gov.br/mds/pt-br/composicao/quem-e-quem
br-secretaria-nacional-da-politica-de-cuidados-e-familia;department;;executivo;3;Secretaria Nacional da Política de Cuidados e Família;br-ministerio-do-desenvolvimento-social;"Lei 14.600/2023; decreto de estrutura do ministério";https://www.gov.br/mds/pt-br/composicao/quem-e-quem
br-secretaria-nacional-de-assistencia-social;department;;executivo;3;Secretaria Nacional de Assistência Social;br-ministerio-do-desenvolvimento-social;"Lei 14.600/2023; decreto de estrutura do ministério";https://www.gov.br/mds/pt-br/composicao/quem-e-quem
br-secretaria-nacional-de-beneficios-assistenciais;department;;executivo;3;Secretaria Nacional de Benefícios Assistenciais;br-ministerio-do-desenvolvimento-social;"Lei 14.600/2023; decreto de estrutura do ministério";https://www.gov.br/mds/pt-br/composicao/quem-e-quem
br-secretaria-nacional-de-integracao-e-articulacao-de-plataformas-sociais-eletronicas;department;;executivo;3;Secretaria Nacional de Integração e Articulação de Plataformas Sociais Eletrônicas;br-ministerio-do-desenvolvimento-social;"Lei 14.600/2023; decreto de estrutura do ministério";https://www.gov.br/mds/pt-br/composicao/quem-e-quem
br-secretaria-nacional-de-renda-de-cidadania;department;;executivo;3;Secretaria Nacional de Renda de Cidadania;br-ministerio-do-desenvolvimento-social;"Lei 14.600/2023; decreto de estrutura do ministério";https://www.gov.br/mds/pt-br/composicao/quem-e-quem
br-secretaria-nacional-de-seguranca-alimentar-e-nutricional;department;;executivo;3;Secretaria Nacional de Segurança Alimentar e Nutricional;br-ministerio-do-desenvolvimento-social;"Lei 14.600/2023; decreto de estrutura do ministério";https://www.gov.br/mds/pt-br/composicao/quem-e-quem
br-secretaria-de-avaliacao-gestao-da-informacao-e-cadastro-unico;department;;executivo;3;Secretaria de Avaliação, Gestão da Informação e Cadastro Único;br-ministerio-do-desenvolvimento-social;"Lei 14.600/2023; decreto de estrutura do ministério";https://www.gov.br/mds/pt-br/composicao/quem-e-quem
br-secretaria-de-inclusao-socioeconomica;department;;executivo;3;Secretaria de Inclusão Socioeconômica;br-ministerio-do-desenvolvimento-social;"Lei 14.600/2023; decreto de estrutura do ministério";https://www.gov.br/mds/pt-br/composicao/quem-e-quem
br-secretaria-executiva-empreendedorismo;department;;executivo;3;Secretaria-Executiva do Ministério do Empreendedorismo, da Microempresa e da Empresa de Pequeno Porte;br-ministerio-do-empreendedorismo;"Lei 14.600/2023; decreto de estrutura do ministério";https://www.gov.br/empreendedor/
br-secretaria-nacional-de-ambiente-de-negocios;department;;executivo;3;Secretaria Nacional de Ambiente de Negócios;br-ministerio-do-empreendedorismo;"Lei 14.600/2023; decreto de estrutura do ministério";https://www.gov.br/empreendedor/
br-secretaria-nacional-de-inclusao-socioprodutiva-artesanato-e-microempreendedor-individual;department;;executivo;3;Secretaria Nacional de Inclusão Socioprodutiva, Artesanato e Microempreendedor Individual;br-ministerio-do-empreendedorismo;"Lei 14.600/2023; decreto de estrutura do ministério";https://www.gov.br/empreendedor/
br-secretaria-executiva-esporte;department;;executivo;3;Secretaria-Executiva do Ministério do Esporte;br-ministerio-do-esporte;"Lei 14.600/2023; decreto de estrutura do ministério";https://www.gov.br/esporte/pt-br/composicao/secretaria-executiva/a-secretaria/ivo-de-almeida-ico-filho
br-secretaria-extraordinaria-da-copa-do-mundo-de-futebol-feminino-2027;department;;executivo;3;Secretaria Extraordinária da Copa do Mundo de Futebol Feminino 2027;br-ministerio-do-esporte;"Lei 14.600/2023; decreto de estrutura do ministério";https://www.gov.br/esporte/pt-br/composicao/secretaria-extraordinaria-para-a-copa-do-mundo-de-futebol-feminino/julliana-picoli-agatte
br-secretaria-nacional-de-apostas-esportivas-e-de-desenvolvimento-economico-do-esporte;department;;executivo;3;Secretaria Nacional de Apostas Esportivas e de Desenvolvimento Econômico do Esporte;br-ministerio-do-esporte;"Lei 14.600/2023; decreto de estrutura do ministério";https://www.gov.br/esporte/pt-br/composicao/secretaria-nacional-de-apostas-esportivas-e-de-desenvolvimento-economico-do-esporte/Giovanni%20Rocco%20Neto
br-secretaria-nacional-de-esporte-amador-educacao-lazer-e-inclusao-social;department;;executivo;3;Secretaria Nacional de Esporte Amador, Educação, Lazer e Inclusão Social;br-ministerio-do-esporte;"Lei 14.600/2023; decreto de estrutura do ministério";https://www.gov.br/esporte/pt-br/composicao/secretaria-nacional-de-esporte-amador-educacao-lazer-e-inclusao-social/ludmila-ferreira-martins-costa-abadia
br-secretaria-nacional-de-excelencia-esportiva;department;;executivo;3;Secretaria Nacional de Excelência Esportiva;br-ministerio-do-esporte;"Lei 14.600/2023; decreto de estrutura do ministério";https://www.gov.br/esporte/pt-br/composicao/Secretaria-Nacional-de-Excelencia-Esportiva/Iziane-Castro-Marques
br-secretaria-nacional-de-futebol-e-defesa-dos-direitos-do-torcedor;department;;executivo;3;Secretaria Nacional de Futebol e Defesa dos Direitos do Torcedor;br-ministerio-do-esporte;"Lei 14.600/2023; decreto de estrutura do ministério";https://www.gov.br/esporte/pt-br/composicao/secretaria-nacional-de-futebol-e-defesa-dos-direitos-do-torcedor/patrick-correa
br-secretaria-nacional-de-paradesporto;department;;executivo;3;Secretaria Nacional de Paradesporto;br-ministerio-do-esporte;"Lei 14.600/2023; decreto de estrutura do ministério";https://www.gov.br/esporte/pt-br/composicao/secretaria-nacional-de-paradesporto/fabio-augusto-lima-de-araujo
br-secretaria-executiva-meio-ambiente;department;;executivo;3;Secretaria-Executiva do Ministério do Meio Ambiente e Mudança do Clima;br-ministerio-do-meio-ambiente-e-mudanca-do-clima;"Lei 14.600/2023; decreto de estrutura do ministério";https://www.gov.br/mma/pt-br/composicao/secex/quem-e-quem
br-secretaria-extraordinaria-de-controle-do-desmatamento-e-ordenamento-ambiental-territorial;department;;executivo;3;Secretaria Extraordinária de Controle do Desmatamento e Ordenamento Ambiental Territorial;br-ministerio-do-meio-ambiente-e-mudanca-do-clima;"Lei 14.600/2023; decreto de estrutura do ministério";https://www.gov.br/mma/pt-br/composicao/secd/quem-e-quem
br-secretaria-nacional-de-biodiversidade-florestas-e-direitos-animais;department;;executivo;3;Secretaria Nacional de Biodiversidade, Florestas e Direitos Animais;br-ministerio-do-meio-ambiente-e-mudanca-do-clima;"Lei 14.600/2023; decreto de estrutura do ministério";https://www.gov.br/mma/pt-br/composicao/sbio/quem-e-quem
br-secretaria-nacional-de-bioeconomia;department;;executivo;3;Secretaria Nacional de Bioeconomia;br-ministerio-do-meio-ambiente-e-mudanca-do-clima;"Lei 14.600/2023; decreto de estrutura do ministério";https://www.gov.br/mma/pt-br/composicao/sbc/quem-e-quem
br-secretaria-nacional-de-meio-ambiente-urbano-recursos-hidricos-e-qualidade-ambiental;department;;executivo;3;Secretaria Nacional de Meio Ambiente Urbano, Recursos Hídricos e Qualidade Ambiental;br-ministerio-do-meio-ambiente-e-mudanca-do-clima;"Lei 14.600/2023; decreto de estrutura do ministério";https://www.gov.br/mma/pt-br/composicao/sqa/quem-e-quem
br-secretaria-nacional-de-mudanca-do-clima;department;;executivo;3;Secretaria Nacional de Mudança do Clima;br-ministerio-do-meio-ambiente-e-mudanca-do-clima;"Lei 14.600/2023; decreto de estrutura do ministério";https://www.gov.br/mma/pt-br/composicao/smc/quem-e-quem
br-secretaria-nacional-de-povos-e-comunidades-tradicionais-e-desenvolvimento-rural-sustentavel;department;;executivo;3;Secretaria Nacional de Povos e Comunidades Tradicionais e Desenvolvimento Rural Sustentável;br-ministerio-do-meio-ambiente-e-mudanca-do-clima;"Lei 14.600/2023; decreto de estrutura do ministério";https://www.gov.br/mma/pt-br/composicao/snpct/quem-e-quem
br-secretaria-executiva-planejamento;department;;executivo;3;Secretaria-Executiva do Ministério do Planejamento e Orçamento;br-ministerio-do-planejamento-e-orcamento;"Lei 14.600/2023; decreto de estrutura do ministério";https://www.gov.br/planejamento/pt-br/composicao/secretaria-executiva/gustavo-jose-de-guimaraes-e-souza
br-secretaria-nacional-de-planejamento;department;;executivo;3;Secretaria Nacional de Planejamento;br-ministerio-do-planejamento-e-orcamento;"Lei 14.600/2023; decreto de estrutura do ministério";https://www.gov.br/planejamento/pt-br/composicao/secretaria-nacional-de-planejamento/tatiana-lemos-sandim
br-secretaria-de-articulacao-institucional;department;;executivo;3;Secretaria de Articulação Institucional;br-ministerio-do-planejamento-e-orcamento;"Lei 14.600/2023; decreto de estrutura do ministério";https://www.gov.br/planejamento/pt-br/composicao/secretaria-de-articulacao-institucional/wagner-artur-de-oliveira-cabral
br-secretaria-de-assuntos-internacionais-e-desenvolvimento;department;;executivo;3;Secretaria de Assuntos Internacionais e Desenvolvimento;br-ministerio-do-planejamento-e-orcamento;"Lei 14.600/2023; decreto de estrutura do ministério";https://www.gov.br/planejamento/pt-br/composicao/secretaria-de-assuntos-internacionais-e-desenvolvimento/antonio-negromonte-nascimento-junior-1
br-secretaria-de-monitoramento-e-avaliacao-de-politicas-publicas;department;;executivo;3;Secretaria de Monitoramento e Avaliação de Políticas Públicas;br-ministerio-do-planejamento-e-orcamento;"Lei 14.600/2023; decreto de estrutura do ministério";https://www.gov.br/planejamento/pt-br/composicao/secretaria-de-monitoramento-e-avaliacao-de-politicas-publicas-e-assuntos-economicos/otavio-augusto-ferreira-ventura
br-secretaria-de-orcamento-federal;department;;executivo;3;Secretaria de Orçamento Federal;br-ministerio-do-planejamento-e-orcamento;"Lei 14.600/2023; decreto de estrutura do ministério";https://www.gov.br/planejamento/pt-br/composicao/secretaria-de-orcamento-federal/clayton-luiz-montes
br-secretaria-executiva-trabalho;department;;executivo;3;Secretaria-Executiva do Ministério do Trabalho e Emprego;br-ministerio-do-trabalho-e-emprego;"Lei 14.600/2023; decreto de estrutura do ministério";https://www.gov.br/trabalho-e-emprego/pt-br/composicao/quem-e-quem
br-secretaria-nacional-de-economia-popular-e-solidaria;department;;executivo;3;Secretaria Nacional de Economia Popular e Solidária;br-ministerio-do-trabalho-e-emprego;"Lei 14.600/2023; decreto de estrutura do ministério";https://www.gov.br/trabalho-e-emprego/pt-br/composicao/quem-e-quem
br-secretaria-nacional-de-qualificacao-emprego-e-juventude;department;;executivo;3;Secretaria Nacional de Qualificação, Emprego e Juventude;br-ministerio-do-trabalho-e-emprego;"Lei 14.600/2023; decreto de estrutura do ministério";https://www.gov.br/trabalho-e-emprego/pt-br/composicao/quem-e-quem
br-secretaria-de-inspecao-do-trabalho;department;;executivo;3;Secretaria de Inspeção do Trabalho;br-ministerio-do-trabalho-e-emprego;"Lei 14.600/2023; decreto de estrutura do ministério";https://www.gov.br/trabalho-e-emprego/pt-br/composicao/quem-e-quem
br-secretaria-de-protecao-ao-trabalhador;department;;executivo;3;Secretaria de Proteção ao Trabalhador;br-ministerio-do-trabalho-e-emprego;"Lei 14.600/2023; decreto de estrutura do ministério";https://www.gov.br/trabalho-e-emprego/pt-br/composicao/quem-e-quem
br-secretaria-de-relacoes-do-trabalho;department;;executivo;3;Secretaria de Relações do Trabalho;br-ministerio-do-trabalho-e-emprego;"Lei 14.600/2023; decreto de estrutura do ministério";https://www.gov.br/trabalho-e-emprego/pt-br/composicao/quem-e-quem
br-secretaria-executiva-turismo;department;;executivo;3;Secretaria-Executiva do Ministério do Turismo;br-ministerio-do-turismo;"Lei 14.600/2023; decreto de estrutura do ministério";https://www.gov.br/turismo/pt-br/composicao/secretaria-nacional-de-infraestrutura-turistica-1
br-secretaria-nacional-de-infraestrutura-credito-e-investimentos-no-turismo;department;;executivo;3;Secretaria Nacional de Infraestrutura, Crédito e Investimentos no Turismo;br-ministerio-do-turismo;"Lei 14.600/2023; decreto de estrutura do ministério";https://www.gov.br/turismo/pt-br/composicao/secretaria-nacional-de-infraestrutura-turistica-1
br-secretaria-nacional-de-politicas-de-turismo;department;;executivo;3;Secretaria Nacional de Políticas de Turismo;br-ministerio-do-turismo;"Lei 14.600/2023; decreto de estrutura do ministério";https://www.gov.br/turismo/pt-br/composicao/secretaria-nacional-de-desenvolvimento-e-competitividade-do-turismo-1
br-secretaria-executiva-direitos-humanos;department;;executivo;3;Secretaria-Executiva do Ministério dos Direitos Humanos e da Cidadania;br-ministerio-dos-direitos-humanos-e-da-cidadania;"Lei 14.600/2023; decreto de estrutura do ministério";https://www.gov.br/mdh/pt-br/composicao/quem-e-quem
br-secretaria-nacional-de-promocao-e-defesa-dos-direitos-humanos;department;;executivo;3;Secretaria Nacional de Promoção e Defesa dos Direitos Humanos;br-ministerio-dos-direitos-humanos-e-da-cidadania;"Lei 14.600/2023; decreto de estrutura do ministério";https://www.gov.br/mdh/pt-br/composicao/quem-e-quem
br-secretaria-nacional-dos-direitos-da-crianca-e-do-adolescente;department;;executivo;3;Secretaria Nacional dos Direitos da Criança e do Adolescente;br-ministerio-dos-direitos-humanos-e-da-cidadania;"Lei 14.600/2023; decreto de estrutura do ministério";https://www.gov.br/mdh/pt-br/composicao/quem-e-quem
br-secretaria-nacional-dos-direitos-da-pessoa-idosa;department;;executivo;3;Secretaria Nacional dos Direitos da Pessoa Idosa;br-ministerio-dos-direitos-humanos-e-da-cidadania;"Lei 14.600/2023; decreto de estrutura do ministério";https://www.gov.br/mdh/pt-br/composicao/quem-e-quem
br-secretaria-nacional-dos-direitos-da-pessoa-com-deficiencia;department;;executivo;3;Secretaria Nacional dos Direitos da Pessoa com Deficiência;br-ministerio-dos-direitos-humanos-e-da-cidadania;"Lei 14.600/2023; decreto de estrutura do ministério";https://www.gov.br/mdh/pt-br/composicao/quem-e-quem
br-secretaria-nacional-dos-direitos-das-pessoas-lgbtqia;department;;executivo;3;Secretaria Nacional dos Direitos das Pessoas LGBTQIA+;br-ministerio-dos-direitos-humanos-e-da-cidadania;"Lei 14.600/2023; decreto de estrutura do ministério";https://www.gov.br/mdh/pt-br/composicao/quem-e-quem
br-secretaria-executiva-povos-indigenas;department;;executivo;3;Secretaria-Executiva do Ministério dos Povos Indígenas;br-ministerio-dos-povos-indigenas;"Lei 14.600/2023; decreto de estrutura do ministério";https://www.gov.br/povosindigenas/pt-br/composicao/ministro-e-orgaos-de-assistencia-direta/secretaria-executiva/marcos-kaingang
br-secretaria-nacional-de-articulacao-e-promocao-de-direitos-indigenas;department;;executivo;3;Secretaria Nacional de Articulação e Promoção de Direitos Indígenas;br-ministerio-dos-povos-indigenas;"Lei 14.600/2023; decreto de estrutura do ministério";https://www.gov.br/povosindigenas/pt-br/composicao/secretaria-de-articulacao-e-promocao-de-direitos-indigenas/giovana-cruz-mandulao
br-secretaria-nacional-de-direitos-territoriais-indigenas;department;;executivo;3;Secretaria Nacional de Direitos Territoriais Indígenas;br-ministerio-dos-povos-indigenas;"Lei 14.600/2023; decreto de estrutura do ministério";https://www.gov.br/povosindigenas/pt-br/composicao/secretaria-de-direitos-ambientais-e-territoriais-indigenas/edilena-krikati
br-secretaria-nacional-de-gestao-ambiental-e-territorial-indigena;department;;executivo;3;Secretaria Nacional de Gestão Ambiental e Territorial Indígena;br-ministerio-dos-povos-indigenas;"Lei 14.600/2023; decreto de estrutura do ministério";https://www.gov.br/povosindigenas/pt-br/composicao/secretaria-de-gestao-ambiental-e-territorial-indigena/ceica-pitaguary
br-secretaria-executiva-transportes;department;;executivo;3;Secretaria-Executiva do Ministério dos Transportes;br-ministerio-dos-transportes;"Lei 14.600/2023; decreto de estrutura do ministério";https://www.gov.br/transportes/pt-br/composicao/quem-e-quem
br-secretaria-nacional-de-transporte-ferroviario;department;;executivo;3;Secretaria Nacional de Transporte Ferroviário;br-ministerio-dos-transportes;"Lei 14.600/2023; decreto de estrutura do ministério";https://www.gov.br/transportes/pt-br/composicao/quem-e-quem
br-secretaria-nacional-de-transporte-rodoviario;department;;executivo;3;Secretaria Nacional de Transporte Rodoviário;br-ministerio-dos-transportes;"Lei 14.600/2023; decreto de estrutura do ministério";https://www.gov.br/transportes/pt-br/composicao/quem-e-quem
br-secretaria-nacional-de-transito;department;;executivo;3;Secretaria Nacional de Trânsito;br-ministerio-dos-transportes;"Lei 14.600/2023; decreto de estrutura do ministério";https://www.gov.br/transportes/pt-br/composicao/quem-e-quem
br-secretaria-executiva-cc-pr;department;;executivo;3;Secretaria-Executiva da Casa Civil da Presidência da República;br-casa-civil;"Lei 14.600/2023; decreto de estrutura do ministério";https://www.gov.br/casacivil/pt-br/composicao/secretaria-executiva/quem-e-quem-1
br-secretaria-especial-de-analise-governamental;department;;executivo;3;Secretaria Especial de Análise Governamental;br-casa-civil;"Lei 14.600/2023; decreto de estrutura do ministério";https://www.gov.br/casacivil/pt-br/composicao/secretaria_especial_de_analise_governamental/quem-e-quem-1
br-secretaria-especial-do-programa-de-aceleracao-do-crescimento;department;;executivo;3;Secretaria Especial do Programa de Aceleração do Crescimento;br-casa-civil;"Lei 14.600/2023; decreto de estrutura do ministério";https://www.gov.br/casacivil/pt-br/composicao/secretaria-especial-do-programa-de-aceleracao-do-crescimento/quem-e-quem
br-secretaria-especial-do-programa-de-parcerias-de-investimentos;department;;executivo;3;Secretaria Especial do Programa de Parcerias de Investimentos;br-casa-civil;"Lei 14.600/2023; decreto de estrutura do ministério";https://www.gov.br/casacivil/pt-br/composicao/secretaria-especial-para-o-programa-de-parcerias-e-investimentos/quem-e-quem-1
br-secretaria-especial-para-assuntos-juridicos;department;;executivo;3;Secretaria Especial para Assuntos Jurídicos;br-casa-civil;"Lei 14.600/2023; decreto de estrutura do ministério";https://www.gov.br/casacivil/pt-br/composicao/secretaria-especial-para-assunto-juridicos/quem-e-quem
br-secretaria-de-articulacao-e-monitoramento;department;;executivo;3;Secretaria de Articulação e Monitoramento;br-casa-civil;"Lei 14.600/2023; decreto de estrutura do ministério";https://www.gov.br/casacivil/pt-br/composicao/secretaria-executiva/quem-e-quem-1
br-secretaria-executiva-gsi-pr;department;;executivo;3;Secretaria-Executiva do Gabinete de Segurança Institucional da Presidência da República;br-gabinete-de-seguranca-institucional;"Lei 14.600/2023; decreto de estrutura do ministério";https://www.gov.br/gsi/pt-br/acesso-a-informacao/institucional/principais-cargos-e-respectivos-ocupantes
br-secretaria-de-acompanhamento-e-gestao-de-assuntos-estrategicos;department;;executivo;3;Secretaria de Acompanhamento e Gestão de Assuntos Estratégicos;br-gabinete-de-seguranca-institucional;"Lei 14.600/2023; decreto de estrutura do ministério";https://www.gov.br/gsi/pt-br/acesso-a-informacao/institucional/principais-cargos-e-respectivos-ocupantes
br-secretaria-de-coordenacao-e-assuntos-aeroespaciais;department;;executivo;3;Secretaria de Coordenação e Assuntos Aeroespaciais;br-gabinete-de-seguranca-institucional;"Lei 14.600/2023; decreto de estrutura do ministério";https://www.gov.br/gsi/pt-br/acesso-a-informacao/institucional/principais-cargos-e-respectivos-ocupantes
br-secretaria-de-seguranca-presidencial;department;;executivo;3;Secretaria de Segurança Presidencial;br-gabinete-de-seguranca-institucional;"Lei 14.600/2023; decreto de estrutura do ministério";https://www.gov.br/gsi/pt-br/acesso-a-informacao/institucional/principais-cargos-e-respectivos-ocupantes
br-secretaria-de-seguranca-da-informacao-e-cibernetica;department;;executivo;3;Secretaria de Segurança da Informação e Cibernética;br-gabinete-de-seguranca-institucional;"Lei 14.600/2023; decreto de estrutura do ministério";https://www.gov.br/gsi/pt-br/acesso-a-informacao/institucional/principais-cargos-e-respectivos-ocupantes
br-secretaria-executiva-secom-pr;department;;executivo;3;Secretaria-Executiva da Secretaria de Comunicação Social da Presidência da República;br-secretaria-de-comunicacao-social;"Lei 14.600/2023; decreto de estrutura do ministério";https://www.gov.br/secom/pt-br/acesso-a-informacao/institucional/quem-e-quem
br-secretaria-de-comunicacao-institucional;department;;executivo;3;Secretaria de Comunicação Institucional;br-secretaria-de-comunicacao-social;"Lei 14.600/2023; decreto de estrutura do ministério";https://www.gov.br/secom/pt-br/acesso-a-informacao/institucional/quem-e-quem
br-secretaria-de-estrategias-e-redes;department;;executivo;3;Secretaria de Estratégias e Redes;br-secretaria-de-comunicacao-social;"Lei 14.600/2023; decreto de estrutura do ministério";https://www.gov.br/secom/pt-br/acesso-a-informacao/institucional/quem-e-quem
br-secretaria-de-imprensa;department;;executivo;3;Secretaria de Imprensa;br-secretaria-de-comunicacao-social;"Lei 14.600/2023; decreto de estrutura do ministério";https://www.gov.br/secom/pt-br/acesso-a-informacao/institucional/quem-e-quem
br-secretaria-de-politicas-digitais;department;;executivo;3;Secretaria de Políticas Digitais;br-secretaria-de-comunicacao-social;"Lei 14.600/2023; decreto de estrutura do ministério";https://www.gov.br/secom/pt-br/acesso-a-informacao/institucional/quem-e-quem
br-secretaria-de-producao-e-divulgacao-de-conteudo-audiovisual;department;;executivo;3;Secretaria de Produção e Divulgação de Conteúdo Audiovisual;br-secretaria-de-comunicacao-social;"Lei 14.600/2023; decreto de estrutura do ministério";https://www.gov.br/secom/pt-br/acesso-a-informacao/institucional/quem-e-quem
br-secretaria-de-publicidade-e-patrocinios;department;;executivo;3;Secretaria de Publicidade e Patrocínios;br-secretaria-de-comunicacao-social;"Lei 14.600/2023; decreto de estrutura do ministério";https://www.gov.br/secom/pt-br/acesso-a-informacao/institucional/quem-e-quem
br-secretaria-executiva-sri-pr;department;;executivo;3;Secretaria-Executiva da Secretaria de Relações Institucionais da Presidência da República;br-secretaria-de-relacoes-institucionais;"Lei 14.600/2023; decreto de estrutura do ministério";https://www.gov.br/sri/pt-br/composicao/secretaria-executiva/quem-e-quem
br-secretaria-especial-de-acompanhamento-governamental;department;;executivo;3;Secretaria Especial de Acompanhamento Governamental;br-secretaria-de-relacoes-institucionais;"Lei 14.600/2023; decreto de estrutura do ministério";https://www.gov.br/sri/pt-br/composicao/secretaria-especial-de-articulacao-social/quem-e-quem
br-secretaria-especial-de-assuntos-federativos;department;;executivo;3;Secretaria Especial de Assuntos Federativos;br-secretaria-de-relacoes-institucionais;"Lei 14.600/2023; decreto de estrutura do ministério";https://www.gov.br/sri/pt-br/composicao/secretaria-especial-de-assuntos-federativos/quem-e-quem
br-secretaria-especial-de-assuntos-parlamentares;department;;executivo;3;Secretaria Especial de Assuntos Parlamentares;br-secretaria-de-relacoes-institucionais;"Lei 14.600/2023; decreto de estrutura do ministério";https://www.gov.br/sri/pt-br/composicao/secretaria-especial-de-assuntos-parlamentares/quem-e-quem
br-secretaria-executiva-sg;department;;executivo;3;Secretaria-Executiva da Secretaria-Geral da Presidência da República;br-secretaria-geral-da-presidencia;"Lei 14.600/2023; decreto de estrutura do ministério";https://www.gov.br/secretariageral/pt-br/acesso-a-informacao/institucional/quem-e-quem-cargos
br-secretaria-nacional-de-dialogos-sociais-e-articulacao-de-politicas-publicas;department;;executivo;3;Secretaria Nacional de Diálogos Sociais e Articulação de Políticas Públicas;br-secretaria-geral-da-presidencia;"Lei 14.600/2023; decreto de estrutura do ministério";https://www.gov.br/secretariageral/pt-br/acesso-a-informacao/institucional/quem-e-quem-cargos
br-secretaria-nacional-de-juventude;department;;executivo;3;Secretaria Nacional de Juventude;br-secretaria-geral-da-presidencia;"Lei 14.600/2023; decreto de estrutura do ministério";https://www.gov.br/secretariageral/pt-br/acesso-a-informacao/institucional/quem-e-quem-cargos
br-secretaria-nacional-de-participacao-social;department;;executivo;3;Secretaria Nacional de Participação Social;br-secretaria-geral-da-presidencia;"Lei 14.600/2023; decreto de estrutura do ministério";https://www.gov.br/secretariageral/pt-br/acesso-a-informacao/institucional/quem-e-quem-cargos
br-secretaria-nacional-de-relacoes-politico-sociais;department;;executivo;3;Secretaria Nacional de Relações Político-Sociais;br-secretaria-geral-da-presidencia;"Lei 14.600/2023; decreto de estrutura do ministério";https://www.gov.br/secretariageral/pt-br/acesso-a-informacao/institucional/quem-e-quem-cargos
br-secretaria-executiva-cgu-secretario;dept_head;;executivo;3;Secretário-Executivo da Controladoria-Geral da União;;"Lei 14.600/2023; Decreto 9.727/2019 (critérios para cargos em comissão)";
br-secretaria-federal-de-controle-interno-secretario;dept_head;;executivo;3;Secretário Federal de Controle Interno da Controladoria-Geral da União;;"Lei 14.600/2023; Decreto 9.727/2019 (critérios para cargos em comissão)";
br-secretaria-nacional-de-transparencia-e-acesso-a-informacao-secretario;dept_head;;executivo;3;Secretária Nacional de Transparência e Acesso à Informação da Controladoria-Geral da União;;"Lei 14.600/2023; Decreto 9.727/2019 (critérios para cargos em comissão)";
br-secretaria-de-integridade-privada-secretario;dept_head;;executivo;3;Secretário de Integridade Privada da Controladoria-Geral da União;;"Lei 14.600/2023; Decreto 9.727/2019 (critérios para cargos em comissão)";
br-secretaria-de-integridade-publica-secretario;dept_head;;executivo;3;Secretário de Integridade Pública da Controladoria-Geral da União;;"Lei 14.600/2023; Decreto 9.727/2019 (critérios para cargos em comissão)";
br-secretaria-executiva-agricultura-secretario;dept_head;;executivo;3;Secretário-Executivo do Ministério da Agricultura e Pecuária;;"Lei 14.600/2023; Decreto 9.727/2019 (critérios para cargos em comissão)";
br-secretaria-de-comercio-e-relacoes-internacionais-secretario;dept_head;;executivo;3;Secretário de Comércio e Relações Internacionais do Ministério da Agricultura e Pecuária;;"Lei 14.600/2023; Decreto 9.727/2019 (critérios para cargos em comissão)";
br-secretaria-de-defesa-agropecuaria-secretario;dept_head;;executivo;3;Secretário de Defesa Agropecuária do Ministério da Agricultura e Pecuária;;"Lei 14.600/2023; Decreto 9.727/2019 (critérios para cargos em comissão)";
br-secretaria-de-desenvolvimento-rural-secretario;dept_head;;executivo;3;Secretário de Desenvolvimento Rural do Ministério da Agricultura e Pecuária;;"Lei 14.600/2023; Decreto 9.727/2019 (critérios para cargos em comissão)";
br-secretaria-de-politica-agricola-secretario;dept_head;;executivo;3;Secretário de Política Agrícola do Ministério da Agricultura e Pecuária;;"Lei 14.600/2023; Decreto 9.727/2019 (critérios para cargos em comissão)";
br-secretaria-executiva-ciencia-e-tecnologia-secretario;dept_head;;executivo;3;Secretário-Executivo do Ministério da Ciência, Tecnologia e Inovação;;"Lei 14.600/2023; Decreto 9.727/2019 (critérios para cargos em comissão)";
br-secretaria-de-ciencia-e-tecnologia-para-transformacao-digital-secretario;dept_head;;executivo;3;Secretário de Ciência e Tecnologia para Transformação Digital do Ministério da Ciência, Tecnologia e Inovação;;"Lei 14.600/2023; Decreto 9.727/2019 (critérios para cargos em comissão)";
br-secretaria-de-ciencia-e-tecnologia-para-o-desenvolvimento-social-secretario;dept_head;;executivo;3;Secretário de Ciência e Tecnologia para o Desenvolvimento Social do Ministério da Ciência, Tecnologia e Inovação;;"Lei 14.600/2023; Decreto 9.727/2019 (critérios para cargos em comissão)";
br-secretaria-de-desenvolvimento-tecnologico-e-inovacao-secretario;dept_head;;executivo;3;Secretário de Desenvolvimento Tecnológico e Inovação do Ministério da Ciência, Tecnologia e Inovação;;"Lei 14.600/2023; Decreto 9.727/2019 (critérios para cargos em comissão)";
br-secretaria-de-politicas-e-programas-estrategicos-secretario;dept_head;;executivo;3;Secretária de Políticas e Programas Estratégicos do Ministério da Ciência, Tecnologia e Inovação;;"Lei 14.600/2023; Decreto 9.727/2019 (critérios para cargos em comissão)";
br-secretaria-executiva-cultura-secretario;dept_head;;executivo;3;Secretário-Executivo do Ministério da Cultura;;"Lei 14.600/2023; Decreto 9.727/2019 (critérios para cargos em comissão)";
br-secretaria-de-articulacao-federativa-e-comites-de-cultura-secretario;dept_head;;executivo;3;Secretária de Articulação Federativa e Comitês de Cultura do Ministério da Cultura;;"Lei 14.600/2023; Decreto 9.727/2019 (critérios para cargos em comissão)";
br-secretaria-de-cidadania-e-diversidade-cultural-secretario;dept_head;;executivo;3;Secretária de Cidadania e Diversidade Cultural do Ministério da Cultura;;"Lei 14.600/2023; Decreto 9.727/2019 (critérios para cargos em comissão)";
br-secretaria-de-direitos-autorais-e-intelectuais-secretario;dept_head;;executivo;3;Secretária de Direitos Autorais e Intelectuais do Ministério da Cultura;;"Lei 14.600/2023; Decreto 9.727/2019 (critérios para cargos em comissão)";
br-secretaria-de-economia-criativa-secretario;dept_head;;executivo;3;Secretária de Economia Criativa do Ministério da Cultura;;"Lei 14.600/2023; Decreto 9.727/2019 (critérios para cargos em comissão)";
br-secretaria-de-fomento-e-incentivo-a-cultura-secretario;dept_head;;executivo;3;Secretária de Fomento e Incentivo à Cultura do Ministério da Cultura;;"Lei 14.600/2023; Decreto 9.727/2019 (critérios para cargos em comissão)";
br-secretaria-de-formacao-artistica-e-cultural-livro-e-leitura-secretario;dept_head;;executivo;3;Secretária de Formação Artística e Cultural, Livro e Leitura do Ministério da Cultura;;"Lei 14.600/2023; Decreto 9.727/2019 (critérios para cargos em comissão)";
br-secretaria-do-audiovisual-secretario;dept_head;;executivo;3;Secretária do Audiovisual do Ministério da Cultura;;"Lei 14.600/2023; Decreto 9.727/2019 (critérios para cargos em comissão)";
br-secretaria-de-controle-interno-defesa-secretario;dept_head;;executivo;3;Secretário de Controle Interno do Ministério da Defesa;;"Lei 14.600/2023; Decreto 9.727/2019 (critérios para cargos em comissão)";
br-secretaria-geral-secretario;dept_head;;executivo;3;Secretária-Geral do Ministério da Defesa;;"Lei 14.600/2023; Decreto 9.727/2019 (critérios para cargos em comissão)";
br-secretaria-executiva-educacao-secretario;dept_head;;executivo;3;Secretário-Executivo do Ministério da Educação;;"Lei 14.600/2023; Decreto 9.727/2019 (critérios para cargos em comissão)";
br-secretaria-de-articulacao-intersetorial-e-com-os-sistemas-de-ensino-secretario;dept_head;;executivo;3;Secretário de Articulação Intersetorial e com os Sistemas de Ensino do Ministério da Educação;;"Lei 14.600/2023; Decreto 9.727/2019 (critérios para cargos em comissão)";
br-secretaria-de-educacao-basica-secretario;dept_head;;executivo;3;Secretária de Educação Básica do Ministério da Educação;;"Lei 14.600/2023; Decreto 9.727/2019 (critérios para cargos em comissão)";
br-secretaria-de-educacao-continuada-alfabetizacao-de-jovens-e-adultos-diversidade-e-inclusao-secretario;dept_head;;executivo;3;Secretária de Educação Continuada, Alfabetização de Jovens e Adultos, Diversidade e Inclusão do Ministério da Educação;;"Lei 14.600/2023; Decreto 9.727/2019 (critérios para cargos em comissão)";
br-secretaria-de-educacao-profissional-e-tecnologica-secretario;dept_head;;executivo;3;Secretário de Educação Profissional e Tecnológica do Ministério da Educação;;"Lei 14.600/2023; Decreto 9.727/2019 (critérios para cargos em comissão)";
br-secretaria-de-educacao-superior-secretario;dept_head;;executivo;3;Secretário de Educação Superior do Ministério da Educação;;"Lei 14.600/2023; Decreto 9.727/2019 (critérios para cargos em comissão)";
br-secretaria-de-gestao-da-informacao-inovacao-e-avaliacao-de-politicas-educacionais-secretario;dept_head;;executivo;3;Secretário de Gestão da Informação, Inovação e Avaliação de Políticas Educacionais do Ministério da Educação;;"Lei 14.600/2023; Decreto 9.727/2019 (critérios para cargos em comissão)";
br-secretaria-de-regulacao-e-supervisao-da-educacao-superior-secretario;dept_head;;executivo;3;Secretária de Regulação e Supervisão da Educação Superior do Ministério da Educação;;"Lei 14.600/2023; Decreto 9.727/2019 (critérios para cargos em comissão)";
br-secretaria-executiva-fazenda-secretario;dept_head;;executivo;3;Secretário-Executivo do Ministério da Fazenda;;"Lei 14.600/2023; Decreto 9.727/2019 (critérios para cargos em comissão)";
br-secretaria-extraordinaria-do-mercado-de-carbono-secretario;dept_head;;executivo;3;Secretária Extraordinária do Mercado de Carbono do Ministério da Fazenda;;"Lei 14.600/2023; Decreto 9.727/2019 (critérios para cargos em comissão)";
br-secretaria-de-assuntos-internacionais-secretario;dept_head;;executivo;3;Secretário de Assuntos Internacionais do Ministério da Fazenda;;"Lei 14.600/2023; Decreto 9.727/2019 (critérios para cargos em comissão)";
br-secretaria-de-politica-economica-secretario;dept_head;;executivo;3;Secretária de Política Econômica do Ministério da Fazenda;;"Lei 14.600/2023; Decreto 9.727/2019 (critérios para cargos em comissão)";
br-secretaria-de-premios-e-apostas-secretario;dept_head;;executivo;3;Secretário de Prêmios e Apostas do Ministério da Fazenda;;"Lei 14.600/2023; Decreto 9.727/2019 (critérios para cargos em comissão)";
br-secretaria-de-reformas-economicas-secretario;dept_head;;executivo;3;Secretário de Reformas Econômicas do Ministério da Fazenda;;"Lei 14.600/2023; Decreto 9.727/2019 (critérios para cargos em comissão)";
br-secretaria-executiva-gestao-secretario;dept_head;;executivo;3;Secretário-Executivo do Ministério da Gestão e da Inovação em Serviços Públicos;;"Lei 14.600/2023; Decreto 9.727/2019 (critérios para cargos em comissão)";
br-secretaria-extraordinaria-para-a-transformacao-do-estado-secretario;dept_head;;executivo;3;Secretário Extraordinário para a Transformação do Estado do Ministério da Gestão e da Inovação em Serviços Públicos;;"Lei 14.600/2023; Decreto 9.727/2019 (critérios para cargos em comissão)";
br-secretaria-de-coordenacao-e-governanca-das-empresas-estatais-secretario;dept_head;;executivo;3;Secretária de Coordenação e Governança das Empresas Estatais do Ministério da Gestão e da Inovação em Serviços Públicos;;"Lei 14.600/2023; Decreto 9.727/2019 (critérios para cargos em comissão)";
br-secretaria-de-gestao-de-pessoas-secretario;dept_head;;executivo;3;Secretário de Gestão de Pessoas do Ministério da Gestão e da Inovação em Serviços Públicos;;"Lei 14.600/2023; Decreto 9.727/2019 (critérios para cargos em comissão)";
br-secretaria-de-gestao-e-inovacao-secretario;dept_head;;executivo;3;Secretário de Gestão e Inovação do Ministério da Gestão e da Inovação em Serviços Públicos;;"Lei 14.600/2023; Decreto 9.727/2019 (critérios para cargos em comissão)";
br-secretaria-de-governo-digital-secretario;dept_head;;executivo;3;Secretário de Governo Digital do Ministério da Gestão e da Inovação em Serviços Públicos;;"Lei 14.600/2023; Decreto 9.727/2019 (critérios para cargos em comissão)";
br-secretaria-de-relacoes-de-trabalho-secretario;dept_head;;executivo;3;Secretário de Relações de Trabalho do Ministério da Gestão e da Inovação em Serviços Públicos;;"Lei 14.600/2023; Decreto 9.727/2019 (critérios para cargos em comissão)";
br-secretaria-de-servicos-compartilhados-secretario;dept_head;;executivo;3;Secretária de Serviços Compartilhados do Ministério da Gestão e da Inovação em Serviços Públicos;;"Lei 14.600/2023; Decreto 9.727/2019 (critérios para cargos em comissão)";
br-secretaria-do-patrimonio-da-uniao-secretario;dept_head;;executivo;3;Secretária do Patrimônio da União do Ministério da Gestão e da Inovação em Serviços Públicos;;"Lei 14.600/2023; Decreto 9.727/2019 (critérios para cargos em comissão)";
br-secretaria-executiva-igualdade-racial-secretario;dept_head;;executivo;3;Secretária-Executiva do Ministério da Igualdade Racial;;"Lei 14.600/2023; Decreto 9.727/2019 (critérios para cargos em comissão)";
br-secretaria-de-gestao-do-sistema-nacional-de-promocao-da-igualdade-racial-secretario;dept_head;;executivo;3;Secretário de Gestão do Sistema Nacional de Promoção da Igualdade Racial do Ministério da Igualdade Racial;;"Lei 14.600/2023; Decreto 9.727/2019 (critérios para cargos em comissão)";
br-secretaria-de-polit-p-quilombolas-povos-e-comunidades-tradic-de-mat-africana-povos-de-terreiros-e-ciganos-secretario;dept_head;;executivo;3;Secretário de Polít. p/ Quilombolas, Povos e Comunidades Tradic de Mat. Africana, Povos de Terreiros e Ciganos do Ministério da Igualdade Racial;;"Lei 14.600/2023; Decreto 9.727/2019 (critérios para cargos em comissão)";
br-secretaria-de-politicas-de-acoes-afirmativas-combate-e-superacao-do-racismo-secretario;dept_head;;executivo;3;Secretário de Políticas de Ações Afirmativas, Combate e Superação do Racismo do Ministério da Igualdade Racial;;"Lei 14.600/2023; Decreto 9.727/2019 (critérios para cargos em comissão)";
br-secretaria-executiva-integracao-secretario;dept_head;;executivo;3;Secretário-Executivo do Ministério da Integração e do Desenvolvimento Regional;;"Lei 14.600/2023; Decreto 9.727/2019 (critérios para cargos em comissão)";
br-secretaria-nacional-de-fundos-e-instrumentos-financeiros-secretario;dept_head;;executivo;3;Secretário Nacional de Fundos e Instrumentos Financeiros do Ministério da Integração e do Desenvolvimento Regional;;"Lei 14.600/2023; Decreto 9.727/2019 (critérios para cargos em comissão)";
br-secretaria-nacional-de-politicas-de-desenvolvimento-regional-e-territorial-secretario;dept_head;;executivo;3;Secretário Nacional de Políticas de Desenvolvimento Regional e Territorial do Ministério da Integração e do Desenvolvimento Regional;;"Lei 14.600/2023; Decreto 9.727/2019 (critérios para cargos em comissão)";
br-secretaria-nacional-de-protecao-e-defesa-civil-secretario;dept_head;;executivo;3;Secretário Nacional de Proteção e Defesa Civil do Ministério da Integração e do Desenvolvimento Regional;;"Lei 14.600/2023; Decreto 9.727/2019 (critérios para cargos em comissão)";
br-secretaria-nacional-de-seguranca-hidrica-secretario;dept_head;;executivo;3;Secretário Nacional de Segurança Hídrica do Ministério da Integração e do Desenvolvimento Regional;;"Lei 14.600/2023; Decreto 9.727/2019 (critérios para cargos em comissão)";
br-secretaria-executiva-justica-secretario;dept_head;;executivo;3;Secretário-Executivo do Ministério da Justiça e Segurança Pública;;"Lei 14.600/2023; Decreto 9.727/2019 (critérios para cargos em comissão)";
br-secretaria-nacional-de-acesso-a-justica-secretario;dept_head;;executivo;3;Secretária Nacional de Acesso à Justiça do Ministério da Justiça e Segurança Pública;;"Lei 14.600/2023; Decreto 9.727/2019 (critérios para cargos em comissão)";
br-secretaria-nacional-de-assuntos-legislativos-secretario;dept_head;;executivo;3;Secretário Nacional de Assuntos Legislativos do Ministério da Justiça e Segurança Pública;;"Lei 14.600/2023; Decreto 9.727/2019 (critérios para cargos em comissão)";
br-secretaria-nacional-de-direitos-digitais-secretario;dept_head;;executivo;3;Secretário Nacional de Direitos Digitais do Ministério da Justiça e Segurança Pública;;"Lei 14.600/2023; Decreto 9.727/2019 (critérios para cargos em comissão)";
br-secretaria-nacional-de-justica-secretario;dept_head;;executivo;3;Secretária Nacional de Justiça do Ministério da Justiça e Segurança Pública;;"Lei 14.600/2023; Decreto 9.727/2019 (critérios para cargos em comissão)";
br-secretaria-nacional-de-politicas-penais-secretario;dept_head;;executivo;3;Secretário Nacional de Políticas Penais do Ministério da Justiça e Segurança Pública;;"Lei 14.600/2023; Decreto 9.727/2019 (critérios para cargos em comissão)";
br-secretaria-nacional-de-politicas-sobre-drogas-e-gestao-de-ativos-secretario;dept_head;;executivo;3;Secretária Nacional de Políticas sobre Drogas e Gestão de Ativos do Ministério da Justiça e Segurança Pública;;"Lei 14.600/2023; Decreto 9.727/2019 (critérios para cargos em comissão)";
br-secretaria-nacional-de-seguranca-publica-secretario;dept_head;;executivo;3;Secretário Nacional de Segurança Pública do Ministério da Justiça e Segurança Pública;;"Lei 14.600/2023; Decreto 9.727/2019 (critérios para cargos em comissão)";
br-secretaria-nacional-do-consumidor-secretario;dept_head;;executivo;3;Secretário Nacional do Consumidor do Ministério da Justiça e Segurança Pública;;"Lei 14.600/2023; Decreto 9.727/2019 (critérios para cargos em comissão)";
br-secretaria-executiva-pesca-secretario;dept_head;;executivo;3;Secretário-Executivo do Ministério da Pesca e Aquicultura;;"Lei 14.600/2023; Decreto 9.727/2019 (critérios para cargos em comissão)";
br-secretaria-nacional-de-aquicultura-secretario;dept_head;;executivo;3;Secretária Nacional de Aquicultura do Ministério da Pesca e Aquicultura;;"Lei 14.600/2023; Decreto 9.727/2019 (critérios para cargos em comissão)";
br-secretaria-nacional-de-pesca-artesanal-secretario;dept_head;;executivo;3;Secretário Nacional de Pesca Artesanal do Ministério da Pesca e Aquicultura;;"Lei 14.600/2023; Decreto 9.727/2019 (critérios para cargos em comissão)";
br-secretaria-nacional-de-pesca-industrial-amadora-e-esportiva-secretario;dept_head;;executivo;3;Secretário Nacional de Pesca Industrial, Amadora e Esportiva do Ministério da Pesca e Aquicultura;;"Lei 14.600/2023; Decreto 9.727/2019 (critérios para cargos em comissão)";
br-secretaria-nacional-de-registro-monitoramento-e-pesquisa-da-pesca-e-aquicultura-secretario;dept_head;;executivo;3;Secretária Nacional de Registro, Monitoramento e Pesquisa da Pesca e Aquicultura do Ministério da Pesca e Aquicultura;;"Lei 14.600/2023; Decreto 9.727/2019 (critérios para cargos em comissão)";
br-secretaria-executiva-previdencia-secretario;dept_head;;executivo;3;Secretário-Executivo do Ministério da Previdência Social;;"Lei 14.600/2023; Decreto 9.727/2019 (critérios para cargos em comissão)";
br-secretaria-de-regime-geral-de-previdencia-social-secretario;dept_head;;executivo;3;Secretário de Regime Geral de Previdência Social do Ministério da Previdência Social;;"Lei 14.600/2023; Decreto 9.727/2019 (critérios para cargos em comissão)";
br-secretaria-de-regime-proprio-e-complementar-secretario;dept_head;;executivo;3;Secretário de Regime Próprio e Complementar do Ministério da Previdência Social;;"Lei 14.600/2023; Decreto 9.727/2019 (critérios para cargos em comissão)";
br-secretaria-executiva-saude-secretario;dept_head;;executivo;3;Secretário-Executivo do Ministério da Saúde;;"Lei 14.600/2023; Decreto 9.727/2019 (critérios para cargos em comissão)";
br-secretaria-de-atencao-especializada-a-saude-secretario;dept_head;;executivo;3;Secretário de Atenção Especializada à Saúde do Ministério da Saúde;;"Lei 14.600/2023; Decreto 9.727/2019 (critérios para cargos em comissão)";
br-secretaria-de-atencao-primaria-a-saude-secretario;dept_head;;executivo;3;Secretária de Atenção Primária à Saúde do Ministério da Saúde;;"Lei 14.600/2023; Decreto 9.727/2019 (critérios para cargos em comissão)";
br-secretaria-de-ciencia-tecnologia-e-inovacao-em-saude-secretario;dept_head;;executivo;3;Secretária de Ciência, Tecnologia e Inovação em Saúde do Ministério da Saúde;;"Lei 14.600/2023; Decreto 9.727/2019 (critérios para cargos em comissão)";
br-secretaria-de-gestao-do-trabalho-e-da-educacao-na-saude-secretario;dept_head;;executivo;3;Secretário de Gestão do Trabalho e da Educação na Saúde do Ministério da Saúde;;"Lei 14.600/2023; Decreto 9.727/2019 (critérios para cargos em comissão)";
br-secretaria-de-informacao-e-saude-digital-secretario;dept_head;;executivo;3;Secretária de Informação e Saúde Digital do Ministério da Saúde;;"Lei 14.600/2023; Decreto 9.727/2019 (critérios para cargos em comissão)";
br-secretaria-de-saude-indigena-secretario;dept_head;;executivo;3;Secretária de Saúde Indígena do Ministério da Saúde;;"Lei 14.600/2023; Decreto 9.727/2019 (critérios para cargos em comissão)";
br-secretaria-de-vigilancia-em-saude-e-ambiente-secretario;dept_head;;executivo;3;Secretário de Vigilância em Saúde e Ambiente do Ministério da Saúde;;"Lei 14.600/2023; Decreto 9.727/2019 (critérios para cargos em comissão)";
br-secretaria-executiva-cidades-secretario;dept_head;;executivo;3;Secretária-Executiva do Ministério das Cidades;;"Lei 14.600/2023; Decreto 9.727/2019 (critérios para cargos em comissão)";
br-secretaria-nacional-de-desenvolvimento-urbano-e-metropolitano-secretario;dept_head;;executivo;3;Secretário Nacional de Desenvolvimento Urbano e Metropolitano do Ministério das Cidades;;"Lei 14.600/2023; Decreto 9.727/2019 (critérios para cargos em comissão)";
br-secretaria-nacional-de-habitacao-secretario;dept_head;;executivo;3;Secretário Nacional de Habitação do Ministério das Cidades;;"Lei 14.600/2023; Decreto 9.727/2019 (critérios para cargos em comissão)";
br-secretaria-nacional-de-mobilidade-urbana-secretario;dept_head;;executivo;3;Secretário Nacional de Mobilidade Urbana do Ministério das Cidades;;"Lei 14.600/2023; Decreto 9.727/2019 (critérios para cargos em comissão)";
br-secretaria-nacional-de-periferias-secretario;dept_head;;executivo;3;Secretário Nacional de Periferias do Ministério das Cidades;;"Lei 14.600/2023; Decreto 9.727/2019 (critérios para cargos em comissão)";
br-secretaria-nacional-de-saneamento-ambiental-secretario;dept_head;;executivo;3;Secretário Nacional de Saneamento Ambiental do Ministério das Cidades;;"Lei 14.600/2023; Decreto 9.727/2019 (critérios para cargos em comissão)";
br-secretaria-executiva-comunicacoes-secretario;dept_head;;executivo;3;Secretária-Executiva do Ministério das Comunicações;;"Lei 14.600/2023; Decreto 9.727/2019 (critérios para cargos em comissão)";
br-secretaria-de-radiodifusao-secretario;dept_head;;executivo;3;Secretário de Radiodifusão do Ministério das Comunicações;;"Lei 14.600/2023; Decreto 9.727/2019 (critérios para cargos em comissão)";
br-secretaria-de-telecomunicacoes-secretario;dept_head;;executivo;3;Secretário de Telecomunicações do Ministério das Comunicações;;"Lei 14.600/2023; Decreto 9.727/2019 (critérios para cargos em comissão)";
br-secretaria-executiva-mulheres-secretario;dept_head;;executivo;3;Secretária-Executiva do Ministério das Mulheres;;"Lei 14.600/2023; Decreto 9.727/2019 (critérios para cargos em comissão)";
br-secretaria-nacional-de-articulacao-intersetorial-e-interfederativa-e-participacao-politica-secretario;dept_head;;executivo;3;Secretária Nacional de Articulação Intersetorial e Interfederativa e Participação Política do Ministério das Mulheres;;"Lei 14.600/2023; Decreto 9.727/2019 (critérios para cargos em comissão)";
br-secretaria-nacional-de-autonomia-economica-e-politica-de-cuidados-secretario;dept_head;;executivo;3;Secretária Nacional de Autonomia Econômica e Política de Cuidados do Ministério das Mulheres;;"Lei 14.600/2023; Decreto 9.727/2019 (critérios para cargos em comissão)";
br-secretaria-nacional-de-enfrentamento-a-violencia-contra-mulheres-secretario;dept_head;;executivo;3;Secretário Nacional de Enfrentamento à Violência contra Mulheres do Ministério das Mulheres;;"Lei 14.600/2023; Decreto 9.727/2019 (critérios para cargos em comissão)";
br-secretaria-de-controle-interno-itamaraty-secretario;dept_head;;executivo;3;Secretário de Controle Interno do Ministério das Relações Exteriores;;"Lei 14.600/2023; Decreto 9.727/2019 (critérios para cargos em comissão)";
br-secretaria-geral-das-relacoes-exteriores-secretario;dept_head;;executivo;3;Secretária-Geral das Relações Exteriores do Ministério das Relações Exteriores;;"Lei 14.600/2023; Decreto 9.727/2019 (critérios para cargos em comissão)";
br-secretaria-executiva-minas-e-energia-secretario;dept_head;;executivo;3;Secretário-Executivo do Ministério de Minas e Energia;;"Lei 14.600/2023; Decreto 9.727/2019 (critérios para cargos em comissão)";
br-secretaria-nacional-de-energia-eletrica-secretario;dept_head;;executivo;3;Secretário Nacional de Energia Elétrica do Ministério de Minas e Energia;;"Lei 14.600/2023; Decreto 9.727/2019 (critérios para cargos em comissão)";
br-secretaria-nacional-de-geologia-mineracao-e-transformacao-mineral-secretario;dept_head;;executivo;3;Secretário Nacional de Geologia, Mineração e Transformação Mineral do Ministério de Minas e Energia;;"Lei 14.600/2023; Decreto 9.727/2019 (critérios para cargos em comissão)";
br-secretaria-nacional-de-petroleo-gas-natural-e-biocombustiveis-secretario;dept_head;;executivo;3;Secretário Nacional de Petróleo, Gás Natural e Biocombustíveis do Ministério de Minas e Energia;;"Lei 14.600/2023; Decreto 9.727/2019 (critérios para cargos em comissão)";
br-secretaria-nacional-de-transicao-energetica-e-planejamento-secretario;dept_head;;executivo;3;Secretária Nacional de Transição Energética e Planejamento do Ministério de Minas e Energia;;"Lei 14.600/2023; Decreto 9.727/2019 (critérios para cargos em comissão)";
br-secretaria-executiva-portos-e-aeroportos-secretario;dept_head;;executivo;3;Secretária-Executiva do Ministério de Portos e Aeroportos;;"Lei 14.600/2023; Decreto 9.727/2019 (critérios para cargos em comissão)";
br-secretaria-nacional-de-aviacao-civil-secretario;dept_head;;executivo;3;Secretário Nacional de Aviação Civil do Ministério de Portos e Aeroportos;;"Lei 14.600/2023; Decreto 9.727/2019 (critérios para cargos em comissão)";
br-secretaria-nacional-de-hidrovias-e-navegacao-secretario;dept_head;;executivo;3;Secretário Nacional de Hidrovias e Navegação do Ministério de Portos e Aeroportos;;"Lei 14.600/2023; Decreto 9.727/2019 (critérios para cargos em comissão)";
br-secretaria-nacional-de-portos-secretario;dept_head;;executivo;3;Secretário Nacional de Portos do Ministério de Portos e Aeroportos;;"Lei 14.600/2023; Decreto 9.727/2019 (critérios para cargos em comissão)";
br-secretaria-executiva-desenvolvimento-agrario-secretario;dept_head;;executivo;3;Secretário-Executivo do Ministério do Desenvolvimento Agrário e Agricultura Familiar;;"Lei 14.600/2023; Decreto 9.727/2019 (critérios para cargos em comissão)";
br-secretaria-de-abastecimento-cooperativismo-e-soberania-alimentar-secretario;dept_head;;executivo;3;Secretária de Abastecimento, Cooperativismo e Soberania Alimentar do Ministério do Desenvolvimento Agrário e Agricultura Familiar;;"Lei 14.600/2023; Decreto 9.727/2019 (critérios para cargos em comissão)";
br-secretaria-de-agricultura-familiar-e-agroecologia-secretario;dept_head;;executivo;3;Secretário de Agricultura Familiar e Agroecologia do Ministério do Desenvolvimento Agrário e Agricultura Familiar;;"Lei 14.600/2023; Decreto 9.727/2019 (critérios para cargos em comissão)";
br-secretaria-de-governanca-fundiaria-desenvolvimento-territorial-e-socioambiental-secretario;dept_head;;executivo;3;Secretário de Governança Fundiária, Desenvolvimento Territorial e Socioambiental do Ministério do Desenvolvimento Agrário e Agricultura Familiar;;"Lei 14.600/2023; Decreto 9.727/2019 (critérios para cargos em comissão)";
br-secretaria-de-territorios-e-sistemas-produtivos-quilombolas-e-tradicionais-secretario;dept_head;;executivo;3;Secretário de Territórios e Sistemas Produtivos Quilombolas e Tradicionais do Ministério do Desenvolvimento Agrário e Agricultura Familiar;;"Lei 14.600/2023; Decreto 9.727/2019 (critérios para cargos em comissão)";
br-secretaria-executiva-industria-e-comercio-secretario;dept_head;;executivo;3;Secretário-Executivo do Ministério do Desenvolvimento, Indústria, Comércio e Serviços;;"Lei 14.600/2023; Decreto 9.727/2019 (critérios para cargos em comissão)";
br-secretaria-de-competitividade-e-politica-regulatoria-secretario;dept_head;;executivo;3;Secretário de Competitividade e Política Regulatória do Ministério do Desenvolvimento, Indústria, Comércio e Serviços;;"Lei 14.600/2023; Decreto 9.727/2019 (critérios para cargos em comissão)";
br-secretaria-de-comercio-exterior-secretario;dept_head;;executivo;3;Secretária de Comércio Exterior do Ministério do Desenvolvimento, Indústria, Comércio e Serviços;;"Lei 14.600/2023; Decreto 9.727/2019 (critérios para cargos em comissão)";
br-secretaria-de-desenvolvimento-industrial-inovacao-comercio-e-servicos-secretario;dept_head;;executivo;3;Secretário de Desenvolvimento Industrial, Inovação, Comércio e Serviços do Ministério do Desenvolvimento, Indústria, Comércio e Serviços;;"Lei 14.600/2023; Decreto 9.727/2019 (critérios para cargos em comissão)";
br-secretaria-de-economia-verde-descarbonizacao-e-bioindustria-secretario;dept_head;;executivo;3;Secretária de Economia Verde, Descarbonização e Bioindústria do Ministério do Desenvolvimento, Indústria, Comércio e Serviços;;"Lei 14.600/2023; Decreto 9.727/2019 (critérios para cargos em comissão)";
br-secretaria-executiva-desenvolvimento-social-secretario;dept_head;;executivo;3;Secretário-Executivo do Ministério do Desenvolvimento e Assistência Social, Família e Combate à Fome;;"Lei 14.600/2023; Decreto 9.727/2019 (critérios para cargos em comissão)";
br-secretaria-extraordinaria-de-combate-a-pobreza-e-a-fome-secretario;dept_head;;executivo;3;Secretária Extraordinária de Combate à Pobreza e à Fome do Ministério do Desenvolvimento e Assistência Social, Família e Combate à Fome;;"Lei 14.600/2023; Decreto 9.727/2019 (critérios para cargos em comissão)";
br-secretaria-nacional-da-politica-de-cuidados-e-familia-secretario;dept_head;;executivo;3;Secretário Nacional da Política de Cuidados e Família do Ministério do Desenvolvimento e Assistência Social, Família e Combate à Fome;;"Lei 14.600/2023; Decreto 9.727/2019 (critérios para cargos em comissão)";
br-secretaria-nacional-de-assistencia-social-secretario;dept_head;;executivo;3;Secretário Nacional de Assistência Social do Ministério do Desenvolvimento e Assistência Social, Família e Combate à Fome;;"Lei 14.600/2023; Decreto 9.727/2019 (critérios para cargos em comissão)";
br-secretaria-nacional-de-beneficios-assistenciais-secretario;dept_head;;executivo;3;Secretário Nacional de Benefícios Assistenciais do Ministério do Desenvolvimento e Assistência Social, Família e Combate à Fome;;"Lei 14.600/2023; Decreto 9.727/2019 (critérios para cargos em comissão)";
br-secretaria-nacional-de-integracao-e-articulacao-de-plataformas-sociais-eletronicas-secretario;dept_head;;executivo;3;Secretária Nacional de Integração e Articulação de Plataformas Sociais Eletrônicas do Ministério do Desenvolvimento e Assistência Social, Família e Combate à Fome;;"Lei 14.600/2023; Decreto 9.727/2019 (critérios para cargos em comissão)";
br-secretaria-nacional-de-renda-de-cidadania-secretario;dept_head;;executivo;3;Secretário Nacional de Renda de Cidadania do Ministério do Desenvolvimento e Assistência Social, Família e Combate à Fome;;"Lei 14.600/2023; Decreto 9.727/2019 (critérios para cargos em comissão)";
br-secretaria-nacional-de-seguranca-alimentar-e-nutricional-secretario;dept_head;;executivo;3;Secretário Nacional de Segurança Alimentar e Nutricional do Ministério do Desenvolvimento e Assistência Social, Família e Combate à Fome;;"Lei 14.600/2023; Decreto 9.727/2019 (critérios para cargos em comissão)";
br-secretaria-de-avaliacao-gestao-da-informacao-e-cadastro-unico-secretario;dept_head;;executivo;3;Secretário de Avaliação, Gestão da Informação e Cadastro Único do Ministério do Desenvolvimento e Assistência Social, Família e Combate à Fome;;"Lei 14.600/2023; Decreto 9.727/2019 (critérios para cargos em comissão)";
br-secretaria-de-inclusao-socioeconomica-secretario;dept_head;;executivo;3;Secretário de Inclusão Socioeconômica do Ministério do Desenvolvimento e Assistência Social, Família e Combate à Fome;;"Lei 14.600/2023; Decreto 9.727/2019 (critérios para cargos em comissão)";
br-secretaria-executiva-empreendedorismo-secretario;dept_head;;executivo;3;Secretário-Executivo do Ministério do Empreendedorismo, da Microempresa e da Empresa de Pequeno Porte;;"Lei 14.600/2023; Decreto 9.727/2019 (critérios para cargos em comissão)";
br-secretaria-nacional-de-ambiente-de-negocios-secretario;dept_head;;executivo;3;Secretário Nacional de Ambiente de Negócios do Ministério do Empreendedorismo, da Microempresa e da Empresa de Pequeno Porte;;"Lei 14.600/2023; Decreto 9.727/2019 (critérios para cargos em comissão)";
br-secretaria-nacional-de-inclusao-socioprodutiva-artesanato-e-microempreendedor-individual-secretario;dept_head;;executivo;3;Secretário Nacional de Inclusão Socioprodutiva, Artesanato e Microempreendedor Individual do Ministério do Empreendedorismo, da Microempresa e da Empresa de Pequeno Porte;;"Lei 14.600/2023; Decreto 9.727/2019 (critérios para cargos em comissão)";
br-secretaria-executiva-esporte-secretario;dept_head;;executivo;3;Secretário-Executivo do Ministério do Esporte;;"Lei 14.600/2023; Decreto 9.727/2019 (critérios para cargos em comissão)";
br-secretaria-extraordinaria-da-copa-do-mundo-de-futebol-feminino-2027-secretario;dept_head;;executivo;3;Secretária Extraordinária da Copa do Mundo de Futebol Feminino 2027 do Ministério do Esporte;;"Lei 14.600/2023; Decreto 9.727/2019 (critérios para cargos em comissão)";
br-secretaria-nacional-de-apostas-esportivas-e-de-desenvolvimento-economico-do-esporte-secretario;dept_head;;executivo;3;Secretário Nacional de Apostas Esportivas e de Desenvolvimento Econômico do Esporte do Ministério do Esporte;;"Lei 14.600/2023; Decreto 9.727/2019 (critérios para cargos em comissão)";
br-secretaria-nacional-de-esporte-amador-educacao-lazer-e-inclusao-social-secretario;dept_head;;executivo;3;Secretária Nacional de Esporte Amador, Educação, Lazer e Inclusão Social do Ministério do Esporte;;"Lei 14.600/2023; Decreto 9.727/2019 (critérios para cargos em comissão)";
br-secretaria-nacional-de-excelencia-esportiva-secretario;dept_head;;executivo;3;Secretária Nacional de Excelência Esportiva do Ministério do Esporte;;"Lei 14.600/2023; Decreto 9.727/2019 (critérios para cargos em comissão)";
br-secretaria-nacional-de-futebol-e-defesa-dos-direitos-do-torcedor-secretario;dept_head;;executivo;3;Secretário Nacional de Futebol e Defesa dos Direitos do Torcedor do Ministério do Esporte;;"Lei 14.600/2023; Decreto 9.727/2019 (critérios para cargos em comissão)";
br-secretaria-nacional-de-paradesporto-secretario;dept_head;;executivo;3;Secretário Nacional de Paradesporto do Ministério do Esporte;;"Lei 14.600/2023; Decreto 9.727/2019 (critérios para cargos em comissão)";
br-secretaria-executiva-meio-ambiente-secretario;dept_head;;executivo;3;Secretária-Executiva do Ministério do Meio Ambiente e Mudança do Clima;;"Lei 14.600/2023; Decreto 9.727/2019 (critérios para cargos em comissão)";
br-secretaria-extraordinaria-de-controle-do-desmatamento-e-ordenamento-ambiental-territorial-secretario;dept_head;;executivo;3;Secretário Extraordinário de Controle do Desmatamento e Ordenamento Ambiental Territorial do Ministério do Meio Ambiente e Mudança do Clima;;"Lei 14.600/2023; Decreto 9.727/2019 (critérios para cargos em comissão)";
br-secretaria-nacional-de-biodiversidade-florestas-e-direitos-animais-secretario;dept_head;;executivo;3;Secretária Nacional de Biodiversidade, Florestas e Direitos Animais do Ministério do Meio Ambiente e Mudança do Clima;;"Lei 14.600/2023; Decreto 9.727/2019 (critérios para cargos em comissão)";
br-secretaria-nacional-de-bioeconomia-secretario;dept_head;;executivo;3;Secretária Nacional de Bioeconomia do Ministério do Meio Ambiente e Mudança do Clima;;"Lei 14.600/2023; Decreto 9.727/2019 (critérios para cargos em comissão)";
br-secretaria-nacional-de-meio-ambiente-urbano-recursos-hidricos-e-qualidade-ambiental-secretario;dept_head;;executivo;3;Secretário Nacional de Meio Ambiente Urbano, Recursos Hídricos e Qualidade Ambiental do Ministério do Meio Ambiente e Mudança do Clima;;"Lei 14.600/2023; Decreto 9.727/2019 (critérios para cargos em comissão)";
br-secretaria-nacional-de-mudanca-do-clima-secretario;dept_head;;executivo;3;Secretário Nacional de Mudança do Clima do Ministério do Meio Ambiente e Mudança do Clima;;"Lei 14.600/2023; Decreto 9.727/2019 (critérios para cargos em comissão)";
br-secretaria-nacional-de-povos-e-comunidades-tradicionais-e-desenvolvimento-rural-sustentavel-secretario;dept_head;;executivo;3;Secretária Nacional de Povos e Comunidades Tradicionais e Desenvolvimento Rural Sustentável do Ministério do Meio Ambiente e Mudança do Clima;;"Lei 14.600/2023; Decreto 9.727/2019 (critérios para cargos em comissão)";
br-secretaria-executiva-planejamento-secretario;dept_head;;executivo;3;Secretário-Executivo do Ministério do Planejamento e Orçamento;;"Lei 14.600/2023; Decreto 9.727/2019 (critérios para cargos em comissão)";
br-secretaria-nacional-de-planejamento-secretario;dept_head;;executivo;3;Secretária Nacional de Planejamento do Ministério do Planejamento e Orçamento;;"Lei 14.600/2023; Decreto 9.727/2019 (critérios para cargos em comissão)";
br-secretaria-de-articulacao-institucional-secretario;dept_head;;executivo;3;Secretário de Articulação Institucional do Ministério do Planejamento e Orçamento;;"Lei 14.600/2023; Decreto 9.727/2019 (critérios para cargos em comissão)";
br-secretaria-de-assuntos-internacionais-e-desenvolvimento-secretario;dept_head;;executivo;3;Secretário de Assuntos Internacionais e Desenvolvimento do Ministério do Planejamento e Orçamento;;"Lei 14.600/2023; Decreto 9.727/2019 (critérios para cargos em comissão)";
br-secretaria-de-monitoramento-e-avaliacao-de-politicas-publicas-secretario;dept_head;;executivo;3;Secretário de Monitoramento e Avaliação de Políticas Públicas do Ministério do Planejamento e Orçamento;;"Lei 14.600/2023; Decreto 9.727/2019 (critérios para cargos em comissão)";
br-secretaria-de-orcamento-federal-secretario;dept_head;;executivo;3;Secretário de Orçamento Federal do Ministério do Planejamento e Orçamento;;"Lei 14.600/2023; Decreto 9.727/2019 (critérios para cargos em comissão)";
br-secretaria-executiva-trabalho-secretario;dept_head;;executivo;3;Secretário-Executivo do Ministério do Trabalho e Emprego;;"Lei 14.600/2023; Decreto 9.727/2019 (critérios para cargos em comissão)";
br-secretaria-nacional-de-economia-popular-e-solidaria-secretario;dept_head;;executivo;3;Secretário Nacional de Economia Popular e Solidária do Ministério do Trabalho e Emprego;;"Lei 14.600/2023; Decreto 9.727/2019 (critérios para cargos em comissão)";
br-secretaria-nacional-de-qualificacao-emprego-e-juventude-secretario;dept_head;;executivo;3;Secretário Nacional de Qualificação, Emprego e Juventude do Ministério do Trabalho e Emprego;;"Lei 14.600/2023; Decreto 9.727/2019 (critérios para cargos em comissão)";
br-secretaria-de-inspecao-do-trabalho-secretario;dept_head;;executivo;3;Secretário de Inspeção do Trabalho do Ministério do Trabalho e Emprego;;"Lei 14.600/2023; Decreto 9.727/2019 (critérios para cargos em comissão)";
br-secretaria-de-protecao-ao-trabalhador-secretario;dept_head;;executivo;3;Secretário de Proteção ao Trabalhador do Ministério do Trabalho e Emprego;;"Lei 14.600/2023; Decreto 9.727/2019 (critérios para cargos em comissão)";
br-secretaria-de-relacoes-do-trabalho-secretario;dept_head;;executivo;3;Secretário de Relações do Trabalho do Ministério do Trabalho e Emprego;;"Lei 14.600/2023; Decreto 9.727/2019 (critérios para cargos em comissão)";
br-secretaria-executiva-turismo-secretario;dept_head;;executivo;3;Secretário-Executivo do Ministério do Turismo;;"Lei 14.600/2023; Decreto 9.727/2019 (critérios para cargos em comissão)";
br-secretaria-nacional-de-infraestrutura-credito-e-investimentos-no-turismo-secretario;dept_head;;executivo;3;Secretário Nacional de Infraestrutura, Crédito e Investimentos no Turismo do Ministério do Turismo;;"Lei 14.600/2023; Decreto 9.727/2019 (critérios para cargos em comissão)";
br-secretaria-nacional-de-politicas-de-turismo-secretario;dept_head;;executivo;3;Secretário Nacional de Políticas de Turismo do Ministério do Turismo;;"Lei 14.600/2023; Decreto 9.727/2019 (critérios para cargos em comissão)";
br-secretaria-executiva-direitos-humanos-secretario;dept_head;;executivo;3;Secretária-Executiva do Ministério dos Direitos Humanos e da Cidadania;;"Lei 14.600/2023; Decreto 9.727/2019 (critérios para cargos em comissão)";
br-secretaria-nacional-de-promocao-e-defesa-dos-direitos-humanos-secretario;dept_head;;executivo;3;Secretária Nacional de Promoção e Defesa dos Direitos Humanos do Ministério dos Direitos Humanos e da Cidadania;;"Lei 14.600/2023; Decreto 9.727/2019 (critérios para cargos em comissão)";
br-secretaria-nacional-dos-direitos-da-crianca-e-do-adolescente-secretario;dept_head;;executivo;3;Secretário Nacional dos Direitos da Criança e do Adolescente do Ministério dos Direitos Humanos e da Cidadania;;"Lei 14.600/2023; Decreto 9.727/2019 (critérios para cargos em comissão)";
br-secretaria-nacional-dos-direitos-da-pessoa-idosa-secretario;dept_head;;executivo;3;Secretário Nacional dos Direitos da Pessoa Idosa do Ministério dos Direitos Humanos e da Cidadania;;"Lei 14.600/2023; Decreto 9.727/2019 (critérios para cargos em comissão)";
br-secretaria-nacional-dos-direitos-da-pessoa-com-deficiencia-secretario;dept_head;;executivo;3;Secretária Nacional dos Direitos da Pessoa com Deficiência do Ministério dos Direitos Humanos e da Cidadania;;"Lei 14.600/2023; Decreto 9.727/2019 (critérios para cargos em comissão)";
br-secretaria-nacional-dos-direitos-das-pessoas-lgbtqia-secretario;dept_head;;executivo;3;Secretária Nacional dos Direitos das Pessoas LGBTQIA+ do Ministério dos Direitos Humanos e da Cidadania;;"Lei 14.600/2023; Decreto 9.727/2019 (critérios para cargos em comissão)";
br-secretaria-executiva-povos-indigenas-secretario;dept_head;;executivo;3;Secretário-Executivo do Ministério dos Povos Indígenas;;"Lei 14.600/2023; Decreto 9.727/2019 (critérios para cargos em comissão)";
br-secretaria-nacional-de-articulacao-e-promocao-de-direitos-indigenas-secretario;dept_head;;executivo;3;Secretária Nacional de Articulação e Promoção de Direitos Indígenas do Ministério dos Povos Indígenas;;"Lei 14.600/2023; Decreto 9.727/2019 (critérios para cargos em comissão)";
br-secretaria-nacional-de-direitos-territoriais-indigenas-secretario;dept_head;;executivo;3;Secretária Nacional de Direitos Territoriais Indígenas do Ministério dos Povos Indígenas;;"Lei 14.600/2023; Decreto 9.727/2019 (critérios para cargos em comissão)";
br-secretaria-nacional-de-gestao-ambiental-e-territorial-indigena-secretario;dept_head;;executivo;3;Secretária Nacional de Gestão Ambiental e Territorial Indígena do Ministério dos Povos Indígenas;;"Lei 14.600/2023; Decreto 9.727/2019 (critérios para cargos em comissão)";
br-secretaria-executiva-transportes-secretario;dept_head;;executivo;3;Secretário-Executivo do Ministério dos Transportes;;"Lei 14.600/2023; Decreto 9.727/2019 (critérios para cargos em comissão)";
br-secretaria-nacional-de-transporte-ferroviario-secretario;dept_head;;executivo;3;Secretário Nacional de Transporte Ferroviário do Ministério dos Transportes;;"Lei 14.600/2023; Decreto 9.727/2019 (critérios para cargos em comissão)";
br-secretaria-nacional-de-transporte-rodoviario-secretario;dept_head;;executivo;3;Secretária Nacional de Transporte Rodoviário do Ministério dos Transportes;;"Lei 14.600/2023; Decreto 9.727/2019 (critérios para cargos em comissão)";
br-secretaria-nacional-de-transito-secretario;dept_head;;executivo;3;Secretário Nacional de Trânsito do Ministério dos Transportes;;"Lei 14.600/2023; Decreto 9.727/2019 (critérios para cargos em comissão)";
br-secretaria-executiva-cc-pr-secretario;dept_head;;executivo;3;Secretária-Executiva da Casa Civil da Presidência da República;;"Lei 14.600/2023; Decreto 9.727/2019 (critérios para cargos em comissão)";
br-secretaria-especial-de-analise-governamental-secretario;dept_head;;executivo;3;Secretária Especial de Análise Governamental da Casa Civil da Presidência da República;;"Lei 14.600/2023; Decreto 9.727/2019 (critérios para cargos em comissão)";
br-secretaria-especial-do-programa-de-aceleracao-do-crescimento-secretario;dept_head;;executivo;3;Secretário Especial do Programa de Aceleração do Crescimento da Casa Civil da Presidência da República;;"Lei 14.600/2023; Decreto 9.727/2019 (critérios para cargos em comissão)";
br-secretaria-especial-do-programa-de-parcerias-de-investimentos-secretario;dept_head;;executivo;3;Secretário Especial do Programa de Parcerias de Investimentos da Casa Civil da Presidência da República;;"Lei 14.600/2023; Decreto 9.727/2019 (critérios para cargos em comissão)";
br-secretaria-especial-para-assuntos-juridicos-secretario;dept_head;;executivo;3;Secretário Especial para Assuntos Jurídicos da Casa Civil da Presidência da República;;"Lei 14.600/2023; Decreto 9.727/2019 (critérios para cargos em comissão)";
br-secretaria-de-articulacao-e-monitoramento-secretario;dept_head;;executivo;3;Secretário de Articulação e Monitoramento da Casa Civil da Presidência da República;;"Lei 14.600/2023; Decreto 9.727/2019 (critérios para cargos em comissão)";
br-secretaria-executiva-gsi-pr-secretario;dept_head;;executivo;3;Secretário-Executivo do Gabinete de Segurança Institucional da Presidência da República;;"Lei 14.600/2023; Decreto 9.727/2019 (critérios para cargos em comissão)";
br-secretaria-de-acompanhamento-e-gestao-de-assuntos-estrategicos-secretario;dept_head;;executivo;3;Secretário de Acompanhamento e Gestão de Assuntos Estratégicos do Gabinete de Segurança Institucional da Presidência da República;;"Lei 14.600/2023; Decreto 9.727/2019 (critérios para cargos em comissão)";
br-secretaria-de-coordenacao-e-assuntos-aeroespaciais-secretario;dept_head;;executivo;3;Secretário de Coordenação e Assuntos Aeroespaciais do Gabinete de Segurança Institucional da Presidência da República;;"Lei 14.600/2023; Decreto 9.727/2019 (critérios para cargos em comissão)";
br-secretaria-de-seguranca-presidencial-secretario;dept_head;;executivo;3;Secretário de Segurança Presidencial do Gabinete de Segurança Institucional da Presidência da República;;"Lei 14.600/2023; Decreto 9.727/2019 (critérios para cargos em comissão)";
br-secretaria-de-seguranca-da-informacao-e-cibernetica-secretario;dept_head;;executivo;3;Secretário de Segurança da Informação e Cibernética do Gabinete de Segurança Institucional da Presidência da República;;"Lei 14.600/2023; Decreto 9.727/2019 (critérios para cargos em comissão)";
br-secretaria-executiva-secom-pr-secretario;dept_head;;executivo;3;Secretária-Executiva da Secretaria de Comunicação Social da Presidência da República;;"Lei 14.600/2023; Decreto 9.727/2019 (critérios para cargos em comissão)";
br-secretaria-de-comunicacao-institucional-secretario;dept_head;;executivo;3;Secretária de Comunicação Institucional da Secretaria de Comunicação Social da Presidência da República;;"Lei 14.600/2023; Decreto 9.727/2019 (critérios para cargos em comissão)";
br-secretaria-de-estrategias-e-redes-secretario;dept_head;;executivo;3;Secretário de Estratégias e Redes da Secretaria de Comunicação Social da Presidência da República;;"Lei 14.600/2023; Decreto 9.727/2019 (critérios para cargos em comissão)";
br-secretaria-de-imprensa-secretario;dept_head;;executivo;3;Secretário de Imprensa da Secretaria de Comunicação Social da Presidência da República;;"Lei 14.600/2023; Decreto 9.727/2019 (critérios para cargos em comissão)";
br-secretaria-de-politicas-digitais-secretario;dept_head;;executivo;3;Secretário de Políticas Digitais da Secretaria de Comunicação Social da Presidência da República;;"Lei 14.600/2023; Decreto 9.727/2019 (critérios para cargos em comissão)";
br-secretaria-de-producao-e-divulgacao-de-conteudo-audiovisual-secretario;dept_head;;executivo;3;Secretária de Produção e Divulgação de Conteúdo Audiovisual da Secretaria de Comunicação Social da Presidência da República;;"Lei 14.600/2023; Decreto 9.727/2019 (critérios para cargos em comissão)";
br-secretaria-de-publicidade-e-patrocinios-secretario;dept_head;;executivo;3;Secretária de Publicidade e Patrocínios da Secretaria de Comunicação Social da Presidência da República;;"Lei 14.600/2023; Decreto 9.727/2019 (critérios para cargos em comissão)";
br-secretaria-executiva-sri-pr-secretario;dept_head;;executivo;3;Secretário-Executivo da Secretaria de Relações Institucionais da Presidência da República;;"Lei 14.600/2023; Decreto 9.727/2019 (critérios para cargos em comissão)";
br-secretaria-especial-de-acompanhamento-governamental-secretario;dept_head;;executivo;3;Secretário Especial de Acompanhamento Governamental da Secretaria de Relações Institucionais da Presidência da República;;"Lei 14.600/2023; Decreto 9.727/2019 (critérios para cargos em comissão)";
br-secretaria-especial-de-assuntos-federativos-secretario;dept_head;;executivo;3;Secretário Especial de Assuntos Federativos da Secretaria de Relações Institucionais da Presidência da República;;"Lei 14.600/2023; Decreto 9.727/2019 (critérios para cargos em comissão)";
br-secretaria-especial-de-assuntos-parlamentares-secretario;dept_head;;executivo;3;Secretário Especial de Assuntos Parlamentares da Secretaria de Relações Institucionais da Presidência da República;;"Lei 14.600/2023; Decreto 9.727/2019 (critérios para cargos em comissão)";
br-secretaria-executiva-sg-secretario;dept_head;;executivo;3;Secretário-Executivo da Secretaria-Geral da Presidência da República;;"Lei 14.600/2023; Decreto 9.727/2019 (critérios para cargos em comissão)";
br-secretaria-nacional-de-dialogos-sociais-e-articulacao-de-politicas-publicas-secretario;dept_head;;executivo;3;Secretário Nacional de Diálogos Sociais e Articulação de Políticas Públicas da Secretaria-Geral da Presidência da República;;"Lei 14.600/2023; Decreto 9.727/2019 (critérios para cargos em comissão)";
br-secretaria-nacional-de-juventude-secretario;dept_head;;executivo;3;Secretária Nacional de Juventude da Secretaria-Geral da Presidência da República;;"Lei 14.600/2023; Decreto 9.727/2019 (critérios para cargos em comissão)";
br-secretaria-nacional-de-participacao-social-secretario;dept_head;;executivo;3;Secretária Nacional de Participação Social da Secretaria-Geral da Presidência da República;;"Lei 14.600/2023; Decreto 9.727/2019 (critérios para cargos em comissão)";
br-secretaria-nacional-de-relacoes-politico-sociais-secretario;dept_head;;executivo;3;Secretário Nacional de Relações Político-Sociais da Secretaria-Geral da Presidência da República;;"Lei 14.600/2023; Decreto 9.727/2019 (critérios para cargos em comissão)";
