cargo_id;cargo;pessoa_id;pessoa;papel;desde;modo_entrada;quem_nomeou;fim_mandato;interino;fonte
br-presidente-da-republica;Presidente da República;br-p-luiz-inacio-lula-da-silva;Luiz Inácio Lula da Silva;;2023-01-01;eleito;Povo brasileiro;2026-12-31;não;https://www.gov.br/planalto/pt-br/conheca-a-presidencia/presidente
br-vice-presidente-da-republica;Vice-Presidente da República;br-p-geraldo-alckmin;Geraldo Alckmin;;2023-01-01;eleito;Povo brasileiro;2026-12-31;não;https://www.gov.br/planalto/pt-br/conheca-a-presidencia/vice-presidente
br-mesa-da-camara-dos-deputados;Mesa Diretora da Câmara dos Deputados;br-p-cd-160674;Hugo Motta;Presidente;2025-02-01;eleito;;;não;https://dadosabertos.camara.leg.br/api/v2/deputados/160674
br-mesa-da-camara-dos-deputados;Mesa Diretora da Câmara dos Deputados;br-p-cd-178937;Altineu Côrtes;1º Vice-Presidente;2025-02-01;eleito;;;não;https://dadosabertos.camara.leg.br/api/v2/deputados/178937
br-mesa-da-camara-dos-deputados;Mesa Diretora da Câmara dos Deputados;br-p-cd-178854;Elmar Nascimento;2º Vice-Presidente;2025-02-01;eleito;;;não;https://dadosabertos.camara.leg.br/api/v2/deputados/178854
br-mesa-da-camara-dos-deputados;Mesa Diretora da Câmara dos Deputados;br-p-cd-204426;Carlos Veras;1º Secretário;2025-02-01;eleito;;;não;https://dadosabertos.camara.leg.br/api/v2/deputados/204426
br-mesa-da-camara-dos-deputados;Mesa Diretora da Câmara dos Deputados;br-p-cd-220669;Lula da Fonte;2º Secretário;2025-02-01;eleito;;;não;https://dadosabertos.camara.leg.br/api/v2/deputados/220669
br-mesa-da-camara-dos-deputados;Mesa Diretora da Câmara dos Deputados;br-p-cd-220561;Delegada Katarina;3º Secretário;2025-02-01;eleito;;;não;https://dadosabertos.camara.leg.br/api/v2/deputados/220561
br-mesa-da-camara-dos-deputados;Mesa Diretora da Câmara dos Deputados;br-p-cd-178933;Sergio Souza;4º Secretário;2025-02-01;eleito;;;não;https://dadosabertos.camara.leg.br/api/v2/deputados/178933
br-mesa-da-camara-dos-deputados;Mesa Diretora da Câmara dos Deputados;br-p-cd-160674;Hugo Motta;Titular;2025-02-01;eleito;;;não;https://dadosabertos.camara.leg.br/api/v2/deputados/160674
br-mesa-da-camara-dos-deputados;Mesa Diretora da Câmara dos Deputados;br-p-cd-178937;Altineu Côrtes;Titular;2025-02-01;eleito;;;não;https://dadosabertos.camara.leg.br/api/v2/deputados/178937
br-mesa-da-camara-dos-deputados;Mesa Diretora da Câmara dos Deputados;br-p-cd-178854;Elmar Nascimento;Titular;2025-02-01;eleito;;;não;https://dadosabertos.camara.leg.br/api/v2/deputados/178854
br-mesa-da-camara-dos-deputados;Mesa Diretora da Câmara dos Deputados;br-p-cd-204426;Carlos Veras;Titular;2025-02-01;eleito;;;não;https://dadosabertos.camara.leg.br/api/v2/deputados/204426
br-mesa-do-senado-federal;Mesa do Senado Federal;br-p-sf-3830;Davi Alcolumbre;Presidente;2025-02-01;eleito;;;não;https://www25.senado.leg.br/web/senadores/mesa-diretora
br-mesa-do-senado-federal;Mesa do Senado Federal;br-p-sf-3777;Eduardo Gomes;1º Vice-Presidente;2025-02-01;eleito;;;não;https://www25.senado.leg.br/web/senadores/mesa-diretora
br-mesa-do-senado-federal;Mesa do Senado Federal;br-p-sf-5008;Humberto Costa;2º Vice-Presidente;2025-02-01;eleito;;;não;https://www25.senado.leg.br/web/senadores/mesa-diretora
br-mesa-do-senado-federal;Mesa do Senado Federal;br-p-sf-5998;Daniella Ribeiro;1ª Secretária;2025-02-01;eleito;;;não;https://www25.senado.leg.br/web/senadores/mesa-diretora
br-mesa-do-senado-federal;Mesa do Senado Federal;br-p-sf-475;Confúcio Moura;2º Secretário;2025-02-01;eleito;;;não;https://www25.senado.leg.br/web/senadores/mesa-diretora
br-mesa-do-senado-federal;Mesa do Senado Federal;br-p-sf-6358;Ana Paula Lobato;3ª Secretária;2025-02-01;eleito;;;não;https://www25.senado.leg.br/web/senadores/mesa-diretora
br-mesa-do-senado-federal;Mesa do Senado Federal;br-p-sf-4811;Laércio Oliveira;4º Secretário;2025-02-01;eleito;;;não;https://www25.senado.leg.br/web/senadores/mesa-diretora
br-comissao-de-constituicao-e-justica-e-de-cidadania-da-camara;Comissão de Constituição e Justiça e de Cidadania da Câmara;br-p-cd-92102;Leur Lomanto Júnior;Presidente;2026-02-10;eleito;;;não;https://dadosabertos.camara.leg.br/api/v2/deputados/92102
br-comissao-de-constituicao-e-justica-e-de-cidadania-da-camara;Comissão de Constituição e Justiça e de Cidadania da Câmara;br-p-cd-141531;Rodrigo de Castro;1º Vice-Presidente;2026-03-17;eleito;;;não;https://dadosabertos.camara.leg.br/api/v2/deputados/141531
br-comissao-de-constituicao-e-justica-e-de-cidadania-da-camara;Comissão de Constituição e Justiça e de Cidadania da Câmara;br-p-cd-66385;Julio Arcoverde;2º Vice-Presidente;2026-03-17;eleito;;;não;https://dadosabertos.camara.leg.br/api/v2/deputados/66385
br-comissao-de-constituicao-e-justica-e-de-cidadania-da-camara;Comissão de Constituição e Justiça e de Cidadania da Câmara;br-p-cd-209787;Nikolas Ferreira;3º Vice-Presidente;2026-03-17;eleito;;;não;https://dadosabertos.camara.leg.br/api/v2/deputados/209787
br-comissao-de-constituicao-e-justica-e-de-cidadania-da-camara;Comissão de Constituição e Justiça e de Cidadania da Câmara;br-p-cd-178860;Paulo Azi;Titular;2026-02-09;eleito;;;não;https://dadosabertos.camara.leg.br/api/v2/deputados/178860
br-comissao-de-constituicao-e-justica-e-de-cidadania-da-camara;Comissão de Constituição e Justiça e de Cidadania da Câmara;br-p-cd-204572;Capitão Alberto Neto;Titular;2026-02-09;eleito;;;não;https://dadosabertos.camara.leg.br/api/v2/deputados/204572
br-comissao-de-constituicao-e-justica-e-de-cidadania-da-camara;Comissão de Constituição e Justiça e de Cidadania da Câmara;br-p-cd-74075;Elcione Barbalho;Titular;2026-02-09;eleito;;;não;https://dadosabertos.camara.leg.br/api/v2/deputados/74075
br-comissao-de-constituicao-e-justica-e-de-cidadania-da-camara;Comissão de Constituição e Justiça e de Cidadania da Câmara;br-p-cd-74574;Paulo Magalhães;Titular;2026-02-09;eleito;;;não;https://dadosabertos.camara.leg.br/api/v2/deputados/74574
br-comissao-de-constituicao-e-justica-e-de-cidadania-da-camara;Comissão de Constituição e Justiça e de Cidadania da Câmara;br-p-cd-160666;Félix Mendonça Júnior;Titular;2026-02-09;eleito;;;não;https://dadosabertos.camara.leg.br/api/v2/deputados/160666
br-comissao-de-constituicao-e-justica-e-de-cidadania-da-camara;Comissão de Constituição e Justiça e de Cidadania da Câmara;br-p-cd-143632;Domingos Neto;Titular;2026-02-09;eleito;;;não;https://dadosabertos.camara.leg.br/api/v2/deputados/143632
br-comissao-de-constituicao-e-justica-e-de-cidadania-da-camara;Comissão de Constituição e Justiça e de Cidadania da Câmara;br-p-cd-160527;Aguinaldo Ribeiro;Titular;2026-02-09;eleito;;;não;https://dadosabertos.camara.leg.br/api/v2/deputados/160527
br-comissao-de-constituicao-e-justica-e-de-cidadania-da-camara;Comissão de Constituição e Justiça e de Cidadania da Câmara;br-p-cd-178972;Alex Manente;Titular;2026-02-09;eleito;;;não;https://dadosabertos.camara.leg.br/api/v2/deputados/178972
br-comissao-de-constituicao-e-justica-e-de-cidadania-da-camara;Comissão de Constituição e Justiça e de Cidadania da Câmara;br-p-cd-178881;Aluisio Mendes;Titular;2026-02-09;eleito;;;não;https://dadosabertos.camara.leg.br/api/v2/deputados/178881
br-comissao-de-constituicao-e-justica-e-de-cidadania-da-camara;Comissão de Constituição e Justiça e de Cidadania da Câmara;br-p-cd-139285;Lídice da Mata;Titular;2026-02-09;eleito;;;não;https://dadosabertos.camara.leg.br/api/v2/deputados/139285
br-comissao-de-constituicao-e-justica-e-de-cidadania-da-camara;Comissão de Constituição e Justiça e de Cidadania da Câmara;br-p-cd-91228;Waldemar Oliveira;Titular;2026-02-09;eleito;;;não;https://dadosabertos.camara.leg.br/api/v2/deputados/91228
br-comissao-de-constituicao-e-justica-e-de-cidadania-da-camara;Comissão de Constituição e Justiça e de Cidadania da Câmara;br-p-cd-220588;Roberto Duarte;Titular;2026-02-09;eleito;;;não;https://dadosabertos.camara.leg.br/api/v2/deputados/220588
br-comissao-de-constituicao-e-justica-e-de-cidadania-da-camara;Comissão de Constituição e Justiça e de Cidadania da Câmara;br-p-cd-220599;Marcelo Crivella;Titular;2026-02-09;eleito;;;não;https://dadosabertos.camara.leg.br/api/v2/deputados/220599
br-comissao-de-constituicao-e-justica-e-de-cidadania-da-camara;Comissão de Constituição e Justiça e de Cidadania da Câmara;br-p-cd-220543;Ricardo Ayres;Titular;2026-02-09;eleito;;;não;https://dadosabertos.camara.leg.br/api/v2/deputados/220543
br-comissao-de-constituicao-e-justica-e-de-cidadania-da-camara;Comissão de Constituição e Justiça e de Cidadania da Câmara;br-p-cd-74160;Patrus Ananias;Titular;2026-02-09;eleito;;;não;https://dadosabertos.camara.leg.br/api/v2/deputados/74160
br-comissao-de-constituicao-e-justica-e-de-cidadania-da-camara;Comissão de Constituição e Justiça e de Cidadania da Câmara;br-p-cd-74041;Luiz Couto;Titular;2026-02-09;eleito;;;não;https://dadosabertos.camara.leg.br/api/v2/deputados/74041
br-comissao-de-constituicao-e-justica-e-de-cidadania-da-camara;Comissão de Constituição e Justiça e de Cidadania da Câmara;br-p-cd-74398;Maria do Rosário;Titular;2026-02-09;eleito;;;não;https://dadosabertos.camara.leg.br/api/v2/deputados/74398
br-comissao-de-constituicao-e-justica-e-de-cidadania-da-camara;Comissão de Constituição e Justiça e de Cidadania da Câmara;br-p-cd-178987;Orlando Silva;Titular;2026-02-09;eleito;;;não;https://dadosabertos.camara.leg.br/api/v2/deputados/178987
br-comissao-de-constituicao-e-justica-e-de-cidadania-da-camara;Comissão de Constituição e Justiça e de Cidadania da Câmara;br-p-cd-178908;Delegado Éder Mauro;Titular;2026-02-09;eleito;;;não;https://dadosabertos.camara.leg.br/api/v2/deputados/178908
br-comissao-de-constituicao-e-justica-e-de-cidadania-da-camara;Comissão de Constituição e Justiça e de Cidadania da Câmara;br-p-cd-178887;Rubens Pereira Júnior;Titular;2026-02-09;eleito;;;não;https://dadosabertos.camara.leg.br/api/v2/deputados/178887
br-comissao-de-constituicao-e-justica-e-de-cidadania-da-camara;Comissão de Constituição e Justiça e de Cidadania da Câmara;br-p-cd-73801;Renildo Calheiros;Titular;2026-02-09;eleito;;;não;https://dadosabertos.camara.leg.br/api/v2/deputados/73801
br-comissao-de-constituicao-e-justica-e-de-cidadania-da-camara;Comissão de Constituição e Justiça e de Cidadania da Câmara;br-p-cd-204374;Bia Kicis;Titular;2026-02-09;eleito;;;não;https://dadosabertos.camara.leg.br/api/v2/deputados/204374
br-comissao-de-constituicao-e-justica-e-de-cidadania-da-camara;Comissão de Constituição e Justiça e de Cidadania da Câmara;br-p-cd-204460;Carlos Jordy;Titular;2026-02-09;eleito;;;não;https://dadosabertos.camara.leg.br/api/v2/deputados/204460
br-comissao-de-constituicao-e-justica-e-de-cidadania-da-camara;Comissão de Constituição e Justiça e de Cidadania da Câmara;br-p-cd-178873;Helder Salomão;Titular;2026-02-09;eleito;;;não;https://dadosabertos.camara.leg.br/api/v2/deputados/178873
br-comissao-de-constituicao-e-justica-e-de-cidadania-da-camara;Comissão de Constituição e Justiça e de Cidadania da Câmara;br-p-cd-220555;Daiana Santos;Titular;2026-02-09;eleito;;;não;https://dadosabertos.camara.leg.br/api/v2/deputados/220555
br-comissao-de-constituicao-e-justica-e-de-cidadania-da-camara;Comissão de Constituição e Justiça e de Cidadania da Câmara;br-p-cd-153423;Renilce Nicodemos;Titular;2026-02-09;eleito;;;não;https://dadosabertos.camara.leg.br/api/v2/deputados/153423
br-comissao-de-constituicao-e-justica-e-de-cidadania-da-camara;Comissão de Constituição e Justiça e de Cidadania da Câmara;br-p-cd-220558;Zé Trovão;Titular;2026-02-09;eleito;;;não;https://dadosabertos.camara.leg.br/api/v2/deputados/220558
br-comissao-de-constituicao-e-justica-e-de-cidadania-da-camara;Comissão de Constituição e Justiça e de Cidadania da Câmara;br-p-cd-160601;Pr. Marco Feliciano;Titular;2026-02-09;eleito;;;não;https://dadosabertos.camara.leg.br/api/v2/deputados/160601
br-comissao-de-constituicao-e-justica-e-de-cidadania-da-camara;Comissão de Constituição e Justiça e de Cidadania da Câmara;br-p-cd-74454;Eunício Oliveira;Titular;2026-02-09;eleito;;;não;https://dadosabertos.camara.leg.br/api/v2/deputados/74454
br-comissao-de-constituicao-e-justica-e-de-cidadania-da-camara;Comissão de Constituição e Justiça e de Cidadania da Câmara;br-p-cd-178835;Afonso Motta;Titular;2026-02-09;eleito;;;não;https://dadosabertos.camara.leg.br/api/v2/deputados/178835
br-comissao-de-constituicao-e-justica-e-de-cidadania-da-camara;Comissão de Constituição e Justiça e de Cidadania da Câmara;br-p-cd-160600;Arthur Oliveira Maia;Titular;2026-02-09;eleito;;;não;https://dadosabertos.camara.leg.br/api/v2/deputados/160600
br-comissao-de-constituicao-e-justica-e-de-cidadania-da-camara;Comissão de Constituição e Justiça e de Cidadania da Câmara;br-p-cd-204472;José Medeiros;Titular;2026-02-09;eleito;;;não;https://dadosabertos.camara.leg.br/api/v2/deputados/204472
br-comissao-de-constituicao-e-justica-e-de-cidadania-da-camara;Comissão de Constituição e Justiça e de Cidadania da Câmara;br-p-cd-178934;Toninho Wandscheer;Titular;2026-02-09;eleito;;;não;https://dadosabertos.camara.leg.br/api/v2/deputados/178934
br-comissao-de-constituicao-e-justica-e-de-cidadania-da-camara;Comissão de Constituição e Justiça e de Cidadania da Câmara;br-p-cd-220546;Rodolfo Nogueira;Titular;2026-02-09;eleito;;;não;https://dadosabertos.camara.leg.br/api/v2/deputados/220546
br-comissao-de-constituicao-e-justica-e-de-cidadania-da-camara;Comissão de Constituição e Justiça e de Cidadania da Câmara;br-p-cd-160758;Domingos Sávio;Titular;2026-02-09;eleito;;;não;https://dadosabertos.camara.leg.br/api/v2/deputados/160758
br-comissao-de-constituicao-e-justica-e-de-cidadania-da-camara;Comissão de Constituição e Justiça e de Cidadania da Câmara;br-p-cd-204535;Sâmia Bomfim;Titular;2026-02-10;eleito;;;não;https://dadosabertos.camara.leg.br/api/v2/deputados/204535
br-comissao-de-constituicao-e-justica-e-de-cidadania-da-camara;Comissão de Constituição e Justiça e de Cidadania da Câmara;br-p-cd-204501;Alencar Santana;Titular;2026-02-23;eleito;;;não;https://dadosabertos.camara.leg.br/api/v2/deputados/204501
br-comissao-de-constituicao-e-justica-e-de-cidadania-da-camara;Comissão de Constituição e Justiça e de Cidadania da Câmara;br-p-cd-204379;Acácio Favacho;Titular;2026-03-05;eleito;;;não;https://dadosabertos.camara.leg.br/api/v2/deputados/204379
br-comissao-de-constituicao-e-justica-e-de-cidadania-da-camara;Comissão de Constituição e Justiça e de Cidadania da Câmara;br-p-cd-74554;José Rocha;Titular;2026-04-06;eleito;;;não;https://dadosabertos.camara.leg.br/api/v2/deputados/74554
br-comissao-de-constituicao-e-justica-e-de-cidadania-da-camara;Comissão de Constituição e Justiça e de Cidadania da Câmara;br-p-cd-220590;Coronel Ulysses;Titular;2026-04-06;eleito;;;não;https://dadosabertos.camara.leg.br/api/v2/deputados/220590
br-comissao-de-constituicao-e-justica-e-de-cidadania-da-camara;Comissão de Constituição e Justiça e de Cidadania da Câmara;br-p-cd-204398;Felipe Francischini;Titular;2026-04-07;eleito;;;não;https://dadosabertos.camara.leg.br/api/v2/deputados/204398
br-comissao-de-constituicao-e-justica-e-de-cidadania-da-camara;Comissão de Constituição e Justiça e de Cidadania da Câmara;br-p-cd-141488;Paulo Teixeira;Titular;2026-04-17;eleito;;;não;https://dadosabertos.camara.leg.br/api/v2/deputados/141488
br-comissao-de-constituicao-e-justica-e-de-cidadania-da-camara;Comissão de Constituição e Justiça e de Cidadania da Câmara;br-p-cd-178905;Fabio Garcia;Titular;2026-04-17;eleito;;;não;https://dadosabertos.camara.leg.br/api/v2/deputados/178905
br-comissao-de-constituicao-e-justica-e-de-cidadania-da-camara;Comissão de Constituição e Justiça e de Cidadania da Câmara;br-p-cd-204404;Lucas Redecker;Titular;2026-04-17;eleito;;;não;https://dadosabertos.camara.leg.br/api/v2/deputados/204404
br-comissao-de-constituicao-e-justica-e-de-cidadania-da-camara;Comissão de Constituição e Justiça e de Cidadania da Câmara;br-p-cd-220684;Tião Medeiros;Titular;2026-04-17;eleito;;;não;https://dadosabertos.camara.leg.br/api/v2/deputados/220684
br-comissao-de-constituicao-e-justica-e-de-cidadania-da-camara;Comissão de Constituição e Justiça e de Cidadania da Câmara;br-p-cd-178943;Marcos Soares;Titular;2026-04-17;eleito;;;não;https://dadosabertos.camara.leg.br/api/v2/deputados/178943
br-comissao-de-constituicao-e-justica-e-de-cidadania-da-camara;Comissão de Constituição e Justiça e de Cidadania da Câmara;br-p-cd-204355;da Vitoria;Titular;2026-04-22;eleito;;;não;https://dadosabertos.camara.leg.br/api/v2/deputados/204355
br-comissao-de-constituicao-e-justica-e-de-cidadania-da-camara;Comissão de Constituição e Justiça e de Cidadania da Câmara;br-p-cd-220637;Marina Silva;Titular;2026-04-22;eleito;;;não;https://dadosabertos.camara.leg.br/api/v2/deputados/220637
br-comissao-de-constituicao-e-justica-e-de-cidadania-da-camara;Comissão de Constituição e Justiça e de Cidadania da Câmara;br-p-cd-66828;Fausto Pinato;Titular;2026-04-22;eleito;;;não;https://dadosabertos.camara.leg.br/api/v2/deputados/66828
br-comissao-de-constituicao-e-justica-e-de-cidadania-da-camara;Comissão de Constituição e Justiça e de Cidadania da Câmara;br-p-cd-204474;Juarez Costa;Titular;2026-04-22;eleito;;;não;https://dadosabertos.camara.leg.br/api/v2/deputados/204474
br-comissao-de-constituicao-e-justica-e-de-cidadania-da-camara;Comissão de Constituição e Justiça e de Cidadania da Câmara;br-p-cd-220539;Defensor Stélio Dener;Titular;2026-04-22;eleito;;;não;https://dadosabertos.camara.leg.br/api/v2/deputados/220539
br-comissao-de-constituicao-e-justica-e-de-cidadania-da-camara;Comissão de Constituição e Justiça e de Cidadania da Câmara;br-p-cd-157130;Túlio Gadêlha;Titular;2026-04-22;eleito;;;não;https://dadosabertos.camara.leg.br/api/v2/deputados/157130
br-comissao-de-constituicao-e-justica-e-de-cidadania-da-camara;Comissão de Constituição e Justiça e de Cidadania da Câmara;br-p-cd-220576;Alfredo Gaspar;Titular;2026-04-22;eleito;;;não;https://dadosabertos.camara.leg.br/api/v2/deputados/220576
br-comissao-de-constituicao-e-justica-e-de-cidadania-da-camara;Comissão de Constituição e Justiça e de Cidadania da Câmara;br-p-cd-220594;Coronel Assis;Titular;2026-04-23;eleito;;;não;https://dadosabertos.camara.leg.br/api/v2/deputados/220594
br-comissao-de-constituicao-e-justica-e-de-cidadania-da-camara;Comissão de Constituição e Justiça e de Cidadania da Câmara;br-p-cd-220585;Mersinho Lucena;Titular;2026-05-05;eleito;;;não;https://dadosabertos.camara.leg.br/api/v2/deputados/220585
br-comissao-de-constituicao-e-justica-e-de-cidadania-da-camara;Comissão de Constituição e Justiça e de Cidadania da Câmara;br-p-cd-220648;Marangoni;Titular;2026-05-06;eleito;;;não;https://dadosabertos.camara.leg.br/api/v2/deputados/220648
br-comissao-de-constituicao-e-justica-e-de-cidadania-da-camara;Comissão de Constituição e Justiça e de Cidadania da Câmara;br-p-cd-204566;Marreca Filho;Titular;2026-06-08;eleito;;;não;https://dadosabertos.camara.leg.br/api/v2/deputados/204566
br-comissao-de-constituicao-e-justica-e-de-cidadania-da-camara;Comissão de Constituição e Justiça e de Cidadania da Câmara;br-p-cd-72442;Felipe Carreras;Titular;2026-06-10;eleito;;;não;https://dadosabertos.camara.leg.br/api/v2/deputados/72442
br-comissao-de-constituicao-e-justica-e-de-cidadania-da-camara;Comissão de Constituição e Justiça e de Cidadania da Câmara;br-p-cd-178963;Covatti Filho;Titular;2026-08-11;eleito;;;não;https://dadosabertos.camara.leg.br/api/v2/deputados/178963
br-comissao-de-constituicao-e-justica-e-de-cidadania-da-camara;Comissão de Constituição e Justiça e de Cidadania da Câmara;br-p-cd-220547;Marcos Pollon;Titular;2026-09-01;eleito;;;não;https://dadosabertos.camara.leg.br/api/v2/deputados/220547
br-comissao-de-constituicao-e-justica-e-de-cidadania-da-camara;Comissão de Constituição e Justiça e de Cidadania da Câmara;br-p-cd-141485;Luiz Carlos Busato;Suplente;2026-02-09;eleito;;;não;https://dadosabertos.camara.leg.br/api/v2/deputados/141485
br-comissao-de-constituicao-e-justica-e-de-cidadania-da-camara;Comissão de Constituição e Justiça e de Cidadania da Câmara;br-p-cd-220573;Dorinaldo Malafaia;Suplente;2026-02-09;eleito;;;não;https://dadosabertos.camara.leg.br/api/v2/deputados/220573
br-comissao-de-constituicao-e-justica-e-de-cidadania-da-camara;Comissão de Constituição e Justiça e de Cidadania da Câmara;br-p-cd-220569;Silvye Alves;Suplente;2026-02-09;eleito;;;não;https://dadosabertos.camara.leg.br/api/v2/deputados/220569
br-comissao-de-constituicao-e-justica-e-de-cidadania-da-camara;Comissão de Constituição e Justiça e de Cidadania da Câmara;br-p-cd-220583;Delegado Fabio Costa;Suplente;2026-02-09;eleito;;;não;https://dadosabertos.camara.leg.br/api/v2/deputados/220583
br-comissao-de-constituicao-e-justica-e-de-cidadania-da-camara;Comissão de Constituição e Justiça e de Cidadania da Câmara;br-p-cd-204367;Daniel Freitas;Suplente;2026-02-09;eleito;;;não;https://dadosabertos.camara.leg.br/api/v2/deputados/204367
br-comissao-de-constituicao-e-justica-e-de-cidadania-da-camara;Comissão de Constituição e Justiça e de Cidadania da Câmara;br-p-cd-204427;Fernando Rodolfo;Suplente;2026-02-09;eleito;;;não;https://dadosabertos.camara.leg.br/api/v2/deputados/204427
br-comissao-de-constituicao-e-justica-e-de-cidadania-da-camara;Comissão de Constituição e Justiça e de Cidadania da Câmara;br-p-cd-204531;Guilherme Derrite;Suplente;2026-02-09;eleito;;;não;https://dadosabertos.camara.leg.br/api/v2/deputados/204531
br-comissao-de-constituicao-e-justica-e-de-cidadania-da-camara;Comissão de Constituição e Justiça e de Cidadania da Câmara;br-p-cd-220626;Rafael Simoes;Suplente;2026-02-09;eleito;;;não;https://dadosabertos.camara.leg.br/api/v2/deputados/220626
br-comissao-de-constituicao-e-justica-e-de-cidadania-da-camara;Comissão de Constituição e Justiça e de Cidadania da Câmara;br-p-cd-73768;Dilceu Sperafico;Suplente;2026-02-09;eleito;;;não;https://dadosabertos.camara.leg.br/api/v2/deputados/73768
br-comissao-de-constituicao-e-justica-e-de-cidadania-da-camara;Comissão de Constituição e Justiça e de Cidadania da Câmara;br-p-cd-74856;Laura Carneiro;Suplente;2026-02-09;eleito;;;não;https://dadosabertos.camara.leg.br/api/v2/deputados/74856
br-comissao-de-constituicao-e-justica-e-de-cidadania-da-camara;Comissão de Constituição e Justiça e de Cidadania da Câmara;br-p-cd-160512;Aureo Ribeiro;Suplente;2026-02-09;eleito;;;não;https://dadosabertos.camara.leg.br/api/v2/deputados/160512
br-comissao-de-constituicao-e-justica-e-de-cidadania-da-camara;Comissão de Constituição e Justiça e de Cidadania da Câmara;br-p-cd-204494;Fred Costa;Suplente;2026-02-09;eleito;;;não;https://dadosabertos.camara.leg.br/api/v2/deputados/204494
br-comissao-de-constituicao-e-justica-e-de-cidadania-da-camara;Comissão de Constituição e Justiça e de Cidadania da Câmara;br-p-cd-220658;Luiz Gastão;Suplente;2026-02-09;eleito;;;não;https://dadosabertos.camara.leg.br/api/v2/deputados/220658
br-comissao-de-constituicao-e-justica-e-de-cidadania-da-camara;Comissão de Constituição e Justiça e de Cidadania da Câmara;br-p-cd-220703;Neto Carletto;Suplente;2026-02-09;eleito;;;não;https://dadosabertos.camara.leg.br/api/v2/deputados/220703
br-comissao-de-constituicao-e-justica-e-de-cidadania-da-camara;Comissão de Constituição e Justiça e de Cidadania da Câmara;br-p-cd-220586;Rafael Brito;Suplente;2026-02-09;eleito;;;não;https://dadosabertos.camara.leg.br/api/v2/deputados/220586
br-comissao-de-constituicao-e-justica-e-de-cidadania-da-camara;Comissão de Constituição e Justiça e de Cidadania da Câmara;br-p-cd-220618;Sargento Portugal;Suplente;2026-02-09;eleito;;;não;https://dadosabertos.camara.leg.br/api/v2/deputados/220618
br-comissao-de-constituicao-e-justica-e-de-cidadania-da-camara;Comissão de Constituição e Justiça e de Cidadania da Câmara;br-p-cd-74262;Carlos Sampaio;Suplente;2026-02-09;eleito;;;não;https://dadosabertos.camara.leg.br/api/v2/deputados/74262
br-comissao-de-constituicao-e-justica-e-de-cidadania-da-camara;Comissão de Constituição e Justiça e de Cidadania da Câmara;br-p-cd-74057;Alice Portugal;Suplente;2026-02-09;eleito;;;não;https://dadosabertos.camara.leg.br/api/v2/deputados/74057
br-comissao-de-constituicao-e-justica-e-de-cidadania-da-camara;Comissão de Constituição e Justiça e de Cidadania da Câmara;br-p-cd-141450;Hugo Leal;Suplente;2026-02-09;eleito;;;não;https://dadosabertos.camara.leg.br/api/v2/deputados/141450
br-comissao-de-constituicao-e-justica-e-de-cidadania-da-camara;Comissão de Constituição e Justiça e de Cidadania da Câmara;br-p-cd-160575;Erika Kokay;Suplente;2026-02-09;eleito;;;não;https://dadosabertos.camara.leg.br/api/v2/deputados/160575
br-comissao-de-constituicao-e-justica-e-de-cidadania-da-camara;Comissão de Constituição e Justiça e de Cidadania da Câmara;br-p-cd-178986;Nilto Tatto;Suplente;2026-02-09;eleito;;;não;https://dadosabertos.camara.leg.br/api/v2/deputados/178986
br-comissao-de-constituicao-e-justica-e-de-cidadania-da-camara;Comissão de Constituição e Justiça e de Cidadania da Câmara;br-p-cd-204462;Chris Tonietto;Suplente;2026-02-09;eleito;;;não;https://dadosabertos.camara.leg.br/api/v2/deputados/204462
br-comissao-de-constituicao-e-justica-e-de-cidadania-da-camara;Comissão de Constituição e Justiça e de Cidadania da Câmara;br-p-cd-191923;Flávio Nogueira;Suplente;2026-02-09;eleito;;;não;https://dadosabertos.camara.leg.br/api/v2/deputados/191923
br-comissao-de-constituicao-e-justica-e-de-cidadania-da-camara;Comissão de Constituição e Justiça e de Cidadania da Câmara;br-p-cd-220556;Ana Paula Lima;Suplente;2026-02-09;eleito;;;não;https://dadosabertos.camara.leg.br/api/v2/deputados/220556
br-comissao-de-constituicao-e-justica-e-de-cidadania-da-camara;Comissão de Constituição e Justiça e de Cidadania da Câmara;br-p-cd-220595;Coronel Fernanda;Suplente;2026-02-09;eleito;;;não;https://dadosabertos.camara.leg.br/api/v2/deputados/220595
br-comissao-de-constituicao-e-justica-e-de-cidadania-da-camara;Comissão de Constituição e Justiça e de Cidadania da Câmara;br-p-cd-162067;Kiko Celeguim;Suplente;2026-02-09;eleito;;;não;https://dadosabertos.camara.leg.br/api/v2/deputados/162067
br-comissao-de-constituicao-e-justica-e-de-cidadania-da-camara;Comissão de Constituição e Justiça e de Cidadania da Câmara;br-p-cd-220654;Delegado Paulo Bilynskyj;Suplente;2026-02-09;eleito;;;não;https://dadosabertos.camara.leg.br/api/v2/deputados/220654
br-comissao-de-constituicao-e-justica-e-de-cidadania-da-camara;Comissão de Constituição e Justiça e de Cidadania da Câmara;br-p-cd-141516;Paulo Abi-Ackel;Suplente;2026-02-09;eleito;;;não;https://dadosabertos.camara.leg.br/api/v2/deputados/141516
br-comissao-de-constituicao-e-justica-e-de-cidadania-da-camara;Comissão de Constituição e Justiça e de Cidadania da Câmara;br-p-cd-204506;Marcos Pereira;Suplente;2026-02-09;eleito;;;não;https://dadosabertos.camara.leg.br/api/v2/deputados/204506
br-comissao-de-constituicao-e-justica-e-de-cidadania-da-camara;Comissão de Constituição e Justiça e de Cidadania da Câmara;br-p-cd-178829;Capitão Augusto;Suplente;2026-02-09;eleito;;;não;https://dadosabertos.camara.leg.br/api/v2/deputados/178829
br-comissao-de-constituicao-e-justica-e-de-cidadania-da-camara;Comissão de Constituição e Justiça e de Cidadania da Câmara;br-p-cd-204534;Tabata Amaral;Suplente;2026-02-09;eleito;;;não;https://dadosabertos.camara.leg.br/api/v2/deputados/204534
br-comissao-de-constituicao-e-justica-e-de-cidadania-da-camara;Comissão de Constituição e Justiça e de Cidadania da Câmara;br-p-cd-220532;Rafael Prudente;Suplente;2026-02-09;eleito;;;não;https://dadosabertos.camara.leg.br/api/v2/deputados/220532
br-comissao-de-constituicao-e-justica-e-de-cidadania-da-camara;Comissão de Constituição e Justiça e de Cidadania da Câmara;br-p-cd-171786;Miguel Ângelo;Suplente;2026-02-09;eleito;;;não;https://dadosabertos.camara.leg.br/api/v2/deputados/171786
br-comissao-de-constituicao-e-justica-e-de-cidadania-da-camara;Comissão de Constituição e Justiça e de Cidadania da Câmara;br-p-cd-204372;Julio Cesar Ribeiro;Suplente;2026-02-09;eleito;;;não;https://dadosabertos.camara.leg.br/api/v2/deputados/204372
br-comissao-de-constituicao-e-justica-e-de-cidadania-da-camara;Comissão de Constituição e Justiça e de Cidadania da Câmara;br-p-cd-220559;Julia Zanatta;Suplente;2026-02-09;eleito;;;não;https://dadosabertos.camara.leg.br/api/v2/deputados/220559
br-comissao-de-constituicao-e-justica-e-de-cidadania-da-camara;Comissão de Constituição e Justiça e de Cidadania da Câmara;br-p-cd-74161;Reginaldo Lopes;Suplente;2026-02-09;eleito;;;não;https://dadosabertos.camara.leg.br/api/v2/deputados/74161
br-comissao-de-constituicao-e-justica-e-de-cidadania-da-camara;Comissão de Constituição e Justiça e de Cidadania da Câmara;br-p-cd-221338;Professora Luciene Cavalcante;Suplente;2026-02-10;eleito;;;não;https://dadosabertos.camara.leg.br/api/v2/deputados/221338
br-comissao-de-constituicao-e-justica-e-de-cidadania-da-camara;Comissão de Constituição e Justiça e de Cidadania da Câmara;br-p-cd-204369;Caroline de Toni;Suplente;2026-02-13;eleito;;;não;https://dadosabertos.camara.leg.br/api/v2/deputados/204369
br-comissao-de-constituicao-e-justica-e-de-cidadania-da-camara;Comissão de Constituição e Justiça e de Cidadania da Câmara;br-p-cd-74858;Lindbergh Farias;Suplente;2026-02-23;eleito;;;não;https://dadosabertos.camara.leg.br/api/v2/deputados/74858
br-comissao-de-constituicao-e-justica-e-de-cidadania-da-camara;Comissão de Constituição e Justiça e de Cidadania da Câmara;br-p-cd-220609;Maurício Carvalho;Suplente;2026-03-03;eleito;;;não;https://dadosabertos.camara.leg.br/api/v2/deputados/220609
br-comissao-de-constituicao-e-justica-e-de-cidadania-da-camara;Comissão de Constituição e Justiça e de Cidadania da Câmara;br-p-cd-204479;Nicoletti;Suplente;2026-03-11;eleito;;;não;https://dadosabertos.camara.leg.br/api/v2/deputados/204479
br-comissao-de-constituicao-e-justica-e-de-cidadania-da-camara;Comissão de Constituição e Justiça e de Cidadania da Câmara;br-p-cd-141408;Cleber Verde;Suplente;2026-03-18;eleito;;;não;https://dadosabertos.camara.leg.br/api/v2/deputados/141408
br-comissao-de-constituicao-e-justica-e-de-cidadania-da-camara;Comissão de Constituição e Justiça e de Cidadania da Câmara;br-p-cd-204360;Silvia Cristina;Suplente;2026-03-27;eleito;;;não;https://dadosabertos.camara.leg.br/api/v2/deputados/204360
br-comissao-de-constituicao-e-justica-e-de-cidadania-da-camara;Comissão de Constituição e Justiça e de Cidadania da Câmara;br-p-cd-62881;Danilo Forte;Suplente;2026-04-07;eleito;;;não;https://dadosabertos.camara.leg.br/api/v2/deputados/62881
br-comissao-de-constituicao-e-justica-e-de-cidadania-da-camara;Comissão de Constituição e Justiça e de Cidadania da Câmara;br-p-cd-220597;Thiago Flores;Suplente;2026-04-17;eleito;;;não;https://dadosabertos.camara.leg.br/api/v2/deputados/220597
br-comissao-de-constituicao-e-justica-e-de-cidadania-da-camara;Comissão de Constituição e Justiça e de Cidadania da Câmara;br-p-cd-220649;Delegado da Cunha;Suplente;2026-04-17;eleito;;;não;https://dadosabertos.camara.leg.br/api/v2/deputados/220649
br-comissao-de-constituicao-e-justica-e-de-cidadania-da-camara;Comissão de Constituição e Justiça e de Cidadania da Câmara;br-p-cd-178946;Soraya Santos;Suplente;2026-04-22;eleito;;;não;https://dadosabertos.camara.leg.br/api/v2/deputados/178946
br-comissao-de-constituicao-e-justica-e-de-cidadania-da-camara;Comissão de Constituição e Justiça e de Cidadania da Câmara;br-p-cd-178929;Diego Garcia;Suplente;2026-04-22;eleito;;;não;https://dadosabertos.camara.leg.br/api/v2/deputados/178929
br-comissao-de-constituicao-e-justica-e-de-cidadania-da-camara;Comissão de Constituição e Justiça e de Cidadania da Câmara;br-p-cd-204436;Isnaldo Bulhões Jr.;Suplente;2026-04-22;eleito;;;não;https://dadosabertos.camara.leg.br/api/v2/deputados/204436
br-comissao-de-constituicao-e-justica-e-de-cidadania-da-camara;Comissão de Constituição e Justiça e de Cidadania da Câmara;br-p-cd-220691;Diego Coronel;Suplente;2026-04-22;eleito;;;não;https://dadosabertos.camara.leg.br/api/v2/deputados/220691
br-comissao-de-constituicao-e-justica-e-de-cidadania-da-camara;Comissão de Constituição e Justiça e de Cidadania da Câmara;br-p-cd-204485;Luiz Carlos Motta;Suplente;2026-04-22;eleito;;;não;https://dadosabertos.camara.leg.br/api/v2/deputados/204485
br-comissao-de-constituicao-e-justica-e-de-cidadania-da-camara;Comissão de Constituição e Justiça e de Cidadania da Câmara;br-p-cd-98057;Lafayette de Andrada;Suplente;2026-04-23;eleito;;;não;https://dadosabertos.camara.leg.br/api/v2/deputados/98057
br-comissao-de-constituicao-e-justica-e-de-cidadania-da-camara;Comissão de Constituição e Justiça e de Cidadania da Câmara;br-p-cd-204395;Pedro Lupion;Suplente;2026-05-04;eleito;;;não;https://dadosabertos.camara.leg.br/api/v2/deputados/204395
br-comissao-de-constituicao-e-justica-e-de-cidadania-da-camara;Comissão de Constituição e Justiça e de Cidadania da Câmara;br-p-cd-204557;Sidney Leite;Suplente;2026-05-05;eleito;;;não;https://dadosabertos.camara.leg.br/api/v2/deputados/204557
br-comissao-de-constituicao-e-justica-e-de-cidadania-da-camara;Comissão de Constituição e Justiça e de Cidadania da Câmara;br-p-cd-220685;Paulo Litro;Suplente;2026-05-20;eleito;;;não;https://dadosabertos.camara.leg.br/api/v2/deputados/220685
br-comissao-de-constituicao-e-justica-e-de-cidadania-da-camara;Comissão de Constituição e Justiça e de Cidadania da Câmara;br-p-cd-123086;Átila Lira;Suplente;2026-05-26;eleito;;;não;https://dadosabertos.camara.leg.br/api/v2/deputados/123086
br-comissao-de-constituicao-e-justica-e-de-cidadania-da-camara;Comissão de Constituição e Justiça e de Cidadania da Câmara;br-p-cd-220668;Maria Arraes;Suplente;2026-06-10;eleito;;;não;https://dadosabertos.camara.leg.br/api/v2/deputados/220668
br-comissao-de-constituicao-e-justica-e-de-cidadania-da-camara;Comissão de Constituição e Justiça e de Cidadania da Câmara;br-p-cd-204481;Dr. Jaziel;Suplente;2026-06-10;eleito;;;não;https://dadosabertos.camara.leg.br/api/v2/deputados/204481
br-comissao-de-constituicao-e-justica-e-de-cidadania-da-camara;Comissão de Constituição e Justiça e de Cidadania da Câmara;br-p-cd-204541;Eduardo Bismarck;Suplente;2026-06-16;eleito;;;não;https://dadosabertos.camara.leg.br/api/v2/deputados/204541
br-comissao-de-constituicao-e-justica-e-de-cidadania-da-camara;Comissão de Constituição e Justiça e de Cidadania da Câmara;br-p-cd-220686;Duarte Jr.;Suplente;2026-07-08;eleito;;;não;https://dadosabertos.camara.leg.br/api/v2/deputados/220686
br-comissao-de-constituicao-e-justica-e-de-cidadania-da-camara;Comissão de Constituição e Justiça e de Cidadania da Câmara;br-p-cd-204464;Talíria Petrone;Suplente;2026-08-12;eleito;;;não;https://dadosabertos.camara.leg.br/api/v2/deputados/204464
br-comissao-de-constituicao-e-justica-e-de-cidadania-da-camara;Comissão de Constituição e Justiça e de Cidadania da Câmara;br-p-cd-178947;Sóstenes Cavalcante;Suplente;2026-08-25;eleito;;;não;https://dadosabertos.camara.leg.br/api/v2/deputados/178947
br-comissao-de-constituicao-e-justica-e-de-cidadania-da-camara;Comissão de Constituição e Justiça e de Cidadania da Câmara;br-p-cd-204512;Delegado Marcelo Freitas;Suplente;2026-09-01;eleito;;;não;https://dadosabertos.camara.leg.br/api/v2/deputados/204512
br-comissao-de-constituicao-e-justica-e-de-cidadania-da-camara;Comissão de Constituição e Justiça e de Cidadania da Câmara;br-p-cd-220529;Gilson Daniel;Suplente;2026-09-01;eleito;;;não;https://dadosabertos.camara.leg.br/api/v2/deputados/220529
br-comissao-de-constituicao-e-justica-e-de-cidadania-da-camara;Comissão de Constituição e Justiça e de Cidadania da Câmara;br-p-cd-178884;Hildo Rocha;Suplente;2026-09-01;eleito;;;não;https://dadosabertos.camara.leg.br/api/v2/deputados/178884
br-comissao-de-constituicao-e-justica-e-de-cidadania-da-camara;Comissão de Constituição e Justiça e de Cidadania da Câmara;br-p-cd-73486;Pompeo de Mattos;Suplente;2026-09-01;eleito;;;não;https://dadosabertos.camara.leg.br/api/v2/deputados/73486
br-comissao-de-financas-e-tributacao-da-camara;Comissão de Finanças e Tributação da Câmara;br-p-cd-188097;Merlong Solano;Presidente;2026-03-19;eleito;;;não;https://dadosabertos.camara.leg.br/api/v2/deputados/188097
br-comissao-de-financas-e-tributacao-da-camara;Comissão de Finanças e Tributação da Câmara;br-p-cd-204492;Paulo Guedes;1º Vice-Presidente;2026-03-19;eleito;;;não;https://dadosabertos.camara.leg.br/api/v2/deputados/204492
br-comissao-de-financas-e-tributacao-da-camara;Comissão de Finanças e Tributação da Câmara;br-p-cd-204396;Vermelho;2º Vice-Presidente;2026-03-19;eleito;;;não;https://dadosabertos.camara.leg.br/api/v2/deputados/204396
br-comissao-de-financas-e-tributacao-da-camara;Comissão de Finanças e Tributação da Câmara;br-p-cd-204480;Rogério Correia;Titular;2026-03-18;eleito;;;não;https://dadosabertos.camara.leg.br/api/v2/deputados/204480
br-comissao-de-financas-e-tributacao-da-camara;Comissão de Finanças e Tributação da Câmara;br-p-cd-220700;Florentino Neto;Titular;2026-03-18;eleito;;;não;https://dadosabertos.camara.leg.br/api/v2/deputados/220700
br-comissao-de-financas-e-tributacao-da-camara;Comissão de Finanças e Tributação da Câmara;br-p-cd-73778;Luiz Carlos Hauly;Titular;2026-03-18;eleito;;;não;https://dadosabertos.camara.leg.br/api/v2/deputados/73778
br-comissao-de-financas-e-tributacao-da-camara;Comissão de Finanças e Tributação da Câmara;br-p-cd-74317;Júlio Cesar;Titular;2026-03-18;eleito;;;não;https://dadosabertos.camara.leg.br/api/v2/deputados/74317
br-comissao-de-financas-e-tributacao-da-camara;Comissão de Finanças e Tributação da Câmara;br-p-cd-122158;Pedro Paulo;Titular;2026-03-18;eleito;;;não;https://dadosabertos.camara.leg.br/api/v2/deputados/122158
br-comissao-de-financas-e-tributacao-da-camara;Comissão de Finanças e Tributação da Câmara;br-p-cd-178858;Mário Negromonte Jr.;Titular;2026-03-18;eleito;;;não;https://dadosabertos.camara.leg.br/api/v2/deputados/178858
br-comissao-de-financas-e-tributacao-da-camara;Comissão de Finanças e Tributação da Câmara;br-p-cd-178983;Marcio Alvino;Titular;2026-03-18;eleito;;;não;https://dadosabertos.camara.leg.br/api/v2/deputados/178983
br-comissao-de-financas-e-tributacao-da-camara;Comissão de Finanças e Tributação da Câmara;br-p-cd-204559;Zé Neto;Titular;2026-03-18;eleito;;;não;https://dadosabertos.camara.leg.br/api/v2/deputados/204559
br-comissao-de-financas-e-tributacao-da-camara;Comissão de Finanças e Tributação da Câmara;br-p-cd-220714;Adail Filho;Titular;2026-03-18;eleito;;;não;https://dadosabertos.camara.leg.br/api/v2/deputados/220714
br-comissao-de-financas-e-tributacao-da-camara;Comissão de Finanças e Tributação da Câmara;br-p-cd-220653;Fábio Teruel;Titular;2026-03-18;eleito;;;não;https://dadosabertos.camara.leg.br/api/v2/deputados/220653
br-comissao-de-financas-e-tributacao-da-camara;Comissão de Finanças e Tributação da Câmara;br-p-cd-141464;José Airton Félix Cirilo;Titular;2026-03-18;eleito;;;não;https://dadosabertos.camara.leg.br/api/v2/deputados/141464
br-comissao-de-financas-e-tributacao-da-camara;Comissão de Finanças e Tributação da Câmara;br-p-cd-220548;Camila Jara;Titular;2026-03-18;eleito;;;não;https://dadosabertos.camara.leg.br/api/v2/deputados/220548
br-comissao-de-financas-e-tributacao-da-camara;Comissão de Finanças e Tributação da Câmara;br-p-cd-92699;Fernando Monteiro;Titular;2026-03-18;eleito;;;não;https://dadosabertos.camara.leg.br/api/v2/deputados/92699
br-comissao-de-financas-e-tributacao-da-camara;Comissão de Finanças e Tributação da Câmara;br-p-cd-74090;Átila Lins;Titular;2026-03-18;eleito;;;não;https://dadosabertos.camara.leg.br/api/v2/deputados/74090
br-comissao-de-financas-e-tributacao-da-camara;Comissão de Finanças e Tributação da Câmara;br-p-cd-220712;Fausto Jr.;Titular;2026-03-18;eleito;;;não;https://dadosabertos.camara.leg.br/api/v2/deputados/220712
br-comissao-de-financas-e-tributacao-da-camara;Comissão de Finanças e Tributação da Câmara;br-p-cd-204416;Sanderson;Titular;2026-03-18;eleito;;;não;https://dadosabertos.camara.leg.br/api/v2/deputados/204416
br-comissao-de-financas-e-tributacao-da-camara;Comissão de Finanças e Tributação da Câmara;br-p-cd-204536;Kim Kataguiri;Titular;2026-04-06;eleito;;;não;https://dadosabertos.camara.leg.br/api/v2/deputados/204536
br-comissao-de-financas-e-tributacao-da-camara;Comissão de Finanças e Tributação da Câmara;br-p-cd-220603;Dani Cunha;Titular;2026-04-13;eleito;;;não;https://dadosabertos.camara.leg.br/api/v2/deputados/220603
br-comissao-de-financas-e-tributacao-da-camara;Comissão de Finanças e Tributação da Câmara;br-p-cd-198783;Emanuel Pinheiro Neto;Titular;2026-04-17;eleito;;;não;https://dadosabertos.camara.leg.br/api/v2/deputados/198783
br-comissao-de-financas-e-tributacao-da-camara;Comissão de Finanças e Tributação da Câmara;br-p-cd-204486;Mauro Benevides Filho;Titular;2026-04-22;eleito;;;não;https://dadosabertos.camara.leg.br/api/v2/deputados/204486
br-comissao-de-financas-e-tributacao-da-camara;Comissão de Finanças e Tributação da Câmara;br-p-cd-115200;Raniery Paulino;Titular;2026-06-02;eleito;;;não;https://dadosabertos.camara.leg.br/api/v2/deputados/115200
br-comissao-de-financas-e-tributacao-da-camara;Comissão de Finanças e Tributação da Câmara;br-p-cd-154700;Paulo Soares;Titular;2026-06-22;eleito;;;não;https://dadosabertos.camara.leg.br/api/v2/deputados/154700
br-comissao-de-financas-e-tributacao-da-camara;Comissão de Finanças e Tributação da Câmara;br-p-cd-178884;Hildo Rocha;Titular;2026-09-01;eleito;;;não;https://dadosabertos.camara.leg.br/api/v2/deputados/178884
br-comissao-de-financas-e-tributacao-da-camara;Comissão de Finanças e Tributação da Câmara;br-p-cd-220690;Capitão Alden;Suplente;2026-03-18;eleito;;;não;https://dadosabertos.camara.leg.br/api/v2/deputados/220690
br-comissao-de-financas-e-tributacao-da-camara;Comissão de Finanças e Tributação da Câmara;br-p-cd-178896;Newton Cardoso Jr;Suplente;2026-03-18;eleito;;;não;https://dadosabertos.camara.leg.br/api/v2/deputados/178896
br-comissao-de-financas-e-tributacao-da-camara;Comissão de Finanças e Tributação da Câmara;br-p-cd-74043;Wellington Roberto;Suplente;2026-03-18;eleito;;;não;https://dadosabertos.camara.leg.br/api/v2/deputados/74043
br-comissao-de-financas-e-tributacao-da-camara;Comissão de Finanças e Tributação da Câmara;br-p-cd-141408;Cleber Verde;Suplente;2026-03-18;eleito;;;não;https://dadosabertos.camara.leg.br/api/v2/deputados/141408
br-comissao-de-financas-e-tributacao-da-camara;Comissão de Finanças e Tributação da Câmara;br-p-cd-204550;Júnior Mano;Suplente;2026-03-18;eleito;;;não;https://dadosabertos.camara.leg.br/api/v2/deputados/204550
br-comissao-de-financas-e-tributacao-da-camara;Comissão de Finanças e Tributação da Câmara;br-p-cd-160527;Aguinaldo Ribeiro;Suplente;2026-03-18;eleito;;;não;https://dadosabertos.camara.leg.br/api/v2/deputados/160527
br-comissao-de-financas-e-tributacao-da-camara;Comissão de Finanças e Tributação da Câmara;br-p-cd-204491;Gilberto Abramo;Suplente;2026-03-18;eleito;;;não;https://dadosabertos.camara.leg.br/api/v2/deputados/204491
br-comissao-de-financas-e-tributacao-da-camara;Comissão de Finanças e Tributação da Câmara;br-p-cd-74646;Aécio Neves;Suplente;2026-03-18;eleito;;;não;https://dadosabertos.camara.leg.br/api/v2/deputados/74646
br-comissao-de-financas-e-tributacao-da-camara;Comissão de Finanças e Tributação da Câmara;br-p-cd-204557;Sidney Leite;Suplente;2026-03-18;eleito;;;não;https://dadosabertos.camara.leg.br/api/v2/deputados/204557
br-comissao-de-financas-e-tributacao-da-camara;Comissão de Finanças e Tributação da Câmara;br-p-cd-141456;Jilmar Tatto;Suplente;2026-03-18;eleito;;;não;https://dadosabertos.camara.leg.br/api/v2/deputados/141456
br-comissao-de-financas-e-tributacao-da-camara;Comissão de Finanças e Tributação da Câmara;br-p-cd-74856;Laura Carneiro;Suplente;2026-03-18;eleito;;;não;https://dadosabertos.camara.leg.br/api/v2/deputados/74856
br-comissao-de-financas-e-tributacao-da-camara;Comissão de Finanças e Tributação da Câmara;br-p-cd-160512;Aureo Ribeiro;Suplente;2026-03-18;eleito;;;não;https://dadosabertos.camara.leg.br/api/v2/deputados/160512
br-comissao-de-financas-e-tributacao-da-camara;Comissão de Finanças e Tributação da Câmara;br-p-cd-220599;Marcelo Crivella;Suplente;2026-03-18;eleito;;;não;https://dadosabertos.camara.leg.br/api/v2/deputados/220599
br-comissao-de-financas-e-tributacao-da-camara;Comissão de Finanças e Tributação da Câmara;br-p-cd-220604;Marcos Tavares;Suplente;2026-03-18;eleito;;;não;https://dadosabertos.camara.leg.br/api/v2/deputados/220604
br-comissao-de-financas-e-tributacao-da-camara;Comissão de Finanças e Tributação da Câmara;br-p-cd-220578;Josenildo;Suplente;2026-03-18;eleito;;;não;https://dadosabertos.camara.leg.br/api/v2/deputados/220578
br-comissao-de-financas-e-tributacao-da-camara;Comissão de Finanças e Tributação da Câmara;br-p-cd-204517;Zé Vitor;Suplente;2026-03-18;eleito;;;não;https://dadosabertos.camara.leg.br/api/v2/deputados/204517
br-comissao-de-financas-e-tributacao-da-camara;Comissão de Finanças e Tributação da Câmara;br-p-cd-230767;Rodrigo da Zaeli;Suplente;2026-03-18;eleito;;;não;https://dadosabertos.camara.leg.br/api/v2/deputados/230767
br-comissao-de-financas-e-tributacao-da-camara;Comissão de Finanças e Tributação da Câmara;br-p-cd-104552;Socorro Neri;Suplente;2026-03-18;eleito;;;não;https://dadosabertos.camara.leg.br/api/v2/deputados/104552
br-comissao-de-financas-e-tributacao-da-camara;Comissão de Finanças e Tributação da Câmara;br-p-cd-220632;Ana Pimentel;Suplente;2026-03-18;eleito;;;não;https://dadosabertos.camara.leg.br/api/v2/deputados/220632
br-comissao-de-financas-e-tributacao-da-camara;Comissão de Finanças e Tributação da Câmara;br-p-cd-160575;Erika Kokay;Suplente;2026-03-18;eleito;;;não;https://dadosabertos.camara.leg.br/api/v2/deputados/160575
br-comissao-de-financas-e-tributacao-da-camara;Comissão de Finanças e Tributação da Câmara;br-p-cd-204501;Alencar Santana;Suplente;2026-03-18;eleito;;;não;https://dadosabertos.camara.leg.br/api/v2/deputados/204501
br-comissao-de-financas-e-tributacao-da-camara;Comissão de Finanças e Tributação da Câmara;br-p-cd-204497;Júnior Ferrari;Suplente;2026-03-18;eleito;;;não;https://dadosabertos.camara.leg.br/api/v2/deputados/204497
br-comissao-de-financas-e-tributacao-da-camara;Comissão de Finanças e Tributação da Câmara;br-p-cd-143084;Tiago Dimas;Suplente;2026-03-18;eleito;;;não;https://dadosabertos.camara.leg.br/api/v2/deputados/143084
br-comissao-de-financas-e-tributacao-da-camara;Comissão de Finanças e Tributação da Câmara;br-p-cd-221338;Professora Luciene Cavalcante;Suplente;2026-03-18;eleito;;;não;https://dadosabertos.camara.leg.br/api/v2/deputados/221338
br-comissao-de-financas-e-tributacao-da-camara;Comissão de Finanças e Tributação da Câmara;br-p-cd-141555;Vinicius Carvalho;Suplente;2026-03-18;eleito;;;não;https://dadosabertos.camara.leg.br/api/v2/deputados/141555
br-comissao-de-financas-e-tributacao-da-camara;Comissão de Finanças e Tributação da Câmara;br-p-cd-204540;Maria Rosas;Suplente;2026-03-18;eleito;;;não;https://dadosabertos.camara.leg.br/api/v2/deputados/204540
br-comissao-de-financas-e-tributacao-da-camara;Comissão de Finanças e Tributação da Câmara;br-p-cd-74156;Leonardo Monteiro;Suplente;2026-04-13;eleito;;;não;https://dadosabertos.camara.leg.br/api/v2/deputados/74156
br-comissao-de-financas-e-tributacao-da-camara;Comissão de Finanças e Tributação da Câmara;br-p-cd-220576;Alfredo Gaspar;Suplente;2026-04-13;eleito;;;não;https://dadosabertos.camara.leg.br/api/v2/deputados/220576
br-comissao-de-financas-e-tributacao-da-camara;Comissão de Finanças e Tributação da Câmara;br-p-cd-160161;Marcelo Queiroz;Suplente;2026-04-17;eleito;;;não;https://dadosabertos.camara.leg.br/api/v2/deputados/160161
br-comissao-de-financas-e-tributacao-da-camara;Comissão de Finanças e Tributação da Câmara;br-p-cd-220640;Juliana Cardoso;Suplente;2026-04-17;eleito;;;não;https://dadosabertos.camara.leg.br/api/v2/deputados/220640
br-comissao-de-financas-e-tributacao-da-camara;Comissão de Finanças e Tributação da Câmara;br-p-cd-220672;Henderson Pinto;Suplente;2026-04-17;eleito;;;não;https://dadosabertos.camara.leg.br/api/v2/deputados/220672
br-comissao-de-financas-e-tributacao-da-camara;Comissão de Finanças e Tributação da Câmara;br-p-cd-220607;Max Lemos;Suplente;2026-04-17;eleito;;;não;https://dadosabertos.camara.leg.br/api/v2/deputados/220607
br-comissao-de-financas-e-tributacao-da-camara;Comissão de Finanças e Tributação da Câmara;br-p-cd-204355;da Vitoria;Suplente;2026-04-22;eleito;;;não;https://dadosabertos.camara.leg.br/api/v2/deputados/204355
br-comissao-de-financas-e-tributacao-da-camara;Comissão de Finanças e Tributação da Câmara;br-p-cd-221329;Ricardo Abrão;Suplente;2026-04-22;eleito;;;não;https://dadosabertos.camara.leg.br/api/v2/deputados/221329
br-comissao-de-financas-e-tributacao-da-camara;Comissão de Finanças e Tributação da Câmara;br-p-cd-66828;Fausto Pinato;Suplente;2026-04-22;eleito;;;não;https://dadosabertos.camara.leg.br/api/v2/deputados/66828
br-comissao-de-financas-e-tributacao-da-camara;Comissão de Finanças e Tributação da Câmara;br-p-cd-220650;Paulo Alexandre Barbosa;Suplente;2026-04-22;eleito;;;não;https://dadosabertos.camara.leg.br/api/v2/deputados/220650
br-comissao-de-financas-e-tributacao-da-camara;Comissão de Finanças e Tributação da Câmara;br-p-cd-220572;Marussa Boldrin;Suplente;2026-04-22;eleito;;;não;https://dadosabertos.camara.leg.br/api/v2/deputados/220572
br-comissao-de-financas-e-tributacao-da-camara;Comissão de Finanças e Tributação da Câmara;br-p-cd-220574;Cabo Gilberto Silva;Suplente;2026-04-23;eleito;;;não;https://dadosabertos.camara.leg.br/api/v2/deputados/220574
br-comissao-de-financas-e-tributacao-da-camara;Comissão de Finanças e Tributação da Câmara;br-p-cd-74428;Mendonça Filho;Suplente;2026-04-23;eleito;;;não;https://dadosabertos.camara.leg.br/api/v2/deputados/74428
br-comissao-de-financas-e-tributacao-da-camara;Comissão de Finanças e Tributação da Câmara;br-p-cd-220691;Diego Coronel;Suplente;2026-04-24;eleito;;;não;https://dadosabertos.camara.leg.br/api/v2/deputados/220691
br-comissao-de-financas-e-tributacao-da-camara;Comissão de Finanças e Tributação da Câmara;br-p-cd-204395;Pedro Lupion;Suplente;2026-04-30;eleito;;;não;https://dadosabertos.camara.leg.br/api/v2/deputados/204395
br-comissao-de-financas-e-tributacao-da-camara;Comissão de Finanças e Tributação da Câmara;br-p-cd-220648;Marangoni;Suplente;2026-05-06;eleito;;;não;https://dadosabertos.camara.leg.br/api/v2/deputados/220648
br-comissao-de-financas-e-tributacao-da-camara;Comissão de Finanças e Tributação da Câmara;br-p-cd-143632;Domingos Neto;Suplente;2026-05-11;eleito;;;não;https://dadosabertos.camara.leg.br/api/v2/deputados/143632
br-comissao-de-financas-e-tributacao-da-camara;Comissão de Finanças e Tributação da Câmara;br-p-cd-160559;Alceu Moreira;Suplente;2026-05-26;eleito;;;não;https://dadosabertos.camara.leg.br/api/v2/deputados/160559
br-comissao-de-financas-e-tributacao-da-camara;Comissão de Finanças e Tributação da Câmara;br-p-cd-226075;Priscila Costa;Suplente;2026-08-12;eleito;;;não;https://dadosabertos.camara.leg.br/api/v2/deputados/226075
br-comissao-de-financas-e-tributacao-da-camara;Comissão de Finanças e Tributação da Câmara;br-p-cd-160556;Padre João;Suplente;2026-09-02;eleito;;;não;https://dadosabertos.camara.leg.br/api/v2/deputados/160556
br-comissao-de-constituicao-justica-e-cidadania-do-senado;Comissão de Constituição, Justiça e Cidadania do Senado;br-p-sf-5523;Otto Alencar;Presidente;;eleito;;;não;https://legis.senado.leg.br/comissoes/comissao?codcol=34
br-comissao-de-constituicao-justica-e-cidadania-do-senado;Comissão de Constituição, Justiça e Cidadania do Senado;br-p-sf-5899;Vanderlan Cardoso;Vice-Presidente;;eleito;;;não;https://legis.senado.leg.br/comissoes/comissao?codcol=34
br-comissao-de-constituicao-justica-e-cidadania-do-senado;Comissão de Constituição, Justiça e Cidadania do Senado;br-p-sf-4994;Eduardo Braga;Titular;;eleito;;;não;https://legis.senado.leg.br/comissoes/comissao?codcol=34
br-comissao-de-constituicao-justica-e-cidadania-do-senado;Comissão de Constituição, Justiça e Cidadania do Senado;br-p-sf-70;Renan Calheiros;Titular;;eleito;;;não;https://legis.senado.leg.br/comissoes/comissao?codcol=34
br-comissao-de-constituicao-justica-e-cidadania-do-senado;Comissão de Constituição, Justiça e Cidadania do Senado;br-p-sf-35;Jader Barbalho;Titular;;eleito;;;não;https://legis.senado.leg.br/comissoes/comissao?codcol=34
br-comissao-de-constituicao-justica-e-cidadania-do-senado;Comissão de Constituição, Justiça e Cidadania do Senado;br-p-sf-5748;Veneziano Vital do Rêgo;Titular;;eleito;;;não;https://legis.senado.leg.br/comissoes/comissao?codcol=34
br-comissao-de-constituicao-justica-e-cidadania-do-senado;Comissão de Constituição, Justiça e Cidadania do Senado;br-p-sf-5988;Soraya Thronicke;Titular;;eleito;;;não;https://legis.senado.leg.br/comissoes/comissao?codcol=34
br-comissao-de-constituicao-justica-e-cidadania-do-senado;Comissão de Constituição, Justiça e Cidadania do Senado;br-p-sf-5386;Professora Dorinha Seabra;Titular;;eleito;;;não;https://legis.senado.leg.br/comissoes/comissao?codcol=34
br-comissao-de-constituicao-justica-e-cidadania-do-senado;Comissão de Constituição, Justiça e Cidadania do Senado;br-p-sf-5959;Styvenson Valentim;Titular;;eleito;;;não;https://legis.senado.leg.br/comissoes/comissao?codcol=34
br-comissao-de-constituicao-justica-e-cidadania-do-senado;Comissão de Constituição, Justiça e Cidadania do Senado;br-p-sf-5924;Oriovisto Guimarães;Titular;;eleito;;;não;https://legis.senado.leg.br/comissoes/comissao?codcol=34
br-comissao-de-constituicao-justica-e-cidadania-do-senado;Comissão de Constituição, Justiça e Cidadania do Senado;br-p-sf-4531;Jayme Campos;Titular;;eleito;;;não;https://legis.senado.leg.br/comissoes/comissao?codcol=34
br-comissao-de-constituicao-justica-e-cidadania-do-senado;Comissão de Constituição, Justiça e Cidadania do Senado;br-p-sf-5525;Omar Aziz;Titular;;eleito;;;não;https://legis.senado.leg.br/comissoes/comissao?codcol=34
br-comissao-de-constituicao-justica-e-cidadania-do-senado;Comissão de Constituição, Justiça e Cidadania do Senado;br-p-sf-5718;Eliziane Gama;Titular;;eleito;;;não;https://legis.senado.leg.br/comissoes/comissao?codcol=34
br-comissao-de-constituicao-justica-e-cidadania-do-senado;Comissão de Constituição, Justiça e Cidadania do Senado;br-p-sf-5732;Rodrigo Pacheco;Titular;;eleito;;;não;https://legis.senado.leg.br/comissoes/comissao?codcol=34
br-comissao-de-constituicao-justica-e-cidadania-do-senado;Comissão de Constituição, Justiça e Cidadania do Senado;br-p-sf-6359;Lourdinha Pereira;Titular;;eleito;;;não;https://legis.senado.leg.br/comissoes/comissao?codcol=34
br-comissao-de-constituicao-justica-e-cidadania-do-senado;Comissão de Constituição, Justiça e Cidadania do Senado;br-p-sf-6342;Jorge Seif;Titular;;eleito;;;não;https://legis.senado.leg.br/comissoes/comissao?codcol=34
br-comissao-de-constituicao-justica-e-cidadania-do-senado;Comissão de Constituição, Justiça e Cidadania do Senado;br-p-sf-6340;Jaime Bagattoli;Titular;;eleito;;;não;https://legis.senado.leg.br/comissoes/comissao?codcol=34
br-comissao-de-constituicao-justica-e-cidadania-do-senado;Comissão de Constituição, Justiça e Cidadania do Senado;br-p-sf-631;Magno Malta;Titular;;eleito;;;não;https://legis.senado.leg.br/comissoes/comissao?codcol=34
br-comissao-de-constituicao-justica-e-cidadania-do-senado;Comissão de Constituição, Justiça e Cidadania do Senado;br-p-sf-5793;Dr. Hiran;Titular;;eleito;;;não;https://legis.senado.leg.br/comissoes/comissao?codcol=34
br-comissao-de-constituicao-justica-e-cidadania-do-senado;Comissão de Constituição, Justiça e Cidadania do Senado;br-p-sf-4694;Rogerio Marinho;Titular;;eleito;;;não;https://legis.senado.leg.br/comissoes/comissao?codcol=34
br-comissao-de-constituicao-justica-e-cidadania-do-senado;Comissão de Constituição, Justiça e Cidadania do Senado;br-p-sf-5352;Rogério Carvalho;Titular;;eleito;;;não;https://legis.senado.leg.br/comissoes/comissao?codcol=34
br-comissao-de-constituicao-justica-e-cidadania-do-senado;Comissão de Constituição, Justiça e Cidadania do Senado;br-p-sf-5953;Fabiano Contarato;Titular;;eleito;;;não;https://legis.senado.leg.br/comissoes/comissao?codcol=34
br-comissao-de-constituicao-justica-e-cidadania-do-senado;Comissão de Constituição, Justiça e Cidadania do Senado;br-p-sf-6336;Camilo Santana;Titular;;eleito;;;não;https://legis.senado.leg.br/comissoes/comissao?codcol=34
br-comissao-de-constituicao-justica-e-cidadania-do-senado;Comissão de Constituição, Justiça e Cidadania do Senado;br-p-sf-5411;Weverton;Titular;;eleito;;;não;https://legis.senado.leg.br/comissoes/comissao?codcol=34
br-comissao-de-constituicao-justica-e-cidadania-do-senado;Comissão de Constituição, Justiça e Cidadania do Senado;br-p-sf-5736;Tereza Cristina;Titular;;eleito;;;não;https://legis.senado.leg.br/comissoes/comissao?codcol=34
br-comissao-de-constituicao-justica-e-cidadania-do-senado;Comissão de Constituição, Justiça e Cidadania do Senado;br-p-sf-4811;Laércio Oliveira;Titular;;eleito;;;não;https://legis.senado.leg.br/comissoes/comissao?codcol=34
br-comissao-de-constituicao-justica-e-cidadania-do-senado;Comissão de Constituição, Justiça e Cidadania do Senado;br-p-sf-6341;Hamilton Mourão;Titular;;eleito;;;não;https://legis.senado.leg.br/comissoes/comissao?codcol=34
br-comissao-de-constituicao-justica-e-cidadania-do-senado;Comissão de Constituição, Justiça e Cidadania do Senado;br-p-sf-742;Marcelo Castro;Suplente;;eleito;;;não;https://legis.senado.leg.br/comissoes/comissao?codcol=34
br-comissao-de-constituicao-justica-e-cidadania-do-senado;Comissão de Constituição, Justiça e Cidadania do Senado;br-p-sf-5672;Alan Rick;Suplente;;eleito;;;não;https://legis.senado.leg.br/comissoes/comissao?codcol=34
br-comissao-de-constituicao-justica-e-cidadania-do-senado;Comissão de Constituição, Justiça e Cidadania do Senado;br-p-sf-5982;Alessandro Vieira;Suplente;;eleito;;;não;https://legis.senado.leg.br/comissoes/comissao?codcol=34
br-comissao-de-constituicao-justica-e-cidadania-do-senado;Comissão de Constituição, Justiça e Cidadania do Senado;br-p-sf-6008;Giordano;Suplente;;eleito;;;não;https://legis.senado.leg.br/comissoes/comissao?codcol=34
br-comissao-de-constituicao-justica-e-cidadania-do-senado;Comissão de Constituição, Justiça e Cidadania do Senado;br-p-sf-3806;Zequinha Marinho;Suplente;;eleito;;;não;https://legis.senado.leg.br/comissoes/comissao?codcol=34
br-comissao-de-constituicao-justica-e-cidadania-do-senado;Comissão de Constituição, Justiça e Cidadania do Senado;br-p-sf-5502;Plínio Valério;Suplente;;eleito;;;não;https://legis.senado.leg.br/comissoes/comissao?codcol=34
br-comissao-de-constituicao-justica-e-cidadania-do-senado;Comissão de Constituição, Justiça e Cidadania do Senado;br-p-sf-5906;Dra. Eudócia;Suplente;;eleito;;;não;https://legis.senado.leg.br/comissoes/comissao?codcol=34
br-comissao-de-constituicao-justica-e-cidadania-do-senado;Comissão de Constituição, Justiça e Cidadania do Senado;br-p-sf-4642;Efraim Filho;Suplente;;eleito;;;não;https://legis.senado.leg.br/comissoes/comissao?codcol=34
br-comissao-de-constituicao-justica-e-cidadania-do-senado;Comissão de Constituição, Justiça e Cidadania do Senado;br-p-sf-5973;Cid Gomes;Suplente;;eleito;;;não;https://legis.senado.leg.br/comissoes/comissao?codcol=34
br-comissao-de-constituicao-justica-e-cidadania-do-senado;Comissão de Constituição, Justiça e Cidadania do Senado;br-p-sf-5783;Zenaide Maia;Suplente;;eleito;;;não;https://legis.senado.leg.br/comissoes/comissao?codcol=34
br-comissao-de-constituicao-justica-e-cidadania-do-senado;Comissão de Constituição, Justiça e Cidadania do Senado;br-p-sf-5385;Irajá;Suplente;;eleito;;;não;https://legis.senado.leg.br/comissoes/comissao?codcol=34
br-comissao-de-constituicao-justica-e-cidadania-do-senado;Comissão de Constituição, Justiça e Cidadania do Senado;br-p-sf-4560;Sérgio Petecão;Suplente;;eleito;;;não;https://legis.senado.leg.br/comissoes/comissao?codcol=34
br-comissao-de-constituicao-justica-e-cidadania-do-senado;Comissão de Constituição, Justiça e Cidadania do Senado;br-p-sf-5376;Mara Gabrilli;Suplente;;eleito;;;não;https://legis.senado.leg.br/comissoes/comissao?codcol=34
br-comissao-de-constituicao-justica-e-cidadania-do-senado;Comissão de Constituição, Justiça e Cidadania do Senado;br-p-sf-6338;Teresa Leitão;Suplente;;eleito;;;não;https://legis.senado.leg.br/comissoes/comissao?codcol=34
br-comissao-de-constituicao-justica-e-cidadania-do-senado;Comissão de Constituição, Justiça e Cidadania do Senado;br-p-sf-5936;Carlos Portinho;Suplente;;eleito;;;não;https://legis.senado.leg.br/comissoes/comissao?codcol=34
br-comissao-de-constituicao-justica-e-cidadania-do-senado;Comissão de Constituição, Justiça e Cidadania do Senado;br-p-sf-4770;Izalci Lucas;Suplente;;eleito;;;não;https://legis.senado.leg.br/comissoes/comissao?codcol=34
br-comissao-de-constituicao-justica-e-cidadania-do-senado;Comissão de Constituição, Justiça e Cidadania do Senado;br-p-sf-3777;Eduardo Gomes;Suplente;;eleito;;;não;https://legis.senado.leg.br/comissoes/comissao?codcol=34
br-comissao-de-constituicao-justica-e-cidadania-do-senado;Comissão de Constituição, Justiça e Cidadania do Senado;br-p-sf-5894;Flávio Bolsonaro;Suplente;;eleito;;;não;https://legis.senado.leg.br/comissoes/comissao?codcol=34
br-comissao-de-constituicao-justica-e-cidadania-do-senado;Comissão de Constituição, Justiça e Cidadania do Senado;br-p-sf-5974;Sargento Reginauro;Suplente;;eleito;;;não;https://legis.senado.leg.br/comissoes/comissao?codcol=34
br-comissao-de-constituicao-justica-e-cidadania-do-senado;Comissão de Constituição, Justiça e Cidadania do Senado;br-p-sf-5012;Randolfe Rodrigues;Suplente;;eleito;;;não;https://legis.senado.leg.br/comissoes/comissao?codcol=34
br-comissao-de-constituicao-justica-e-cidadania-do-senado;Comissão de Constituição, Justiça e Cidadania do Senado;br-p-sf-581;Jaques Wagner;Suplente;;eleito;;;não;https://legis.senado.leg.br/comissoes/comissao?codcol=34
br-comissao-de-constituicao-justica-e-cidadania-do-senado;Comissão de Constituição, Justiça e Cidadania do Senado;br-p-sf-5008;Humberto Costa;Suplente;;eleito;;;não;https://legis.senado.leg.br/comissoes/comissao?codcol=34
br-comissao-de-constituicao-justica-e-cidadania-do-senado;Comissão de Constituição, Justiça e Cidadania do Senado;br-p-sf-5979;Leila Barros;Suplente;;eleito;;;não;https://legis.senado.leg.br/comissoes/comissao?codcol=34
br-comissao-de-constituicao-justica-e-cidadania-do-senado;Comissão de Constituição, Justiça e Cidadania do Senado;br-p-sf-22;Esperidião Amin;Suplente;;eleito;;;não;https://legis.senado.leg.br/comissoes/comissao?codcol=34
br-comissao-de-constituicao-justica-e-cidadania-do-senado;Comissão de Constituição, Justiça e Cidadania do Senado;br-p-sf-6335;Damares Alves;Suplente;;eleito;;;não;https://legis.senado.leg.br/comissoes/comissao?codcol=34
br-comissao-de-assuntos-economicos-do-senado;Comissão de Assuntos Econômicos do Senado;br-p-sf-70;Renan Calheiros;Presidente;;eleito;;;não;https://legis.senado.leg.br/comissoes/comissao?codcol=38
br-comissao-de-assuntos-economicos-do-senado;Comissão de Assuntos Econômicos do Senado;br-p-sf-4811;Laércio Oliveira;Vice-Presidente;;eleito;;;não;https://legis.senado.leg.br/comissoes/comissao?codcol=38
br-comissao-de-assuntos-economicos-do-senado;Comissão de Assuntos Econômicos do Senado;br-p-sf-4994;Eduardo Braga;Titular;;eleito;;;não;https://legis.senado.leg.br/comissoes/comissao?codcol=38
br-comissao-de-assuntos-economicos-do-senado;Comissão de Assuntos Econômicos do Senado;br-p-sf-5207;Renan Filho;Titular;;eleito;;;não;https://legis.senado.leg.br/comissoes/comissao?codcol=38
br-comissao-de-assuntos-economicos-do-senado;Comissão de Assuntos Econômicos do Senado;br-p-sf-5982;Alessandro Vieira;Titular;;eleito;;;não;https://legis.senado.leg.br/comissoes/comissao?codcol=38
br-comissao-de-assuntos-economicos-do-senado;Comissão de Assuntos Econômicos do Senado;br-p-sf-5672;Alan Rick;Titular;;eleito;;;não;https://legis.senado.leg.br/comissoes/comissao?codcol=38
br-comissao-de-assuntos-economicos-do-senado;Comissão de Assuntos Econômicos do Senado;br-p-sf-5386;Professora Dorinha Seabra;Titular;;eleito;;;não;https://legis.senado.leg.br/comissoes/comissao?codcol=38
br-comissao-de-assuntos-economicos-do-senado;Comissão de Assuntos Econômicos do Senado;br-p-sf-5502;Plínio Valério;Titular;;eleito;;;não;https://legis.senado.leg.br/comissoes/comissao?codcol=38
br-comissao-de-assuntos-economicos-do-senado;Comissão de Assuntos Econômicos do Senado;br-p-sf-6295;Carlos Fávaro;Titular;;eleito;;;não;https://legis.senado.leg.br/comissoes/comissao?codcol=38
br-comissao-de-assuntos-economicos-do-senado;Comissão de Assuntos Econômicos do Senado;br-p-sf-5385;Irajá;Titular;;eleito;;;não;https://legis.senado.leg.br/comissoes/comissao?codcol=38
br-comissao-de-assuntos-economicos-do-senado;Comissão de Assuntos Econômicos do Senado;br-p-sf-5990;Carlos Viana;Titular;;eleito;;;não;https://legis.senado.leg.br/comissoes/comissao?codcol=38
br-comissao-de-assuntos-economicos-do-senado;Comissão de Assuntos Econômicos do Senado;br-p-sf-5926;Lucas Barreto;Titular;;eleito;;;não;https://legis.senado.leg.br/comissoes/comissao?codcol=38
br-comissao-de-assuntos-economicos-do-senado;Comissão de Assuntos Econômicos do Senado;br-p-sf-5899;Vanderlan Cardoso;Titular;;eleito;;;não;https://legis.senado.leg.br/comissoes/comissao?codcol=38
br-comissao-de-assuntos-economicos-do-senado;Comissão de Assuntos Econômicos do Senado;br-p-sf-4560;Sérgio Petecão;Titular;;eleito;;;não;https://legis.senado.leg.br/comissoes/comissao?codcol=38
br-comissao-de-assuntos-economicos-do-senado;Comissão de Assuntos Econômicos do Senado;br-p-sf-4770;Izalci Lucas;Titular;;eleito;;;não;https://legis.senado.leg.br/comissoes/comissao?codcol=38
br-comissao-de-assuntos-economicos-do-senado;Comissão de Assuntos Econômicos do Senado;br-p-sf-4694;Rogerio Marinho;Titular;;eleito;;;não;https://legis.senado.leg.br/comissoes/comissao?codcol=38
br-comissao-de-assuntos-economicos-do-senado;Comissão de Assuntos Econômicos do Senado;br-p-sf-6342;Jorge Seif;Titular;;eleito;;;não;https://legis.senado.leg.br/comissoes/comissao?codcol=38
br-comissao-de-assuntos-economicos-do-senado;Comissão de Assuntos Econômicos do Senado;br-p-sf-5070;Wilder Morais;Titular;;eleito;;;não;https://legis.senado.leg.br/comissoes/comissao?codcol=38
br-comissao-de-assuntos-economicos-do-senado;Comissão de Assuntos Econômicos do Senado;br-p-sf-1173;Wellington Fagundes;Titular;;eleito;;;não;https://legis.senado.leg.br/comissoes/comissao?codcol=38
br-comissao-de-assuntos-economicos-do-senado;Comissão de Assuntos Econômicos do Senado;br-p-sf-5012;Randolfe Rodrigues;Titular;;eleito;;;não;https://legis.senado.leg.br/comissoes/comissao?codcol=38
br-comissao-de-assuntos-economicos-do-senado;Comissão de Assuntos Econômicos do Senado;br-p-sf-6336;Camilo Santana;Titular;;eleito;;;não;https://legis.senado.leg.br/comissoes/comissao?codcol=38
br-comissao-de-assuntos-economicos-do-senado;Comissão de Assuntos Econômicos do Senado;br-p-sf-5352;Rogério Carvalho;Titular;;eleito;;;não;https://legis.senado.leg.br/comissoes/comissao?codcol=38
br-comissao-de-assuntos-economicos-do-senado;Comissão de Assuntos Econômicos do Senado;br-p-sf-5979;Leila Barros;Titular;;eleito;;;não;https://legis.senado.leg.br/comissoes/comissao?codcol=38
br-comissao-de-assuntos-economicos-do-senado;Comissão de Assuntos Econômicos do Senado;br-p-sf-739;Ciro Nogueira;Titular;;eleito;;;não;https://legis.senado.leg.br/comissoes/comissao?codcol=38
br-comissao-de-assuntos-economicos-do-senado;Comissão de Assuntos Econômicos do Senado;br-p-sf-6341;Hamilton Mourão;Titular;;eleito;;;não;https://legis.senado.leg.br/comissoes/comissao?codcol=38
br-comissao-de-assuntos-economicos-do-senado;Comissão de Assuntos Econômicos do Senado;br-p-sf-5967;Angelo Coronel;Titular;;eleito;;;não;https://legis.senado.leg.br/comissoes/comissao?codcol=38
br-comissao-de-assuntos-economicos-do-senado;Comissão de Assuntos Econômicos do Senado;br-p-sf-4642;Efraim Filho;Suplente;;eleito;;;não;https://legis.senado.leg.br/comissoes/comissao?codcol=38
br-comissao-de-assuntos-economicos-do-senado;Comissão de Assuntos Econômicos do Senado;br-p-sf-35;Jader Barbalho;Suplente;;eleito;;;não;https://legis.senado.leg.br/comissoes/comissao?codcol=38
br-comissao-de-assuntos-economicos-do-senado;Comissão de Assuntos Econômicos do Senado;br-p-sf-5988;Soraya Thronicke;Suplente;;eleito;;;não;https://legis.senado.leg.br/comissoes/comissao?codcol=38
br-comissao-de-assuntos-economicos-do-senado;Comissão de Assuntos Econômicos do Senado;br-p-sf-5748;Veneziano Vital do Rêgo;Suplente;;eleito;;;não;https://legis.senado.leg.br/comissoes/comissao?codcol=38
br-comissao-de-assuntos-economicos-do-senado;Comissão de Assuntos Econômicos do Senado;br-p-sf-285;Marcio Bittar;Suplente;;eleito;;;não;https://legis.senado.leg.br/comissoes/comissao?codcol=38
br-comissao-de-assuntos-economicos-do-senado;Comissão de Assuntos Econômicos do Senado;br-p-sf-6008;Giordano;Suplente;;eleito;;;não;https://legis.senado.leg.br/comissoes/comissao?codcol=38
br-comissao-de-assuntos-economicos-do-senado;Comissão de Assuntos Econômicos do Senado;br-p-sf-5924;Oriovisto Guimarães;Suplente;;eleito;;;não;https://legis.senado.leg.br/comissoes/comissao?codcol=38
br-comissao-de-assuntos-economicos-do-senado;Comissão de Assuntos Econômicos do Senado;br-p-sf-5973;Cid Gomes;Suplente;;eleito;;;não;https://legis.senado.leg.br/comissoes/comissao?codcol=38
br-comissao-de-assuntos-economicos-do-senado;Comissão de Assuntos Econômicos do Senado;br-p-sf-5523;Otto Alencar;Suplente;;eleito;;;não;https://legis.senado.leg.br/comissoes/comissao?codcol=38
br-comissao-de-assuntos-economicos-do-senado;Comissão de Assuntos Econômicos do Senado;br-p-sf-5525;Omar Aziz;Suplente;;eleito;;;não;https://legis.senado.leg.br/comissoes/comissao?codcol=38
br-comissao-de-assuntos-economicos-do-senado;Comissão de Assuntos Econômicos do Senado;br-p-sf-5985;Nelsinho Trad;Suplente;;eleito;;;não;https://legis.senado.leg.br/comissoes/comissao?codcol=38
br-comissao-de-assuntos-economicos-do-senado;Comissão de Assuntos Econômicos do Senado;br-p-sf-5998;Daniella Ribeiro;Suplente;;eleito;;;não;https://legis.senado.leg.br/comissoes/comissao?codcol=38
br-comissao-de-assuntos-economicos-do-senado;Comissão de Assuntos Econômicos do Senado;br-p-sf-5917;Fernando Dueire;Suplente;;eleito;;;não;https://legis.senado.leg.br/comissoes/comissao?codcol=38
br-comissao-de-assuntos-economicos-do-senado;Comissão de Assuntos Econômicos do Senado;br-p-sf-631;Magno Malta;Suplente;;eleito;;;não;https://legis.senado.leg.br/comissoes/comissao?codcol=38
br-comissao-de-assuntos-economicos-do-senado;Comissão de Assuntos Econômicos do Senado;br-p-sf-6340;Jaime Bagattoli;Suplente;;eleito;;;não;https://legis.senado.leg.br/comissoes/comissao?codcol=38
br-comissao-de-assuntos-economicos-do-senado;Comissão de Assuntos Econômicos do Senado;br-p-sf-5906;Dra. Eudócia;Suplente;;eleito;;;não;https://legis.senado.leg.br/comissoes/comissao?codcol=38
br-comissao-de-assuntos-economicos-do-senado;Comissão de Assuntos Econômicos do Senado;br-p-sf-5976;Eduardo Girão;Suplente;;eleito;;;não;https://legis.senado.leg.br/comissoes/comissao?codcol=38
br-comissao-de-assuntos-economicos-do-senado;Comissão de Assuntos Econômicos do Senado;br-p-sf-3777;Eduardo Gomes;Suplente;;eleito;;;não;https://legis.senado.leg.br/comissoes/comissao?codcol=38
br-comissao-de-assuntos-economicos-do-senado;Comissão de Assuntos Econômicos do Senado;br-p-sf-6338;Teresa Leitão;Suplente;;eleito;;;não;https://legis.senado.leg.br/comissoes/comissao?codcol=38
br-comissao-de-assuntos-economicos-do-senado;Comissão de Assuntos Econômicos do Senado;br-p-sf-825;Paulo Paim;Suplente;;eleito;;;não;https://legis.senado.leg.br/comissoes/comissao?codcol=38
br-comissao-de-assuntos-economicos-do-senado;Comissão de Assuntos Econômicos do Senado;br-p-sf-581;Jaques Wagner;Suplente;;eleito;;;não;https://legis.senado.leg.br/comissoes/comissao?codcol=38
br-comissao-de-assuntos-economicos-do-senado;Comissão de Assuntos Econômicos do Senado;br-p-sf-5411;Weverton;Suplente;;eleito;;;não;https://legis.senado.leg.br/comissoes/comissao?codcol=38
br-comissao-de-assuntos-economicos-do-senado;Comissão de Assuntos Econômicos do Senado;br-p-sf-22;Esperidião Amin;Suplente;;eleito;;;não;https://legis.senado.leg.br/comissoes/comissao?codcol=38
br-comissao-de-assuntos-economicos-do-senado;Comissão de Assuntos Econômicos do Senado;br-p-sf-5736;Tereza Cristina;Suplente;;eleito;;;não;https://legis.senado.leg.br/comissoes/comissao?codcol=38
br-comissao-de-assuntos-economicos-do-senado;Comissão de Assuntos Econômicos do Senado;br-p-sf-6335;Damares Alves;Suplente;;eleito;;;não;https://legis.senado.leg.br/comissoes/comissao?codcol=38
br-comissao-de-assuntos-economicos-do-senado;Comissão de Assuntos Econômicos do Senado;br-p-sf-1186;Luis Carlos Heinze;Suplente;;eleito;;;não;https://legis.senado.leg.br/comissoes/comissao?codcol=38
br-comissao-de-relacoes-exteriores-e-defesa-nacional-do-senado;Comissão de Relações Exteriores e Defesa Nacional do Senado;br-p-sf-5985;Nelsinho Trad;Presidente;;eleito;;;não;https://legis.senado.leg.br/comissoes/comissao?codcol=54
br-comissao-de-relacoes-exteriores-e-defesa-nacional-do-senado;Comissão de Relações Exteriores e Defesa Nacional do Senado;br-p-sf-5736;Tereza Cristina;Vice-Presidente;;eleito;;;não;https://legis.senado.leg.br/comissoes/comissao?codcol=54
br-comissao-de-relacoes-exteriores-e-defesa-nacional-do-senado;Comissão de Relações Exteriores e Defesa Nacional do Senado;br-p-sf-70;Renan Calheiros;Titular;;eleito;;;não;https://legis.senado.leg.br/comissoes/comissao?codcol=54
br-comissao-de-relacoes-exteriores-e-defesa-nacional-do-senado;Comissão de Relações Exteriores e Defesa Nacional do Senado;br-p-sf-5917;Fernando Dueire;Titular;;eleito;;;não;https://legis.senado.leg.br/comissoes/comissao?codcol=54
br-comissao-de-relacoes-exteriores-e-defesa-nacional-do-senado;Comissão de Relações Exteriores e Defesa Nacional do Senado;br-p-sf-6331;Sergio Moro;Titular;;eleito;;;não;https://legis.senado.leg.br/comissoes/comissao?codcol=54
br-comissao-de-relacoes-exteriores-e-defesa-nacional-do-senado;Comissão de Relações Exteriores e Defesa Nacional do Senado;br-p-sf-4642;Efraim Filho;Titular;;eleito;;;não;https://legis.senado.leg.br/comissoes/comissao?codcol=54
br-comissao-de-relacoes-exteriores-e-defesa-nacional-do-senado;Comissão de Relações Exteriores e Defesa Nacional do Senado;br-p-sf-5376;Mara Gabrilli;Titular;;eleito;;;não;https://legis.senado.leg.br/comissoes/comissao?codcol=54
br-comissao-de-relacoes-exteriores-e-defesa-nacional-do-senado;Comissão de Relações Exteriores e Defesa Nacional do Senado;br-p-sf-5732;Rodrigo Pacheco;Titular;;eleito;;;não;https://legis.senado.leg.br/comissoes/comissao?codcol=54
br-comissao-de-relacoes-exteriores-e-defesa-nacional-do-senado;Comissão de Relações Exteriores e Defesa Nacional do Senado;br-p-sf-470;Chico Rodrigues;Titular;;eleito;;;não;https://legis.senado.leg.br/comissoes/comissao?codcol=54
br-comissao-de-relacoes-exteriores-e-defesa-nacional-do-senado;Comissão de Relações Exteriores e Defesa Nacional do Senado;br-p-sf-6009;Astronauta Marcos Pontes;Titular;;eleito;;;não;https://legis.senado.leg.br/comissoes/comissao?codcol=54
br-comissao-de-relacoes-exteriores-e-defesa-nacional-do-senado;Comissão de Relações Exteriores e Defesa Nacional do Senado;br-p-sf-1173;Wellington Fagundes;Titular;;eleito;;;não;https://legis.senado.leg.br/comissoes/comissao?codcol=54
br-comissao-de-relacoes-exteriores-e-defesa-nacional-do-senado;Comissão de Relações Exteriores e Defesa Nacional do Senado;br-p-sf-6342;Jorge Seif;Titular;;eleito;;;não;https://legis.senado.leg.br/comissoes/comissao?codcol=54
br-comissao-de-relacoes-exteriores-e-defesa-nacional-do-senado;Comissão de Relações Exteriores e Defesa Nacional do Senado;br-p-sf-6340;Jaime Bagattoli;Titular;;eleito;;;não;https://legis.senado.leg.br/comissoes/comissao?codcol=54
br-comissao-de-relacoes-exteriores-e-defesa-nacional-do-senado;Comissão de Relações Exteriores e Defesa Nacional do Senado;br-p-sf-5012;Randolfe Rodrigues;Titular;;eleito;;;não;https://legis.senado.leg.br/comissoes/comissao?codcol=54
br-comissao-de-relacoes-exteriores-e-defesa-nacional-do-senado;Comissão de Relações Exteriores e Defesa Nacional do Senado;br-p-sf-5008;Humberto Costa;Titular;;eleito;;;não;https://legis.senado.leg.br/comissoes/comissao?codcol=54
br-comissao-de-relacoes-exteriores-e-defesa-nacional-do-senado;Comissão de Relações Exteriores e Defesa Nacional do Senado;br-p-sf-5953;Fabiano Contarato;Titular;;eleito;;;não;https://legis.senado.leg.br/comissoes/comissao?codcol=54
br-comissao-de-relacoes-exteriores-e-defesa-nacional-do-senado;Comissão de Relações Exteriores e Defesa Nacional do Senado;br-p-sf-22;Esperidião Amin;Titular;;eleito;;;não;https://legis.senado.leg.br/comissoes/comissao?codcol=54
br-comissao-de-relacoes-exteriores-e-defesa-nacional-do-senado;Comissão de Relações Exteriores e Defesa Nacional do Senado;br-p-sf-6341;Hamilton Mourão;Titular;;eleito;;;não;https://legis.senado.leg.br/comissoes/comissao?codcol=54
br-comissao-de-relacoes-exteriores-e-defesa-nacional-do-senado;Comissão de Relações Exteriores e Defesa Nacional do Senado;br-p-sf-6010;Ivete da Silveira;Suplente;;eleito;;;não;https://legis.senado.leg.br/comissoes/comissao?codcol=54
br-comissao-de-relacoes-exteriores-e-defesa-nacional-do-senado;Comissão de Relações Exteriores e Defesa Nacional do Senado;br-p-sf-5386;Professora Dorinha Seabra;Suplente;;eleito;;;não;https://legis.senado.leg.br/comissoes/comissao?codcol=54
br-comissao-de-relacoes-exteriores-e-defesa-nacional-do-senado;Comissão de Relações Exteriores e Defesa Nacional do Senado;br-p-sf-5748;Veneziano Vital do Rêgo;Suplente;;eleito;;;não;https://legis.senado.leg.br/comissoes/comissao?codcol=54
br-comissao-de-relacoes-exteriores-e-defesa-nacional-do-senado;Comissão de Relações Exteriores e Defesa Nacional do Senado;br-p-sf-5672;Alan Rick;Suplente;;eleito;;;não;https://legis.senado.leg.br/comissoes/comissao?codcol=54
br-comissao-de-relacoes-exteriores-e-defesa-nacional-do-senado;Comissão de Relações Exteriores e Defesa Nacional do Senado;br-p-sf-5942;Marcos do Val;Suplente;;eleito;;;não;https://legis.senado.leg.br/comissoes/comissao?codcol=54
br-comissao-de-relacoes-exteriores-e-defesa-nacional-do-senado;Comissão de Relações Exteriores e Defesa Nacional do Senado;br-p-sf-4811;Laércio Oliveira;Suplente;;eleito;;;não;https://legis.senado.leg.br/comissoes/comissao?codcol=54
br-comissao-de-relacoes-exteriores-e-defesa-nacional-do-senado;Comissão de Relações Exteriores e Defesa Nacional do Senado;br-p-sf-5990;Carlos Viana;Suplente;;eleito;;;não;https://legis.senado.leg.br/comissoes/comissao?codcol=54
br-comissao-de-relacoes-exteriores-e-defesa-nacional-do-senado;Comissão de Relações Exteriores e Defesa Nacional do Senado;br-p-sf-4560;Sérgio Petecão;Suplente;;eleito;;;não;https://legis.senado.leg.br/comissoes/comissao?codcol=54
br-comissao-de-relacoes-exteriores-e-defesa-nacional-do-senado;Comissão de Relações Exteriores e Defesa Nacional do Senado;br-p-sf-5385;Irajá;Suplente;;eleito;;;não;https://legis.senado.leg.br/comissoes/comissao?codcol=54
br-comissao-de-relacoes-exteriores-e-defesa-nacional-do-senado;Comissão de Relações Exteriores e Defesa Nacional do Senado;br-p-sf-5973;Cid Gomes;Suplente;;eleito;;;não;https://legis.senado.leg.br/comissoes/comissao?codcol=54
br-comissao-de-relacoes-exteriores-e-defesa-nacional-do-senado;Comissão de Relações Exteriores e Defesa Nacional do Senado;br-p-sf-5422;Marcos Rogério;Suplente;;eleito;;;não;https://legis.senado.leg.br/comissoes/comissao?codcol=54
br-comissao-de-relacoes-exteriores-e-defesa-nacional-do-senado;Comissão de Relações Exteriores e Defesa Nacional do Senado;br-p-sf-5936;Carlos Portinho;Suplente;;eleito;;;não;https://legis.senado.leg.br/comissoes/comissao?codcol=54
br-comissao-de-relacoes-exteriores-e-defesa-nacional-do-senado;Comissão de Relações Exteriores e Defesa Nacional do Senado;br-p-sf-5793;Dr. Hiran;Suplente;;eleito;;;não;https://legis.senado.leg.br/comissoes/comissao?codcol=54
br-comissao-de-relacoes-exteriores-e-defesa-nacional-do-senado;Comissão de Relações Exteriores e Defesa Nacional do Senado;br-p-sf-5906;Dra. Eudócia;Suplente;;eleito;;;não;https://legis.senado.leg.br/comissoes/comissao?codcol=54
br-comissao-de-relacoes-exteriores-e-defesa-nacional-do-senado;Comissão de Relações Exteriores e Defesa Nacional do Senado;br-p-sf-581;Jaques Wagner;Suplente;;eleito;;;não;https://legis.senado.leg.br/comissoes/comissao?codcol=54
br-comissao-de-relacoes-exteriores-e-defesa-nacional-do-senado;Comissão de Relações Exteriores e Defesa Nacional do Senado;br-p-sf-5352;Rogério Carvalho;Suplente;;eleito;;;não;https://legis.senado.leg.br/comissoes/comissao?codcol=54
br-comissao-de-relacoes-exteriores-e-defesa-nacional-do-senado;Comissão de Relações Exteriores e Defesa Nacional do Senado;br-p-sf-4639;Beto Faro;Suplente;;eleito;;;não;https://legis.senado.leg.br/comissoes/comissao?codcol=54
br-comissao-de-relacoes-exteriores-e-defesa-nacional-do-senado;Comissão de Relações Exteriores e Defesa Nacional do Senado;br-p-sf-1186;Luis Carlos Heinze;Suplente;;eleito;;;não;https://legis.senado.leg.br/comissoes/comissao?codcol=54
br-comissao-de-relacoes-exteriores-e-defesa-nacional-do-senado;Comissão de Relações Exteriores e Defesa Nacional do Senado;br-p-sf-5967;Angelo Coronel;Suplente;;eleito;;;não;https://legis.senado.leg.br/comissoes/comissao?codcol=54
br-comissao-de-infraestrutura-do-senado;Comissão de Serviços de Infraestrutura do Senado;br-p-sf-5422;Marcos Rogério;Presidente;;eleito;;;não;https://legis.senado.leg.br/comissoes/comissao?codcol=59
br-comissao-de-infraestrutura-do-senado;Comissão de Serviços de Infraestrutura do Senado;br-p-sf-4994;Eduardo Braga;Titular;;eleito;;;não;https://legis.senado.leg.br/comissoes/comissao?codcol=59
br-comissao-de-infraestrutura-do-senado;Comissão de Serviços de Infraestrutura do Senado;br-p-sf-5748;Veneziano Vital do Rêgo;Titular;;eleito;;;não;https://legis.senado.leg.br/comissoes/comissao?codcol=59
br-comissao-de-infraestrutura-do-senado;Comissão de Serviços de Infraestrutura do Senado;br-p-sf-4531;Jayme Campos;Titular;;eleito;;;não;https://legis.senado.leg.br/comissoes/comissao?codcol=59
br-comissao-de-infraestrutura-do-senado;Comissão de Serviços de Infraestrutura do Senado;br-p-sf-5386;Professora Dorinha Seabra;Titular;;eleito;;;não;https://legis.senado.leg.br/comissoes/comissao?codcol=59
br-comissao-de-infraestrutura-do-senado;Comissão de Serviços de Infraestrutura do Senado;br-p-sf-5502;Plínio Valério;Titular;;eleito;;;não;https://legis.senado.leg.br/comissoes/comissao?codcol=59
br-comissao-de-infraestrutura-do-senado;Comissão de Serviços de Infraestrutura do Senado;br-p-sf-5973;Cid Gomes;Titular;;eleito;;;não;https://legis.senado.leg.br/comissoes/comissao?codcol=59
br-comissao-de-infraestrutura-do-senado;Comissão de Serviços de Infraestrutura do Senado;br-p-sf-5523;Otto Alencar;Titular;;eleito;;;não;https://legis.senado.leg.br/comissoes/comissao?codcol=59
br-comissao-de-infraestrutura-do-senado;Comissão de Serviços de Infraestrutura do Senado;br-p-sf-5385;Irajá;Titular;;eleito;;;não;https://legis.senado.leg.br/comissoes/comissao?codcol=59
br-comissao-de-infraestrutura-do-senado;Comissão de Serviços de Infraestrutura do Senado;br-p-sf-5990;Carlos Viana;Titular;;eleito;;;não;https://legis.senado.leg.br/comissoes/comissao?codcol=59
br-comissao-de-infraestrutura-do-senado;Comissão de Serviços de Infraestrutura do Senado;br-p-sf-5988;Soraya Thronicke;Titular;;eleito;;;não;https://legis.senado.leg.br/comissoes/comissao?codcol=59
br-comissao-de-infraestrutura-do-senado;Comissão de Serviços de Infraestrutura do Senado;br-p-sf-6340;Jaime Bagattoli;Titular;;eleito;;;não;https://legis.senado.leg.br/comissoes/comissao?codcol=59
br-comissao-de-infraestrutura-do-senado;Comissão de Serviços de Infraestrutura do Senado;br-p-sf-1173;Wellington Fagundes;Titular;;eleito;;;não;https://legis.senado.leg.br/comissoes/comissao?codcol=59
br-comissao-de-infraestrutura-do-senado;Comissão de Serviços de Infraestrutura do Senado;br-p-sf-5070;Wilder Morais;Titular;;eleito;;;não;https://legis.senado.leg.br/comissoes/comissao?codcol=59
br-comissao-de-infraestrutura-do-senado;Comissão de Serviços de Infraestrutura do Senado;br-p-sf-4639;Beto Faro;Titular;;eleito;;;não;https://legis.senado.leg.br/comissoes/comissao?codcol=59
br-comissao-de-infraestrutura-do-senado;Comissão de Serviços de Infraestrutura do Senado;br-p-sf-5352;Rogério Carvalho;Titular;;eleito;;;não;https://legis.senado.leg.br/comissoes/comissao?codcol=59
br-comissao-de-infraestrutura-do-senado;Comissão de Serviços de Infraestrutura do Senado;br-p-sf-5411;Weverton;Titular;;eleito;;;não;https://legis.senado.leg.br/comissoes/comissao?codcol=59
br-comissao-de-infraestrutura-do-senado;Comissão de Serviços de Infraestrutura do Senado;br-p-sf-5895;Jorge Kajuru;Titular;;eleito;;;não;https://legis.senado.leg.br/comissoes/comissao?codcol=59
br-comissao-de-infraestrutura-do-senado;Comissão de Serviços de Infraestrutura do Senado;br-p-sf-22;Esperidião Amin;Titular;;eleito;;;não;https://legis.senado.leg.br/comissoes/comissao?codcol=59
br-comissao-de-infraestrutura-do-senado;Comissão de Serviços de Infraestrutura do Senado;br-p-sf-4811;Laércio Oliveira;Titular;;eleito;;;não;https://legis.senado.leg.br/comissoes/comissao?codcol=59
br-comissao-de-infraestrutura-do-senado;Comissão de Serviços de Infraestrutura do Senado;br-p-sf-6337;Cleitinho;Titular;;eleito;;;não;https://legis.senado.leg.br/comissoes/comissao?codcol=59
br-comissao-de-infraestrutura-do-senado;Comissão de Serviços de Infraestrutura do Senado;br-p-sf-475;Confúcio Moura;Suplente;;eleito;;;não;https://legis.senado.leg.br/comissoes/comissao?codcol=59
br-comissao-de-infraestrutura-do-senado;Comissão de Serviços de Infraestrutura do Senado;br-p-sf-4642;Efraim Filho;Suplente;;eleito;;;não;https://legis.senado.leg.br/comissoes/comissao?codcol=59
br-comissao-de-infraestrutura-do-senado;Comissão de Serviços de Infraestrutura do Senado;br-p-sf-5917;Fernando Dueire;Suplente;;eleito;;;não;https://legis.senado.leg.br/comissoes/comissao?codcol=59
br-comissao-de-infraestrutura-do-senado;Comissão de Serviços de Infraestrutura do Senado;br-p-sf-3806;Zequinha Marinho;Suplente;;eleito;;;não;https://legis.senado.leg.br/comissoes/comissao?codcol=59
br-comissao-de-infraestrutura-do-senado;Comissão de Serviços de Infraestrutura do Senado;br-p-sf-70;Renan Calheiros;Suplente;;eleito;;;não;https://legis.senado.leg.br/comissoes/comissao?codcol=59
br-comissao-de-infraestrutura-do-senado;Comissão de Serviços de Infraestrutura do Senado;br-p-sf-6331;Sergio Moro;Suplente;;eleito;;;não;https://legis.senado.leg.br/comissoes/comissao?codcol=59
br-comissao-de-infraestrutura-do-senado;Comissão de Serviços de Infraestrutura do Senado;br-p-sf-35;Jader Barbalho;Suplente;;eleito;;;não;https://legis.senado.leg.br/comissoes/comissao?codcol=59
br-comissao-de-infraestrutura-do-senado;Comissão de Serviços de Infraestrutura do Senado;br-p-sf-470;Chico Rodrigues;Suplente;;eleito;;;não;https://legis.senado.leg.br/comissoes/comissao?codcol=59
br-comissao-de-infraestrutura-do-senado;Comissão de Serviços de Infraestrutura do Senado;br-p-sf-6295;Carlos Fávaro;Suplente;;eleito;;;não;https://legis.senado.leg.br/comissoes/comissao?codcol=59
br-comissao-de-infraestrutura-do-senado;Comissão de Serviços de Infraestrutura do Senado;br-p-sf-5985;Nelsinho Trad;Suplente;;eleito;;;não;https://legis.senado.leg.br/comissoes/comissao?codcol=59
br-comissao-de-infraestrutura-do-senado;Comissão de Serviços de Infraestrutura do Senado;br-p-sf-5899;Vanderlan Cardoso;Suplente;;eleito;;;não;https://legis.senado.leg.br/comissoes/comissao?codcol=59
br-comissao-de-infraestrutura-do-senado;Comissão de Serviços de Infraestrutura do Senado;br-p-sf-5926;Lucas Barreto;Suplente;;eleito;;;não;https://legis.senado.leg.br/comissoes/comissao?codcol=59
br-comissao-de-infraestrutura-do-senado;Comissão de Serviços de Infraestrutura do Senado;br-p-sf-5906;Dra. Eudócia;Suplente;;eleito;;;não;https://legis.senado.leg.br/comissoes/comissao?codcol=59
br-comissao-de-infraestrutura-do-senado;Comissão de Serviços de Infraestrutura do Senado;br-p-sf-4694;Rogerio Marinho;Suplente;;eleito;;;não;https://legis.senado.leg.br/comissoes/comissao?codcol=59
br-comissao-de-infraestrutura-do-senado;Comissão de Serviços de Infraestrutura do Senado;br-p-sf-6342;Jorge Seif;Suplente;;eleito;;;não;https://legis.senado.leg.br/comissoes/comissao?codcol=59
br-comissao-de-infraestrutura-do-senado;Comissão de Serviços de Infraestrutura do Senado;br-p-sf-6009;Astronauta Marcos Pontes;Suplente;;eleito;;;não;https://legis.senado.leg.br/comissoes/comissao?codcol=59
br-comissao-de-infraestrutura-do-senado;Comissão de Serviços de Infraestrutura do Senado;br-p-sf-5953;Fabiano Contarato;Suplente;;eleito;;;não;https://legis.senado.leg.br/comissoes/comissao?codcol=59
br-comissao-de-infraestrutura-do-senado;Comissão de Serviços de Infraestrutura do Senado;br-p-sf-5012;Randolfe Rodrigues;Suplente;;eleito;;;não;https://legis.senado.leg.br/comissoes/comissao?codcol=59
br-comissao-de-infraestrutura-do-senado;Comissão de Serviços de Infraestrutura do Senado;br-p-sf-5736;Tereza Cristina;Suplente;;eleito;;;não;https://legis.senado.leg.br/comissoes/comissao?codcol=59
br-comissao-de-infraestrutura-do-senado;Comissão de Serviços de Infraestrutura do Senado;br-p-sf-1186;Luis Carlos Heinze;Suplente;;eleito;;;não;https://legis.senado.leg.br/comissoes/comissao?codcol=59
br-comissao-de-infraestrutura-do-senado;Comissão de Serviços de Infraestrutura do Senado;br-p-sf-5967;Angelo Coronel;Suplente;;eleito;;;não;https://legis.senado.leg.br/comissoes/comissao?codcol=59
br-comissao-mista-de-orcamento;Comissão Mista de Planos, Orçamentos Públicos e Fiscalização;br-p-cd-143632;Domingos Neto;Presidente;;eleito;;;não;https://www.congressonacional.leg.br/comissoes
br-comissao-mista-de-orcamento;Comissão Mista de Planos, Orçamentos Públicos e Fiscalização;br-p-sf-4994;Eduardo Braga;Titular;;eleito;;;não;https://www.congressonacional.leg.br/comissoes
br-comissao-mista-de-orcamento;Comissão Mista de Planos, Orçamentos Públicos e Fiscalização;br-p-sf-4531;Jayme Campos;Titular;;eleito;;;não;https://www.congressonacional.leg.br/comissoes
br-comissao-mista-de-orcamento;Comissão Mista de Planos, Orçamentos Públicos e Fiscalização;br-p-sf-6008;Giordano;Titular;;eleito;;;não;https://www.congressonacional.leg.br/comissoes
br-comissao-mista-de-orcamento;Comissão Mista de Planos, Orçamentos Públicos e Fiscalização;br-p-sf-5926;Lucas Barreto;Titular;;eleito;;;não;https://www.congressonacional.leg.br/comissoes
br-comissao-mista-de-orcamento;Comissão Mista de Planos, Orçamentos Públicos e Fiscalização;br-p-sf-6295;Carlos Fávaro;Titular;;eleito;;;não;https://www.congressonacional.leg.br/comissoes
br-comissao-mista-de-orcamento;Comissão Mista de Planos, Orçamentos Públicos e Fiscalização;br-p-sf-3777;Eduardo Gomes;Titular;;eleito;;;não;https://www.congressonacional.leg.br/comissoes
br-comissao-mista-de-orcamento;Comissão Mista de Planos, Orçamentos Públicos e Fiscalização;br-p-sf-5936;Carlos Portinho;Titular;;eleito;;;não;https://www.congressonacional.leg.br/comissoes
br-comissao-mista-de-orcamento;Comissão Mista de Planos, Orçamentos Públicos e Fiscalização;br-p-sf-5736;Tereza Cristina;Titular;;eleito;;;não;https://www.congressonacional.leg.br/comissoes
br-comissao-mista-de-orcamento;Comissão Mista de Planos, Orçamentos Públicos e Fiscalização;br-p-sf-5672;Alan Rick;Titular;;eleito;;;não;https://www.congressonacional.leg.br/comissoes
br-comissao-mista-de-orcamento;Comissão Mista de Planos, Orçamentos Públicos e Fiscalização;br-p-sf-6338;Teresa Leitão;Titular;;eleito;;;não;https://www.congressonacional.leg.br/comissoes
br-comissao-mista-de-orcamento;Comissão Mista de Planos, Orçamentos Públicos e Fiscalização;br-p-sf-5352;Rogério Carvalho;Titular;;eleito;;;não;https://www.congressonacional.leg.br/comissoes
br-comissao-mista-de-orcamento;Comissão Mista de Planos, Orçamentos Públicos e Fiscalização;br-p-cd-160600;Arthur Oliveira Maia;Titular;;eleito;;;não;https://www.congressonacional.leg.br/comissoes
br-comissao-mista-de-orcamento;Comissão Mista de Planos, Orçamentos Públicos e Fiscalização;br-p-cd-204486;Mauro Benevides Filho;Titular;;eleito;;;não;https://www.congressonacional.leg.br/comissoes
br-comissao-mista-de-orcamento;Comissão Mista de Planos, Orçamentos Públicos e Fiscalização;br-p-cd-204508;Igor Timo;Titular;;eleito;;;não;https://www.congressonacional.leg.br/comissoes
br-comissao-mista-de-orcamento;Comissão Mista de Planos, Orçamentos Públicos e Fiscalização;br-p-cd-141421;Eduardo da Fonte;Titular;;eleito;;;não;https://www.congressonacional.leg.br/comissoes
br-comissao-mista-de-orcamento;Comissão Mista de Planos, Orçamentos Públicos e Fiscalização;br-p-cd-73788;Ricardo Barros;Titular;;eleito;;;não;https://www.congressonacional.leg.br/comissoes
br-comissao-mista-de-orcamento;Comissão Mista de Planos, Orçamentos Públicos e Fiscalização;br-p-cd-204549;AJ Albuquerque;Titular;;eleito;;;não;https://www.congressonacional.leg.br/comissoes
br-comissao-mista-de-orcamento;Comissão Mista de Planos, Orçamentos Públicos e Fiscalização;br-p-cd-74090;Átila Lins;Titular;;eleito;;;não;https://www.congressonacional.leg.br/comissoes
br-comissao-mista-de-orcamento;Comissão Mista de Planos, Orçamentos Públicos e Fiscalização;br-p-cd-141450;Hugo Leal;Titular;;eleito;;;não;https://www.congressonacional.leg.br/comissoes
br-comissao-mista-de-orcamento;Comissão Mista de Planos, Orçamentos Públicos e Fiscalização;br-p-cd-178962;Carlos Gomes;Titular;;eleito;;;não;https://www.congressonacional.leg.br/comissoes
br-comissao-mista-de-orcamento;Comissão Mista de Planos, Orçamentos Públicos e Fiscalização;br-p-cd-178945;Rosangela Gomes;Titular;;eleito;;;não;https://www.congressonacional.leg.br/comissoes
br-comissao-mista-de-orcamento;Comissão Mista de Planos, Orçamentos Públicos e Fiscalização;br-p-cd-220588;Roberto Duarte;Titular;;eleito;;;não;https://www.congressonacional.leg.br/comissoes
br-comissao-mista-de-orcamento;Comissão Mista de Planos, Orçamentos Públicos e Fiscalização;br-p-cd-153423;Renilce Nicodemos;Titular;;eleito;;;não;https://www.congressonacional.leg.br/comissoes
br-comissao-mista-de-orcamento;Comissão Mista de Planos, Orçamentos Públicos e Fiscalização;br-p-cd-141408;Cleber Verde;Titular;;eleito;;;não;https://www.congressonacional.leg.br/comissoes
br-comissao-mista-de-orcamento;Comissão Mista de Planos, Orçamentos Públicos e Fiscalização;br-p-cd-220683;Beto Richa;Titular;;eleito;;;não;https://www.congressonacional.leg.br/comissoes
br-comissao-mista-de-orcamento;Comissão Mista de Planos, Orçamentos Públicos e Fiscalização;br-p-cd-143084;Tiago Dimas;Titular;;eleito;;;não;https://www.congressonacional.leg.br/comissoes
br-comissao-mista-de-orcamento;Comissão Mista de Planos, Orçamentos Públicos e Fiscalização;br-p-cd-204517;Zé Vitor;Titular;;eleito;;;não;https://www.congressonacional.leg.br/comissoes
br-comissao-mista-de-orcamento;Comissão Mista de Planos, Orçamentos Públicos e Fiscalização;br-p-cd-179000;Marcelo Álvaro Antônio;2º Vice-Presidente;;eleito;;;não;https://www.congressonacional.leg.br/comissoes
br-comissao-mista-de-orcamento;Comissão Mista de Planos, Orçamentos Públicos e Fiscalização;br-p-cd-160758;Domingos Sávio;Titular;;eleito;;;não;https://www.congressonacional.leg.br/comissoes
br-comissao-mista-de-orcamento;Comissão Mista de Planos, Orçamentos Públicos e Fiscalização;br-p-cd-220628;Mauricio do Vôlei;Titular;;eleito;;;não;https://www.congressonacional.leg.br/comissoes
br-comissao-mista-de-orcamento;Comissão Mista de Planos, Orçamentos Públicos e Fiscalização;br-p-cd-204396;Vermelho;Titular;;eleito;;;não;https://www.congressonacional.leg.br/comissoes
br-comissao-mista-de-orcamento;Comissão Mista de Planos, Orçamentos Públicos e Fiscalização;br-p-cd-141456;Jilmar Tatto;Titular;;eleito;;;não;https://www.congressonacional.leg.br/comissoes
br-comissao-mista-de-orcamento;Comissão Mista de Planos, Orçamentos Públicos e Fiscalização;br-p-cd-74858;Lindbergh Farias;Titular;;eleito;;;não;https://www.congressonacional.leg.br/comissoes
br-comissao-mista-de-orcamento;Comissão Mista de Planos, Orçamentos Públicos e Fiscalização;br-p-cd-220682;Tadeu Veneri;Titular;;eleito;;;não;https://www.congressonacional.leg.br/comissoes
br-comissao-mista-de-orcamento;Comissão Mista de Planos, Orçamentos Públicos e Fiscalização;br-p-cd-74295;Inácio Arruda;Titular;;eleito;;;não;https://www.congressonacional.leg.br/comissoes
br-comissao-mista-de-orcamento;Comissão Mista de Planos, Orçamentos Públicos e Fiscalização;br-p-cd-220703;Neto Carletto;Titular;;eleito;;;não;https://www.congressonacional.leg.br/comissoes
br-comissao-mista-de-orcamento;Comissão Mista de Planos, Orçamentos Públicos e Fiscalização;br-p-cd-74158;Mário Heringer;Titular;;eleito;;;não;https://www.congressonacional.leg.br/comissoes
br-comissao-mista-de-orcamento;Comissão Mista de Planos, Orçamentos Públicos e Fiscalização;br-p-cd-220662;Lucas Ramos;Titular;;eleito;;;não;https://www.congressonacional.leg.br/comissoes
br-comissao-mista-de-orcamento;Comissão Mista de Planos, Orçamentos Públicos e Fiscalização;br-p-cd-156190;Marcel van Hattem;Titular;;eleito;;;não;https://www.congressonacional.leg.br/comissoes
br-comissao-mista-de-orcamento;Comissão Mista de Planos, Orçamentos Públicos e Fiscalização;br-p-sf-742;Marcelo Castro;Suplente;;eleito;;;não;https://www.congressonacional.leg.br/comissoes
br-comissao-mista-de-orcamento;Comissão Mista de Planos, Orçamentos Públicos e Fiscalização;br-p-sf-5959;Styvenson Valentim;Suplente;;eleito;;;não;https://www.congressonacional.leg.br/comissoes
br-comissao-mista-de-orcamento;Comissão Mista de Planos, Orçamentos Públicos e Fiscalização;br-p-sf-5783;Zenaide Maia;Suplente;;eleito;;;não;https://www.congressonacional.leg.br/comissoes
br-comissao-mista-de-orcamento;Comissão Mista de Planos, Orçamentos Públicos e Fiscalização;br-p-sf-470;Chico Rodrigues;Suplente;;eleito;;;não;https://www.congressonacional.leg.br/comissoes
br-comissao-mista-de-orcamento;Comissão Mista de Planos, Orçamentos Públicos e Fiscalização;br-p-sf-5793;Dr. Hiran;Suplente;;eleito;;;não;https://www.congressonacional.leg.br/comissoes
br-comissao-mista-de-orcamento;Comissão Mista de Planos, Orçamentos Públicos e Fiscalização;br-p-sf-6341;Hamilton Mourão;Suplente;;eleito;;;não;https://www.congressonacional.leg.br/comissoes
br-comissao-mista-de-orcamento;Comissão Mista de Planos, Orçamentos Públicos e Fiscalização;br-p-sf-5008;Humberto Costa;Suplente;;eleito;;;não;https://www.congressonacional.leg.br/comissoes
br-comissao-mista-de-orcamento;Comissão Mista de Planos, Orçamentos Públicos e Fiscalização;br-p-sf-5979;Leila Barros;Suplente;;eleito;;;não;https://www.congressonacional.leg.br/comissoes
br-comissao-mista-de-orcamento;Comissão Mista de Planos, Orçamentos Públicos e Fiscalização;br-p-cd-160632;Zé Silva;Suplente;;eleito;;;não;https://www.congressonacional.leg.br/comissoes
br-comissao-mista-de-orcamento;Comissão Mista de Planos, Orçamentos Públicos e Fiscalização;br-p-cd-220607;Max Lemos;Suplente;;eleito;;;não;https://www.congressonacional.leg.br/comissoes
br-comissao-mista-de-orcamento;Comissão Mista de Planos, Orçamentos Públicos e Fiscalização;br-p-cd-141459;João Maia;Suplente;;eleito;;;não;https://www.congressonacional.leg.br/comissoes
br-comissao-mista-de-orcamento;Comissão Mista de Planos, Orçamentos Públicos e Fiscalização;br-p-cd-220624;Robinson Faria;Suplente;;eleito;;;não;https://www.congressonacional.leg.br/comissoes
br-comissao-mista-de-orcamento;Comissão Mista de Planos, Orçamentos Públicos e Fiscalização;br-p-cd-123086;Átila Lira;Suplente;;eleito;;;não;https://www.congressonacional.leg.br/comissoes
br-comissao-mista-de-orcamento;Comissão Mista de Planos, Orçamentos Públicos e Fiscalização;br-p-cd-220571;Daniel Agrobom;Suplente;;eleito;;;não;https://www.congressonacional.leg.br/comissoes
br-comissao-mista-de-orcamento;Comissão Mista de Planos, Orçamentos Públicos e Fiscalização;br-p-cd-220572;Marussa Boldrin;Suplente;;eleito;;;não;https://www.congressonacional.leg.br/comissoes
br-comissao-mista-de-orcamento;Comissão Mista de Planos, Orçamentos Públicos e Fiscalização;br-p-cd-150418;Márcio Marinho;Suplente;;eleito;;;não;https://www.congressonacional.leg.br/comissoes
br-comissao-mista-de-orcamento;Comissão Mista de Planos, Orçamentos Públicos e Fiscalização;br-p-cd-220694;Ricardo Maia;Suplente;;eleito;;;não;https://www.congressonacional.leg.br/comissoes
br-comissao-mista-de-orcamento;Comissão Mista de Planos, Orçamentos Públicos e Fiscalização;br-p-cd-160161;Marcelo Queiroz;Suplente;;eleito;;;não;https://www.congressonacional.leg.br/comissoes
br-comissao-mista-de-orcamento;Comissão Mista de Planos, Orçamentos Públicos e Fiscalização;br-p-cd-204419;Glaustin da Fokus;Suplente;;eleito;;;não;https://www.congressonacional.leg.br/comissoes
br-comissao-mista-de-orcamento;Comissão Mista de Planos, Orçamentos Públicos e Fiscalização;br-p-cd-178983;Marcio Alvino;Suplente;;eleito;;;não;https://www.congressonacional.leg.br/comissoes
br-comissao-mista-de-orcamento;Comissão Mista de Planos, Orçamentos Públicos e Fiscalização;br-p-cd-98057;Lafayette de Andrada;Suplente;;eleito;;;não;https://www.congressonacional.leg.br/comissoes
br-comissao-mista-de-orcamento;Comissão Mista de Planos, Orçamentos Públicos e Fiscalização;br-p-cd-198197;Greyce Elias;Suplente;;eleito;;;não;https://www.congressonacional.leg.br/comissoes
br-comissao-mista-de-orcamento;Comissão Mista de Planos, Orçamentos Públicos e Fiscalização;br-p-cd-178954;Lucio Mosquini;Suplente;;eleito;;;não;https://www.congressonacional.leg.br/comissoes
br-comissao-mista-de-orcamento;Comissão Mista de Planos, Orçamentos Públicos e Fiscalização;br-p-cd-141555;Vinicius Carvalho;Suplente;;eleito;;;não;https://www.congressonacional.leg.br/comissoes
br-comissao-mista-de-orcamento;Comissão Mista de Planos, Orçamentos Públicos e Fiscalização;br-p-cd-220553;Denise Pessôa;Suplente;;eleito;;;não;https://www.congressonacional.leg.br/comissoes
br-comissao-mista-de-orcamento;Comissão Mista de Planos, Orçamentos Públicos e Fiscalização;br-p-cd-160592;Zeca Dirceu;Suplente;;eleito;;;não;https://www.congressonacional.leg.br/comissoes
br-comissao-mista-de-orcamento;Comissão Mista de Planos, Orçamentos Públicos e Fiscalização;br-p-cd-178970;João Daniel;Suplente;;eleito;;;não;https://www.congressonacional.leg.br/comissoes
br-comissao-mista-de-orcamento;Comissão Mista de Planos, Orçamentos Públicos e Fiscalização;br-p-cd-220602;Dimas Gadelha;Suplente;;eleito;;;não;https://www.congressonacional.leg.br/comissoes
br-comissao-mista-de-orcamento;Comissão Mista de Planos, Orçamentos Públicos e Fiscalização;br-p-cd-69871;Bacelar;Suplente;;eleito;;;não;https://www.congressonacional.leg.br/comissoes
br-comissao-mista-de-orcamento;Comissão Mista de Planos, Orçamentos Públicos e Fiscalização;br-p-cd-204566;Marreca Filho;Suplente;;eleito;;;não;https://www.congressonacional.leg.br/comissoes
br-comissao-mista-de-orcamento;Comissão Mista de Planos, Orçamentos Públicos e Fiscalização;br-p-cd-160666;Félix Mendonça Júnior;Suplente;;eleito;;;não;https://www.congressonacional.leg.br/comissoes
br-comissao-mista-de-orcamento;Comissão Mista de Planos, Orçamentos Públicos e Fiscalização;br-p-cd-178931;Luciano Ducci;Suplente;;eleito;;;não;https://www.congressonacional.leg.br/comissoes
br-comissao-mista-de-orcamento;Comissão Mista de Planos, Orçamentos Públicos e Fiscalização;br-p-cd-221338;Professora Luciene Cavalcante;Suplente;;eleito;;;não;https://www.congressonacional.leg.br/comissoes
br-comissao-mista-de-orcamento;Comissão Mista de Planos, Orçamentos Públicos e Fiscalização;br-p-cd-204455;Luiz Lima;Suplente;;eleito;;;não;https://www.congressonacional.leg.br/comissoes
br-ministro-de-estado-da-agricultura-e-pecuaria;Ministro de Estado da Agricultura e Pecuária;br-p-andre-carlos-alves-de-paula-filho;André Carlos Alves de Paula Filho;;;nomeado;Presidente da República;;não;https://www.gov.br/planalto/pt-br/conheca-a-presidencia/ministros-e-ministras
br-ministro-de-estado-das-cidades;Ministro de Estado das Cidades;br-p-antonio-vladimir-moura-lima;Antonio Vladimir Moura Lima;;;nomeado;Presidente da República;;não;https://www.gov.br/planalto/pt-br/conheca-a-presidencia/ministros-e-ministras
br-ministro-de-estado-da-ciencia-tecnologia-e-inovacao;Ministro de Estado da Ciência, Tecnologia e Inovação;br-p-luciana-barbosa-de-oliveira-santos;Luciana Barbosa de Oliveira Santos;;;nomeado;Presidente da República;;não;https://www.gov.br/planalto/pt-br/conheca-a-presidencia/ministros-e-ministras
br-ministro-de-estado-das-comunicacoes;Ministro de Estado das Comunicações;br-p-frederico-de-siqueira-filho;Frederico de Siqueira Filho;;;nomeado;Presidente da República;;não;https://www.gov.br/planalto/pt-br/conheca-a-presidencia/ministros-e-ministras
br-ministro-de-estado-da-cultura;Ministro de Estado da Cultura;br-p-margareth-menezes-da-purificacao-costa;Margareth Menezes da Purificação Costa;;;nomeado;Presidente da República;;não;https://www.gov.br/planalto/pt-br/conheca-a-presidencia/ministros-e-ministras
br-ministro-de-estado-da-defesa;Ministro de Estado da Defesa;br-p-jose-mucio-monteiro-filho;José Mucio Monteiro Filho;;;nomeado;Presidente da República;;não;https://www.gov.br/planalto/pt-br/conheca-a-presidencia/ministros-e-ministras
br-ministro-de-estado-do-desenvolvimento-agrario;Ministro de Estado do Desenvolvimento Agrário e Agricultura Familiar;br-p-fernanda-machiaveli-morao-de-oliveira;Fernanda Machiaveli Morão de Oliveira;;;nomeado;Presidente da República;;não;https://www.gov.br/planalto/pt-br/conheca-a-presidencia/ministros-e-ministras
br-ministro-de-estado-do-desenvolvimento-social;Ministro de Estado do Desenvolvimento e Assistência Social, Família e Combate à Fome;br-p-jose-wellington-barroso-de-araujo-dias;José Wellington Barroso de Araujo Dias;;;nomeado;Presidente da República;;não;https://www.gov.br/planalto/pt-br/conheca-a-presidencia/ministros-e-ministras
br-ministro-de-estado-do-desenvolvimento-industria-comercio-e-servicos;Ministro de Estado do Desenvolvimento, Indústria, Comércio e Serviços;br-p-marcio-fernando-elias-rosa;Márcio Fernando Elias Rosa;;;nomeado;Presidente da República;;não;https://www.gov.br/planalto/pt-br/conheca-a-presidencia/ministros-e-ministras
br-ministro-de-estado-dos-direitos-humanos-e-da-cidadania;Ministro de Estado dos Direitos Humanos e da Cidadania;br-p-janine-mello-dos-santos;Janine Mello dos Santos;;;nomeado;Presidente da República;;não;https://www.gov.br/planalto/pt-br/conheca-a-presidencia/ministros-e-ministras
br-ministro-de-estado-da-educacao;Ministro de Estado da Educação;br-p-leonardo-osvaldo-barchini-rosa;Leonardo Osvaldo Barchini Rosa;;;nomeado;Presidente da República;;não;https://www.gov.br/planalto/pt-br/conheca-a-presidencia/ministros-e-ministras
br-ministro-de-estado-do-empreendedorismo;Ministro de Estado do Empreendedorismo, da Microempresa e da Empresa de Pequeno Porte;br-p-paulo-henrique-rodrigues-pereira;Paulo Henrique Rodrigues Pereira;;;nomeado;Presidente da República;;não;https://www.gov.br/planalto/pt-br/conheca-a-presidencia/ministros-e-ministras
br-ministro-de-estado-do-esporte;Ministro de Estado do Esporte;br-p-paulo-henrique-perna-cordeiro;Paulo Henrique Perna Cordeiro;;;nomeado;Presidente da República;;não;https://www.gov.br/planalto/pt-br/conheca-a-presidencia/ministros-e-ministras
br-ministro-de-estado-da-fazenda;Ministro de Estado da Fazenda;br-p-dario-carnevalli-durigan;Dario Carnevalli Durigan;;;nomeado;Presidente da República;;não;https://www.gov.br/planalto/pt-br/conheca-a-presidencia/ministros-e-ministras
br-ministro-de-estado-da-gestao;Ministro de Estado da Gestão e da Inovação em Serviços Públicos;br-p-esther-dweck;Esther Dweck;;2023-01-01;nomeado;Lula;;não;https://www.gov.br/planalto/pt-br/conheca-a-presidencia/ministros-e-ministras
br-ministro-de-estado-da-igualdade-racial;Ministro de Estado da Igualdade Racial;br-p-rachel-barros-de-oliveira;Rachel Barros de Oliveira;;;nomeado;Presidente da República;;não;https://www.gov.br/planalto/pt-br/conheca-a-presidencia/ministros-e-ministras
br-ministro-de-estado-da-integracao-e-do-desenvolvimento-regional;Ministro de Estado da Integração e do Desenvolvimento Regional;br-p-antonio-waldez-goes-da-silva;Antônio Waldez Góes da Silva;;;nomeado;Presidente da República;;não;https://www.gov.br/planalto/pt-br/conheca-a-presidencia/ministros-e-ministras
br-ministro-de-estado-da-justica-e-seguranca-publica;Ministro de Estado da Justiça e Segurança Pública;br-p-wellington-cesar-lima-e-silva;Wellington César Lima e Silva;;;nomeado;Presidente da República;;não;https://www.gov.br/planalto/pt-br/conheca-a-presidencia/ministros-e-ministras
br-ministro-de-estado-do-meio-ambiente-e-mudanca-do-clima;Ministro de Estado do Meio Ambiente e Mudança do Clima;br-p-joao-paulo-ribeiro-capobianco;João Paulo Ribeiro Capobianco;;;nomeado;Presidente da República;;não;https://www.gov.br/planalto/pt-br/conheca-a-presidencia/ministros-e-ministras
br-ministro-de-estado-de-minas-e-energia;Ministro de Estado de Minas e Energia;br-p-alexandre-silveira-de-oliveira;Alexandre Silveira de Oliveira;;2023-01-01;nomeado;Lula;;não;https://www.gov.br/planalto/pt-br/conheca-a-presidencia/ministros-e-ministras
br-ministro-de-estado-das-mulheres;Ministro de Estado das Mulheres;br-p-marcia-helena-carvalho-lopes;Márcia Helena Carvalho Lopes;;;nomeado;Presidente da República;;não;https://www.gov.br/planalto/pt-br/conheca-a-presidencia/ministros-e-ministras
br-ministro-de-estado-da-pesca-e-aquicultura;Ministro de Estado da Pesca e Aquicultura;br-p-rivetla-edipo-araujo-cruz;Rivetla Edipo Araujo Cruz;;;nomeado;Presidente da República;;não;https://www.gov.br/planalto/pt-br/conheca-a-presidencia/ministros-e-ministras
br-ministro-de-estado-do-planejamento-e-orcamento;Ministro de Estado do Planejamento e Orçamento;br-p-bruno-moretti;Bruno Moretti;;;nomeado;Presidente da República;;não;https://www.gov.br/planalto/pt-br/conheca-a-presidencia/ministros-e-ministras
br-ministro-de-estado-de-portos-e-aeroportos;Ministro de Estado de Portos e Aeroportos;br-p-tome-monteiro-da-franca;Tomé Monteiro da Franca;;;nomeado;Presidente da República;;não;https://www.gov.br/planalto/pt-br/conheca-a-presidencia/ministros-e-ministras
br-ministro-de-estado-dos-povos-indigenas;Ministro de Estado dos Povos Indígenas;br-p-luiz-henrique-eloy-amado;Luiz Henrique Eloy Amado;;;nomeado;Presidente da República;;não;https://www.gov.br/planalto/pt-br/conheca-a-presidencia/ministros-e-ministras
br-ministro-de-estado-da-previdencia-social;Ministro de Estado da Previdência Social;br-p-wolney-queiroz-maciel;Wolney Queiroz Maciel;;;nomeado;Presidente da República;;não;https://www.gov.br/planalto/pt-br/conheca-a-presidencia/ministros-e-ministras
br-ministro-de-estado-das-relacoes-exteriores;Ministro de Estado das Relações Exteriores;br-p-mauro-luiz-iecker-vieira;Mauro Luiz Iecker Vieira;;;nomeado;Presidente da República;;não;https://www.gov.br/planalto/pt-br/conheca-a-presidencia/ministros-e-ministras
br-ministro-de-estado-da-saude;Ministro de Estado da Saúde;br-p-alexandre-rocha-santos-padilha;Alexandre Rocha Santos Padilha;;;nomeado;Presidente da República;;não;https://www.gov.br/planalto/pt-br/conheca-a-presidencia/ministros-e-ministras
br-ministro-de-estado-do-trabalho-e-emprego;Ministro de Estado do Trabalho e Emprego;br-p-luiz-marinho;Luiz Marinho;;2023-01-01;nomeado;Lula;;não;https://www.gov.br/planalto/pt-br/conheca-a-presidencia/ministros-e-ministras
br-ministro-de-estado-dos-transportes;Ministro de Estado dos Transportes;br-p-george-santoro;George Santoro;;;nomeado;Presidente da República;;não;https://www.gov.br/planalto/pt-br/conheca-a-presidencia/ministros-e-ministras
br-ministro-de-estado-do-turismo;Ministro de Estado do Turismo;br-p-gustavo-costa-feliciano;Gustavo Costa Feliciano;;;nomeado;Presidente da República;;não;https://www.gov.br/planalto/pt-br/conheca-a-presidencia/ministros-e-ministras
br-ministro-de-estado-da-controladoria-geral-da-uniao;Ministro de Estado da Controladoria-Geral da União;br-p-vinicius-marques-de-carvalho;Vinícius Marques de Carvalho;;2023-01-01;nomeado;Lula;;não;https://www.gov.br/planalto/pt-br/conheca-a-presidencia/ministros-e-ministras
br-ministro-chefe-casa-civil;Ministro de Estado Chefe da Casa Civil;br-p-miriam-belchior;Miriam Belchior;;;nomeado;Presidente da República;;não;https://www.gov.br/planalto/pt-br/conheca-a-presidencia/ministros-e-ministras
br-ministro-chefe-secretaria-geral-da-presidencia;Ministro de Estado Chefe da Secretaria-Geral da Presidência;br-p-guilherme-castro-boulos;Guilherme Castro Boulos;;;nomeado;Presidente da República;;não;https://www.gov.br/planalto/pt-br/conheca-a-presidencia/ministros-e-ministras
br-ministro-chefe-secretaria-de-relacoes-institucionais;Ministro de Estado Chefe da Secretaria de Relações Institucionais;br-p-jose-nobre-guimaraes;José Nobre Guimarães;;;nomeado;Presidente da República;;não;https://www.gov.br/planalto/pt-br/conheca-a-presidencia/ministros-e-ministras
br-ministro-chefe-secretaria-de-comunicacao-social;Ministro de Estado Chefe da Secretaria de Comunicação Social;br-p-sidonio-palmeira;Sidônio Palmeira;;;nomeado;Presidente da República;;não;https://www.gov.br/planalto/pt-br/conheca-a-presidencia/ministros-e-ministras
br-ministro-chefe-gabinete-de-seguranca-institucional;Ministro de Estado Chefe do Gabinete de Segurança Institucional;br-p-marcos-antonio-amaro-dos-santos;Marcos Antonio Amaro dos Santos;;2023-05-05;nomeado;Lula;;não;https://www.gov.br/planalto/pt-br/conheca-a-presidencia/ministros-e-ministras
br-advogado-geral-da-uniao;Advogado-Geral da União;br-p-jorge-rodrigo-araujo-messias;Jorge Rodrigo Araújo Messias;;;nomeado;Presidente da República;;não;https://www.gov.br/planalto/pt-br/conheca-a-presidencia/ministros-e-ministras
br-anatel-dirigente;Presidente da Anatel;br-p-dou-carlos-manuel-baigorri;Carlos Manuel Baigorri;;;nomeado;Presidente da República;;não;https://www.in.gov.br/web/dou/-/portaria-de-pessoal-n-882-de-14-de-setembro-de-2026-731792580
br-anatel-diretor;Conselheiro da Anatel;br-p-dou-carlos-manuel-baigorri;Carlos Manuel Baigorri;Presidente;;nomeado;Presidente da República;;não;https://pt.wikipedia.org/wiki/Ag%C3%AAncia_Nacional_de_Telecomunica%C3%A7%C3%B5es
br-anatel-diretor;Conselheiro da Anatel;br-p-wp-vicente-bandeira-de-aquino-neto;Vicente Bandeira de Aquino Neto;Conselheiro;;nomeado;Presidente da República;;não;https://pt.wikipedia.org/wiki/Ag%C3%AAncia_Nacional_de_Telecomunica%C3%A7%C3%B5es
br-anatel-diretor;Conselheiro da Anatel;br-p-wp-artur-coimbra-de-oliveira;Artur Coimbra de Oliveira;Conselheiro;;nomeado;Presidente da República;;não;https://pt.wikipedia.org/wiki/Ag%C3%AAncia_Nacional_de_Telecomunica%C3%A7%C3%B5es
br-anatel-diretor;Conselheiro da Anatel;br-p-wp-alexandre-reis-siqueira-freire;Alexandre Reis Siqueira Freire;Conselheiro;;nomeado;Presidente da República;;não;https://pt.wikipedia.org/wiki/Ag%C3%AAncia_Nacional_de_Telecomunica%C3%A7%C3%B5es
br-aneel-dirigente;Diretor-Geral da Aneel;br-p-sandoval-de-araujo-feitosa-neto;Sandoval de Araújo Feitosa Neto;;;nomeado;Presidente da República;;não;https://www.gov.br/aneel/pt-br/acesso-a-informacao/institucional/quem-e-quem
br-aneel-diretor;Diretor da Aneel;br-p-agnes-maria-de-aragao-da-costa;Agnes Maria de Aragão da Costa;;;nomeado;Presidente da República;;não;https://www.gov.br/aneel/pt-br/acesso-a-informacao/institucional/quem-e-quem
br-aneel-diretor;Diretor da Aneel;br-p-gentil-nogueira-de-sa-junior;Gentil Nogueira de Sá Júnior;;;nomeado;Lula;;não;https://www.gov.br/aneel/pt-br/acesso-a-informacao/institucional/quem-e-quem
br-aneel-diretor;Diretor da Aneel;br-p-willamy-moreira-frota;Willamy Moreira Frota;;;nomeado;Lula;;não;https://www.gov.br/aneel/pt-br/acesso-a-informacao/institucional/quem-e-quem
br-aneel-diretor;Diretor da Aneel;br-p-ludimila-lima-da-silva;Ludimila Lima da Silva;;;nomeado;Presidente da República;;sim;https://www.gov.br/aneel/pt-br/acesso-a-informacao/institucional/quem-e-quem
br-anp-dirigente;Diretor-Geral da ANP;br-p-artur-watt-neto;Artur Watt Neto;;2025-08-29;nomeado;Lula;2030-08-28;não;https://www.gov.br/anp/pt-br/composicao/diretoria-colegiada/composicao-diretoria-colegiada
br-anp-diretor;Diretor da ANP;br-p-symone-christine-de-santana-araujo;Symone Christine de Santana Araújo;;2022-04-18;nomeado;Jair Bolsonaro;2027-04-17;não;https://www.gov.br/anp/pt-br/composicao/diretoria-colegiada/composicao-diretoria-colegiada
br-anp-diretor;Diretor da ANP;br-p-daniel-maia-vieira;Daniel Maia Vieira;;2022-04-20;nomeado;Jair Bolsonaro;2027-04-19;não;https://www.gov.br/anp/pt-br/composicao/diretoria-colegiada/composicao-diretoria-colegiada
br-anp-diretor;Diretor da ANP;br-p-fernando-moura-alves;Fernando Moura Alves;;2022-04-20;nomeado;Jair Bolsonaro;2027-04-19;não;https://www.gov.br/anp/pt-br/composicao/diretoria-colegiada/composicao-diretoria-colegiada
br-anp-diretor;Diretor da ANP;br-p-pietro-mendes;Pietro Mendes;;2025-08-29;nomeado;Lula;2030-08-28;não;https://www.gov.br/anp/pt-br/composicao/diretoria-colegiada/composicao-diretoria-colegiada
br-anm-dirigente;Diretor-Geral da ANM;br-p-mauro-henrique-moreira-sousa;Mauro Henrique Moreira Sousa;;2022-12-05;nomeado;Jair Bolsonaro;2027-12-04;não;https://www.gov.br/anm/pt-br/acesso-a-informacao/institucional/quem-e-quem
br-anm-diretor;Diretor da ANM;br-p-caio-mario-trivellato-seabra-filho;Caio Mário Trivellato Seabra Filho;;2023-12-27;nomeado;Lula;2028-12-26;não;https://www.gov.br/anm/pt-br/acesso-a-informacao/institucional/quem-e-quem/diretores
br-anm-diretor;Diretor da ANM;br-p-jose-fernando-gomes-junior;José Fernando Gomes Júnior;;2025-09-01;nomeado;Lula;2030-08-31;não;https://www.gov.br/anm/pt-br/acesso-a-informacao/institucional/quem-e-quem/diretores
br-anm-diretor;Diretor da ANM;br-p-luiz-paniago-neves;Luiz Paniago Neves;;2026-06-03;nomeado;Lula;2031-06-02;sim;https://www.gov.br/anm/pt-br/acesso-a-informacao/institucional/quem-e-quem/diretores
br-anm-diretor;Diretor da ANM;br-p-fabio-fernando-borges;Fábio Fernando Borges;;2026-06-03;nomeado;Lula;2031-06-02;sim;https://www.gov.br/anm/pt-br/acesso-a-informacao/institucional/quem-e-quem/diretores
br-anvisa-dirigente;Diretor-Presidente da Anvisa;br-p-leandro-pinheiro-safatle;Leandro Pinheiro Safatle;;;nomeado;Lula;;não;https://www.gov.br/anvisa/pt-br/composicao/diretoria-colegiada/composicao
br-anvisa-diretor;Diretor da Anvisa;br-p-daniela-marreco-cerqueira;Daniela Marreco Cerqueira;;;nomeado;Lula;;não;https://www.gov.br/anvisa/pt-br/composicao/diretoria-colegiada/composicao
br-anvisa-diretor;Diretor da Anvisa;br-p-daniel-meirelles-fernandes-pereira;Daniel Meirelles Fernandes Pereira;;;nomeado;Presidente da República;;não;https://www.gov.br/anvisa/pt-br/composicao/diretoria-colegiada/composicao
br-anvisa-diretor;Diretor da Anvisa;br-p-thiago-lopes-cardoso-campos;Thiago Lopes Cardoso Campos;;;nomeado;Lula;;não;https://www.gov.br/anvisa/pt-br/composicao/diretoria-colegiada/composicao
br-ans-dirigente;Diretor-Presidente da ANS;br-p-wadih-nemer-damous-filho;Wadih Nemer Damous Filho;;;nomeado;Lula;;não;https://www.gov.br/ans/pt-br/acesso-a-informacao/institucional/quem-e-quem-1
br-ans-diretor;Diretor da ANS;br-p-lenise-barcellos-de-mello-secchin;Lenise Barcellos de Mello Secchin;;;nomeado;Lula;;não;https://www.gov.br/ans/pt-br/acesso-a-informacao/institucional/quem-e-quem-1
br-ans-diretor;Diretor da ANS;br-p-eliane-aparecida-de-castro-medeiros;Eliane Aparecida de Castro Medeiros;;;nomeado;Presidente da República;;não;https://www.gov.br/ans/pt-br/acesso-a-informacao/institucional/quem-e-quem-1
br-ans-diretor;Diretor da ANS;br-p-carla-de-figueiredo-soares;Carla de Figueiredo Soares;;;nomeado;Presidente da República;;sim;https://www.gov.br/ans/pt-br/acesso-a-informacao/institucional/quem-e-quem-1
br-ans-diretor;Diretor da ANS;br-p-francisco-jose-d-angelo-pinto;Francisco José D'Angelo Pinto;;;nomeado;Presidente da República;;sim;https://www.gov.br/ans/pt-br/acesso-a-informacao/institucional/quem-e-quem-1
br-ana-dirigente;Diretor-Presidente da ANA;br-p-ana-paula-fioreza;Ana Paula Fioreza;;;nomeado;Presidente da República;;sim;https://www.gov.br/ana/pt-br/composicao/diretoria-colegiada/quem-e-quem
br-ana-diretor;Diretor da ANA;br-p-larissa-oliveira-rego;Larissa Oliveira Rêgo;;2025-08-28;nomeado;Lula;2030-08-27;não;https://www.gov.br/ana/pt-br/acesso-a-informacao/institucional/diretoria-colegiada
br-ana-diretor;Diretor da ANA;br-p-cristiane-collet-battiston;Cristiane Collet Battiston;;2025-08-28;nomeado;Lula;2030-08-27;não;https://www.gov.br/ana/pt-br/acesso-a-informacao/institucional/diretoria-colegiada
br-ana-diretor;Diretor da ANA;br-p-leonardo-goes-silva;Leonardo Góes Silva;;2025-08-28;nomeado;Lula;2030-08-27;não;https://www.gov.br/ana/pt-br/acesso-a-informacao/institucional/diretoria-colegiada
br-antt-dirigente;Diretor-Geral da ANTT;br-p-guilherme-theo-rodrigues-da-rocha-sampaio;Guilherme Theo Rodrigues da Rocha Sampaio;;;nomeado;Lula;;não;https://www.gov.br/antt/pt-br/acesso-a-informacao/institucional/quem-e-quem
br-antt-diretor;Diretor da ANTT;br-p-lucas-asfor-rocha-lima;Lucas Asfor Rocha Lima;;;nomeado;Presidente da República;;não;https://www.gov.br/antt/pt-br/acesso-a-informacao/institucional/quem-e-quem
br-antt-diretor;Diretor da ANTT;br-p-alex-antonio-de-azevedo-cruz;Alex Antonio de Azevedo Cruz;;;nomeado;Presidente da República;;não;https://www.gov.br/antt/pt-br/acesso-a-informacao/institucional/quem-e-quem
br-antt-diretor;Diretor da ANTT;br-p-felipe-fernandes-queiroz;Felipe Fernandes Queiroz;;;nomeado;Presidente da República;;não;https://www.gov.br/antt/pt-br/acesso-a-informacao/institucional/quem-e-quem
br-antt-diretor;Diretor da ANTT;br-p-marcelo-cardoso-fonseca;Marcelo Cardoso Fonseca;;;nomeado;Presidente da República;;não;https://www.gov.br/antt/pt-br/acesso-a-informacao/institucional/quem-e-quem
br-antaq-dirigente;Diretor-Geral da Antaq;br-p-frederico-carvalho-dias;Frederico Carvalho Dias;;;nomeado;Lula;;não;https://www.gov.br/antaq/pt-br/acesso-a-informacao/institucional/quem-e-quem
br-antaq-diretor;Diretor da Antaq;br-p-alexandre-palmieri-florambel;Alexandre Palmieri Florambel;;;nomeado;Presidente da República;;não;https://www.gov.br/antaq/pt-br/acesso-a-informacao/institucional/quem-e-quem
br-antaq-diretor;Diretor da Antaq;br-p-wilson-pereira-de-lima-filho;Wilson Pereira de Lima Filho;;;nomeado;Presidente da República;;não;https://www.gov.br/antaq/pt-br/acesso-a-informacao/institucional/quem-e-quem
br-antaq-diretor;Diretor da Antaq;br-p-alber-furtado-de-vasconcelos-neto;Alber Furtado de Vasconcelos Neto;;;nomeado;Presidente da República;;não;https://www.gov.br/antaq/pt-br/acesso-a-informacao/institucional/quem-e-quem
br-antaq-diretor;Diretor da Antaq;br-p-caio-cesar-farias-leoncio;Caio César Farias Leôncio;;;nomeado;Presidente da República;;não;https://www.gov.br/antaq/pt-br/acesso-a-informacao/institucional/quem-e-quem
br-anac-dirigente;Diretor-Presidente da Anac;br-p-tiago-chagas-faierstein;Tiago Chagas Faierstein;;;nomeado;Lula;;não;https://www.gov.br/anac/pt-br/acesso-a-informacao/institucional/quem-e-quem
br-anac-diretor;Diretor da Anac;br-p-rui-chagas-mesquita;Rui Chagas Mesquita;;;nomeado;Lula;;não;https://www.gov.br/anac/pt-br/acesso-a-informacao/institucional/quem-e-quem
br-anac-diretor;Diretor da Anac;br-p-antonio-mathias-nogueira-moreira;Antonio Mathias Nogueira Moreira;;;nomeado;Lula;;não;https://www.gov.br/anac/pt-br/acesso-a-informacao/institucional/quem-e-quem
br-anac-diretor;Diretor da Anac;br-p-roberto-jose-silveira-honorato;Roberto José Silveira Honorato;;;nomeado;Presidente da República;;não;https://www.gov.br/anac/pt-br/acesso-a-informacao/institucional/quem-e-quem
br-anac-diretor;Diretor da Anac;br-p-claudio-beschizza-ianelli;Cláudio Beschizza Ianelli;;;nomeado;Presidente da República;;não;https://www.gov.br/anac/pt-br/acesso-a-informacao/institucional/quem-e-quem
br-ancine-dirigente;Diretor-Presidente da Ancine;br-p-alex-braga-muniz;Alex Braga Muniz;;;nomeado;Presidente da República;;não;https://www.gov.br/ancine/pt-br/assuntos/diretoria-colegiada/diretores
br-ancine-diretor;Diretor da Ancine;br-p-paulo-xavier-alcoforado;Paulo Xavier Alcoforado;;2023-10-31;nomeado;Lula;2028-10-30;não;https://www.gov.br/ancine/pt-br/assuntos/diretoria-colegiada/diretores
br-ancine-diretor;Diretor da Ancine;br-p-patricia-barcelos;Patrícia Barcelos;;2025-09-02;nomeado;Lula;2030-09-01;não;https://www.gov.br/ancine/pt-br/assuntos/diretoria-colegiada/diretores
br-ancine-diretor;Diretor da Ancine;br-p-leandro-de-sousa-mendes;Leandro de Sousa Mendes;;2026-07-03;nomeado;Lula;2031-07-02;sim;https://www.gov.br/ancine/pt-br/assuntos/diretoria-colegiada/diretores
br-presidente-do-banco-central;Presidente do Banco Central do Brasil;br-p-gabriel-galipolo;Gabriel Galípolo;;2025-01-01;nomeado;Lula;2028-12-31;não;https://agenciabrasil.ebc.com.br/economia/noticia/2024-12/comissao-do-senado-aprova-novos-diretores-do-banco-central
br-diretor-do-banco-central;Diretor do Banco Central do Brasil;br-p-wp-rodrigo-alves-teixeira;Rodrigo Alves Teixeira;Diretor de Administração;2024-01-02;nomeado;Lula;2028-01-01;não;https://pt.wikipedia.org/wiki/Banco_Central_do_Brasil
br-diretor-do-banco-central;Diretor do Banco Central do Brasil;br-p-wp-paulo-picchetti;Paulo Picchetti;Diretor de Assuntos Internacionais e de Gestão de Riscos Corporativos;2024-01-02;nomeado;Lula;2028-01-01;não;https://pt.wikipedia.org/wiki/Banco_Central_do_Brasil
br-diretor-do-banco-central;Diretor do Banco Central do Brasil;br-p-wp-ailton-de-aquino-santos;Ailton de Aquino Santos;Diretor de Fiscalização;2023-07-12;nomeado;Lula;2027-07-11;não;https://pt.wikipedia.org/wiki/Banco_Central_do_Brasil
br-diretor-do-banco-central;Diretor do Banco Central do Brasil;br-p-wp-nilton-jos-schneider-david;Nilton José Schneider David;Diretor de Política Monetária;2025-01-01;nomeado;Lula;2028-12-31;não;https://pt.wikipedia.org/wiki/Banco_Central_do_Brasil
br-diretor-do-banco-central;Diretor do Banco Central do Brasil;br-p-wp-gilneu-francisco-astolfi-vivan;Gilneu Francisco Astolfi Vivan;Diretor de Regulação;2025-01-01;nomeado;Lula;2028-12-31;não;https://pt.wikipedia.org/wiki/Banco_Central_do_Brasil
br-diretor-do-banco-central;Diretor do Banco Central do Brasil;br-p-wp-izabela-moreira-correa;Izabela Moreira Correa;Diretora de Relacionamento, Cidadania e Supervisão de Conduta;2025-01-01;nomeado;Lula;2028-12-31;não;https://pt.wikipedia.org/wiki/Banco_Central_do_Brasil
br-presidente-da-cvm;Presidente da CVM;br-p-otto-eduardo-fonseca-de-albuquerque-lobo;Otto Eduardo Fonseca de Albuquerque Lobo;;2026-06-05;nomeado;Lula;2031-06-04;não;https://www.gov.br/cvm/pt-br/composicao/colegiado
br-diretor-da-cvm;Diretor da CVM;br-p-joao-carlos-de-andrade-uzeda-accioly;João Carlos de Andrade Uzeda Accioly;;2022-05-18;nomeado;Jair Bolsonaro;2027-05-17;não;https://www.gov.br/cvm/pt-br/composicao/colegiado
br-diretor-da-cvm;Diretor da CVM;br-p-marina-palma-copola;Marina Palma Copola;;2024-01-02;nomeado;Lula;2029-01-01;não;https://www.gov.br/cvm/pt-br/composicao/colegiado
br-diretor-da-cvm;Diretor da CVM;br-p-igor-muniz;Igor Muniz;;2026-06-16;nomeado;Lula;2031-06-15;não;https://www.gov.br/cvm/pt-br/composicao/colegiado
br-presidente-do-cade;Presidente do Cade;br-p-diogo-thomson-de-andrade;Diogo Thomson de Andrade;;2023-12-27;nomeado;Lula;2027-12-26;sim;https://www.gov.br/cade/pt-br/composicao/tribunal-administrativo
br-conselheiro-do-cade;Conselheiro do Tribunal do Cade;br-p-carlos-jacques-vieira-gomes;Carlos Jacques Vieira Gomes;;2024-01-12;nomeado;Lula;2028-01-11;não;https://www.gov.br/cade/pt-br/composicao/tribunal-administrativo
br-conselheiro-do-cade;Conselheiro do Tribunal do Cade;br-p-diogo-thomson-de-andrade;Diogo Thomson de Andrade;;2023-12-27;nomeado;Lula;2027-12-26;não;https://www.gov.br/cade/pt-br/composicao/tribunal-administrativo
br-conselheiro-do-cade;Conselheiro do Tribunal do Cade;br-p-camila-cabral-pires-alves;Camila Cabral Pires Alves;;2024-01-11;nomeado;Lula;2028-01-10;não;https://www.gov.br/cade/pt-br/composicao/tribunal-administrativo
br-conselheiro-do-cade;Conselheiro do Tribunal do Cade;br-p-jose-levi-mello-do-amaral-junior;José Levi Mello do Amaral Júnior;;2024-01-25;nomeado;Lula;2028-01-24;não;https://www.gov.br/cade/pt-br/composicao/tribunal-administrativo
br-diretor-presidente-da-anpd;Diretor-Presidente da ANPD;br-p-waldemar-goncalves-ortunho-junior;Waldemar Gonçalves Ortunho Junior;;2020-11-06;nomeado;Jair Bolsonaro;2024-11-05;não;https://www.gov.br/anpd/pt-br/composicao/conselho-diretor/waldemar-goncalves-ortunho-junior
br-diretor-da-anpd;Diretor da ANPD;br-p-lorena-giuberti-coutinho;Lorena Giuberti Coutinho;;2025-08-29;nomeado;Lula;2029-08-28;não;https://www.gov.br/anpd/pt-br/composicao/conselho-diretor/lorena-giuberti-coutinho
br-superintendente-da-susep;Superintendente da Susep;br-p-dou-alessandro-serafin-octaviani-luis;Alessandro Serafin Octaviani Luis;;;nomeado;Presidente da República;;não;https://www.in.gov.br/web/dou/-/portaria-susep-n-8.586-de-11-de-setembro-de-2026-732268902
br-inss-dirigente;Presidente do INSS;br-p-dou-ana-cristina-viana-silveira;Ana Cristina Viana Silveira;;;nomeado;Presidente da República;;não;https://www.in.gov.br/web/dou/-/portarias-pres/inss-de-16-de-setembro-de-2026-732278910
br-ibama-dirigente;Presidente do Ibama;br-p-dou-jair-schmitt;Jair Schmitt;;;nomeado;Presidente da República;;não;https://www.in.gov.br/web/dou/-/despacho-n-125/2026-732137994
br-icmbio-dirigente;Presidente do ICMBio;br-p-dou-mauro-oliveira-pires;Mauro Oliveira Pires;;;nomeado;Presidente da República;;não;https://www.in.gov.br/web/dou/-/despacho-icmbio-n-115-de-16-de-setembro-de-2026-732683623
br-funai-dirigente;Presidente da Funai;br-p-dou-lucia-alberta-andrade-bare;Lucia Alberta Andrade Baré;;;nomeado;Presidente da República;;não;https://www.in.gov.br/web/dou/-/portarias-de-pessoal-funai-de-17-de-setembro-de-2026-732678012
br-incra-dirigente;Presidente do Incra;br-p-dou-cesar-fernando-schiavon-aldrighi;César Fernando Schiavon Aldrighi;;;nomeado;Presidente da República;;não;https://www.in.gov.br/web/dou/-/portaria-de-pessoal-n-501-de-15-de-setembro-de-2026-732674532
br-inep-dirigente;Presidente do Inep;br-p-dou-manuel-fernando-palacios-da-cunha-e-melo;Manuel Fernando Palacios da Cunha e Melo;;;nomeado;Presidente da República;;não;https://www.in.gov.br/web/dou/-/portaria-n-504-de-15-de-setembro-de-2026-732140840
br-fnde-dirigente;Presidente do FNDE;br-p-dou-fernanda-mara-de-oliveira-macedo-carneiro-pacobahyba;Fernanda Mara de Oliveira Macedo Carneiro Pacobahyba;;;nomeado;Presidente da República;;não;https://www.in.gov.br/web/dou/-/portaria-fnde-n-835-de-16-de-setembro-de-2026-732654879
br-capes-dirigente;Presidente da Capes;br-p-denise-pires-de-carvalho;Denise Pires de Carvalho;;;nomeado;Presidente da República;;não;https://www.gov.br/capes/pt-br/composicao/presidencia
br-cnpq-dirigente;Presidente do CNPq;br-p-dou-olival-freire-junior;Olival Freire Júnior;;;nomeado;Presidente da República;;não;https://www.in.gov.br/web/dou/-/portarias-de-1-de-setembro-de-2026-729480300
br-ibge-dirigente;Presidente do IBGE;br-p-marcio-pochmann;Marcio Pochmann;;;nomeado;Presidente da República;;não;https://www.ibge.gov.br/np_download/novoportal/documentos_institucionais/curriculos/curriculo_Marcio_Pochmann.pdf
br-ipea-dirigente;Presidente do Ipea;br-p-dou-luciana-mendes-santos-servo;Luciana Mendes Santos Servo;;;nomeado;Presidente da República;;não;https://www.in.gov.br/web/dou/-/portarias-ipea-de-16-de-setembro-de-2026-732359321
br-enap-dirigente;Presidente da Enap;br-p-wp-betania-lemos;Betânia Lemos;;;nomeado;Presidente da República;;não;https://pt.wikipedia.org/wiki/Escola_Nacional_de_Administra%C3%A7%C3%A3o_P%C3%BAblica
br-iphan-dirigente;Presidente do Iphan;br-p-dou-deyvesson-gusmao;Deyvesson Gusmão;;;nomeado;Presidente da República;;não;https://www.in.gov.br/web/dou/-/portaria-de-pessoal-iphan-n-415-de-14-de-setembro-de-2026-732052048
br-funarte-dirigente;Presidente da Funarte;br-p-dou-leonardo-lessa;Leonardo Lessa;;;nomeado;Presidente da República;;não;https://www.in.gov.br/web/dou/-/portaria-de-pessoal-funarte-n-269-de-2-de-setembro-de-2026.-729895194
br-biblioteca-nacional-dirigente;Presidente da Fundação Biblioteca Nacional;br-p-dou-marco-americo-lucchesi;Marco Americo Lucchesi;;;nomeado;Presidente da República;;não;https://www.in.gov.br/web/dou/-/portaria-fbn-n-80-de-16-de-setembro-de-2026-732291176
br-fundacao-cultural-palmares-dirigente;Presidente da Fundação Cultural Palmares;br-p-dou-joao-jorge-santos-rodrigues;João Jorge Santos Rodrigues;;;nomeado;Presidente da República;;não;https://www.in.gov.br/web/dou/-/portaria-de-pessoal-n-401-de-8-de-setembro-de-2026-731031381
br-funasa-dirigente;Presidente da Funasa;br-p-lenildo-dias-de-moraes;Lenildo Dias de Moraes;;;nomeado;Presidente da República;;não;https://www.gov.br/funasa/pt-br/acesso-a-informacao/institucional/relacao-de-autoridades
br-dnocs-dirigente;Diretor-Geral do DNOCS;br-p-dou-fernando-marcondes-de-araujo-leao;Fernando Marcondes de Araújo Leão;;;nomeado;Presidente da República;;não;https://www.in.gov.br/web/dou/-/portaria-dg-n-361-de-14-de-setembro-de-2026-732382634
br-dnit-dirigente;Diretor-Geral do DNIT;br-p-dou-fabricio-de-oliveira-galvao;Fabricio de Oliveira Galvão;;;nomeado;Lula;;não;https://www.in.gov.br/web/dou/-/portarias-de-11-de-setembro-de-2026-732379865
br-instituto-nacional-da-propriedade-industrial-dirigente;Presidente do INPI;br-p-dou-julio-cesar-castelo-branco-reis-moreira;Julio Cesar Castelo Branco Reis Moreira;;;nomeado;Presidente da República;;não;https://www.in.gov.br/web/dou/-/despacho-de-14-de-setembro-de-2026-731761094
br-inmetro-dirigente;Presidente do Inmetro;br-p-dou-marcio-andre-oliveira-brito;Marcio Andre Oliveira Brito;;;nomeado;Presidente da República;;não;https://www.in.gov.br/web/dou/-/portaria-n-552-de-10-de-setembro-de-2026-731325472
br-previc-dirigente;Diretor-Superintendente da Previc;br-p-ricardo-pena-pinheiro;Ricardo Pena Pinheiro;;2023-02-17;nomeado;Lula;;não;https://www.gov.br/previc/pt-br/acesso-a-informacao-1/institucional/quem-e-quem
br-agencia-espacial-brasileira-dirigente;Presidente da AEB;br-p-dou-marco-antonio-chamon;Marco Antonio Chamon;;;nomeado;Presidente da República;;não;https://www.in.gov.br/web/dou/-/portaria-cgp/dpoa/aeb-n-109-de-17-de-setembro-de-2026-732571049
br-cnen-dirigente;Presidente da CNEN;br-p-dou-francisco-rondinelli-junior;Francisco Rondinelli Júnior;;;nomeado;Presidente da República;;não;https://www.in.gov.br/web/dou/-/despacho-de-31-de-agosto-de-2026-730293621
br-iti-dirigente;Diretor-Presidente do ITI;br-p-dou-enylson-flavio-martinez-camolesi;Enylson Flávio Martinez Camolesi;;;nomeado;Presidente da República;;não;https://www.in.gov.br/web/dou/-/portaria-iti-n-94-de-14-de-setembro-de-2026-732678328
br-funag-dirigente;Presidente da Funag;br-p-jose-raphael-lopes-mendes-de-azeredo;José Raphael Lopes Mendes de Azeredo;;;nomeado;Presidente da República;;não;https://www.gov.br/funag/pt-br/acesso-a-informacao/institucional/quem-e-quem
br-sudene-dirigente;Superintendente da Sudene;br-p-francisco-ferreira-alexandre;Francisco Ferreira Alexandre;;;nomeado;Presidente da República;;não;https://www.gov.br/sudene/pt-br/acesso-a-informacao/institucional/quem-e-quem/gabinete-da-superintendencia
br-sudam-dirigente;Superintendente da Sudam;br-p-paulo-rocha;Paulo Rocha;;2023-06-05;nomeado;Lula;;não;https://www.gov.br/mdr/pt-br/noticias/paulo-rocha-toma-posse-na-superintendencia-da-sudam-com-a-missao-de-reduzir-as-desigualdades-regionais
br-sudeco-dirigente;Superintendente da Sudeco;br-p-luciana-de-sousa-barros;Luciana de Sousa Barros;;;nomeado;Presidente da República;;não;https://www.gov.br/sudeco/pt-br/composicao/superintendencia-do-desenvolvimento-do-centro-oeste
br-fiocruz-dirigente;Presidente da Fiocruz;br-p-dou-mario-santos-moreira;Mario Santos Moreira;;;nomeado;Presidente da República;;não;https://www.in.gov.br/web/dou/-/portarias-de-10-de-setembro-de-2026-731302720
br-petrobras-dirigente;Presidente da Petrobras;br-p-wp-magda-maria-de-regina-chambriard;Magda Maria de Regina Chambriard;;;indicado;Presidente da República;;não;https://pt.wikipedia.org/wiki/Petrobras
br-banco-do-brasil-dirigente;Presidente do Banco do Brasil;br-p-wp-tarciana-medeiros;Tarciana Medeiros;;2023-01-16;indicado;Lula;;não;https://pt.wikipedia.org/wiki/Banco_do_Brasil
br-caixa-economica-federal-dirigente;Presidente da Caixa;br-p-dou-carlos-antonio-vieira-fernandes;Carlos Antônio Vieira Fernandes;;2023-10-27;indicado;Lula;;não;https://www.in.gov.br/web/dou/-/despacho-de-15-de-setembro-de-2026-732574947
br-bndes-dirigente;Presidente do BNDES;br-p-wp-aloizio-mercadante;Aloizio Mercadante;;;indicado;Presidente da República;;não;https://pt.wikipedia.org/wiki/Banco_Nacional_de_Desenvolvimento_Econ%C3%B4mico_e_Social
br-correios-dirigente;Presidente dos Correios;br-p-wp-emmanoel-schmidt-rondon;Emmanoel Schmidt Rondon;;;indicado;Presidente da República;;não;https://pt.wikipedia.org/wiki/Empresa_Brasileira_de_Correios_e_Tel%C3%A9grafos
br-empresa-brasil-de-comunicacao-dirigente;Diretor-Presidente da EBC;br-p-wp-antonia-pellegrino;Antonia Pellegrino;;;indicado;Presidente da República;;não;https://pt.wikipedia.org/wiki/Empresa_Brasil_de_Comunica%C3%A7%C3%A3o
br-embrapa-dirigente;Presidente da Embrapa;br-p-wp-silvia-massruha;Silvia Massruhá;;;indicado;Presidente da República;;não;https://pt.wikipedia.org/wiki/Empresa_Brasileira_de_Pesquisa_Agropecu%C3%A1ria
br-conab-dirigente;Presidente da Conab;br-p-wp-edegar-pretto;Edegar Pretto;;2023-03-22;indicado;Lula;;não;https://pt.wikipedia.org/wiki/Companhia_Nacional_de_Abastecimento
br-serpro-dirigente;Diretor-Presidente do Serpro;br-p-dou-wilton-itaiguara-goncalves-mota;Wilton Itaiguara Gonçalves Mota;;;indicado;Presidente da República;;não;https://www.in.gov.br/web/dou/-/despacho-de-14-de-setembro-de-2026-732063881
br-dataprev-dirigente;Presidente da Dataprev;br-p-wp-rodrigo-assumpcao;Rodrigo Assumpção;;;indicado;Presidente da República;;não;https://pt.wikipedia.org/wiki/Dataprev
br-codevasf-dirigente;Presidente da Codevasf;br-p-wp-marcelo-andrade-moreira-pinto;Marcelo Andrade Moreira Pinto;;;indicado;Presidente da República;;não;https://pt.wikipedia.org/wiki/Codevasf
br-infraero-dirigente;Presidente da Infraero;br-p-wp-rogerio-amado-barzellay;Rogério Amado Barzellay;;;indicado;Presidente da República;;não;https://pt.wikipedia.org/wiki/Infraero
br-telebras-dirigente;Presidente da Telebras;br-p-wp-andre-leandro-magalhaes;André Leandro Magalhães;;;indicado;Presidente da República;;não;https://pt.wikipedia.org/wiki/Telebras
br-empresa-de-pesquisa-energetica-dirigente;Presidente da EPE;br-p-dou-thiago-guilherme-ferreira-prado;Thiago Guilherme Ferreira Prado;;;indicado;Presidente da República;;não;https://www.in.gov.br/web/dou/-/despacho-de-19-de-agosto-de-2026-726671725
br-finep-dirigente;Presidente da Finep;br-p-luiz-antonio-rodrigues-elias;Luiz Antonio Rodrigues Elias;;;indicado;Presidente da República;;não;https://legacy.finep.gov.br/a-finep-externo/governanca/diretoria-executiva
br-ebserh-dirigente;Presidente da Ebserh;br-p-ademar-arthur-chioro-dos-reis;Ademar Arthur Chioro dos Reis;;;indicado;Presidente da República;;não;https://www.gov.br/ebserh/pt-br/acesso-a-informacao/institucional/quem-e-quem
br-casa-da-moeda-do-brasil-dirigente;Presidente da Casa da Moeda;br-p-sergio-perini-rodrigues;Sérgio Perini Rodrigues;;;indicado;Presidente da República;;não;https://www.casadamoeda.gov.br/portal/acesso-a-informacao/institucional/quem-e-quem.html
br-secretario-especial-da-receita-federal;Secretário Especial da Receita Federal do Brasil;br-p-robinson-sakiyama-barreirinhas;Robinson Sakiyama Barreirinhas;;;nomeado;Presidente da República;;não;https://www.gov.br/receitafederal/pt-br/acesso-a-informacao/institucional/quem-e-quem
br-secretario-do-tesouro-nacional;Secretário do Tesouro Nacional;br-p-dou-daniel-cardoso-leal;Daniel Cardoso Leal;;;nomeado;Presidente da República;;não;https://www.in.gov.br/web/dou/-/portaria-stn/mf-n-2.724-de-10-de-setembro-de-2026-731298454
br-diretor-geral-da-policia-federal;Diretor-Geral da Polícia Federal;br-p-andrei-augusto-passos-rodrigues;Andrei Augusto Passos Rodrigues;;;nomeado;Presidente da República;;não;https://www.gov.br/pf/pt-br/composicao/quem-e-quem
br-diretor-geral-da-policia-rodoviaria-federal;Diretor-Geral da Polícia Rodoviária Federal;br-p-antonio-fernando-souza-oliveira;Antônio Fernando Souza Oliveira;;;nomeado;Presidente da República;;não;https://www.gov.br/prf/pt-br/acesso-a-informacao/institucional/quem-e-quem
br-diretor-geral-da-abin;Diretor-Geral da Abin;br-p-luiz-fernando-correa;Luiz Fernando Corrêa;;2023-05-30;nomeado;Lula;;não;https://www.gov.br/abin/pt-br/composicao/direcao-geral/diretor-geral-ABIN
br-marinha-do-brasil-comandante;Comandante da Marinha;br-p-marcos-sampaio-olsen;Marcos Sampaio Olsen;;2023-01-05;nomeado;Lula;;não;https://www.marinha.mil.br/node/21749
br-exercito-brasileiro-comandante;Comandante do Exército;br-p-tomas-miguel-mine-ribeiro-paiva;Tomás Miguel Miné Ribeiro Paiva;;;nomeado;Presidente da República;;não;https://www.eb.mil.br/web/comandante-do-exercito
br-forca-aerea-brasileira-comandante;Comandante da Aeronáutica;br-p-marcelo-kanitz-damasceno;Marcelo Kanitz Damasceno;;;nomeado;Presidente da República;;não;https://www.gov.br/esg/pt-br/centrais-de-conteudo/noticias/comandante-da-aeronautica-profere-palestra-para-estagiarios-do-curso-superior-de-defesa
br-presidente-da-camara-dos-deputados;Presidente da Câmara dos Deputados;br-p-cd-160674;Hugo Motta;;2025-02-01;eleito_pares;Câmara dos Deputados;2027-01-31;não;https://dadosabertos.camara.leg.br/api/v2/deputados/160674
br-presidente-do-senado-federal;Presidente do Senado Federal;br-p-sf-3830;Davi Alcolumbre;;2025-02-01;eleito_pares;Senado Federal;2027-01-31;não;https://www25.senado.leg.br/web/senadores/mesa-diretora
br-deputado-federal;Deputado Federal;br-p-cd-204379;Acácio Favacho;;2023-02-01;eleito;Povo brasileiro;2027-01-31;não;https://dadosabertos.camara.leg.br/api/v2/deputados/204379
br-deputado-federal;Deputado Federal;br-p-cd-220714;Adail Filho;;2023-02-01;eleito;Povo brasileiro;2027-01-31;não;https://dadosabertos.camara.leg.br/api/v2/deputados/220714
br-deputado-federal;Deputado Federal;br-p-cd-221328;Adilson Barroso;;2023-02-01;eleito;Povo brasileiro;2027-01-31;não;https://dadosabertos.camara.leg.br/api/v2/deputados/221328
br-deputado-federal;Deputado Federal;br-p-cd-204560;Adolfo Viana;;2023-02-01;eleito;Povo brasileiro;2027-01-31;não;https://dadosabertos.camara.leg.br/api/v2/deputados/204560
br-deputado-federal;Deputado Federal;br-p-cd-204528;Adriana Ventura;;2023-02-01;eleito;Povo brasileiro;2027-01-31;não;https://dadosabertos.camara.leg.br/api/v2/deputados/204528
br-deputado-federal;Deputado Federal;br-p-cd-121948;Adriano do Baldy;;2023-02-01;eleito;Povo brasileiro;2027-01-31;não;https://dadosabertos.camara.leg.br/api/v2/deputados/121948
br-deputado-federal;Deputado Federal;br-p-cd-74646;Aécio Neves;;2023-02-01;eleito;Povo brasileiro;2027-01-31;não;https://dadosabertos.camara.leg.br/api/v2/deputados/74646
br-deputado-federal;Deputado Federal;br-p-cd-160508;Afonso Florence;;2023-02-01;eleito;Povo brasileiro;2027-01-31;não;https://dadosabertos.camara.leg.br/api/v2/deputados/160508
br-deputado-federal;Deputado Federal;br-p-cd-136811;Afonso Hamm;;2023-02-01;eleito;Povo brasileiro;2027-01-31;não;https://dadosabertos.camara.leg.br/api/v2/deputados/136811
br-deputado-federal;Deputado Federal;br-p-cd-178835;Afonso Motta;;2023-02-01;eleito;Povo brasileiro;2027-01-31;não;https://dadosabertos.camara.leg.br/api/v2/deputados/178835
br-deputado-federal;Deputado Federal;br-p-cd-160527;Aguinaldo Ribeiro;;2023-02-01;eleito;Povo brasileiro;2027-01-31;não;https://dadosabertos.camara.leg.br/api/v2/deputados/160527
br-deputado-federal;Deputado Federal;br-p-cd-204495;Airton Faleiro;;2023-02-01;eleito;Povo brasileiro;2027-01-31;não;https://dadosabertos.camara.leg.br/api/v2/deputados/204495
br-deputado-federal;Deputado Federal;br-p-cd-204549;AJ Albuquerque;;2023-02-01;eleito;Povo brasileiro;2027-01-31;não;https://dadosabertos.camara.leg.br/api/v2/deputados/204549
br-deputado-federal;Deputado Federal;br-p-cd-73579;Alberto Fraga;;2023-02-01;eleito;Povo brasileiro;2027-01-31;não;https://dadosabertos.camara.leg.br/api/v2/deputados/73579
br-deputado-federal;Deputado Federal;br-p-cd-220538;Albuquerque;;2023-02-01;eleito;Povo brasileiro;2027-01-31;não;https://dadosabertos.camara.leg.br/api/v2/deputados/220538
br-deputado-federal;Deputado Federal;br-p-cd-160559;Alceu Moreira;;2023-02-01;eleito;Povo brasileiro;2027-01-31;não;https://dadosabertos.camara.leg.br/api/v2/deputados/160559
br-deputado-federal;Deputado Federal;br-p-cd-204501;Alencar Santana;;2023-02-01;eleito;Povo brasileiro;2027-01-31;não;https://dadosabertos.camara.leg.br/api/v2/deputados/204501
br-deputado-federal;Deputado Federal;br-p-cd-178972;Alex Manente;;2023-02-01;eleito;Povo brasileiro;2027-01-31;não;https://dadosabertos.camara.leg.br/api/v2/deputados/178972
br-deputado-federal;Deputado Federal;br-p-cd-220542;Alexandre Guimarães;;2023-02-01;eleito;Povo brasileiro;2027-01-31;não;https://dadosabertos.camara.leg.br/api/v2/deputados/220542
br-deputado-federal;Deputado Federal;br-p-cd-160545;Alexandre Leite;;2023-02-01;eleito;Povo brasileiro;2027-01-31;não;https://dadosabertos.camara.leg.br/api/v2/deputados/160545
br-deputado-federal;Deputado Federal;br-p-cd-220554;Alexandre Lindenmeyer;;2023-02-01;eleito;Povo brasileiro;2027-01-31;não;https://dadosabertos.camara.leg.br/api/v2/deputados/220554
br-deputado-federal;Deputado Federal;br-p-cd-221148;Alfredinho;;2023-02-01;eleito;Povo brasileiro;2027-01-31;não;https://dadosabertos.camara.leg.br/api/v2/deputados/221148
br-deputado-federal;Deputado Federal;br-p-cd-220576;Alfredo Gaspar;;2023-02-01;eleito;Povo brasileiro;2027-01-31;não;https://dadosabertos.camara.leg.br/api/v2/deputados/220576
br-deputado-federal;Deputado Federal;br-p-cd-74057;Alice Portugal;;2023-02-01;eleito;Povo brasileiro;2027-01-31;não;https://dadosabertos.camara.leg.br/api/v2/deputados/74057
br-deputado-federal;Deputado Federal;br-p-cd-178927;Aliel Machado;;2023-02-01;eleito;Povo brasileiro;2027-01-31;não;https://dadosabertos.camara.leg.br/api/v2/deputados/178927
br-deputado-federal;Deputado Federal;br-p-cd-204353;Aline Gurgel;;2023-02-01;eleito;Povo brasileiro;2027-01-31;não;https://dadosabertos.camara.leg.br/api/v2/deputados/204353
br-deputado-federal;Deputado Federal;br-p-cd-178937;Altineu Côrtes;;2023-02-01;eleito;Povo brasileiro;2027-01-31;não;https://dadosabertos.camara.leg.br/api/v2/deputados/178937
br-deputado-federal;Deputado Federal;br-p-cd-178881;Aluisio Mendes;;2023-02-01;eleito;Povo brasileiro;2027-01-31;não;https://dadosabertos.camara.leg.br/api/v2/deputados/178881
br-deputado-federal;Deputado Federal;br-p-cd-220707;Amanda Gentil;;2023-02-01;eleito;Povo brasileiro;2027-01-31;não;https://dadosabertos.camara.leg.br/api/v2/deputados/220707
br-deputado-federal;Deputado Federal;br-p-cd-204356;Amaro Neto;;2023-02-01;eleito;Povo brasileiro;2027-01-31;não;https://dadosabertos.camara.leg.br/api/v2/deputados/204356
br-deputado-federal;Deputado Federal;br-p-cd-220715;Amom Mandel;;2023-02-01;eleito;Povo brasileiro;2027-01-31;não;https://dadosabertos.camara.leg.br/api/v2/deputados/220715
br-deputado-federal;Deputado Federal;br-p-cd-107970;Ana Paula Leão;;2023-02-01;eleito;Povo brasileiro;2027-01-31;não;https://dadosabertos.camara.leg.br/api/v2/deputados/107970
br-deputado-federal;Deputado Federal;br-p-cd-220556;Ana Paula Lima;;2023-02-01;eleito;Povo brasileiro;2027-01-31;não;https://dadosabertos.camara.leg.br/api/v2/deputados/220556
br-deputado-federal;Deputado Federal;br-p-cd-220632;Ana Pimentel;;2023-02-01;eleito;Povo brasileiro;2027-01-31;não;https://dadosabertos.camara.leg.br/api/v2/deputados/220632
br-deputado-federal;Deputado Federal;br-p-cd-178831;André Abdon;;2023-02-01;eleito;Povo brasileiro;2027-01-31;não;https://dadosabertos.camara.leg.br/api/v2/deputados/178831
br-deputado-federal;Deputado Federal;br-p-cd-220657;André Fernandes;;2023-02-01;eleito;Povo brasileiro;2027-01-31;não;https://dadosabertos.camara.leg.br/api/v2/deputados/220657
br-deputado-federal;Deputado Federal;br-p-cd-204423;André Ferreira;;2023-02-01;eleito;Povo brasileiro;2027-01-31;não;https://dadosabertos.camara.leg.br/api/v2/deputados/204423
br-deputado-federal;Deputado Federal;br-p-cd-133439;André Figueiredo;;2023-02-01;eleito;Povo brasileiro;2027-01-31;não;https://dadosabertos.camara.leg.br/api/v2/deputados/133439
br-deputado-federal;Deputado Federal;br-p-cd-178882;André Fufuca;;2023-02-01;eleito;Povo brasileiro;2027-01-31;não;https://dadosabertos.camara.leg.br/api/v2/deputados/178882
br-deputado-federal;Deputado Federal;br-p-cd-204515;André Janones;;2023-02-01;eleito;Povo brasileiro;2027-01-31;não;https://dadosabertos.camara.leg.br/api/v2/deputados/204515
br-deputado-federal;Deputado Federal;br-p-cd-220676;Andreia Siqueira;;2023-02-01;eleito;Povo brasileiro;2027-01-31;não;https://dadosabertos.camara.leg.br/api/v2/deputados/220676
br-deputado-federal;Deputado Federal;br-p-cd-123756;Antônia Lúcia;;2023-02-01;eleito;Povo brasileiro;2027-01-31;não;https://dadosabertos.camara.leg.br/api/v2/deputados/123756
br-deputado-federal;Deputado Federal;br-p-cd-220544;Antonio Andrade;;2023-02-01;eleito;Povo brasileiro;2027-01-31;não;https://dadosabertos.camara.leg.br/api/v2/deputados/220544
br-deputado-federal;Deputado Federal;br-p-cd-160553;Antonio Brito;;2023-02-01;eleito;Povo brasileiro;2027-01-31;não;https://dadosabertos.camara.leg.br/api/v2/deputados/160553
br-deputado-federal;Deputado Federal;br-p-cd-220638;Antonio Carlos Rodrigues;;2023-02-01;eleito;Povo brasileiro;2027-01-31;não;https://dadosabertos.camara.leg.br/api/v2/deputados/220638
br-deputado-federal;Deputado Federal;br-p-cd-220675;Antônio Doido;;2023-02-01;eleito;Povo brasileiro;2027-01-31;não;https://dadosabertos.camara.leg.br/api/v2/deputados/220675
br-deputado-federal;Deputado Federal;br-p-cd-220549;Any Ortiz;;2023-02-01;eleito;Povo brasileiro;2027-01-31;não;https://dadosabertos.camara.leg.br/api/v2/deputados/220549
br-deputado-federal;Deputado Federal;br-p-cd-73433;Arlindo Chinaglia;;2023-02-01;eleito;Povo brasileiro;2027-01-31;não;https://dadosabertos.camara.leg.br/api/v2/deputados/73433
br-deputado-federal;Deputado Federal;br-p-cd-141391;Arnaldo Jardim;;2023-02-01;eleito;Povo brasileiro;2027-01-31;não;https://dadosabertos.camara.leg.br/api/v2/deputados/141391
br-deputado-federal;Deputado Federal;br-p-cd-160541;Arthur Lira;;2023-02-01;eleito;Povo brasileiro;2027-01-31;não;https://dadosabertos.camara.leg.br/api/v2/deputados/160541
br-deputado-federal;Deputado Federal;br-p-cd-160600;Arthur Oliveira Maia;;2023-02-01;eleito;Povo brasileiro;2027-01-31;não;https://dadosabertos.camara.leg.br/api/v2/deputados/160600
br-deputado-federal;Deputado Federal;br-p-cd-74090;Átila Lins;;2023-02-01;eleito;Povo brasileiro;2027-01-31;não;https://dadosabertos.camara.leg.br/api/v2/deputados/74090
br-deputado-federal;Deputado Federal;br-p-cd-123086;Átila Lira;;2023-02-01;eleito;Povo brasileiro;2027-01-31;não;https://dadosabertos.camara.leg.br/api/v2/deputados/123086
br-deputado-federal;Deputado Federal;br-p-cd-160665;Augusto Coutinho;;2023-02-01;eleito;Povo brasileiro;2027-01-31;não;https://dadosabertos.camara.leg.br/api/v2/deputados/160665
br-deputado-federal;Deputado Federal;br-p-cd-160512;Aureo Ribeiro;;2023-02-01;eleito;Povo brasileiro;2027-01-31;não;https://dadosabertos.camara.leg.br/api/v2/deputados/160512
br-deputado-federal;Deputado Federal;br-p-cd-69871;Bacelar;;2023-02-01;eleito;Povo brasileiro;2027-01-31;não;https://dadosabertos.camara.leg.br/api/v2/deputados/69871
br-deputado-federal;Deputado Federal;br-p-cd-178975;Baleia Rossi;;2023-02-01;eleito;Povo brasileiro;2027-01-31;não;https://dadosabertos.camara.leg.br/api/v2/deputados/178975
br-deputado-federal;Deputado Federal;br-p-cd-220605;Bandeira de Mello;;2023-02-01;eleito;Povo brasileiro;2027-01-31;não;https://dadosabertos.camara.leg.br/api/v2/deputados/220605
br-deputado-federal;Deputado Federal;br-p-cd-220612;Bebeto;;2023-02-01;eleito;Povo brasileiro;2027-01-31;não;https://dadosabertos.camara.leg.br/api/v2/deputados/220612
br-deputado-federal;Deputado Federal;br-p-cd-73701;Benedita da Silva;;2023-02-01;eleito;Povo brasileiro;2027-01-31;não;https://dadosabertos.camara.leg.br/api/v2/deputados/73701
br-deputado-federal;Deputado Federal;br-p-cd-109429;Benes Leocádio;;2023-02-01;eleito;Povo brasileiro;2027-01-31;não;https://dadosabertos.camara.leg.br/api/v2/deputados/109429
br-deputado-federal;Deputado Federal;br-p-cd-204358;Beto Pereira;;2023-02-01;eleito;Povo brasileiro;2027-01-31;não;https://dadosabertos.camara.leg.br/api/v2/deputados/204358
br-deputado-federal;Deputado Federal;br-p-cd-220698;Beto Preto;;2023-02-01;eleito;Povo brasileiro;2027-01-31;não;https://dadosabertos.camara.leg.br/api/v2/deputados/220698
br-deputado-federal;Deputado Federal;br-p-cd-220683;Beto Richa;;2023-02-01;eleito;Povo brasileiro;2027-01-31;não;https://dadosabertos.camara.leg.br/api/v2/deputados/220683
br-deputado-federal;Deputado Federal;br-p-cd-204374;Bia Kicis;;2023-02-01;eleito;Povo brasileiro;2027-01-31;não;https://dadosabertos.camara.leg.br/api/v2/deputados/204374
br-deputado-federal;Deputado Federal;br-p-cd-204388;Bibo Nunes;;2023-02-01;eleito;Povo brasileiro;2027-01-31;não;https://dadosabertos.camara.leg.br/api/v2/deputados/204388
br-deputado-federal;Deputado Federal;br-p-cd-160538;Bohn Gass;;2023-02-01;eleito;Povo brasileiro;2027-01-31;não;https://dadosabertos.camara.leg.br/api/v2/deputados/160538
br-deputado-federal;Deputado Federal;br-p-cd-210989;Bruno Farias;;2023-02-01;eleito;Povo brasileiro;2027-01-31;não;https://dadosabertos.camara.leg.br/api/v2/deputados/210989
br-deputado-federal;Deputado Federal;br-p-cd-220635;Bruno Ganem;;2023-02-01;eleito;Povo brasileiro;2027-01-31;não;https://dadosabertos.camara.leg.br/api/v2/deputados/220635
br-deputado-federal;Deputado Federal;br-p-cd-220574;Cabo Gilberto Silva;;2023-02-01;eleito;Povo brasileiro;2027-01-31;não;https://dadosabertos.camara.leg.br/api/v2/deputados/220574
br-deputado-federal;Deputado Federal;br-p-cd-220548;Camila Jara;;2023-02-01;eleito;Povo brasileiro;2027-01-31;não;https://dadosabertos.camara.leg.br/api/v2/deputados/220548
br-deputado-federal;Deputado Federal;br-p-cd-204572;Capitão Alberto Neto;;2023-02-01;eleito;Povo brasileiro;2027-01-31;não;https://dadosabertos.camara.leg.br/api/v2/deputados/204572
br-deputado-federal;Deputado Federal;br-p-cd-220690;Capitão Alden;;2023-02-01;eleito;Povo brasileiro;2027-01-31;não;https://dadosabertos.camara.leg.br/api/v2/deputados/220690
br-deputado-federal;Deputado Federal;br-p-cd-178829;Capitão Augusto;;2023-02-01;eleito;Povo brasileiro;2027-01-31;não;https://dadosabertos.camara.leg.br/api/v2/deputados/178829
br-deputado-federal;Deputado Federal;br-p-cd-213762;Carla Dickson;;2023-02-01;eleito;Povo brasileiro;2027-01-31;não;https://dadosabertos.camara.leg.br/api/v2/deputados/213762
br-deputado-federal;Deputado Federal;br-p-cd-204361;Carlos Chiodini;;2023-02-01;eleito;Povo brasileiro;2027-01-31;não;https://dadosabertos.camara.leg.br/api/v2/deputados/204361
br-deputado-federal;Deputado Federal;br-p-cd-178962;Carlos Gomes;;2023-02-01;eleito;Povo brasileiro;2027-01-31;não;https://dadosabertos.camara.leg.br/api/v2/deputados/178962
br-deputado-federal;Deputado Federal;br-p-cd-178993;Carlos Henrique Gaguim;;2023-02-01;eleito;Povo brasileiro;2027-01-31;não;https://dadosabertos.camara.leg.br/api/v2/deputados/178993
br-deputado-federal;Deputado Federal;br-p-cd-204460;Carlos Jordy;;2023-02-01;eleito;Povo brasileiro;2027-01-31;não;https://dadosabertos.camara.leg.br/api/v2/deputados/204460
br-deputado-federal;Deputado Federal;br-p-cd-74262;Carlos Sampaio;;2023-02-01;eleito;Povo brasileiro;2027-01-31;não;https://dadosabertos.camara.leg.br/api/v2/deputados/74262
br-deputado-federal;Deputado Federal;br-p-cd-204426;Carlos Veras;;2023-02-01;eleito;Povo brasileiro;2027-01-31;não;https://dadosabertos.camara.leg.br/api/v2/deputados/204426
br-deputado-federal;Deputado Federal;br-p-cd-141398;Carlos Zarattini;;2023-02-01;eleito;Povo brasileiro;2027-01-31;não;https://dadosabertos.camara.leg.br/api/v2/deputados/141398
br-deputado-federal;Deputado Federal;br-p-cd-220704;Carol Dartora;;2023-02-01;eleito;Povo brasileiro;2027-01-31;não;https://dadosabertos.camara.leg.br/api/v2/deputados/220704
br-deputado-federal;Deputado Federal;br-p-cd-204369;Caroline de Toni;;2023-02-01;eleito;Povo brasileiro;2027-01-31;não;https://dadosabertos.camara.leg.br/api/v2/deputados/204369
br-deputado-federal;Deputado Federal;br-p-cd-220699;Castro Neto;;2023-02-01;eleito;Povo brasileiro;2027-01-31;não;https://dadosabertos.camara.leg.br/api/v2/deputados/220699
br-deputado-federal;Deputado Federal;br-p-cd-206018;Célia Xakriabá;;2023-02-01;eleito;Povo brasileiro;2027-01-31;não;https://dadosabertos.camara.leg.br/api/v2/deputados/206018
br-deputado-federal;Deputado Federal;br-p-cd-178876;Célio Silveira;;2023-02-01;eleito;Povo brasileiro;2027-01-31;não;https://dadosabertos.camara.leg.br/api/v2/deputados/178876
br-deputado-federal;Deputado Federal;br-p-cd-204488;Célio Studart;;2023-02-01;eleito;Povo brasileiro;2027-01-31;não;https://dadosabertos.camara.leg.br/api/v2/deputados/204488
br-deputado-federal;Deputado Federal;br-p-cd-73441;Celso Russomanno;;2023-02-01;eleito;Povo brasileiro;2027-01-31;não;https://dadosabertos.camara.leg.br/api/v2/deputados/73441
br-deputado-federal;Deputado Federal;br-p-cd-204496;Celso Sabino;;2023-02-01;eleito;Povo brasileiro;2027-01-31;não;https://dadosabertos.camara.leg.br/api/v2/deputados/204496
br-deputado-federal;Deputado Federal;br-p-cd-204504;Cezinha de Madureira;;2023-02-01;eleito;Povo brasileiro;2027-01-31;não;https://dadosabertos.camara.leg.br/api/v2/deputados/204504
br-deputado-federal;Deputado Federal;br-p-cd-205476;Charles Fernandes;;2023-02-01;eleito;Povo brasileiro;2027-01-31;não;https://dadosabertos.camara.leg.br/api/v2/deputados/205476
br-deputado-federal;Deputado Federal;br-p-cd-74171;Chico Alencar;;2023-02-01;eleito;Povo brasileiro;2027-01-31;não;https://dadosabertos.camara.leg.br/api/v2/deputados/74171
br-deputado-federal;Deputado Federal;br-p-cd-204462;Chris Tonietto;;2023-02-01;eleito;Povo brasileiro;2027-01-31;não;https://dadosabertos.camara.leg.br/api/v2/deputados/204462
br-deputado-federal;Deputado Federal;br-p-cd-220665;Clarissa Tércio;;2023-02-01;eleito;Povo brasileiro;2027-01-31;não;https://dadosabertos.camara.leg.br/api/v2/deputados/220665
br-deputado-federal;Deputado Federal;br-p-cd-74537;Claudio Cajado;;2023-02-01;eleito;Povo brasileiro;2027-01-31;não;https://dadosabertos.camara.leg.br/api/v2/deputados/74537
br-deputado-federal;Deputado Federal;br-p-cd-141408;Cleber Verde;;2023-02-01;eleito;Povo brasileiro;2027-01-31;não;https://dadosabertos.camara.leg.br/api/v2/deputados/141408
br-deputado-federal;Deputado Federal;br-p-cd-88256;Clodoaldo Magalhães;;2023-02-01;eleito;Povo brasileiro;2027-01-31;não;https://dadosabertos.camara.leg.br/api/v2/deputados/88256
br-deputado-federal;Deputado Federal;br-p-cd-98148;Cobalchini;;2023-02-01;eleito;Povo brasileiro;2027-01-31;não;https://dadosabertos.camara.leg.br/api/v2/deputados/98148
br-deputado-federal;Deputado Federal;br-p-cd-220594;Coronel Assis;;2023-02-01;eleito;Povo brasileiro;2027-01-31;não;https://dadosabertos.camara.leg.br/api/v2/deputados/220594
br-deputado-federal;Deputado Federal;br-p-cd-204378;Coronel Chrisóstomo;;2023-02-01;eleito;Povo brasileiro;2027-01-31;não;https://dadosabertos.camara.leg.br/api/v2/deputados/204378
br-deputado-federal;Deputado Federal;br-p-cd-220595;Coronel Fernanda;;2023-02-01;eleito;Povo brasileiro;2027-01-31;não;https://dadosabertos.camara.leg.br/api/v2/deputados/220595
br-deputado-federal;Deputado Federal;br-p-cd-220666;Coronel Meira;;2023-02-01;eleito;Povo brasileiro;2027-01-31;não;https://dadosabertos.camara.leg.br/api/v2/deputados/220666
br-deputado-federal;Deputado Federal;br-p-cd-220590;Coronel Ulysses;;2023-02-01;eleito;Povo brasileiro;2027-01-31;não;https://dadosabertos.camara.leg.br/api/v2/deputados/220590
br-deputado-federal;Deputado Federal;br-p-cd-178963;Covatti Filho;;2023-02-01;eleito;Povo brasileiro;2027-01-31;não;https://dadosabertos.camara.leg.br/api/v2/deputados/178963
br-deputado-federal;Deputado Federal;br-p-cd-220608;Cristiane Lopes;;2023-02-01;eleito;Povo brasileiro;2027-01-31;não;https://dadosabertos.camara.leg.br/api/v2/deputados/220608
br-deputado-federal;Deputado Federal;br-p-cd-204355;da Vitoria;;2023-02-01;eleito;Povo brasileiro;2027-01-31;não;https://dadosabertos.camara.leg.br/api/v2/deputados/204355
br-deputado-federal;Deputado Federal;br-p-cd-141411;Dagoberto Nogueira;;2023-02-01;eleito;Povo brasileiro;2027-01-31;não;https://dadosabertos.camara.leg.br/api/v2/deputados/141411
br-deputado-federal;Deputado Federal;br-p-cd-220555;Daiana Santos;;2023-02-01;eleito;Povo brasileiro;2027-01-31;não;https://dadosabertos.camara.leg.br/api/v2/deputados/220555
br-deputado-federal;Deputado Federal;br-p-cd-220692;Dal Barreto;;2023-02-01;eleito;Povo brasileiro;2027-01-31;não;https://dadosabertos.camara.leg.br/api/v2/deputados/220692
br-deputado-federal;Deputado Federal;br-p-cd-74467;Damião Feliciano;;2023-02-01;eleito;Povo brasileiro;2027-01-31;não;https://dadosabertos.camara.leg.br/api/v2/deputados/74467
br-deputado-federal;Deputado Federal;br-p-cd-220629;Dandara;;2023-02-01;eleito;Povo brasileiro;2027-01-31;não;https://dadosabertos.camara.leg.br/api/v2/deputados/220629
br-deputado-federal;Deputado Federal;br-p-cd-220603;Dani Cunha;;2023-02-01;eleito;Povo brasileiro;2027-01-31;não;https://dadosabertos.camara.leg.br/api/v2/deputados/220603
br-deputado-federal;Deputado Federal;br-p-cd-220571;Daniel Agrobom;;2023-02-01;eleito;Povo brasileiro;2027-01-31;não;https://dadosabertos.camara.leg.br/api/v2/deputados/220571
br-deputado-federal;Deputado Federal;br-p-cd-74060;Daniel Almeida;;2023-02-01;eleito;Povo brasileiro;2027-01-31;não;https://dadosabertos.camara.leg.br/api/v2/deputados/74060
br-deputado-federal;Deputado Federal;br-p-cd-220582;Daniel Barbosa;;2023-02-01;eleito;Povo brasileiro;2027-01-31;não;https://dadosabertos.camara.leg.br/api/v2/deputados/220582
br-deputado-federal;Deputado Federal;br-p-cd-204367;Daniel Freitas;;2023-02-01;eleito;Povo brasileiro;2027-01-31;não;https://dadosabertos.camara.leg.br/api/v2/deputados/204367
br-deputado-federal;Deputado Federal;br-p-cd-204409;Daniel Trzeciak;;2023-02-01;eleito;Povo brasileiro;2027-01-31;não;https://dadosabertos.camara.leg.br/api/v2/deputados/204409
br-deputado-federal;Deputado Federal;br-p-cd-204459;Daniela do Waguinho;;2023-02-01;eleito;Povo brasileiro;2027-01-31;não;https://dadosabertos.camara.leg.br/api/v2/deputados/204459
br-deputado-federal;Deputado Federal;br-p-cd-220557;Daniela Reinehr;;2023-02-01;eleito;Povo brasileiro;2027-01-31;não;https://dadosabertos.camara.leg.br/api/v2/deputados/220557
br-deputado-federal;Deputado Federal;br-p-cd-62881;Danilo Forte;;2023-02-01;eleito;Povo brasileiro;2027-01-31;não;https://dadosabertos.camara.leg.br/api/v2/deputados/62881
br-deputado-federal;Deputado Federal;br-p-cd-160552;Danrlei de Deus Hinterholz;;2023-02-01;eleito;Povo brasileiro;2027-01-31;não;https://dadosabertos.camara.leg.br/api/v2/deputados/160552
br-deputado-federal;Deputado Federal;br-p-cd-204511;David Soares;;2023-02-01;eleito;Povo brasileiro;2027-01-31;não;https://dadosabertos.camara.leg.br/api/v2/deputados/204511
br-deputado-federal;Deputado Federal;br-p-cd-220539;Defensor Stélio Dener;;2023-02-01;eleito;Povo brasileiro;2027-01-31;não;https://dadosabertos.camara.leg.br/api/v2/deputados/220539
br-deputado-federal;Deputado Federal;br-p-cd-220565;Delegada Adriana Accorsi;;2023-02-01;eleito;Povo brasileiro;2027-01-31;não;https://dadosabertos.camara.leg.br/api/v2/deputados/220565
br-deputado-federal;Deputado Federal;br-p-cd-220625;Delegada Ione;;2023-02-01;eleito;Povo brasileiro;2027-01-31;não;https://dadosabertos.camara.leg.br/api/v2/deputados/220625
br-deputado-federal;Deputado Federal;br-p-cd-220561;Delegada Katarina;;2023-02-01;eleito;Povo brasileiro;2027-01-31;não;https://dadosabertos.camara.leg.br/api/v2/deputados/220561
br-deputado-federal;Deputado Federal;br-p-cd-220642;Delegado Bruno Lima;;2023-02-01;eleito;Povo brasileiro;2027-01-31;não;https://dadosabertos.camara.leg.br/api/v2/deputados/220642
br-deputado-federal;Deputado Federal;br-p-cd-220673;Delegado Caveira;;2023-02-01;eleito;Povo brasileiro;2027-01-31;não;https://dadosabertos.camara.leg.br/api/v2/deputados/220673
br-deputado-federal;Deputado Federal;br-p-cd-220649;Delegado da Cunha;;2023-02-01;eleito;Povo brasileiro;2027-01-31;não;https://dadosabertos.camara.leg.br/api/v2/deputados/220649
br-deputado-federal;Deputado Federal;br-p-cd-178908;Delegado Éder Mauro;;2023-02-01;eleito;Povo brasileiro;2027-01-31;não;https://dadosabertos.camara.leg.br/api/v2/deputados/178908
br-deputado-federal;Deputado Federal;br-p-cd-220583;Delegado Fabio Costa;;2023-02-01;eleito;Povo brasileiro;2027-01-31;não;https://dadosabertos.camara.leg.br/api/v2/deputados/220583
br-deputado-federal;Deputado Federal;br-p-cd-204512;Delegado Marcelo Freitas;;2023-02-01;eleito;Povo brasileiro;2027-01-31;não;https://dadosabertos.camara.leg.br/api/v2/deputados/204512
br-deputado-federal;Deputado Federal;br-p-cd-220701;Delegado Matheus Laiola;;2023-02-01;eleito;Povo brasileiro;2027-01-31;não;https://dadosabertos.camara.leg.br/api/v2/deputados/220701
br-deputado-federal;Deputado Federal;br-p-cd-220652;Delegado Palumbo;;2023-02-01;eleito;Povo brasileiro;2027-01-31;não;https://dadosabertos.camara.leg.br/api/v2/deputados/220652
br-deputado-federal;Deputado Federal;br-p-cd-220654;Delegado Paulo Bilynskyj;;2023-02-01;eleito;Povo brasileiro;2027-01-31;não;https://dadosabertos.camara.leg.br/api/v2/deputados/220654
br-deputado-federal;Deputado Federal;br-p-cd-220553;Denise Pessôa;;2023-02-01;eleito;Povo brasileiro;2027-01-31;não;https://dadosabertos.camara.leg.br/api/v2/deputados/220553
br-deputado-federal;Deputado Federal;br-p-cd-220689;Detinha;;2023-02-01;eleito;Povo brasileiro;2027-01-31;não;https://dadosabertos.camara.leg.br/api/v2/deputados/220689
br-deputado-federal;Deputado Federal;br-p-cd-160588;Diego Andrade;;2023-02-01;eleito;Povo brasileiro;2027-01-31;não;https://dadosabertos.camara.leg.br/api/v2/deputados/160588
br-deputado-federal;Deputado Federal;br-p-cd-220691;Diego Coronel;;2023-02-01;eleito;Povo brasileiro;2027-01-31;não;https://dadosabertos.camara.leg.br/api/v2/deputados/220691
br-deputado-federal;Deputado Federal;br-p-cd-178929;Diego Garcia;;2023-02-01;eleito;Povo brasileiro;2027-01-31;não;https://dadosabertos.camara.leg.br/api/v2/deputados/178929
br-deputado-federal;Deputado Federal;br-p-cd-73768;Dilceu Sperafico;;2023-02-01;eleito;Povo brasileiro;2027-01-31;não;https://dadosabertos.camara.leg.br/api/v2/deputados/73768
br-deputado-federal;Deputado Federal;br-p-cd-220671;Dilvanda Faro;;2023-02-01;eleito;Povo brasileiro;2027-01-31;não;https://dadosabertos.camara.leg.br/api/v2/deputados/220671
br-deputado-federal;Deputado Federal;br-p-cd-160599;Dimas Fabiano;;2023-02-01;eleito;Povo brasileiro;2027-01-31;não;https://dadosabertos.camara.leg.br/api/v2/deputados/160599
br-deputado-federal;Deputado Federal;br-p-cd-220602;Dimas Gadelha;;2023-02-01;eleito;Povo brasileiro;2027-01-31;não;https://dadosabertos.camara.leg.br/api/v2/deputados/220602
br-deputado-federal;Deputado Federal;br-p-cd-143632;Domingos Neto;;2023-02-01;eleito;Povo brasileiro;2027-01-31;não;https://dadosabertos.camara.leg.br/api/v2/deputados/143632
br-deputado-federal;Deputado Federal;br-p-cd-160758;Domingos Sávio;;2023-02-01;eleito;Povo brasileiro;2027-01-31;não;https://dadosabertos.camara.leg.br/api/v2/deputados/160758
br-deputado-federal;Deputado Federal;br-p-cd-220573;Dorinaldo Malafaia;;2023-02-01;eleito;Povo brasileiro;2027-01-31;não;https://dadosabertos.camara.leg.br/api/v2/deputados/220573
br-deputado-federal;Deputado Federal;br-p-cd-204450;Doutor Luizinho;;2023-02-01;eleito;Povo brasileiro;2027-01-31;não;https://dadosabertos.camara.leg.br/api/v2/deputados/204450
br-deputado-federal;Deputado Federal;br-p-cd-227991;Dr Flávio;;2023-02-01;eleito;Povo brasileiro;2027-01-31;não;https://dadosabertos.camara.leg.br/api/v2/deputados/227991
br-deputado-federal;Deputado Federal;br-p-cd-220614;Dr. Daniel Soranz;;2023-02-01;eleito;Povo brasileiro;2027-01-31;não;https://dadosabertos.camara.leg.br/api/v2/deputados/220614
br-deputado-federal;Deputado Federal;br-p-cd-220610;Dr. Fernando Máximo;;2023-02-01;eleito;Povo brasileiro;2027-01-31;não;https://dadosabertos.camara.leg.br/api/v2/deputados/220610
br-deputado-federal;Deputado Federal;br-p-cd-220688;Dr. Francisco;;2023-02-01;eleito;Povo brasileiro;2027-01-31;não;https://dadosabertos.camara.leg.br/api/v2/deputados/220688
br-deputado-federal;Deputado Federal;br-p-cd-204518;Dr. Frederico;;2023-02-01;eleito;Povo brasileiro;2027-01-31;não;https://dadosabertos.camara.leg.br/api/v2/deputados/204518
br-deputado-federal;Deputado Federal;br-p-cd-220570;Dr. Ismael Alexandrino;;2023-02-01;eleito;Povo brasileiro;2027-01-31;não;https://dadosabertos.camara.leg.br/api/v2/deputados/220570
br-deputado-federal;Deputado Federal;br-p-cd-204481;Dr. Jaziel;;2023-02-01;eleito;Povo brasileiro;2027-01-31;não;https://dadosabertos.camara.leg.br/api/v2/deputados/204481
br-deputado-federal;Deputado Federal;br-p-cd-204351;Dr. Luiz Ovando;;2023-02-01;eleito;Povo brasileiro;2027-01-31;não;https://dadosabertos.camara.leg.br/api/v2/deputados/204351
br-deputado-federal;Deputado Federal;br-p-cd-220528;Dr. Victor Linhalis;;2023-02-01;eleito;Povo brasileiro;2027-01-31;não;https://dadosabertos.camara.leg.br/api/v2/deputados/220528
br-deputado-federal;Deputado Federal;br-p-cd-204412;Dr. Zacharias Calil;;2023-02-01;eleito;Povo brasileiro;2027-01-31;não;https://dadosabertos.camara.leg.br/api/v2/deputados/204412
br-deputado-federal;Deputado Federal;br-p-cd-220674;Dra. Alessandra Haber;;2023-02-01;eleito;Povo brasileiro;2027-01-31;não;https://dadosabertos.camara.leg.br/api/v2/deputados/220674
br-deputado-federal;Deputado Federal;br-p-cd-220686;Duarte Jr.;;2023-02-01;eleito;Povo brasileiro;2027-01-31;não;https://dadosabertos.camara.leg.br/api/v2/deputados/220686
br-deputado-federal;Deputado Federal;br-p-cd-220540;Duda Ramos;;2023-02-01;eleito;Povo brasileiro;2027-01-31;não;https://dadosabertos.camara.leg.br/api/v2/deputados/220540
br-deputado-federal;Deputado Federal;br-p-cd-220623;Duda Salabert;;2023-02-01;eleito;Povo brasileiro;2027-01-31;não;https://dadosabertos.camara.leg.br/api/v2/deputados/220623
br-deputado-federal;Deputado Federal;br-p-cd-204541;Eduardo Bismarck;;2023-02-01;eleito;Povo brasileiro;2027-01-31;não;https://dadosabertos.camara.leg.br/api/v2/deputados/204541
br-deputado-federal;Deputado Federal;br-p-cd-141421;Eduardo da Fonte;;2023-02-01;eleito;Povo brasileiro;2027-01-31;não;https://dadosabertos.camara.leg.br/api/v2/deputados/141421
br-deputado-federal;Deputado Federal;br-p-cd-220589;Eduardo Velloso;;2023-02-01;eleito;Povo brasileiro;2027-01-31;não;https://dadosabertos.camara.leg.br/api/v2/deputados/220589
br-deputado-federal;Deputado Federal;br-p-cd-74075;Elcione Barbalho;;2023-02-01;eleito;Povo brasileiro;2027-01-31;não;https://dadosabertos.camara.leg.br/api/v2/deputados/74075
br-deputado-federal;Deputado Federal;br-p-cd-204364;Eli Borges;;2023-02-01;eleito;Povo brasileiro;2027-01-31;não;https://dadosabertos.camara.leg.br/api/v2/deputados/204364
br-deputado-federal;Deputado Federal;br-p-cd-178854;Elmar Nascimento;;2023-02-01;eleito;Povo brasileiro;2027-01-31;não;https://dadosabertos.camara.leg.br/api/v2/deputados/178854
br-deputado-federal;Deputado Federal;br-p-cd-198783;Emanuel Pinheiro Neto;;2023-02-01;eleito;Povo brasileiro;2027-01-31;não;https://dadosabertos.camara.leg.br/api/v2/deputados/198783
br-deputado-federal;Deputado Federal;br-p-cd-161550;Emidinho Madeira;;2023-02-01;eleito;Povo brasileiro;2027-01-31;não;https://dadosabertos.camara.leg.br/api/v2/deputados/161550
br-deputado-federal;Deputado Federal;br-p-cd-230765;Enfermeira Rejane;;2023-02-01;eleito;Povo brasileiro;2027-01-31;não;https://dadosabertos.camara.leg.br/api/v2/deputados/230765
br-deputado-federal;Deputado Federal;br-p-cd-220663;Eriberto Medeiros;;2023-02-01;eleito;Povo brasileiro;2027-01-31;não;https://dadosabertos.camara.leg.br/api/v2/deputados/220663
br-deputado-federal;Deputado Federal;br-p-cd-220645;Erika Hilton;;2023-02-01;eleito;Povo brasileiro;2027-01-31;não;https://dadosabertos.camara.leg.br/api/v2/deputados/220645
br-deputado-federal;Deputado Federal;br-p-cd-160575;Erika Kokay;;2023-02-01;eleito;Povo brasileiro;2027-01-31;não;https://dadosabertos.camara.leg.br/api/v2/deputados/160575
br-deputado-federal;Deputado Federal;br-p-cd-160640;Eros Biondini;;2023-02-01;eleito;Povo brasileiro;2027-01-31;não;https://dadosabertos.camara.leg.br/api/v2/deputados/160640
br-deputado-federal;Deputado Federal;br-p-cd-204482;Euclydes Pettersen;;2023-02-01;eleito;Povo brasileiro;2027-01-31;não;https://dadosabertos.camara.leg.br/api/v2/deputados/204482
br-deputado-federal;Deputado Federal;br-p-cd-74454;Eunício Oliveira;;2023-02-01;eleito;Povo brasileiro;2027-01-31;não;https://dadosabertos.camara.leg.br/api/v2/deputados/74454
br-deputado-federal;Deputado Federal;br-p-cd-178871;Evair Vieira de Melo;;2023-02-01;eleito;Povo brasileiro;2027-01-31;não;https://dadosabertos.camara.leg.br/api/v2/deputados/178871
br-deputado-federal;Deputado Federal;br-p-cd-178905;Fabio Garcia;;2023-02-01;eleito;Povo brasileiro;2027-01-31;não;https://dadosabertos.camara.leg.br/api/v2/deputados/178905
br-deputado-federal;Deputado Federal;br-p-cd-220681;Fábio Macedo;;2023-02-01;eleito;Povo brasileiro;2027-01-31;não;https://dadosabertos.camara.leg.br/api/v2/deputados/220681
br-deputado-federal;Deputado Federal;br-p-cd-171623;Fabio Reis;;2023-02-01;eleito;Povo brasileiro;2027-01-31;não;https://dadosabertos.camara.leg.br/api/v2/deputados/171623
br-deputado-federal;Deputado Federal;br-p-cd-204368;Fabio Schiochet;;2023-02-01;eleito;Povo brasileiro;2027-01-31;não;https://dadosabertos.camara.leg.br/api/v2/deputados/204368
br-deputado-federal;Deputado Federal;br-p-cd-220653;Fábio Teruel;;2023-02-01;eleito;Povo brasileiro;2027-01-31;não;https://dadosabertos.camara.leg.br/api/v2/deputados/220653
br-deputado-federal;Deputado Federal;br-p-cd-220712;Fausto Jr.;;2023-02-01;eleito;Povo brasileiro;2027-01-31;não;https://dadosabertos.camara.leg.br/api/v2/deputados/220712
br-deputado-federal;Deputado Federal;br-p-cd-66828;Fausto Pinato;;2023-02-01;eleito;Povo brasileiro;2027-01-31;não;https://dadosabertos.camara.leg.br/api/v2/deputados/66828
br-deputado-federal;Deputado Federal;br-p-cd-220646;Felipe Becari;;2023-02-01;eleito;Povo brasileiro;2027-01-31;não;https://dadosabertos.camara.leg.br/api/v2/deputados/220646
br-deputado-federal;Deputado Federal;br-p-cd-72442;Felipe Carreras;;2023-02-01;eleito;Povo brasileiro;2027-01-31;não;https://dadosabertos.camara.leg.br/api/v2/deputados/72442
br-deputado-federal;Deputado Federal;br-p-cd-204398;Felipe Francischini;;2023-02-01;eleito;Povo brasileiro;2027-01-31;não;https://dadosabertos.camara.leg.br/api/v2/deputados/204398
br-deputado-federal;Deputado Federal;br-p-cd-160666;Félix Mendonça Júnior;;2023-02-01;eleito;Povo brasileiro;2027-01-31;não;https://dadosabertos.camara.leg.br/api/v2/deputados/160666
br-deputado-federal;Deputado Federal;br-p-cd-204407;Fernanda Melchionna;;2023-02-01;eleito;Povo brasileiro;2027-01-31;não;https://dadosabertos.camara.leg.br/api/v2/deputados/204407
br-deputado-federal;Deputado Federal;br-p-cd-220656;Fernanda Pessoa;;2023-02-01;eleito;Povo brasileiro;2027-01-31;não;https://dadosabertos.camara.leg.br/api/v2/deputados/220656
br-deputado-federal;Deputado Federal;br-p-cd-141431;Fernando Coelho Filho;;2023-02-01;eleito;Povo brasileiro;2027-01-31;não;https://dadosabertos.camara.leg.br/api/v2/deputados/141431
br-deputado-federal;Deputado Federal;br-p-cd-204445;Fernando Mineiro;;2023-02-01;eleito;Povo brasileiro;2027-01-31;não;https://dadosabertos.camara.leg.br/api/v2/deputados/204445
br-deputado-federal;Deputado Federal;br-p-cd-92699;Fernando Monteiro;;2023-02-01;eleito;Povo brasileiro;2027-01-31;não;https://dadosabertos.camara.leg.br/api/v2/deputados/92699
br-deputado-federal;Deputado Federal;br-p-cd-204427;Fernando Rodolfo;;2023-02-01;eleito;Povo brasileiro;2027-01-31;não;https://dadosabertos.camara.leg.br/api/v2/deputados/204427
br-deputado-federal;Deputado Federal;br-p-cd-204411;Filipe Barros;;2023-02-01;eleito;Povo brasileiro;2027-01-31;não;https://dadosabertos.camara.leg.br/api/v2/deputados/204411
br-deputado-federal;Deputado Federal;br-p-cd-220545;Filipe Martins;;2023-02-01;eleito;Povo brasileiro;2027-01-31;não;https://dadosabertos.camara.leg.br/api/v2/deputados/220545
br-deputado-federal;Deputado Federal;br-p-cd-160598;Flávia Morais;;2023-02-01;eleito;Povo brasileiro;2027-01-31;não;https://dadosabertos.camara.leg.br/api/v2/deputados/160598
br-deputado-federal;Deputado Federal;br-p-cd-191923;Flávio Nogueira;;2023-02-01;eleito;Povo brasileiro;2027-01-31;não;https://dadosabertos.camara.leg.br/api/v2/deputados/191923
br-deputado-federal;Deputado Federal;br-p-cd-220700;Florentino Neto;;2023-02-01;eleito;Povo brasileiro;2027-01-31;não;https://dadosabertos.camara.leg.br/api/v2/deputados/220700
br-deputado-federal;Deputado Federal;br-p-cd-220551;Franciane Bayer;;2023-02-01;eleito;Povo brasileiro;2027-01-31;não;https://dadosabertos.camara.leg.br/api/v2/deputados/220551
br-deputado-federal;Deputado Federal;br-p-cd-204494;Fred Costa;;2023-02-01;eleito;Povo brasileiro;2027-01-31;não;https://dadosabertos.camara.leg.br/api/v2/deputados/204494
br-deputado-federal;Deputado Federal;br-p-cd-220534;Fred Linhares;;2023-02-01;eleito;Povo brasileiro;2027-01-31;não;https://dadosabertos.camara.leg.br/api/v2/deputados/220534
br-deputado-federal;Deputado Federal;br-p-cd-224117;Gabriel Mota;;2023-02-01;eleito;Povo brasileiro;2027-01-31;não;https://dadosabertos.camara.leg.br/api/v2/deputados/224117
br-deputado-federal;Deputado Federal;br-p-cd-220708;Gabriel Nunes;;2023-02-01;eleito;Povo brasileiro;2027-01-31;não;https://dadosabertos.camara.leg.br/api/v2/deputados/220708
br-deputado-federal;Deputado Federal;br-p-cd-204473;General Girão;;2023-02-01;eleito;Povo brasileiro;2027-01-31;não;https://dadosabertos.camara.leg.br/api/v2/deputados/204473
br-deputado-federal;Deputado Federal;br-p-cd-220611;General Pazuello;;2023-02-01;eleito;Povo brasileiro;2027-01-31;não;https://dadosabertos.camara.leg.br/api/v2/deputados/220611
br-deputado-federal;Deputado Federal;br-p-cd-178966;Geovania de Sá;;2023-02-01;eleito;Povo brasileiro;2027-01-31;não;https://dadosabertos.camara.leg.br/api/v2/deputados/178966
br-deputado-federal;Deputado Federal;br-p-cd-220702;Geraldo Mendes;;2023-02-01;eleito;Povo brasileiro;2027-01-31;não;https://dadosabertos.camara.leg.br/api/v2/deputados/220702
br-deputado-federal;Deputado Federal;br-p-cd-74374;Geraldo Resende;;2023-02-01;eleito;Povo brasileiro;2027-01-31;não;https://dadosabertos.camara.leg.br/api/v2/deputados/74374
br-deputado-federal;Deputado Federal;br-p-cd-204394;Gervásio Maia;;2023-02-01;eleito;Povo brasileiro;2027-01-31;não;https://dadosabertos.camara.leg.br/api/v2/deputados/204394
br-deputado-federal;Deputado Federal;br-p-cd-204491;Gilberto Abramo;;2023-02-01;eleito;Povo brasileiro;2027-01-31;não;https://dadosabertos.camara.leg.br/api/v2/deputados/204491
br-deputado-federal;Deputado Federal;br-p-cd-74270;Gilberto Nascimento;;2023-02-01;eleito;Povo brasileiro;2027-01-31;não;https://dadosabertos.camara.leg.br/api/v2/deputados/74270
br-deputado-federal;Deputado Federal;br-p-cd-74581;Gilmar Machado;;2023-02-01;eleito;Povo brasileiro;2027-01-31;não;https://dadosabertos.camara.leg.br/api/v2/deputados/74581
br-deputado-federal;Deputado Federal;br-p-cd-220529;Gilson Daniel;;2023-02-01;eleito;Povo brasileiro;2027-01-31;não;https://dadosabertos.camara.leg.br/api/v2/deputados/220529
br-deputado-federal;Deputado Federal;br-p-cd-204365;Gilson Marques;;2023-02-01;eleito;Povo brasileiro;2027-01-31;não;https://dadosabertos.camara.leg.br/api/v2/deputados/204365
br-deputado-federal;Deputado Federal;br-p-cd-220526;Gilvan da Federal;;2023-02-01;eleito;Povo brasileiro;2027-01-31;não;https://dadosabertos.camara.leg.br/api/v2/deputados/220526
br-deputado-federal;Deputado Federal;br-p-cd-160673;Giovani Cherini;;2023-02-01;eleito;Povo brasileiro;2027-01-31;não;https://dadosabertos.camara.leg.br/api/v2/deputados/160673
br-deputado-federal;Deputado Federal;br-p-cd-152605;Glauber Braga;;2023-02-01;eleito;Povo brasileiro;2027-01-31;não;https://dadosabertos.camara.leg.br/api/v2/deputados/152605
br-deputado-federal;Deputado Federal;br-p-cd-204419;Glaustin da Fokus;;2023-02-01;eleito;Povo brasileiro;2027-01-31;não;https://dadosabertos.camara.leg.br/api/v2/deputados/204419
br-deputado-federal;Deputado Federal;br-p-cd-107283;Gleisi Hoffmann;;2023-02-01;eleito;Povo brasileiro;2027-01-31;não;https://dadosabertos.camara.leg.br/api/v2/deputados/107283
br-deputado-federal;Deputado Federal;br-p-cd-198197;Greyce Elias;;2023-02-01;eleito;Povo brasileiro;2027-01-31;não;https://dadosabertos.camara.leg.br/api/v2/deputados/198197
br-deputado-federal;Deputado Federal;br-p-cd-204531;Guilherme Derrite;;2023-02-01;eleito;Povo brasileiro;2027-01-31;não;https://dadosabertos.camara.leg.br/api/v2/deputados/204531
br-deputado-federal;Deputado Federal;br-p-cd-220664;Guilherme Uchoa;;2023-02-01;eleito;Povo brasileiro;2027-01-31;não;https://dadosabertos.camara.leg.br/api/v2/deputados/220664
br-deputado-federal;Deputado Federal;br-p-cd-220568;Gustavo Gayer;;2023-02-01;eleito;Povo brasileiro;2027-01-31;não;https://dadosabertos.camara.leg.br/api/v2/deputados/220568
br-deputado-federal;Deputado Federal;br-p-cd-204408;Gustinho Ribeiro;;2023-02-01;eleito;Povo brasileiro;2027-01-31;não;https://dadosabertos.camara.leg.br/api/v2/deputados/204408
br-deputado-federal;Deputado Federal;br-p-cd-204456;Gutemberg Reis;;2023-02-01;eleito;Povo brasileiro;2027-01-31;não;https://dadosabertos.camara.leg.br/api/v2/deputados/204456
br-deputado-federal;Deputado Federal;br-p-cd-178964;Heitor Schuch;;2023-02-01;eleito;Povo brasileiro;2027-01-31;não;https://dadosabertos.camara.leg.br/api/v2/deputados/178964
br-deputado-federal;Deputado Federal;br-p-cd-178873;Helder Salomão;;2023-02-01;eleito;Povo brasileiro;2027-01-31;não;https://dadosabertos.camara.leg.br/api/v2/deputados/178873
br-deputado-federal;Deputado Federal;br-p-cd-220537;Helena Lima;;2023-02-01;eleito;Povo brasileiro;2027-01-31;não;https://dadosabertos.camara.leg.br/api/v2/deputados/220537
br-deputado-federal;Deputado Federal;br-p-cd-204444;Helio Lopes;;2023-02-01;eleito;Povo brasileiro;2027-01-31;não;https://dadosabertos.camara.leg.br/api/v2/deputados/204444
br-deputado-federal;Deputado Federal;br-p-cd-220672;Henderson Pinto;;2023-02-01;eleito;Povo brasileiro;2027-01-31;não;https://dadosabertos.camara.leg.br/api/v2/deputados/220672
br-deputado-federal;Deputado Federal;br-p-cd-204539;Hercílio Coelho Diniz;;2023-02-01;eleito;Povo brasileiro;2027-01-31;não;https://dadosabertos.camara.leg.br/api/v2/deputados/204539
br-deputado-federal;Deputado Federal;br-p-cd-178884;Hildo Rocha;;2023-02-01;eleito;Povo brasileiro;2027-01-31;não;https://dadosabertos.camara.leg.br/api/v2/deputados/178884
br-deputado-federal;Deputado Federal;br-p-cd-141450;Hugo Leal;;2023-02-01;eleito;Povo brasileiro;2027-01-31;não;https://dadosabertos.camara.leg.br/api/v2/deputados/141450
br-deputado-federal;Deputado Federal;br-p-cd-160674;Hugo Motta;;2023-02-01;eleito;Povo brasileiro;2027-01-31;não;https://dadosabertos.camara.leg.br/api/v2/deputados/160674
br-deputado-federal;Deputado Federal;br-p-cd-220563;Icaro de Valmir;;2023-02-01;eleito;Povo brasileiro;2027-01-31;não;https://dadosabertos.camara.leg.br/api/v2/deputados/220563
br-deputado-federal;Deputado Federal;br-p-cd-204533;Idilvan Alencar;;2023-02-01;eleito;Povo brasileiro;2027-01-31;não;https://dadosabertos.camara.leg.br/api/v2/deputados/204533
br-deputado-federal;Deputado Federal;br-p-cd-204508;Igor Timo;;2023-02-01;eleito;Povo brasileiro;2027-01-31;não;https://dadosabertos.camara.leg.br/api/v2/deputados/204508
br-deputado-federal;Deputado Federal;br-p-cd-74295;Inácio Arruda;;2023-02-01;eleito;Povo brasileiro;2027-01-31;não;https://dadosabertos.camara.leg.br/api/v2/deputados/74295
br-deputado-federal;Deputado Federal;br-p-cd-98615;Ismael;;2023-02-01;eleito;Povo brasileiro;2027-01-31;não;https://dadosabertos.camara.leg.br/api/v2/deputados/98615
br-deputado-federal;Deputado Federal;br-p-cd-204436;Isnaldo Bulhões Jr.;;2023-02-01;eleito;Povo brasileiro;2027-01-31;não;https://dadosabertos.camara.leg.br/api/v2/deputados/204436
br-deputado-federal;Deputado Federal;br-p-cd-225846;Itamar Paim;;2023-02-01;eleito;Povo brasileiro;2027-01-31;não;https://dadosabertos.camara.leg.br/api/v2/deputados/225846
br-deputado-federal;Deputado Federal;br-p-cd-220696;Ivoneide Caetano;;2023-02-01;eleito;Povo brasileiro;2027-01-31;não;https://dadosabertos.camara.leg.br/api/v2/deputados/220696
br-deputado-federal;Deputado Federal;br-p-cd-220670;Iza Arruda;;2023-02-01;eleito;Povo brasileiro;2027-01-31;não;https://dadosabertos.camara.leg.br/api/v2/deputados/220670
br-deputado-federal;Deputado Federal;br-p-cd-220527;Jack Rocha;;2023-02-01;eleito;Povo brasileiro;2027-01-31;não;https://dadosabertos.camara.leg.br/api/v2/deputados/220527
br-deputado-federal;Deputado Federal;br-p-cd-220697;Jadyel Alencar;;2023-02-01;eleito;Povo brasileiro;2027-01-31;não;https://dadosabertos.camara.leg.br/api/v2/deputados/220697
br-deputado-federal;Deputado Federal;br-p-cd-74848;Jandira Feghali;;2023-02-01;eleito;Povo brasileiro;2027-01-31;não;https://dadosabertos.camara.leg.br/api/v2/deputados/74848
br-deputado-federal;Deputado Federal;br-p-cd-220567;Jeferson Rodrigues;;2023-02-01;eleito;Povo brasileiro;2027-01-31;não;https://dadosabertos.camara.leg.br/api/v2/deputados/220567
br-deputado-federal;Deputado Federal;br-p-cd-74273;Jefferson Campos;;2023-02-01;eleito;Povo brasileiro;2027-01-31;não;https://dadosabertos.camara.leg.br/api/v2/deputados/74273
br-deputado-federal;Deputado Federal;br-p-cd-141456;Jilmar Tatto;;2023-02-01;eleito;Povo brasileiro;2027-01-31;não;https://dadosabertos.camara.leg.br/api/v2/deputados/141456
br-deputado-federal;Deputado Federal;br-p-cd-141458;João Carlos Bacelar;;2023-02-01;eleito;Povo brasileiro;2027-01-31;não;https://dadosabertos.camara.leg.br/api/v2/deputados/141458
br-deputado-federal;Deputado Federal;br-p-cd-230957;João Cury;;2023-02-01;eleito;Povo brasileiro;2027-01-31;não;https://dadosabertos.camara.leg.br/api/v2/deputados/230957
br-deputado-federal;Deputado Federal;br-p-cd-178970;João Daniel;;2023-02-01;eleito;Povo brasileiro;2027-01-31;não;https://dadosabertos.camara.leg.br/api/v2/deputados/178970
br-deputado-federal;Deputado Federal;br-p-cd-141459;João Maia;;2023-02-01;eleito;Povo brasileiro;2027-01-31;não;https://dadosabertos.camara.leg.br/api/v2/deputados/141459
br-deputado-federal;Deputado Federal;br-p-cd-178910;Joaquim Passarinho;;2023-02-01;eleito;Povo brasileiro;2027-01-31;não;https://dadosabertos.camara.leg.br/api/v2/deputados/178910
br-deputado-federal;Deputado Federal;br-p-cd-160548;Jonas Donizette;;2023-02-01;eleito;Povo brasileiro;2027-01-31;não;https://dadosabertos.camara.leg.br/api/v2/deputados/160548
br-deputado-federal;Deputado Federal;br-p-cd-235800;Jorge Araújo;;2023-02-01;eleito;Povo brasileiro;2027-01-31;não;https://dadosabertos.camara.leg.br/api/v2/deputados/235800
br-deputado-federal;Deputado Federal;br-p-cd-205550;Jorge Braz;;2023-02-01;eleito;Povo brasileiro;2027-01-31;não;https://dadosabertos.camara.leg.br/api/v2/deputados/205550
br-deputado-federal;Deputado Federal;br-p-cd-214694;Jorge Goetten;;2023-02-01;eleito;Povo brasileiro;2027-01-31;não;https://dadosabertos.camara.leg.br/api/v2/deputados/214694
br-deputado-federal;Deputado Federal;br-p-cd-178857;Jorge Solla;;2023-02-01;eleito;Povo brasileiro;2027-01-31;não;https://dadosabertos.camara.leg.br/api/v2/deputados/178857
br-deputado-federal;Deputado Federal;br-p-cd-141464;José Airton Félix Cirilo;;2023-02-01;eleito;Povo brasileiro;2027-01-31;não;https://dadosabertos.camara.leg.br/api/v2/deputados/141464
br-deputado-federal;Deputado Federal;br-p-cd-74140;José Carlos Araujo;;2023-02-01;eleito;Povo brasileiro;2027-01-31;não;https://dadosabertos.camara.leg.br/api/v2/deputados/74140
br-deputado-federal;Deputado Federal;br-p-cd-204472;José Medeiros;;2023-02-01;eleito;Povo brasileiro;2027-01-31;não;https://dadosabertos.camara.leg.br/api/v2/deputados/204472
br-deputado-federal;Deputado Federal;br-p-cd-204391;José Nelto;;2023-02-01;eleito;Povo brasileiro;2027-01-31;não;https://dadosabertos.camara.leg.br/api/v2/deputados/204391
br-deputado-federal;Deputado Federal;br-p-cd-74079;José Priante;;2023-02-01;eleito;Povo brasileiro;2027-01-31;não;https://dadosabertos.camara.leg.br/api/v2/deputados/74079
br-deputado-federal;Deputado Federal;br-p-cd-74554;José Rocha;;2023-02-01;eleito;Povo brasileiro;2027-01-31;não;https://dadosabertos.camara.leg.br/api/v2/deputados/74554
br-deputado-federal;Deputado Federal;br-p-cd-209189;Joseildo Ramos;;2023-02-01;eleito;Povo brasileiro;2027-01-31;não;https://dadosabertos.camara.leg.br/api/v2/deputados/209189
br-deputado-federal;Deputado Federal;br-p-cd-220578;Josenildo;;2023-02-01;eleito;Povo brasileiro;2027-01-31;não;https://dadosabertos.camara.leg.br/api/v2/deputados/220578
br-deputado-federal;Deputado Federal;br-p-cd-204563;Josimar Maranhãozinho;;2023-02-01;eleito;Povo brasileiro;2027-01-31;não;https://dadosabertos.camara.leg.br/api/v2/deputados/204563
br-deputado-federal;Deputado Federal;br-p-cd-215043;Josivaldo JP;;2023-02-01;eleito;Povo brasileiro;2027-01-31;não;https://dadosabertos.camara.leg.br/api/v2/deputados/215043
br-deputado-federal;Deputado Federal;br-p-cd-204474;Juarez Costa;;2023-02-01;eleito;Povo brasileiro;2027-01-31;não;https://dadosabertos.camara.leg.br/api/v2/deputados/204474
br-deputado-federal;Deputado Federal;br-p-cd-220559;Julia Zanatta;;2023-02-01;eleito;Povo brasileiro;2027-01-31;não;https://dadosabertos.camara.leg.br/api/v2/deputados/220559
br-deputado-federal;Deputado Federal;br-p-cd-220640;Juliana Cardoso;;2023-02-01;eleito;Povo brasileiro;2027-01-31;não;https://dadosabertos.camara.leg.br/api/v2/deputados/220640
br-deputado-federal;Deputado Federal;br-p-cd-66385;Julio Arcoverde;;2023-02-01;eleito;Povo brasileiro;2027-01-31;não;https://dadosabertos.camara.leg.br/api/v2/deputados/66385
br-deputado-federal;Deputado Federal;br-p-cd-74317;Júlio Cesar;;2023-02-01;eleito;Povo brasileiro;2027-01-31;não;https://dadosabertos.camara.leg.br/api/v2/deputados/74317
br-deputado-federal;Deputado Federal;br-p-cd-204372;Julio Cesar Ribeiro;;2023-02-01;eleito;Povo brasileiro;2027-01-31;não;https://dadosabertos.camara.leg.br/api/v2/deputados/204372
br-deputado-federal;Deputado Federal;br-p-cd-74253;Julio Lopes;;2023-02-01;eleito;Povo brasileiro;2027-01-31;não;https://dadosabertos.camara.leg.br/api/v2/deputados/74253
br-deputado-federal;Deputado Federal;br-p-cd-204457;Juninho do Pneu;;2023-02-01;eleito;Povo brasileiro;2027-01-31;não;https://dadosabertos.camara.leg.br/api/v2/deputados/204457
br-deputado-federal;Deputado Federal;br-p-cd-204520;Junio Amaral;;2023-02-01;eleito;Povo brasileiro;2027-01-31;não;https://dadosabertos.camara.leg.br/api/v2/deputados/204520
br-deputado-federal;Deputado Federal;br-p-cd-204497;Júnior Ferrari;;2023-02-01;eleito;Povo brasileiro;2027-01-31;não;https://dadosabertos.camara.leg.br/api/v2/deputados/204497
br-deputado-federal;Deputado Federal;br-p-cd-204574;Junior Lourenço;;2023-02-01;eleito;Povo brasileiro;2027-01-31;não;https://dadosabertos.camara.leg.br/api/v2/deputados/204574
br-deputado-federal;Deputado Federal;br-p-cd-204550;Júnior Mano;;2023-02-01;eleito;Povo brasileiro;2027-01-31;não;https://dadosabertos.camara.leg.br/api/v2/deputados/204550
br-deputado-federal;Deputado Federal;br-p-cd-178886;Juscelino Filho;;2023-02-01;eleito;Povo brasileiro;2027-01-31;não;https://dadosabertos.camara.leg.br/api/v2/deputados/178886
br-deputado-federal;Deputado Federal;br-p-cd-220677;Keniston Braga;;2023-02-01;eleito;Povo brasileiro;2027-01-31;não;https://dadosabertos.camara.leg.br/api/v2/deputados/220677
br-deputado-federal;Deputado Federal;br-p-cd-162067;Kiko Celeguim;;2023-02-01;eleito;Povo brasileiro;2027-01-31;não;https://dadosabertos.camara.leg.br/api/v2/deputados/162067
br-deputado-federal;Deputado Federal;br-p-cd-204536;Kim Kataguiri;;2023-02-01;eleito;Povo brasileiro;2027-01-31;não;https://dadosabertos.camara.leg.br/api/v2/deputados/204536
br-deputado-federal;Deputado Federal;br-p-cd-98057;Lafayette de Andrada;;2023-02-01;eleito;Povo brasileiro;2027-01-31;não;https://dadosabertos.camara.leg.br/api/v2/deputados/98057
br-deputado-federal;Deputado Federal;br-p-cd-74856;Laura Carneiro;;2023-02-01;eleito;Povo brasileiro;2027-01-31;não;https://dadosabertos.camara.leg.br/api/v2/deputados/74856
br-deputado-federal;Deputado Federal;br-p-cd-178832;Leandre;;2023-02-01;eleito;Povo brasileiro;2027-01-31;não;https://dadosabertos.camara.leg.br/api/v2/deputados/178832
br-deputado-federal;Deputado Federal;br-p-cd-220566;Lêda Borges;;2023-02-01;eleito;Povo brasileiro;2027-01-31;não;https://dadosabertos.camara.leg.br/api/v2/deputados/220566
br-deputado-federal;Deputado Federal;br-p-cd-122195;Leonardo Gadelha;;2023-02-01;eleito;Povo brasileiro;2027-01-31;não;https://dadosabertos.camara.leg.br/api/v2/deputados/122195
br-deputado-federal;Deputado Federal;br-p-cd-74156;Leonardo Monteiro;;2023-02-01;eleito;Povo brasileiro;2027-01-31;não;https://dadosabertos.camara.leg.br/api/v2/deputados/74156
br-deputado-federal;Deputado Federal;br-p-cd-92102;Leur Lomanto Júnior;;2023-02-01;eleito;Povo brasileiro;2027-01-31;não;https://dadosabertos.camara.leg.br/api/v2/deputados/92102
br-deputado-federal;Deputado Federal;br-p-cd-139285;Lídice da Mata;;2023-02-01;eleito;Povo brasileiro;2027-01-31;não;https://dadosabertos.camara.leg.br/api/v2/deputados/139285
br-deputado-federal;Deputado Federal;br-p-cd-74585;Lincoln Portela;;2023-02-01;eleito;Povo brasileiro;2027-01-31;não;https://dadosabertos.camara.leg.br/api/v2/deputados/74585
br-deputado-federal;Deputado Federal;br-p-cd-74858;Lindbergh Farias;;2023-02-01;eleito;Povo brasileiro;2027-01-31;não;https://dadosabertos.camara.leg.br/api/v2/deputados/74858
br-deputado-federal;Deputado Federal;br-p-cd-220662;Lucas Ramos;;2023-02-01;eleito;Povo brasileiro;2027-01-31;não;https://dadosabertos.camara.leg.br/api/v2/deputados/220662
br-deputado-federal;Deputado Federal;br-p-cd-204404;Lucas Redecker;;2023-02-01;eleito;Povo brasileiro;2027-01-31;não;https://dadosabertos.camara.leg.br/api/v2/deputados/204404
br-deputado-federal;Deputado Federal;br-p-cd-220581;Luciano Amaral;;2023-02-01;eleito;Povo brasileiro;2027-01-31;não;https://dadosabertos.camara.leg.br/api/v2/deputados/220581
br-deputado-federal;Deputado Federal;br-p-cd-74478;Luciano Bivar;;2023-02-01;eleito;Povo brasileiro;2027-01-31;não;https://dadosabertos.camara.leg.br/api/v2/deputados/74478
br-deputado-federal;Deputado Federal;br-p-cd-178931;Luciano Ducci;;2023-02-01;eleito;Povo brasileiro;2027-01-31;não;https://dadosabertos.camara.leg.br/api/v2/deputados/178931
br-deputado-federal;Deputado Federal;br-p-cd-178954;Lucio Mosquini;;2023-02-01;eleito;Povo brasileiro;2027-01-31;não;https://dadosabertos.camara.leg.br/api/v2/deputados/178954
br-deputado-federal;Deputado Federal;br-p-cd-160510;Luis Tibé;;2023-02-01;eleito;Povo brasileiro;2027-01-31;não;https://dadosabertos.camara.leg.br/api/v2/deputados/160510
br-deputado-federal;Deputado Federal;br-p-cd-204410;Luisa Canziani;;2023-02-01;eleito;Povo brasileiro;2027-01-31;não;https://dadosabertos.camara.leg.br/api/v2/deputados/204410
br-deputado-federal;Deputado Federal;br-p-cd-141485;Luiz Carlos Busato;;2023-02-01;eleito;Povo brasileiro;2027-01-31;não;https://dadosabertos.camara.leg.br/api/v2/deputados/141485
br-deputado-federal;Deputado Federal;br-p-cd-73778;Luiz Carlos Hauly;;2023-02-01;eleito;Povo brasileiro;2027-01-31;não;https://dadosabertos.camara.leg.br/api/v2/deputados/73778
br-deputado-federal;Deputado Federal;br-p-cd-204485;Luiz Carlos Motta;;2023-02-01;eleito;Povo brasileiro;2027-01-31;não;https://dadosabertos.camara.leg.br/api/v2/deputados/204485
br-deputado-federal;Deputado Federal;br-p-cd-74041;Luiz Couto;;2023-02-01;eleito;Povo brasileiro;2027-01-31;não;https://dadosabertos.camara.leg.br/api/v2/deputados/74041
br-deputado-federal;Deputado Federal;br-p-cd-141487;Luiz Fernando Faria;;2023-02-01;eleito;Povo brasileiro;2027-01-31;não;https://dadosabertos.camara.leg.br/api/v2/deputados/141487
br-deputado-federal;Deputado Federal;br-p-cd-220658;Luiz Gastão;;2023-02-01;eleito;Povo brasileiro;2027-01-31;não;https://dadosabertos.camara.leg.br/api/v2/deputados/220658
br-deputado-federal;Deputado Federal;br-p-cd-204455;Luiz Lima;;2023-02-01;eleito;Povo brasileiro;2027-01-31;não;https://dadosabertos.camara.leg.br/api/v2/deputados/204455
br-deputado-federal;Deputado Federal;br-p-cd-162332;Luiz Nishimori;;2023-02-01;eleito;Povo brasileiro;2027-01-31;não;https://dadosabertos.camara.leg.br/api/v2/deputados/162332
br-deputado-federal;Deputado Federal;br-p-cd-204526;Luiz Philippe de Orleans e Bragança;;2023-02-01;eleito;Povo brasileiro;2027-01-31;não;https://dadosabertos.camara.leg.br/api/v2/deputados/204526
br-deputado-federal;Deputado Federal;br-p-cd-74784;Luiza Erundina;;2023-02-01;eleito;Povo brasileiro;2027-01-31;não;https://dadosabertos.camara.leg.br/api/v2/deputados/74784
br-deputado-federal;Deputado Federal;br-p-cd-178866;Luizianne Lins;;2023-02-01;eleito;Povo brasileiro;2027-01-31;não;https://dadosabertos.camara.leg.br/api/v2/deputados/178866
br-deputado-federal;Deputado Federal;br-p-cd-220669;Lula da Fonte;;2023-02-01;eleito;Povo brasileiro;2027-01-31;não;https://dadosabertos.camara.leg.br/api/v2/deputados/220669
br-deputado-federal;Deputado Federal;br-p-cd-166402;Magda Mofatto;;2023-02-01;eleito;Povo brasileiro;2027-01-31;não;https://dadosabertos.camara.leg.br/api/v2/deputados/166402
br-deputado-federal;Deputado Federal;br-p-cd-220648;Marangoni;;2023-02-01;eleito;Povo brasileiro;2027-01-31;não;https://dadosabertos.camara.leg.br/api/v2/deputados/220648
br-deputado-federal;Deputado Federal;br-p-cd-156190;Marcel van Hattem;;2023-02-01;eleito;Povo brasileiro;2027-01-31;não;https://dadosabertos.camara.leg.br/api/v2/deputados/156190
br-deputado-federal;Deputado Federal;br-p-cd-179000;Marcelo Álvaro Antônio;;2023-02-01;eleito;Povo brasileiro;2027-01-31;não;https://dadosabertos.camara.leg.br/api/v2/deputados/179000
br-deputado-federal;Deputado Federal;br-p-cd-220599;Marcelo Crivella;;2023-02-01;eleito;Povo brasileiro;2027-01-31;não;https://dadosabertos.camara.leg.br/api/v2/deputados/220599
br-deputado-federal;Deputado Federal;br-p-cd-133810;Marcelo Moraes;;2023-02-01;eleito;Povo brasileiro;2027-01-31;não;https://dadosabertos.camara.leg.br/api/v2/deputados/133810
br-deputado-federal;Deputado Federal;br-p-cd-204558;Marcelo Nilo;;2023-02-01;eleito;Povo brasileiro;2027-01-31;não;https://dadosabertos.camara.leg.br/api/v2/deputados/204558
br-deputado-federal;Deputado Federal;br-p-cd-160161;Marcelo Queiroz;;2023-02-01;eleito;Povo brasileiro;2027-01-31;não;https://dadosabertos.camara.leg.br/api/v2/deputados/160161
br-deputado-federal;Deputado Federal;br-p-cd-178983;Marcio Alvino;;2023-02-01;eleito;Povo brasileiro;2027-01-31;não;https://dadosabertos.camara.leg.br/api/v2/deputados/178983
br-deputado-federal;Deputado Federal;br-p-cd-179001;Márcio Biolchi;;2023-02-01;eleito;Povo brasileiro;2027-01-31;não;https://dadosabertos.camara.leg.br/api/v2/deputados/179001
br-deputado-federal;Deputado Federal;br-p-cd-220687;Márcio Honaiser;;2023-02-01;eleito;Povo brasileiro;2027-01-31;não;https://dadosabertos.camara.leg.br/api/v2/deputados/220687
br-deputado-federal;Deputado Federal;br-p-cd-81055;Márcio Jerry;;2023-02-01;eleito;Povo brasileiro;2027-01-31;não;https://dadosabertos.camara.leg.br/api/v2/deputados/81055
br-deputado-federal;Deputado Federal;br-p-cd-150418;Márcio Marinho;;2023-02-01;eleito;Povo brasileiro;2027-01-31;não;https://dadosabertos.camara.leg.br/api/v2/deputados/150418
br-deputado-federal;Deputado Federal;br-p-cd-160535;Marcon;;2023-02-01;eleito;Povo brasileiro;2027-01-31;não;https://dadosabertos.camara.leg.br/api/v2/deputados/160535
br-deputado-federal;Deputado Federal;br-p-cd-204431;Marcos Aurélio Sampaio;;2023-02-01;eleito;Povo brasileiro;2027-01-31;não;https://dadosabertos.camara.leg.br/api/v2/deputados/204431
br-deputado-federal;Deputado Federal;br-p-cd-236375;Marcos Braz;;2023-02-01;eleito;Povo brasileiro;2027-01-31;não;https://dadosabertos.camara.leg.br/api/v2/deputados/236375
br-deputado-federal;Deputado Federal;br-p-cd-204506;Marcos Pereira;;2023-02-01;eleito;Povo brasileiro;2027-01-31;não;https://dadosabertos.camara.leg.br/api/v2/deputados/204506
br-deputado-federal;Deputado Federal;br-p-cd-220547;Marcos Pollon;;2023-02-01;eleito;Povo brasileiro;2027-01-31;não;https://dadosabertos.camara.leg.br/api/v2/deputados/220547
br-deputado-federal;Deputado Federal;br-p-cd-178943;Marcos Soares;;2023-02-01;eleito;Povo brasileiro;2027-01-31;não;https://dadosabertos.camara.leg.br/api/v2/deputados/178943
br-deputado-federal;Deputado Federal;br-p-cd-220604;Marcos Tavares;;2023-02-01;eleito;Povo brasileiro;2027-01-31;não;https://dadosabertos.camara.leg.br/api/v2/deputados/220604
br-deputado-federal;Deputado Federal;br-p-cd-220668;Maria Arraes;;2023-02-01;eleito;Povo brasileiro;2027-01-31;não;https://dadosabertos.camara.leg.br/api/v2/deputados/220668
br-deputado-federal;Deputado Federal;br-p-cd-74398;Maria do Rosário;;2023-02-01;eleito;Povo brasileiro;2027-01-31;não;https://dadosabertos.camara.leg.br/api/v2/deputados/74398
br-deputado-federal;Deputado Federal;br-p-cd-204540;Maria Rosas;;2023-02-01;eleito;Povo brasileiro;2027-01-31;não;https://dadosabertos.camara.leg.br/api/v2/deputados/204540
br-deputado-federal;Deputado Federal;br-p-cd-220637;Marina Silva;;2023-02-01;eleito;Povo brasileiro;2027-01-31;não;https://dadosabertos.camara.leg.br/api/v2/deputados/220637
br-deputado-federal;Deputado Federal;br-p-cd-220655;Mario Frias;;2023-02-01;eleito;Povo brasileiro;2027-01-31;não;https://dadosabertos.camara.leg.br/api/v2/deputados/220655
br-deputado-federal;Deputado Federal;br-p-cd-74158;Mário Heringer;;2023-02-01;eleito;Povo brasileiro;2027-01-31;não;https://dadosabertos.camara.leg.br/api/v2/deputados/74158
br-deputado-federal;Deputado Federal;br-p-cd-178858;Mário Negromonte Jr.;;2023-02-01;eleito;Povo brasileiro;2027-01-31;não;https://dadosabertos.camara.leg.br/api/v2/deputados/178858
br-deputado-federal;Deputado Federal;br-p-cd-204566;Marreca Filho;;2023-02-01;eleito;Povo brasileiro;2027-01-31;não;https://dadosabertos.camara.leg.br/api/v2/deputados/204566
br-deputado-federal;Deputado Federal;br-p-cd-220572;Marussa Boldrin;;2023-02-01;eleito;Povo brasileiro;2027-01-31;não;https://dadosabertos.camara.leg.br/api/v2/deputados/220572
br-deputado-federal;Deputado Federal;br-p-cd-178843;Marx Beltrão;;2023-02-01;eleito;Povo brasileiro;2027-01-31;não;https://dadosabertos.camara.leg.br/api/v2/deputados/178843
br-deputado-federal;Deputado Federal;br-p-cd-220661;Matheus Noronha;;2023-02-01;eleito;Povo brasileiro;2027-01-31;não;https://dadosabertos.camara.leg.br/api/v2/deputados/220661
br-deputado-federal;Deputado Federal;br-p-cd-220609;Maurício Carvalho;;2023-02-01;eleito;Povo brasileiro;2027-01-31;não;https://dadosabertos.camara.leg.br/api/v2/deputados/220609
br-deputado-federal;Deputado Federal;br-p-cd-220628;Mauricio do Vôlei;;2023-02-01;eleito;Povo brasileiro;2027-01-31;não;https://dadosabertos.camara.leg.br/api/v2/deputados/220628
br-deputado-federal;Deputado Federal;br-p-cd-220550;Mauricio Marcon;;2023-02-01;eleito;Povo brasileiro;2027-01-31;não;https://dadosabertos.camara.leg.br/api/v2/deputados/220550
br-deputado-federal;Deputado Federal;br-p-cd-220647;Mauricio Neves;;2023-02-01;eleito;Povo brasileiro;2027-01-31;não;https://dadosabertos.camara.leg.br/api/v2/deputados/220647
br-deputado-federal;Deputado Federal;br-p-cd-204486;Mauro Benevides Filho;;2023-02-01;eleito;Povo brasileiro;2027-01-31;não;https://dadosabertos.camara.leg.br/api/v2/deputados/204486
br-deputado-federal;Deputado Federal;br-p-cd-220607;Max Lemos;;2023-02-01;eleito;Povo brasileiro;2027-01-31;não;https://dadosabertos.camara.leg.br/api/v2/deputados/220607
br-deputado-federal;Deputado Federal;br-p-cd-220591;Meire Serafim;;2023-02-01;eleito;Povo brasileiro;2027-01-31;não;https://dadosabertos.camara.leg.br/api/v2/deputados/220591
br-deputado-federal;Deputado Federal;br-p-cd-74428;Mendonça Filho;;2023-02-01;eleito;Povo brasileiro;2027-01-31;não;https://dadosabertos.camara.leg.br/api/v2/deputados/74428
br-deputado-federal;Deputado Federal;br-p-cd-188097;Merlong Solano;;2023-02-01;eleito;Povo brasileiro;2027-01-31;não;https://dadosabertos.camara.leg.br/api/v2/deputados/188097
br-deputado-federal;Deputado Federal;br-p-cd-220585;Mersinho Lucena;;2023-02-01;eleito;Povo brasileiro;2027-01-31;não;https://dadosabertos.camara.leg.br/api/v2/deputados/220585
br-deputado-federal;Deputado Federal;br-p-cd-220530;Messias Donato;;2023-02-01;eleito;Povo brasileiro;2027-01-31;não;https://dadosabertos.camara.leg.br/api/v2/deputados/220530
br-deputado-federal;Deputado Federal;br-p-cd-171786;Miguel Ângelo;;2023-02-01;eleito;Povo brasileiro;2027-01-31;não;https://dadosabertos.camara.leg.br/api/v2/deputados/171786
br-deputado-federal;Deputado Federal;br-p-cd-178985;Miguel Lombardi;;2023-02-01;eleito;Povo brasileiro;2027-01-31;não;https://dadosabertos.camara.leg.br/api/v2/deputados/178985
br-deputado-federal;Deputado Federal;br-p-cd-154178;Milton Vieira;;2023-02-01;eleito;Povo brasileiro;2027-01-31;não;https://dadosabertos.camara.leg.br/api/v2/deputados/154178
br-deputado-federal;Deputado Federal;br-p-cd-178895;Misael Varella;;2023-02-01;eleito;Povo brasileiro;2027-01-31;não;https://dadosabertos.camara.leg.br/api/v2/deputados/178895
br-deputado-federal;Deputado Federal;br-p-cd-160561;Missionário José Olimpio;;2023-02-01;eleito;Povo brasileiro;2027-01-31;não;https://dadosabertos.camara.leg.br/api/v2/deputados/160561
br-deputado-federal;Deputado Federal;br-p-cd-178997;Moses Rodrigues;;2023-02-01;eleito;Povo brasileiro;2027-01-31;não;https://dadosabertos.camara.leg.br/api/v2/deputados/178997
br-deputado-federal;Deputado Federal;br-p-cd-220617;Murillo Gouvea;;2023-02-01;eleito;Povo brasileiro;2027-01-31;não;https://dadosabertos.camara.leg.br/api/v2/deputados/220617
br-deputado-federal;Deputado Federal;br-p-cd-204453;Natália Bonavides;;2023-02-01;eleito;Povo brasileiro;2027-01-31;não;https://dadosabertos.camara.leg.br/api/v2/deputados/204453
br-deputado-federal;Deputado Federal;br-p-cd-204449;Nelson Barbudo;;2023-02-01;eleito;Povo brasileiro;2027-01-31;não;https://dadosabertos.camara.leg.br/api/v2/deputados/204449
br-deputado-federal;Deputado Federal;br-p-cd-220622;Nely Aquino;;2023-02-01;eleito;Povo brasileiro;2027-01-31;não;https://dadosabertos.camara.leg.br/api/v2/deputados/220622
br-deputado-federal;Deputado Federal;br-p-cd-220703;Neto Carletto;;2023-02-01;eleito;Povo brasileiro;2027-01-31;não;https://dadosabertos.camara.leg.br/api/v2/deputados/220703
br-deputado-federal;Deputado Federal;br-p-cd-178896;Newton Cardoso Jr;;2023-02-01;eleito;Povo brasileiro;2027-01-31;não;https://dadosabertos.camara.leg.br/api/v2/deputados/178896
br-deputado-federal;Deputado Federal;br-p-cd-204479;Nicoletti;;2023-02-01;eleito;Povo brasileiro;2027-01-31;não;https://dadosabertos.camara.leg.br/api/v2/deputados/204479
br-deputado-federal;Deputado Federal;br-p-cd-209787;Nikolas Ferreira;;2023-02-01;eleito;Povo brasileiro;2027-01-31;não;https://dadosabertos.camara.leg.br/api/v2/deputados/209787
br-deputado-federal;Deputado Federal;br-p-cd-178986;Nilto Tatto;;2023-02-01;eleito;Povo brasileiro;2027-01-31;não;https://dadosabertos.camara.leg.br/api/v2/deputados/178986
br-deputado-federal;Deputado Federal;br-p-cd-194260;Nivaldo Albuquerque;;2023-02-01;eleito;Povo brasileiro;2027-01-31;não;https://dadosabertos.camara.leg.br/api/v2/deputados/194260
br-deputado-federal;Deputado Federal;br-p-cd-204498;Olival Marques;;2023-02-01;eleito;Povo brasileiro;2027-01-31;não;https://dadosabertos.camara.leg.br/api/v2/deputados/204498
br-deputado-federal;Deputado Federal;br-p-cd-178987;Orlando Silva;;2023-02-01;eleito;Povo brasileiro;2027-01-31;não;https://dadosabertos.camara.leg.br/api/v2/deputados/178987
br-deputado-federal;Deputado Federal;br-p-cd-73692;Osmar Terra;;2023-02-01;eleito;Povo brasileiro;2027-01-31;não;https://dadosabertos.camara.leg.br/api/v2/deputados/73692
br-deputado-federal;Deputado Federal;br-p-cd-204441;Otoni de Paula;;2023-02-01;eleito;Povo brasileiro;2027-01-31;não;https://dadosabertos.camara.leg.br/api/v2/deputados/204441
br-deputado-federal;Deputado Federal;br-p-cd-160556;Padre João;;2023-02-01;eleito;Povo brasileiro;2027-01-31;não;https://dadosabertos.camara.leg.br/api/v2/deputados/160556
br-deputado-federal;Deputado Federal;br-p-cd-180214;Pastor Diniz;;2023-02-01;eleito;Povo brasileiro;2027-01-31;não;https://dadosabertos.camara.leg.br/api/v2/deputados/180214
br-deputado-federal;Deputado Federal;br-p-cd-160642;Pastor Eurico;;2023-02-01;eleito;Povo brasileiro;2027-01-31;não;https://dadosabertos.camara.leg.br/api/v2/deputados/160642
br-deputado-federal;Deputado Federal;br-p-cd-204570;Pastor Gil;;2023-02-01;eleito;Povo brasileiro;2027-01-31;não;https://dadosabertos.camara.leg.br/api/v2/deputados/204570
br-deputado-federal;Deputado Federal;br-p-cd-220615;Pastor Henrique Vieira;;2023-02-01;eleito;Povo brasileiro;2027-01-31;não;https://dadosabertos.camara.leg.br/api/v2/deputados/220615
br-deputado-federal;Deputado Federal;br-p-cd-204553;Pastor Sargento Isidório;;2023-02-01;eleito;Povo brasileiro;2027-01-31;não;https://dadosabertos.camara.leg.br/api/v2/deputados/204553
br-deputado-federal;Deputado Federal;br-p-cd-74160;Patrus Ananias;;2023-02-01;eleito;Povo brasileiro;2027-01-31;não;https://dadosabertos.camara.leg.br/api/v2/deputados/74160
br-deputado-federal;Deputado Federal;br-p-cd-141518;Paulinho da Força;;2023-02-01;eleito;Povo brasileiro;2027-01-31;não;https://dadosabertos.camara.leg.br/api/v2/deputados/141518
br-deputado-federal;Deputado Federal;br-p-cd-141516;Paulo Abi-Ackel;;2023-02-01;eleito;Povo brasileiro;2027-01-31;não;https://dadosabertos.camara.leg.br/api/v2/deputados/141516
br-deputado-federal;Deputado Federal;br-p-cd-220650;Paulo Alexandre Barbosa;;2023-02-01;eleito;Povo brasileiro;2027-01-31;não;https://dadosabertos.camara.leg.br/api/v2/deputados/220650
br-deputado-federal;Deputado Federal;br-p-cd-178860;Paulo Azi;;2023-02-01;eleito;Povo brasileiro;2027-01-31;não;https://dadosabertos.camara.leg.br/api/v2/deputados/178860
br-deputado-federal;Deputado Federal;br-p-cd-160517;Paulo Folletto;;2023-02-01;eleito;Povo brasileiro;2027-01-31;não;https://dadosabertos.camara.leg.br/api/v2/deputados/160517
br-deputado-federal;Deputado Federal;br-p-cd-160558;Paulo Freire Costa;;2023-02-01;eleito;Povo brasileiro;2027-01-31;não;https://dadosabertos.camara.leg.br/api/v2/deputados/160558
br-deputado-federal;Deputado Federal;br-p-cd-204492;Paulo Guedes;;2023-02-01;eleito;Povo brasileiro;2027-01-31;não;https://dadosabertos.camara.leg.br/api/v2/deputados/204492
br-deputado-federal;Deputado Federal;br-p-cd-233592;Paulo Lemos;;2023-02-01;eleito;Povo brasileiro;2027-01-31;não;https://dadosabertos.camara.leg.br/api/v2/deputados/233592
br-deputado-federal;Deputado Federal;br-p-cd-220685;Paulo Litro;;2023-02-01;eleito;Povo brasileiro;2027-01-31;não;https://dadosabertos.camara.leg.br/api/v2/deputados/220685
br-deputado-federal;Deputado Federal;br-p-cd-74574;Paulo Magalhães;;2023-02-01;eleito;Povo brasileiro;2027-01-31;não;https://dadosabertos.camara.leg.br/api/v2/deputados/74574
br-deputado-federal;Deputado Federal;br-p-cd-74400;Paulo Pimenta;;2023-02-01;eleito;Povo brasileiro;2027-01-31;não;https://dadosabertos.camara.leg.br/api/v2/deputados/74400
br-deputado-federal;Deputado Federal;br-p-cd-154700;Paulo Soares;;2023-02-01;eleito;Povo brasileiro;2027-01-31;não;https://dadosabertos.camara.leg.br/api/v2/deputados/154700
br-deputado-federal;Deputado Federal;br-p-cd-141488;Paulo Teixeira;;2023-02-01;eleito;Povo brasileiro;2027-01-31;não;https://dadosabertos.camara.leg.br/api/v2/deputados/141488
br-deputado-federal;Deputado Federal;br-p-cd-220630;Pedro Aihara;;2023-02-01;eleito;Povo brasileiro;2027-01-31;não;https://dadosabertos.camara.leg.br/api/v2/deputados/220630
br-deputado-federal;Deputado Federal;br-p-cd-220667;Pedro Campos;;2023-02-01;eleito;Povo brasileiro;2027-01-31;não;https://dadosabertos.camara.leg.br/api/v2/deputados/220667
br-deputado-federal;Deputado Federal;br-p-cd-122974;Pedro Lucas Fernandes;;2023-02-01;eleito;Povo brasileiro;2027-01-31;não;https://dadosabertos.camara.leg.br/api/v2/deputados/122974
br-deputado-federal;Deputado Federal;br-p-cd-204395;Pedro Lupion;;2023-02-01;eleito;Povo brasileiro;2027-01-31;não;https://dadosabertos.camara.leg.br/api/v2/deputados/204395
br-deputado-federal;Deputado Federal;br-p-cd-122158;Pedro Paulo;;2023-02-01;eleito;Povo brasileiro;2027-01-31;não;https://dadosabertos.camara.leg.br/api/v2/deputados/122158
br-deputado-federal;Deputado Federal;br-p-cd-160604;Pedro Uczai;;2023-02-01;eleito;Povo brasileiro;2027-01-31;não;https://dadosabertos.camara.leg.br/api/v2/deputados/160604
br-deputado-federal;Deputado Federal;br-p-cd-204406;Pedro Westphalen;;2023-02-01;eleito;Povo brasileiro;2027-01-31;não;https://dadosabertos.camara.leg.br/api/v2/deputados/204406
br-deputado-federal;Deputado Federal;br-p-cd-161440;Pezenti;;2023-02-01;eleito;Povo brasileiro;2027-01-31;não;https://dadosabertos.camara.leg.br/api/v2/deputados/161440
br-deputado-federal;Deputado Federal;br-p-cd-204524;Pinheirinho;;2023-02-01;eleito;Povo brasileiro;2027-01-31;não;https://dadosabertos.camara.leg.br/api/v2/deputados/204524
br-deputado-federal;Deputado Federal;br-p-cd-73486;Pompeo de Mattos;;2023-02-01;eleito;Povo brasileiro;2027-01-31;não;https://dadosabertos.camara.leg.br/api/v2/deputados/73486
br-deputado-federal;Deputado Federal;br-p-cd-160601;Pr. Marco Feliciano;;2023-02-01;eleito;Povo brasileiro;2027-01-31;não;https://dadosabertos.camara.leg.br/api/v2/deputados/160601
br-deputado-federal;Deputado Federal;br-p-cd-226075;Priscila Costa;;2023-02-01;eleito;Povo brasileiro;2027-01-31;não;https://dadosabertos.camara.leg.br/api/v2/deputados/226075
br-deputado-federal;Deputado Federal;br-p-cd-220533;Prof. Reginaldo Veras;;2023-02-01;eleito;Povo brasileiro;2027-01-31;não;https://dadosabertos.camara.leg.br/api/v2/deputados/220533
br-deputado-federal;Deputado Federal;br-p-cd-204390;Professor Alcides;;2023-02-01;eleito;Povo brasileiro;2027-01-31;não;https://dadosabertos.camara.leg.br/api/v2/deputados/204390
br-deputado-federal;Deputado Federal;br-p-cd-221338;Professora Luciene Cavalcante;;2023-02-01;eleito;Povo brasileiro;2027-01-31;não;https://dadosabertos.camara.leg.br/api/v2/deputados/221338
br-deputado-federal;Deputado Federal;br-p-cd-160641;Professora Marcivania;;2023-02-01;eleito;Povo brasileiro;2027-01-31;não;https://dadosabertos.camara.leg.br/api/v2/deputados/160641
br-deputado-federal;Deputado Federal;br-p-cd-220586;Rafael Brito;;2023-02-01;eleito;Povo brasileiro;2027-01-31;não;https://dadosabertos.camara.leg.br/api/v2/deputados/220586
br-deputado-federal;Deputado Federal;br-p-cd-233594;Rafael Fera;;2023-02-01;eleito;Povo brasileiro;2027-01-31;não;https://dadosabertos.camara.leg.br/api/v2/deputados/233594
br-deputado-federal;Deputado Federal;br-p-cd-220532;Rafael Prudente;;2023-02-01;eleito;Povo brasileiro;2027-01-31;não;https://dadosabertos.camara.leg.br/api/v2/deputados/220532
br-deputado-federal;Deputado Federal;br-p-cd-220626;Rafael Simoes;;2023-02-01;eleito;Povo brasileiro;2027-01-31;não;https://dadosabertos.camara.leg.br/api/v2/deputados/220626
br-deputado-federal;Deputado Federal;br-p-cd-204567;Raimundo Costa;;2023-02-01;eleito;Povo brasileiro;2027-01-31;não;https://dadosabertos.camara.leg.br/api/v2/deputados/204567
br-deputado-federal;Deputado Federal;br-p-cd-74084;Raimundo Santos;;2023-02-01;eleito;Povo brasileiro;2027-01-31;não;https://dadosabertos.camara.leg.br/api/v2/deputados/74084
br-deputado-federal;Deputado Federal;br-p-cd-115200;Raniery Paulino;;2023-02-01;eleito;Povo brasileiro;2027-01-31;não;https://dadosabertos.camara.leg.br/api/v2/deputados/115200
br-deputado-federal;Deputado Federal;br-p-cd-74161;Reginaldo Lopes;;2023-02-01;eleito;Povo brasileiro;2027-01-31;não;https://dadosabertos.camara.leg.br/api/v2/deputados/74161
br-deputado-federal;Deputado Federal;br-p-cd-220606;Reimont;;2023-02-01;eleito;Povo brasileiro;2027-01-31;não;https://dadosabertos.camara.leg.br/api/v2/deputados/220606
br-deputado-federal;Deputado Federal;br-p-cd-153423;Renilce Nicodemos;;2023-02-01;eleito;Povo brasileiro;2027-01-31;não;https://dadosabertos.camara.leg.br/api/v2/deputados/153423
br-deputado-federal;Deputado Federal;br-p-cd-73801;Renildo Calheiros;;2023-02-01;eleito;Povo brasileiro;2027-01-31;não;https://dadosabertos.camara.leg.br/api/v2/deputados/73801
br-deputado-federal;Deputado Federal;br-p-cd-175765;Ribamar Silva;;2023-02-01;eleito;Povo brasileiro;2027-01-31;não;https://dadosabertos.camara.leg.br/api/v2/deputados/175765
br-deputado-federal;Deputado Federal;br-p-cd-221329;Ricardo Abrão;;2023-02-01;eleito;Povo brasileiro;2027-01-31;não;https://dadosabertos.camara.leg.br/api/v2/deputados/221329
br-deputado-federal;Deputado Federal;br-p-cd-220543;Ricardo Ayres;;2023-02-01;eleito;Povo brasileiro;2027-01-31;não;https://dadosabertos.camara.leg.br/api/v2/deputados/220543
br-deputado-federal;Deputado Federal;br-p-cd-73788;Ricardo Barros;;2023-02-01;eleito;Povo brasileiro;2027-01-31;não;https://dadosabertos.camara.leg.br/api/v2/deputados/73788
br-deputado-federal;Deputado Federal;br-p-cd-204362;Ricardo Guidi;;2023-02-01;eleito;Povo brasileiro;2027-01-31;não;https://dadosabertos.camara.leg.br/api/v2/deputados/204362
br-deputado-federal;Deputado Federal;br-p-cd-220694;Ricardo Maia;;2023-02-01;eleito;Povo brasileiro;2027-01-31;não;https://dadosabertos.camara.leg.br/api/v2/deputados/220694
br-deputado-federal;Deputado Federal;br-p-cd-220633;Ricardo Salles;;2023-02-01;eleito;Povo brasileiro;2027-01-31;não;https://dadosabertos.camara.leg.br/api/v2/deputados/220633
br-deputado-federal;Deputado Federal;br-p-cd-204489;Robério Monteiro;;2023-02-01;eleito;Povo brasileiro;2027-01-31;não;https://dadosabertos.camara.leg.br/api/v2/deputados/204489
br-deputado-federal;Deputado Federal;br-p-cd-220693;Roberta Roma;;2023-02-01;eleito;Povo brasileiro;2027-01-31;não;https://dadosabertos.camara.leg.br/api/v2/deputados/220693
br-deputado-federal;Deputado Federal;br-p-cd-220588;Roberto Duarte;;2023-02-01;eleito;Povo brasileiro;2027-01-31;não;https://dadosabertos.camara.leg.br/api/v2/deputados/220588
br-deputado-federal;Deputado Federal;br-p-cd-220613;Roberto Monteiro Pai;;2023-02-01;eleito;Povo brasileiro;2027-01-31;não;https://dadosabertos.camara.leg.br/api/v2/deputados/220613
br-deputado-federal;Deputado Federal;br-p-cd-220624;Robinson Faria;;2023-02-01;eleito;Povo brasileiro;2027-01-31;não;https://dadosabertos.camara.leg.br/api/v2/deputados/220624
br-deputado-federal;Deputado Federal;br-p-cd-220546;Rodolfo Nogueira;;2023-02-01;eleito;Povo brasileiro;2027-01-31;não;https://dadosabertos.camara.leg.br/api/v2/deputados/220546
br-deputado-federal;Deputado Federal;br-p-cd-230767;Rodrigo da Zaeli;;2023-02-01;eleito;Povo brasileiro;2027-01-31;não;https://dadosabertos.camara.leg.br/api/v2/deputados/230767
br-deputado-federal;Deputado Federal;br-p-cd-141531;Rodrigo de Castro;;2023-02-01;eleito;Povo brasileiro;2027-01-31;não;https://dadosabertos.camara.leg.br/api/v2/deputados/141531
br-deputado-federal;Deputado Federal;br-p-cd-220641;Rodrigo Gambale;;2023-02-01;eleito;Povo brasileiro;2027-01-31;não;https://dadosabertos.camara.leg.br/api/v2/deputados/220641
br-deputado-federal;Deputado Federal;br-p-cd-141533;Rodrigo Rollemberg;;2023-02-01;eleito;Povo brasileiro;2027-01-31;não;https://dadosabertos.camara.leg.br/api/v2/deputados/141533
br-deputado-federal;Deputado Federal;br-p-cd-165470;Rodrigo Valadares;;2023-02-01;eleito;Povo brasileiro;2027-01-31;não;https://dadosabertos.camara.leg.br/api/v2/deputados/165470
br-deputado-federal;Deputado Federal;br-p-cd-220695;Rogéria Santos;;2023-02-01;eleito;Povo brasileiro;2027-01-31;não;https://dadosabertos.camara.leg.br/api/v2/deputados/220695
br-deputado-federal;Deputado Federal;br-p-cd-204480;Rogério Correia;;2023-02-01;eleito;Povo brasileiro;2027-01-31;não;https://dadosabertos.camara.leg.br/api/v2/deputados/204480
br-deputado-federal;Deputado Federal;br-p-cd-204525;Rosana Valle;;2023-02-01;eleito;Povo brasileiro;2027-01-31;não;https://dadosabertos.camara.leg.br/api/v2/deputados/204525
br-deputado-federal;Deputado Federal;br-p-cd-178945;Rosangela Gomes;;2023-02-01;eleito;Povo brasileiro;2027-01-31;não;https://dadosabertos.camara.leg.br/api/v2/deputados/178945
br-deputado-federal;Deputado Federal;br-p-cd-220644;Rosangela Moro;;2023-02-01;eleito;Povo brasileiro;2027-01-31;não;https://dadosabertos.camara.leg.br/api/v2/deputados/220644
br-deputado-federal;Deputado Federal;br-p-cd-220620;Rosângela Reis;;2023-02-01;eleito;Povo brasileiro;2027-01-31;não;https://dadosabertos.camara.leg.br/api/v2/deputados/220620
br-deputado-federal;Deputado Federal;br-p-cd-74371;Rubens Otoni;;2023-02-01;eleito;Povo brasileiro;2027-01-31;não;https://dadosabertos.camara.leg.br/api/v2/deputados/74371
br-deputado-federal;Deputado Federal;br-p-cd-178887;Rubens Pereira Júnior;;2023-02-01;eleito;Povo brasileiro;2027-01-31;não;https://dadosabertos.camara.leg.br/api/v2/deputados/178887
br-deputado-federal;Deputado Federal;br-p-cd-73604;Rui Falcão;;2023-02-01;eleito;Povo brasileiro;2027-01-31;não;https://dadosabertos.camara.leg.br/api/v2/deputados/73604
br-deputado-federal;Deputado Federal;br-p-cd-160635;Ruy Carneiro;;2023-02-01;eleito;Povo brasileiro;2027-01-31;não;https://dadosabertos.camara.leg.br/api/v2/deputados/160635
br-deputado-federal;Deputado Federal;br-p-cd-204535;Sâmia Bomfim;;2023-02-01;eleito;Povo brasileiro;2027-01-31;não;https://dadosabertos.camara.leg.br/api/v2/deputados/204535
br-deputado-federal;Deputado Federal;br-p-cd-220631;Samuel Viana;;2023-02-01;eleito;Povo brasileiro;2027-01-31;não;https://dadosabertos.camara.leg.br/api/v2/deputados/220631
br-deputado-federal;Deputado Federal;br-p-cd-204416;Sanderson;;2023-02-01;eleito;Povo brasileiro;2027-01-31;não;https://dadosabertos.camara.leg.br/api/v2/deputados/204416
br-deputado-federal;Deputado Federal;br-p-cd-160621;Sandro Alex;;2023-02-01;eleito;Povo brasileiro;2027-01-31;não;https://dadosabertos.camara.leg.br/api/v2/deputados/160621
br-deputado-federal;Deputado Federal;br-p-cd-236518;Santin Roveda;;2023-02-01;eleito;Povo brasileiro;2027-01-31;não;https://dadosabertos.camara.leg.br/api/v2/deputados/236518
br-deputado-federal;Deputado Federal;br-p-cd-204387;Sargento Fahur;;2023-02-01;eleito;Povo brasileiro;2027-01-31;não;https://dadosabertos.camara.leg.br/api/v2/deputados/204387
br-deputado-federal;Deputado Federal;br-p-cd-220621;Sargento Gonçalves;;2023-02-01;eleito;Povo brasileiro;2027-01-31;não;https://dadosabertos.camara.leg.br/api/v2/deputados/220621
br-deputado-federal;Deputado Federal;br-p-cd-220618;Sargento Portugal;;2023-02-01;eleito;Povo brasileiro;2027-01-31;não;https://dadosabertos.camara.leg.br/api/v2/deputados/220618
br-deputado-federal;Deputado Federal;br-p-cd-220713;Saullo Vianna;;2023-02-01;eleito;Povo brasileiro;2027-01-31;não;https://dadosabertos.camara.leg.br/api/v2/deputados/220713
br-deputado-federal;Deputado Federal;br-p-cd-226837;Saulo Pedroso;;2023-02-01;eleito;Povo brasileiro;2027-01-31;não;https://dadosabertos.camara.leg.br/api/v2/deputados/226837
br-deputado-federal;Deputado Federal;br-p-cd-73808;Sérgio Brito;;2023-02-01;eleito;Povo brasileiro;2027-01-31;não;https://dadosabertos.camara.leg.br/api/v2/deputados/73808
br-deputado-federal;Deputado Federal;br-p-cd-178933;Sergio Souza;;2023-02-01;eleito;Povo brasileiro;2027-01-31;não;https://dadosabertos.camara.leg.br/api/v2/deputados/178933
br-deputado-federal;Deputado Federal;br-p-cd-204557;Sidney Leite;;2023-02-01;eleito;Povo brasileiro;2027-01-31;não;https://dadosabertos.camara.leg.br/api/v2/deputados/204557
br-deputado-federal;Deputado Federal;br-p-cd-74356;Silas Câmara;;2023-02-01;eleito;Povo brasileiro;2027-01-31;não;https://dadosabertos.camara.leg.br/api/v2/deputados/74356
br-deputado-federal;Deputado Federal;br-p-cd-204360;Silvia Cristina;;2023-02-01;eleito;Povo brasileiro;2027-01-31;não;https://dadosabertos.camara.leg.br/api/v2/deputados/204360
br-deputado-federal;Deputado Federal;br-p-cd-204425;Silvio Costa Filho;;2023-02-01;eleito;Povo brasileiro;2027-01-31;não;https://dadosabertos.camara.leg.br/api/v2/deputados/204425
br-deputado-federal;Deputado Federal;br-p-cd-220569;Silvye Alves;;2023-02-01;eleito;Povo brasileiro;2027-01-31;não;https://dadosabertos.camara.leg.br/api/v2/deputados/220569
br-deputado-federal;Deputado Federal;br-p-cd-220651;Simone Marquetto;;2023-02-01;eleito;Povo brasileiro;2027-01-31;não;https://dadosabertos.camara.leg.br/api/v2/deputados/220651
br-deputado-federal;Deputado Federal;br-p-cd-104552;Socorro Neri;;2023-02-01;eleito;Povo brasileiro;2027-01-31;não;https://dadosabertos.camara.leg.br/api/v2/deputados/104552
br-deputado-federal;Deputado Federal;br-p-cd-220643;Sônia Guajajara;;2023-02-01;eleito;Povo brasileiro;2027-01-31;não;https://dadosabertos.camara.leg.br/api/v2/deputados/220643
br-deputado-federal;Deputado Federal;br-p-cd-178946;Soraya Santos;;2023-02-01;eleito;Povo brasileiro;2027-01-31;não;https://dadosabertos.camara.leg.br/api/v2/deputados/178946
br-deputado-federal;Deputado Federal;br-p-cd-178947;Sóstenes Cavalcante;;2023-02-01;eleito;Povo brasileiro;2027-01-31;não;https://dadosabertos.camara.leg.br/api/v2/deputados/178947
br-deputado-federal;Deputado Federal;br-p-cd-92776;Stefano Aguiar;;2023-02-01;eleito;Povo brasileiro;2027-01-31;não;https://dadosabertos.camara.leg.br/api/v2/deputados/92776
br-deputado-federal;Deputado Federal;br-p-cd-204534;Tabata Amaral;;2023-02-01;eleito;Povo brasileiro;2027-01-31;não;https://dadosabertos.camara.leg.br/api/v2/deputados/204534
br-deputado-federal;Deputado Federal;br-p-cd-220682;Tadeu Veneri;;2023-02-01;eleito;Povo brasileiro;2027-01-31;não;https://dadosabertos.camara.leg.br/api/v2/deputados/220682
br-deputado-federal;Deputado Federal;br-p-cd-204464;Talíria Petrone;;2023-02-01;eleito;Povo brasileiro;2027-01-31;não;https://dadosabertos.camara.leg.br/api/v2/deputados/204464
br-deputado-federal;Deputado Federal;br-p-cd-220598;Tarcísio Motta;;2023-02-01;eleito;Povo brasileiro;2027-01-31;não;https://dadosabertos.camara.leg.br/api/v2/deputados/220598
br-deputado-federal;Deputado Federal;br-p-cd-220560;Thiago de Joaldo;;2023-02-01;eleito;Povo brasileiro;2027-01-31;não;https://dadosabertos.camara.leg.br/api/v2/deputados/220560
br-deputado-federal;Deputado Federal;br-p-cd-220597;Thiago Flores;;2023-02-01;eleito;Povo brasileiro;2027-01-31;não;https://dadosabertos.camara.leg.br/api/v2/deputados/220597
br-deputado-federal;Deputado Federal;br-p-cd-143084;Tiago Dimas;;2023-02-01;eleito;Povo brasileiro;2027-01-31;não;https://dadosabertos.camara.leg.br/api/v2/deputados/143084
br-deputado-federal;Deputado Federal;br-p-cd-220684;Tião Medeiros;;2023-02-01;eleito;Povo brasileiro;2027-01-31;não;https://dadosabertos.camara.leg.br/api/v2/deputados/220684
br-deputado-federal;Deputado Federal;br-p-cd-160976;Tiririca;;2023-02-01;eleito;Povo brasileiro;2027-01-31;não;https://dadosabertos.camara.leg.br/api/v2/deputados/160976
br-deputado-federal;Deputado Federal;br-p-cd-178934;Toninho Wandscheer;;2023-02-01;eleito;Povo brasileiro;2027-01-31;não;https://dadosabertos.camara.leg.br/api/v2/deputados/178934
br-deputado-federal;Deputado Federal;br-p-cd-157130;Túlio Gadêlha;;2023-02-01;eleito;Povo brasileiro;2027-01-31;não;https://dadosabertos.camara.leg.br/api/v2/deputados/157130
br-deputado-federal;Deputado Federal;br-p-cd-236423;Valdir Trindade;;2023-02-01;eleito;Povo brasileiro;2027-01-31;não;https://dadosabertos.camara.leg.br/api/v2/deputados/236423
br-deputado-federal;Deputado Federal;br-p-cd-160610;Valmir Assunção;;2023-02-01;eleito;Povo brasileiro;2027-01-31;não;https://dadosabertos.camara.leg.br/api/v2/deputados/160610
br-deputado-federal;Deputado Federal;br-p-cd-74376;Vander Loubet;;2023-02-01;eleito;Povo brasileiro;2027-01-31;não;https://dadosabertos.camara.leg.br/api/v2/deputados/74376
br-deputado-federal;Deputado Federal;br-p-cd-204396;Vermelho;;2023-02-01;eleito;Povo brasileiro;2027-01-31;não;https://dadosabertos.camara.leg.br/api/v2/deputados/204396
br-deputado-federal;Deputado Federal;br-p-cd-137070;Vicentinho Júnior;;2023-02-01;eleito;Povo brasileiro;2027-01-31;não;https://dadosabertos.camara.leg.br/api/v2/deputados/137070
br-deputado-federal;Deputado Federal;br-p-cd-141555;Vinicius Carvalho;;2023-02-01;eleito;Povo brasileiro;2027-01-31;não;https://dadosabertos.camara.leg.br/api/v2/deputados/141555
br-deputado-federal;Deputado Federal;br-p-cd-160591;Vinicius Gurgel;;2023-02-01;eleito;Povo brasileiro;2027-01-31;não;https://dadosabertos.camara.leg.br/api/v2/deputados/160591
br-deputado-federal;Deputado Federal;br-p-cd-178992;Vitor Lippi;;2023-02-01;eleito;Povo brasileiro;2027-01-31;não;https://dadosabertos.camara.leg.br/api/v2/deputados/178992
br-deputado-federal;Deputado Federal;br-p-cd-91228;Waldemar Oliveira;;2023-02-01;eleito;Povo brasileiro;2027-01-31;não;https://dadosabertos.camara.leg.br/api/v2/deputados/91228
br-deputado-federal;Deputado Federal;br-p-cd-160569;Waldenor Pereira;;2023-02-01;eleito;Povo brasileiro;2027-01-31;não;https://dadosabertos.camara.leg.br/api/v2/deputados/160569
br-deputado-federal;Deputado Federal;br-p-cd-160518;Weliton Prado;;2023-02-01;eleito;Povo brasileiro;2027-01-31;não;https://dadosabertos.camara.leg.br/api/v2/deputados/160518
br-deputado-federal;Deputado Federal;br-p-cd-74043;Wellington Roberto;;2023-02-01;eleito;Povo brasileiro;2027-01-31;não;https://dadosabertos.camara.leg.br/api/v2/deputados/74043
br-deputado-federal;Deputado Federal;br-p-cd-224333;Welter;;2023-02-01;eleito;Povo brasileiro;2027-01-31;não;https://dadosabertos.camara.leg.br/api/v2/deputados/224333
br-deputado-federal;Deputado Federal;br-p-cd-220564;Yandra Moura;;2023-02-01;eleito;Povo brasileiro;2027-01-31;não;https://dadosabertos.camara.leg.br/api/v2/deputados/220564
br-deputado-federal;Deputado Federal;br-p-cd-220660;Yury do Paredão;;2023-02-01;eleito;Povo brasileiro;2027-01-31;não;https://dadosabertos.camara.leg.br/api/v2/deputados/220660
br-deputado-federal;Deputado Federal;br-p-cd-230768;Zé Adriano;;2023-02-01;eleito;Povo brasileiro;2027-01-31;não;https://dadosabertos.camara.leg.br/api/v2/deputados/230768
br-deputado-federal;Deputado Federal;br-p-cd-220536;Zé Haroldo Cathedral;;2023-02-01;eleito;Povo brasileiro;2027-01-31;não;https://dadosabertos.camara.leg.br/api/v2/deputados/220536
br-deputado-federal;Deputado Federal;br-p-cd-204559;Zé Neto;;2023-02-01;eleito;Povo brasileiro;2027-01-31;não;https://dadosabertos.camara.leg.br/api/v2/deputados/204559
br-deputado-federal;Deputado Federal;br-p-cd-160632;Zé Silva;;2023-02-01;eleito;Povo brasileiro;2027-01-31;não;https://dadosabertos.camara.leg.br/api/v2/deputados/160632
br-deputado-federal;Deputado Federal;br-p-cd-220558;Zé Trovão;;2023-02-01;eleito;Povo brasileiro;2027-01-31;não;https://dadosabertos.camara.leg.br/api/v2/deputados/220558
br-deputado-federal;Deputado Federal;br-p-cd-204517;Zé Vitor;;2023-02-01;eleito;Povo brasileiro;2027-01-31;não;https://dadosabertos.camara.leg.br/api/v2/deputados/204517
br-deputado-federal;Deputado Federal;br-p-cd-160592;Zeca Dirceu;;2023-02-01;eleito;Povo brasileiro;2027-01-31;não;https://dadosabertos.camara.leg.br/api/v2/deputados/160592
br-deputado-federal;Deputado Federal;br-p-cd-220592;Zezinho Barbary;;2023-02-01;eleito;Povo brasileiro;2027-01-31;não;https://dadosabertos.camara.leg.br/api/v2/deputados/220592
br-deputado-federal;Deputado Federal;br-p-cd-220552;Zucco;;2023-02-01;eleito;Povo brasileiro;2027-01-31;não;https://dadosabertos.camara.leg.br/api/v2/deputados/220552
br-senador;Senador da República;br-p-sf-5672;Alan Rick;;2023-02-01;eleito;Povo brasileiro;2031-01-31;não;http://www25.senado.leg.br/web/senadores/senador/-/perfil/5672
br-senador;Senador da República;br-p-sf-5982;Alessandro Vieira;;2019-02-01;eleito;Povo brasileiro;2027-01-31;não;http://www25.senado.leg.br/web/senadores/senador/-/perfil/5982
br-senador;Senador da República;br-p-sf-5967;Angelo Coronel;;2019-02-01;eleito;Povo brasileiro;2027-01-31;não;http://www25.senado.leg.br/web/senadores/senador/-/perfil/5967
br-senador;Senador da República;br-p-sf-6009;Astronauta Marcos Pontes;;2023-02-01;eleito;Povo brasileiro;2031-01-31;não;http://www25.senado.leg.br/web/senadores/senador/-/perfil/6009
br-senador;Senador da República;br-p-sf-4639;Beto Faro;;2023-02-01;eleito;Povo brasileiro;2031-01-31;não;http://www25.senado.leg.br/web/senadores/senador/-/perfil/4639
br-senador;Senador da República;br-p-sf-6336;Camilo Santana;;2023-02-01;eleito;Povo brasileiro;2031-01-31;não;http://www25.senado.leg.br/web/senadores/senador/-/perfil/6336
br-senador;Senador da República;br-p-sf-6295;Carlos Fávaro;;2019-02-01;eleito;Povo brasileiro;2027-01-31;não;http://www25.senado.leg.br/web/senadores/senador/-/perfil/6295
br-senador;Senador da República;br-p-sf-5936;Carlos Portinho;;2019-02-01;suplente;;;não;http://www25.senado.leg.br/web/senadores/senador/-/perfil/5936
br-senador;Senador da República;br-p-sf-5990;Carlos Viana;;2019-02-01;eleito;Povo brasileiro;2027-01-31;não;http://www25.senado.leg.br/web/senadores/senador/-/perfil/5990
br-senador;Senador da República;br-p-sf-470;Chico Rodrigues;;2019-02-01;eleito;Povo brasileiro;2027-01-31;não;http://www25.senado.leg.br/web/senadores/senador/-/perfil/470
br-senador;Senador da República;br-p-sf-5973;Cid Gomes;;2019-02-01;eleito;Povo brasileiro;2027-01-31;não;http://www25.senado.leg.br/web/senadores/senador/-/perfil/5973
br-senador;Senador da República;br-p-sf-739;Ciro Nogueira;;2019-02-01;eleito;Povo brasileiro;2027-01-31;não;http://www25.senado.leg.br/web/senadores/senador/-/perfil/739
br-senador;Senador da República;br-p-sf-6337;Cleitinho;;2023-02-01;eleito;Povo brasileiro;2031-01-31;não;http://www25.senado.leg.br/web/senadores/senador/-/perfil/6337
br-senador;Senador da República;br-p-sf-475;Confúcio Moura;;2019-02-01;eleito;Povo brasileiro;2027-01-31;não;http://www25.senado.leg.br/web/senadores/senador/-/perfil/475
br-senador;Senador da República;br-p-sf-6335;Damares Alves;;2023-02-01;eleito;Povo brasileiro;2031-01-31;não;http://www25.senado.leg.br/web/senadores/senador/-/perfil/6335
br-senador;Senador da República;br-p-sf-5998;Daniella Ribeiro;;2019-02-01;eleito;Povo brasileiro;2027-01-31;não;http://www25.senado.leg.br/web/senadores/senador/-/perfil/5998
br-senador;Senador da República;br-p-sf-3830;Davi Alcolumbre;;2023-02-01;eleito;Povo brasileiro;2031-01-31;não;http://www25.senado.leg.br/web/senadores/senador/-/perfil/3830
br-senador;Senador da República;br-p-sf-5793;Dr. Hiran;;2023-02-01;eleito;Povo brasileiro;2031-01-31;não;http://www25.senado.leg.br/web/senadores/senador/-/perfil/5793
br-senador;Senador da República;br-p-sf-5906;Dra. Eudócia;;2019-02-01;suplente;;;não;http://www25.senado.leg.br/web/senadores/senador/-/perfil/5906
br-senador;Senador da República;br-p-sf-4994;Eduardo Braga;;2019-02-01;eleito;Povo brasileiro;2027-01-31;não;http://www25.senado.leg.br/web/senadores/senador/-/perfil/4994
br-senador;Senador da República;br-p-sf-3777;Eduardo Gomes;;2019-02-01;eleito;Povo brasileiro;2027-01-31;não;http://www25.senado.leg.br/web/senadores/senador/-/perfil/3777
br-senador;Senador da República;br-p-sf-4642;Efraim Filho;;2023-02-01;eleito;Povo brasileiro;2031-01-31;não;http://www25.senado.leg.br/web/senadores/senador/-/perfil/4642
br-senador;Senador da República;br-p-sf-5718;Eliziane Gama;;2019-02-01;eleito;Povo brasileiro;2027-01-31;não;http://www25.senado.leg.br/web/senadores/senador/-/perfil/5718
br-senador;Senador da República;br-p-sf-22;Esperidião Amin;;2019-02-01;eleito;Povo brasileiro;2027-01-31;não;http://www25.senado.leg.br/web/senadores/senador/-/perfil/22
br-senador;Senador da República;br-p-sf-5953;Fabiano Contarato;;2019-02-01;eleito;Povo brasileiro;2027-01-31;não;http://www25.senado.leg.br/web/senadores/senador/-/perfil/5953
br-senador;Senador da República;br-p-sf-5917;Fernando Dueire;;2019-02-01;suplente;;;não;http://www25.senado.leg.br/web/senadores/senador/-/perfil/5917
br-senador;Senador da República;br-p-sf-345;Flávio Arns;;2019-02-01;eleito;Povo brasileiro;2027-01-31;não;http://www25.senado.leg.br/web/senadores/senador/-/perfil/345
br-senador;Senador da República;br-p-sf-5894;Flávio Bolsonaro;;2019-02-01;eleito;Povo brasileiro;2027-01-31;não;http://www25.senado.leg.br/web/senadores/senador/-/perfil/5894
br-senador;Senador da República;br-p-sf-6008;Giordano;;2019-02-01;suplente;;;não;http://www25.senado.leg.br/web/senadores/senador/-/perfil/6008
br-senador;Senador da República;br-p-sf-6341;Hamilton Mourão;;2023-02-01;eleito;Povo brasileiro;2031-01-31;não;http://www25.senado.leg.br/web/senadores/senador/-/perfil/6341
br-senador;Senador da República;br-p-sf-5008;Humberto Costa;;2019-02-01;eleito;Povo brasileiro;2027-01-31;não;http://www25.senado.leg.br/web/senadores/senador/-/perfil/5008
br-senador;Senador da República;br-p-sf-5385;Irajá;;2019-02-01;eleito;Povo brasileiro;2027-01-31;não;http://www25.senado.leg.br/web/senadores/senador/-/perfil/5385
br-senador;Senador da República;br-p-sf-6010;Ivete da Silveira;;2019-02-01;suplente;;;não;http://www25.senado.leg.br/web/senadores/senador/-/perfil/6010
br-senador;Senador da República;br-p-sf-4770;Izalci Lucas;;2019-02-01;eleito;Povo brasileiro;2027-01-31;não;http://www25.senado.leg.br/web/senadores/senador/-/perfil/4770
br-senador;Senador da República;br-p-sf-35;Jader Barbalho;;2019-02-01;eleito;Povo brasileiro;2027-01-31;não;http://www25.senado.leg.br/web/senadores/senador/-/perfil/35
br-senador;Senador da República;br-p-sf-6340;Jaime Bagattoli;;2023-02-01;eleito;Povo brasileiro;2031-01-31;não;http://www25.senado.leg.br/web/senadores/senador/-/perfil/6340
br-senador;Senador da República;br-p-sf-581;Jaques Wagner;;2019-02-01;eleito;Povo brasileiro;2027-01-31;não;http://www25.senado.leg.br/web/senadores/senador/-/perfil/581
br-senador;Senador da República;br-p-sf-4531;Jayme Campos;;2019-02-01;eleito;Povo brasileiro;2027-01-31;não;http://www25.senado.leg.br/web/senadores/senador/-/perfil/4531
br-senador;Senador da República;br-p-sf-5895;Jorge Kajuru;;2019-02-01;eleito;Povo brasileiro;2027-01-31;não;http://www25.senado.leg.br/web/senadores/senador/-/perfil/5895
br-senador;Senador da República;br-p-sf-6342;Jorge Seif;;2023-02-01;eleito;Povo brasileiro;2031-01-31;não;http://www25.senado.leg.br/web/senadores/senador/-/perfil/6342
br-senador;Senador da República;br-p-sf-6369;Jussara Lima;;2023-02-01;suplente;;;não;http://www25.senado.leg.br/web/senadores/senador/-/perfil/6369
br-senador;Senador da República;br-p-sf-4811;Laércio Oliveira;;2023-02-01;eleito;Povo brasileiro;2031-01-31;não;http://www25.senado.leg.br/web/senadores/senador/-/perfil/4811
br-senador;Senador da República;br-p-sf-5979;Leila Barros;;2019-02-01;eleito;Povo brasileiro;2027-01-31;não;http://www25.senado.leg.br/web/senadores/senador/-/perfil/5979
br-senador;Senador da República;br-p-sf-6359;Lourdinha Pereira;;2023-02-01;suplente;;;não;http://www25.senado.leg.br/web/senadores/senador/-/perfil/6359
br-senador;Senador da República;br-p-sf-5926;Lucas Barreto;;2019-02-01;eleito;Povo brasileiro;2027-01-31;não;http://www25.senado.leg.br/web/senadores/senador/-/perfil/5926
br-senador;Senador da República;br-p-sf-1186;Luis Carlos Heinze;;2019-02-01;eleito;Povo brasileiro;2027-01-31;não;http://www25.senado.leg.br/web/senadores/senador/-/perfil/1186
br-senador;Senador da República;br-p-sf-631;Magno Malta;;2023-02-01;eleito;Povo brasileiro;2031-01-31;não;http://www25.senado.leg.br/web/senadores/senador/-/perfil/631
br-senador;Senador da República;br-p-sf-5376;Mara Gabrilli;;2019-02-01;eleito;Povo brasileiro;2027-01-31;não;http://www25.senado.leg.br/web/senadores/senador/-/perfil/5376
br-senador;Senador da República;br-p-sf-742;Marcelo Castro;;2019-02-01;eleito;Povo brasileiro;2027-01-31;não;http://www25.senado.leg.br/web/senadores/senador/-/perfil/742
br-senador;Senador da República;br-p-sf-285;Marcio Bittar;;2019-02-01;eleito;Povo brasileiro;2027-01-31;não;http://www25.senado.leg.br/web/senadores/senador/-/perfil/285
br-senador;Senador da República;br-p-sf-5422;Marcos Rogério;;2019-02-01;eleito;Povo brasileiro;2027-01-31;não;http://www25.senado.leg.br/web/senadores/senador/-/perfil/5422
br-senador;Senador da República;br-p-sf-5942;Marcos do Val;;2019-02-01;eleito;Povo brasileiro;2027-01-31;não;http://www25.senado.leg.br/web/senadores/senador/-/perfil/5942
br-senador;Senador da República;br-p-sf-5985;Nelsinho Trad;;2019-02-01;eleito;Povo brasileiro;2027-01-31;não;http://www25.senado.leg.br/web/senadores/senador/-/perfil/5985
br-senador;Senador da República;br-p-sf-5525;Omar Aziz;;2023-02-01;eleito;Povo brasileiro;2031-01-31;não;http://www25.senado.leg.br/web/senadores/senador/-/perfil/5525
br-senador;Senador da República;br-p-sf-5924;Oriovisto Guimarães;;2019-02-01;eleito;Povo brasileiro;2027-01-31;não;http://www25.senado.leg.br/web/senadores/senador/-/perfil/5924
br-senador;Senador da República;br-p-sf-5523;Otto Alencar;;2023-02-01;eleito;Povo brasileiro;2031-01-31;não;http://www25.senado.leg.br/web/senadores/senador/-/perfil/5523
br-senador;Senador da República;br-p-sf-825;Paulo Paim;;2019-02-01;eleito;Povo brasileiro;2027-01-31;não;http://www25.senado.leg.br/web/senadores/senador/-/perfil/825
br-senador;Senador da República;br-p-sf-5502;Plínio Valério;;2019-02-01;eleito;Povo brasileiro;2027-01-31;não;http://www25.senado.leg.br/web/senadores/senador/-/perfil/5502
br-senador;Senador da República;br-p-sf-5386;Professora Dorinha Seabra;;2023-02-01;eleito;Povo brasileiro;2031-01-31;não;http://www25.senado.leg.br/web/senadores/senador/-/perfil/5386
br-senador;Senador da República;br-p-sf-5012;Randolfe Rodrigues;;2019-02-01;eleito;Povo brasileiro;2027-01-31;não;http://www25.senado.leg.br/web/senadores/senador/-/perfil/5012
br-senador;Senador da República;br-p-sf-70;Renan Calheiros;;2019-02-01;eleito;Povo brasileiro;2027-01-31;não;http://www25.senado.leg.br/web/senadores/senador/-/perfil/70
br-senador;Senador da República;br-p-sf-5207;Renan Filho;;2023-02-01;eleito;Povo brasileiro;2031-01-31;não;http://www25.senado.leg.br/web/senadores/senador/-/perfil/5207
br-senador;Senador da República;br-p-sf-6025;Roberta Acioly;;2019-02-01;suplente;;;não;http://www25.senado.leg.br/web/senadores/senador/-/perfil/6025
br-senador;Senador da República;br-p-sf-5732;Rodrigo Pacheco;;2019-02-01;eleito;Povo brasileiro;2027-01-31;não;http://www25.senado.leg.br/web/senadores/senador/-/perfil/5732
br-senador;Senador da República;br-p-sf-4694;Rogerio Marinho;;2023-02-01;eleito;Povo brasileiro;2031-01-31;não;http://www25.senado.leg.br/web/senadores/senador/-/perfil/4694
br-senador;Senador da República;br-p-sf-5352;Rogério Carvalho;;2019-02-01;eleito;Povo brasileiro;2027-01-31;não;http://www25.senado.leg.br/web/senadores/senador/-/perfil/5352
br-senador;Senador da República;br-p-sf-5322;Romário;;2023-02-01;eleito;Povo brasileiro;2031-01-31;não;http://www25.senado.leg.br/web/senadores/senador/-/perfil/5322
br-senador;Senador da República;br-p-sf-5974;Sargento Reginauro;;2019-02-01;suplente;;;não;http://www25.senado.leg.br/web/senadores/senador/-/perfil/5974
br-senador;Senador da República;br-p-sf-6331;Sergio Moro;;2023-02-01;eleito;Povo brasileiro;2031-01-31;não;http://www25.senado.leg.br/web/senadores/senador/-/perfil/6331
br-senador;Senador da República;br-p-sf-5988;Soraya Thronicke;;2019-02-01;eleito;Povo brasileiro;2027-01-31;não;http://www25.senado.leg.br/web/senadores/senador/-/perfil/5988
br-senador;Senador da República;br-p-sf-5959;Styvenson Valentim;;2019-02-01;eleito;Povo brasileiro;2027-01-31;não;http://www25.senado.leg.br/web/senadores/senador/-/perfil/5959
br-senador;Senador da República;br-p-sf-4560;Sérgio Petecão;;2019-02-01;eleito;Povo brasileiro;2027-01-31;não;http://www25.senado.leg.br/web/senadores/senador/-/perfil/4560
br-senador;Senador da República;br-p-sf-6338;Teresa Leitão;;2023-02-01;eleito;Povo brasileiro;2031-01-31;não;http://www25.senado.leg.br/web/senadores/senador/-/perfil/6338
br-senador;Senador da República;br-p-sf-5736;Tereza Cristina;;2023-02-01;eleito;Povo brasileiro;2031-01-31;não;http://www25.senado.leg.br/web/senadores/senador/-/perfil/5736
br-senador;Senador da República;br-p-sf-5899;Vanderlan Cardoso;;2019-02-01;eleito;Povo brasileiro;2027-01-31;não;http://www25.senado.leg.br/web/senadores/senador/-/perfil/5899
br-senador;Senador da República;br-p-sf-5748;Veneziano Vital do Rêgo;;2019-02-01;eleito;Povo brasileiro;2027-01-31;não;http://www25.senado.leg.br/web/senadores/senador/-/perfil/5748
br-senador;Senador da República;br-p-sf-1173;Wellington Fagundes;;2023-02-01;eleito;Povo brasileiro;2031-01-31;não;http://www25.senado.leg.br/web/senadores/senador/-/perfil/1173
br-senador;Senador da República;br-p-sf-5411;Weverton;;2019-02-01;eleito;Povo brasileiro;2027-01-31;não;http://www25.senado.leg.br/web/senadores/senador/-/perfil/5411
br-senador;Senador da República;br-p-sf-5070;Wilder Morais;;2023-02-01;eleito;Povo brasileiro;2031-01-31;não;http://www25.senado.leg.br/web/senadores/senador/-/perfil/5070
br-senador;Senador da República;br-p-sf-5783;Zenaide Maia;;2019-02-01;eleito;Povo brasileiro;2027-01-31;não;http://www25.senado.leg.br/web/senadores/senador/-/perfil/5783
br-senador;Senador da República;br-p-sf-3806;Zequinha Marinho;;2019-02-01;eleito;Povo brasileiro;2027-01-31;não;http://www25.senado.leg.br/web/senadores/senador/-/perfil/3806
br-ministro-do-tcu;Ministro do Tribunal de Contas da União;br-p-vital-do-rego-filho;Vital do Rêgo Filho;;;nomeado;Presidente da República;2038-09-21;não;https://portal.tcu.gov.br/autoridades/ministros
br-ministro-do-tcu;Ministro do Tribunal de Contas da União;br-p-jorge-antonio-de-oliveira-francisco;Jorge Antonio de Oliveira Francisco;;;nomeado;Presidente da República;2049-11-15;não;https://portal.tcu.gov.br/autoridades/ministros
br-ministro-do-tcu;Ministro do Tribunal de Contas da União;br-p-walton-alencar-rodrigues;Walton Alencar Rodrigues;;;nomeado;Presidente da República;2037-04-19;não;https://portal.tcu.gov.br/autoridades/ministros
br-ministro-do-tcu;Ministro do Tribunal de Contas da União;br-p-benjamin-zymler;Benjamin Zymler;;;nomeado;Presidente da República;2031-03-25;não;https://portal.tcu.gov.br/autoridades/ministros
br-ministro-do-tcu;Ministro do Tribunal de Contas da União;br-p-joao-augusto-ribeiro-nardes;João Augusto Ribeiro Nardes;;;nomeado;Presidente da República;2027-10-13;não;https://portal.tcu.gov.br/autoridades/ministros
br-ministro-do-tcu;Ministro do Tribunal de Contas da União;br-p-antonio-augusto-junho-anastasia;Antonio Augusto Junho Anastasia;;;nomeado;Presidente da República;2036-05-09;não;https://portal.tcu.gov.br/autoridades/ministros
br-ministro-do-tcu;Ministro do Tribunal de Contas da União;br-p-jhonatan-pereira-de-jesus;Jhonatan Pereira de Jesus;;;nomeado;Presidente da República;2058-09-03;não;https://portal.tcu.gov.br/autoridades/ministros
br-ministro-do-tcu;Ministro do Tribunal de Contas da União;br-p-odair-jose-da-cunha;Odair Jose da Cunha;;;nomeado;Presidente da República;2051-06-18;não;https://portal.tcu.gov.br/autoridades/ministros
br-presidente-do-tcu;Presidente do Tribunal de Contas da União;br-p-vital-do-rego-filho;Vital do Rêgo Filho;;;eleito_pares;Tribunal de Contas da União;2038-09-21;não;https://portal.tcu.gov.br/autoridades/ministros
br-supremo-tribunal-federal-ministro;Ministro do Supremo Tribunal Federal;br-p-edson-fachin;Edson Fachin;;2015-06-16;nomeado;Dilma Rousseff;2033-02-08;não;https://portal.stf.jus.br/textos/verTexto.asp?servico=bibliotecaConsultaProdutoBibliotecaPastaMinistro&pagina=ComposicaoAtual
br-supremo-tribunal-federal-ministro;Ministro do Supremo Tribunal Federal;br-p-alexandre-de-moraes;Alexandre de Moraes;;2017-03-22;nomeado;Michel Temer;2043-12-13;não;https://portal.stf.jus.br/textos/verTexto.asp?servico=bibliotecaConsultaProdutoBibliotecaPastaMinistro&pagina=ComposicaoAtual
br-supremo-tribunal-federal-ministro;Ministro do Supremo Tribunal Federal;br-p-gilmar-mendes;Gilmar Mendes;;2002-06-20;nomeado;Fernando Henrique Cardoso;2030-12-30;não;https://portal.stf.jus.br/textos/verTexto.asp?servico=bibliotecaConsultaProdutoBibliotecaPastaMinistro&pagina=ComposicaoAtual
br-supremo-tribunal-federal-ministro;Ministro do Supremo Tribunal Federal;br-p-carmen-lucia;Cármen Lúcia;;2006-06-21;nomeado;Lula;2029-04-19;não;https://portal.stf.jus.br/textos/verTexto.asp?servico=bibliotecaConsultaProdutoBibliotecaPastaMinistro&pagina=ComposicaoAtual
br-supremo-tribunal-federal-ministro;Ministro do Supremo Tribunal Federal;br-p-dias-toffoli;Dias Toffoli;;2009-10-23;nomeado;Lula;2042-11-15;não;https://portal.stf.jus.br/textos/verTexto.asp?servico=bibliotecaConsultaProdutoBibliotecaPastaMinistro&pagina=ComposicaoAtual
br-supremo-tribunal-federal-ministro;Ministro do Supremo Tribunal Federal;br-p-luiz-fux;Luiz Fux;;2011-03-03;nomeado;Dilma Rousseff;2028-04-26;não;https://portal.stf.jus.br/textos/verTexto.asp?servico=bibliotecaConsultaProdutoBibliotecaPastaMinistro&pagina=ComposicaoAtual
br-supremo-tribunal-federal-ministro;Ministro do Supremo Tribunal Federal;br-p-nunes-marques;Nunes Marques;;2020-11-05;nomeado;Jair Bolsonaro;2047-05-16;não;https://portal.stf.jus.br/textos/verTexto.asp?servico=bibliotecaConsultaProdutoBibliotecaPastaMinistro&pagina=ComposicaoAtual
br-supremo-tribunal-federal-ministro;Ministro do Supremo Tribunal Federal;br-p-andre-mendonca;André Mendonça;;2021-12-16;nomeado;Jair Bolsonaro;2047-12-27;não;https://portal.stf.jus.br/textos/verTexto.asp?servico=bibliotecaConsultaProdutoBibliotecaPastaMinistro&pagina=ComposicaoAtual
br-supremo-tribunal-federal-ministro;Ministro do Supremo Tribunal Federal;br-p-cristiano-zanin;Cristiano Zanin;;2023-08-03;nomeado;Lula;2050-11-15;não;https://portal.stf.jus.br/textos/verTexto.asp?servico=bibliotecaConsultaProdutoBibliotecaPastaMinistro&pagina=ComposicaoAtual
br-supremo-tribunal-federal-ministro;Ministro do Supremo Tribunal Federal;br-p-flavio-dino;Flávio Dino;;2024-02-22;nomeado;Lula;2043-04-30;não;https://portal.stf.jus.br/textos/verTexto.asp?servico=bibliotecaConsultaProdutoBibliotecaPastaMinistro&pagina=ComposicaoAtual
br-supremo-tribunal-federal-presidente;Presidente do Supremo Tribunal Federal;br-p-edson-fachin;Edson Fachin;;2025-09-29;eleito_pares;Supremo Tribunal Federal;2027-09-28;não;https://portal.stf.jus.br/textos/verTexto.asp?servico=bibliotecaConsultaProdutoBibliotecaPastaMinistro&pagina=ComposicaoAtual
br-superior-tribunal-de-justica-ministro;Ministro do Superior Tribunal de Justiça;br-p-wp-francisco-c-ndido-de-melo-falc-o-neto;Francisco Cândido de Melo Falcão Neto;;1999-06-30;nomeado;Fernando Henrique Cardoso;2027-05-30;não;https://pt.wikipedia.org/wiki/Superior_Tribunal_de_Justi%C3%A7a
br-superior-tribunal-de-justica-ministro;Ministro do Superior Tribunal de Justiça;br-p-wp-f-tima-nancy-andrighi;Fátima Nancy Andrighi;;1999-10-27;nomeado;Fernando Henrique Cardoso;2027-10-27;não;https://pt.wikipedia.org/wiki/Superior_Tribunal_de_Justi%C3%A7a
br-superior-tribunal-de-justica-ministro;Ministro do Superior Tribunal de Justiça;br-p-wp-jo-o-ot-vio-de-noronha;João Otávio de Noronha;;2002-12-03;nomeado;Fernando Henrique Cardoso;2031-08-30;não;https://pt.wikipedia.org/wiki/Superior_Tribunal_de_Justi%C3%A7a
br-superior-tribunal-de-justica-ministro;Ministro do Superior Tribunal de Justiça;br-p-wp-humberto-eust-quio-soares-martins;Humberto Eustáquio Soares Martins;;2006-06-14;nomeado;Lula;2031-10-07;não;https://pt.wikipedia.org/wiki/Superior_Tribunal_de_Justi%C3%A7a
br-superior-tribunal-de-justica-ministro;Ministro do Superior Tribunal de Justiça;br-p-wp-maria-thereza-rocha-de-assis-moura;Maria Thereza Rocha de Assis Moura;;2006-09-09;nomeado;Lula;2031-10-14;não;https://pt.wikipedia.org/wiki/Superior_Tribunal_de_Justi%C3%A7a
br-superior-tribunal-de-justica-ministro;Ministro do Superior Tribunal de Justiça;br-p-wp-antonio-herman-de-vasconcellos-e-benjamin;Antonio Herman de Vasconcellos e Benjamin;;2006-09-06;nomeado;Lula;2032-11-13;não;https://pt.wikipedia.org/wiki/Superior_Tribunal_de_Justi%C3%A7a
br-superior-tribunal-de-justica-ministro;Ministro do Superior Tribunal de Justiça;br-p-wp-geraldo-og-nic-as-marques-fernandes;Geraldo Og Nicéas Marques Fernandes;;2008-06-17;nomeado;Lula;2026-11-26;não;https://pt.wikipedia.org/wiki/Superior_Tribunal_de_Justi%C3%A7a
br-superior-tribunal-de-justica-ministro;Ministro do Superior Tribunal de Justiça;br-p-luis-felipe-salomao;Luis Felipe Salomão;;2008-06-17;nomeado;Lula;2038-03-18;não;https://pt.wikipedia.org/wiki/Superior_Tribunal_de_Justi%C3%A7a
br-superior-tribunal-de-justica-ministro;Ministro do Superior Tribunal de Justiça;br-p-wp-mauro-luiz-campbell-marques;Mauro Luiz Campbell Marques;;2008-06-17;nomeado;Lula;2038-10-09;não;https://pt.wikipedia.org/wiki/Superior_Tribunal_de_Justi%C3%A7a
br-superior-tribunal-de-justica-ministro;Ministro do Superior Tribunal de Justiça;br-p-wp-benedito-gon-alves;Benedito Gonçalves;;2008-09-17;nomeado;Lula;2029-01-30;não;https://pt.wikipedia.org/wiki/Superior_Tribunal_de_Justi%C3%A7a
br-superior-tribunal-de-justica-ministro;Ministro do Superior Tribunal de Justiça;br-p-wp-raul-ara-jo-filho;Raul Araújo Filho;;2010-05-12;nomeado;Lula;2034-05-10;não;https://pt.wikipedia.org/wiki/Superior_Tribunal_de_Justi%C3%A7a
br-superior-tribunal-de-justica-ministro;Ministro do Superior Tribunal de Justiça;br-p-wp-maria-isabel-diniz-gallotti-rodrigues;Maria Isabel Diniz Gallotti Rodrigues;;2010-08-10;nomeado;Lula;2038-07-28;não;https://pt.wikipedia.org/wiki/Superior_Tribunal_de_Justi%C3%A7a
br-superior-tribunal-de-justica-ministro;Ministro do Superior Tribunal de Justiça;br-p-antonio-carlos-ferreira;Antonio Carlos Ferreira;;2011-06-13;nomeado;Dilma Rousseff;2032-03-10;não;https://pt.wikipedia.org/wiki/Superior_Tribunal_de_Justi%C3%A7a
br-superior-tribunal-de-justica-ministro;Ministro do Superior Tribunal de Justiça;br-p-ricardo-villas-boas-cueva;Ricardo Villas Bôas Cueva;;2011-06-13;nomeado;Dilma Rousseff;2037-05-28;não;https://pt.wikipedia.org/wiki/Superior_Tribunal_de_Justi%C3%A7a
br-superior-tribunal-de-justica-ministro;Ministro do Superior Tribunal de Justiça;br-p-wp-sebasti-o-alves-dos-reis-j-nior;Sebastião Alves dos Reis Júnior;;2011-06-13;nomeado;Dilma Rousseff;2040-01-04;não;https://pt.wikipedia.org/wiki/Superior_Tribunal_de_Justi%C3%A7a
br-superior-tribunal-de-justica-ministro;Ministro do Superior Tribunal de Justiça;br-p-wp-marco-aur-lio-gastaldi-buzzi;Marco Aurélio Gastaldi Buzzi;;2011-09-05;nomeado;Dilma Rousseff;2033-02-04;não;https://pt.wikipedia.org/wiki/Superior_Tribunal_de_Justi%C3%A7a
br-superior-tribunal-de-justica-ministro;Ministro do Superior Tribunal de Justiça;br-p-wp-marco-aur-lio-bellizze-oliveira;Marco Aurélio Bellizze Oliveira;;2011-09-05;nomeado;Dilma Rousseff;2039-01-04;não;https://pt.wikipedia.org/wiki/Superior_Tribunal_de_Justi%C3%A7a
br-superior-tribunal-de-justica-ministro;Ministro do Superior Tribunal de Justiça;br-p-wp-s-rgio-lu-z-kukina;Sérgio Luíz Kukina;;2013-02-06;nomeado;Dilma Rousseff;2034-07-13;não;https://pt.wikipedia.org/wiki/Superior_Tribunal_de_Justi%C3%A7a
br-superior-tribunal-de-justica-ministro;Ministro do Superior Tribunal de Justiça;br-p-wp-paulo-dias-de-moura-ribeiro;Paulo Dias de Moura Ribeiro;;2013-09-28;nomeado;Dilma Rousseff;2028-09-28;não;https://pt.wikipedia.org/wiki/Superior_Tribunal_de_Justi%C3%A7a
br-superior-tribunal-de-justica-ministro;Ministro do Superior Tribunal de Justiça;br-p-wp-regina-helena-costa;Regina Helena Costa;;2013-08-28;nomeado;Dilma Rousseff;2036-08-25;não;https://pt.wikipedia.org/wiki/Superior_Tribunal_de_Justi%C3%A7a
br-superior-tribunal-de-justica-ministro;Ministro do Superior Tribunal de Justiça;br-p-wp-rogerio-schietti-machado-cruz;Rogerio Schietti Machado Cruz;;2013-08-28;nomeado;Dilma Rousseff;2037-06-26;não;https://pt.wikipedia.org/wiki/Superior_Tribunal_de_Justi%C3%A7a
br-superior-tribunal-de-justica-ministro;Ministro do Superior Tribunal de Justiça;br-p-wp-luiz-alberto-gurgel-de-faria;Luiz Alberto Gurgel de Faria;;2014-09-09;nomeado;Dilma Rousseff;2044-07-08;não;https://pt.wikipedia.org/wiki/Superior_Tribunal_de_Justi%C3%A7a
br-superior-tribunal-de-justica-ministro;Ministro do Superior Tribunal de Justiça;br-p-wp-reynaldo-soares-da-fonseca;Reynaldo Soares da Fonseca;;2015-05-26;nomeado;Dilma Rousseff;2038-11-28;não;https://pt.wikipedia.org/wiki/Superior_Tribunal_de_Justi%C3%A7a
br-superior-tribunal-de-justica-ministro;Ministro do Superior Tribunal de Justiça;br-p-wp-marcelo-navarro-ribeiro-dantas;Marcelo Navarro Ribeiro Dantas;;2015-09-30;nomeado;Dilma Rousseff;2038-01-20;não;https://pt.wikipedia.org/wiki/Superior_Tribunal_de_Justi%C3%A7a
br-superior-tribunal-de-justica-ministro;Ministro do Superior Tribunal de Justiça;br-p-wp-joel-ilan-paciornik;Joel Ilan Paciornik;;2016-04-06;nomeado;Dilma Rousseff;2040-01-30;não;https://pt.wikipedia.org/wiki/Superior_Tribunal_de_Justi%C3%A7a
br-superior-tribunal-de-justica-ministro;Ministro do Superior Tribunal de Justiça;br-p-wp-messod-azulay-neto;Messod Azulay Neto;;2022-12-06;nomeado;Jair Bolsonaro;2038-10-26;não;https://pt.wikipedia.org/wiki/Superior_Tribunal_de_Justi%C3%A7a
br-superior-tribunal-de-justica-ministro;Ministro do Superior Tribunal de Justiça;br-p-wp-paulo-s-rgio-domingues;Paulo Sérgio Domingues;;2022-12-06;nomeado;Jair Bolsonaro;2041-12-06;não;https://pt.wikipedia.org/wiki/Superior_Tribunal_de_Justi%C3%A7a
br-superior-tribunal-de-justica-ministro;Ministro do Superior Tribunal de Justiça;br-p-wp-teodoro-silva-santos;Teodoro Silva Santos;;2023-11-22;nomeado;Lula;2033-05-02;não;https://pt.wikipedia.org/wiki/Superior_Tribunal_de_Justi%C3%A7a
br-superior-tribunal-de-justica-ministro;Ministro do Superior Tribunal de Justiça;br-p-wp-jos-afr-nio-vilela;José Afrânio Vilela;;2023-11-22;nomeado;Lula;2036-03-07;não;https://pt.wikipedia.org/wiki/Superior_Tribunal_de_Justi%C3%A7a
br-superior-tribunal-de-justica-ministro;Ministro do Superior Tribunal de Justiça;br-p-wp-daniela-rodrigues-teixeira;Daniela Rodrigues Teixeira;;2023-11-22;nomeado;Lula;2046-01-01;não;https://pt.wikipedia.org/wiki/Superior_Tribunal_de_Justi%C3%A7a
br-superior-tribunal-de-justica-ministro;Ministro do Superior Tribunal de Justiça;br-p-wp-maria-marluce-caldas-bezerra;Maria Marluce Caldas Bezerra;;2025-09-04;nomeado;Lula;2034-05-24;não;https://pt.wikipedia.org/wiki/Superior_Tribunal_de_Justi%C3%A7a
br-superior-tribunal-de-justica-ministro;Ministro do Superior Tribunal de Justiça;br-p-wp-carlos-augusto-pires-brand-o;Carlos Augusto Pires Brandão;;2025-09-04;nomeado;Lula;2039-07-28;não;https://pt.wikipedia.org/wiki/Superior_Tribunal_de_Justi%C3%A7a
br-superior-tribunal-de-justica-presidente;Presidente do Superior Tribunal de Justiça;br-p-luis-felipe-salomao;Luis Felipe Salomão;;;eleito_pares;Superior Tribunal de Justiça;;não;https://www.stj.jus.br/sites/portalp/Institucional/Composicao
br-tribunal-superior-do-trabalho-ministro;Ministro do Tribunal Superior do Trabalho;br-p-wp-ives-gandra-martins-filho;Ives Gandra Martins Filho;;1999-10-14;nomeado;Fernando Henrique Cardoso;2034-05-09;não;https://pt.wikipedia.org/wiki/Tribunal_Superior_do_Trabalho
br-tribunal-superior-do-trabalho-ministro;Ministro do Tribunal Superior do Trabalho;br-p-wp-maria-cristina-peduzzi;Maria Cristina Peduzzi;;2001-06-21;nomeado;Fernando Henrique Cardoso;2027-12-21;não;https://pt.wikipedia.org/wiki/Tribunal_Superior_do_Trabalho
br-tribunal-superior-do-trabalho-ministro;Ministro do Tribunal Superior do Trabalho;br-p-wp-lelio-bentes-corr-a;Lelio Bentes Corrêa;;2003-07-29;nomeado;Lula;;não;https://pt.wikipedia.org/wiki/Tribunal_Superior_do_Trabalho
br-tribunal-superior-do-trabalho-ministro;Ministro do Tribunal Superior do Trabalho;br-p-luiz-philippe-vieira-de-mello-filho;Luiz Philippe Vieira de Mello Filho;;2006-02-21;nomeado;Lula;2036-03-24;não;https://pt.wikipedia.org/wiki/Tribunal_Superior_do_Trabalho
br-tribunal-superior-do-trabalho-ministro;Ministro do Tribunal Superior do Trabalho;br-p-wp-dora-maria-da-costa;Dora Maria da Costa;;2007-05-17;nomeado;Lula;2026-03-28;não;https://pt.wikipedia.org/wiki/Tribunal_Superior_do_Trabalho
br-tribunal-superior-do-trabalho-ministro;Ministro do Tribunal Superior do Trabalho;br-p-wp-guilherme-augusto-caputo-bastos;Guilherme Augusto Caputo Bastos;;2007-10-04;nomeado;Lula;;não;https://pt.wikipedia.org/wiki/Tribunal_Superior_do_Trabalho
br-tribunal-superior-do-trabalho-ministro;Ministro do Tribunal Superior do Trabalho;br-p-wp-maur-cio-godinho-delgado;Maurício Godinho Delgado;;2007-01-01;nomeado;Lula;;não;https://pt.wikipedia.org/wiki/Tribunal_Superior_do_Trabalho
br-tribunal-superior-do-trabalho-ministro;Ministro do Tribunal Superior do Trabalho;br-p-wp-k-tia-magalh-es-arruda;Kátia Magalhães Arruda;;2008-03-27;nomeado;Lula;2041-10-01;não;https://pt.wikipedia.org/wiki/Tribunal_Superior_do_Trabalho
br-tribunal-superior-do-trabalho-ministro;Ministro do Tribunal Superior do Trabalho;br-p-wp-augusto-c-sar-leite-de-carvalho;Augusto César Leite de Carvalho;;2009-12-14;nomeado;Lula;;não;https://pt.wikipedia.org/wiki/Tribunal_Superior_do_Trabalho
br-tribunal-superior-do-trabalho-ministro;Ministro do Tribunal Superior do Trabalho;br-p-wp-jos-roberto-freire-pimenta;José Roberto Freire Pimenta;;2010-09-03;nomeado;Lula;2031-02-04;não;https://pt.wikipedia.org/wiki/Tribunal_Superior_do_Trabalho
br-tribunal-superior-do-trabalho-ministro;Ministro do Tribunal Superior do Trabalho;br-p-wp-dela-de-miranda-arantes;Delaíde Miranda Arantes;;2011-03-01;nomeado;Dilma Rousseff;2027-05-01;não;https://pt.wikipedia.org/wiki/Tribunal_Superior_do_Trabalho
br-tribunal-superior-do-trabalho-ministro;Ministro do Tribunal Superior do Trabalho;br-p-wp-hugo-carlos-scheuermann;Hugo Carlos Scheuermann;;2012-07-16;nomeado;Dilma Rousseff;;não;https://pt.wikipedia.org/wiki/Tribunal_Superior_do_Trabalho
br-tribunal-superior-do-trabalho-ministro;Ministro do Tribunal Superior do Trabalho;br-p-wp-alexandre-de-souza-agra-belmonte;Alexandre de Souza Agra Belmonte;;2012-07-16;nomeado;Dilma Rousseff;;não;https://pt.wikipedia.org/wiki/Tribunal_Superior_do_Trabalho
br-tribunal-superior-do-trabalho-ministro;Ministro do Tribunal Superior do Trabalho;br-p-wp-cl-udio-mascarenhas-brand-o;Cláudio Mascarenhas Brandão;;2013-07-11;nomeado;Dilma Rousseff;;não;https://pt.wikipedia.org/wiki/Tribunal_Superior_do_Trabalho
br-tribunal-superior-do-trabalho-ministro;Ministro do Tribunal Superior do Trabalho;br-p-wp-douglas-alencar-rodrigues;Douglas Alencar Rodrigues;;2014-04-22;nomeado;Dilma Rousseff;;não;https://pt.wikipedia.org/wiki/Tribunal_Superior_do_Trabalho
br-tribunal-superior-do-trabalho-ministro;Ministro do Tribunal Superior do Trabalho;br-p-wp-maria-helena-mallmann;Maria Helena Mallmann;;2014-12-23;nomeado;Dilma Rousseff;;não;https://pt.wikipedia.org/wiki/Tribunal_Superior_do_Trabalho
br-tribunal-superior-do-trabalho-ministro;Ministro do Tribunal Superior do Trabalho;br-p-wp-breno-medeiros;Breno Medeiros;;2017-11-09;nomeado;Michel Temer;;não;https://pt.wikipedia.org/wiki/Tribunal_Superior_do_Trabalho
br-tribunal-superior-do-trabalho-ministro;Ministro do Tribunal Superior do Trabalho;br-p-wp-alexandre-luiz-ramos;Alexandre Luiz Ramos;;2018-01-01;nomeado;Michel Temer;;não;https://pt.wikipedia.org/wiki/Tribunal_Superior_do_Trabalho
br-tribunal-superior-do-trabalho-ministro;Ministro do Tribunal Superior do Trabalho;br-p-wp-luiz-jos-dezena-da-silva;Luiz José Dezena da Silva;;2018-01-01;nomeado;Michel Temer;;não;https://pt.wikipedia.org/wiki/Tribunal_Superior_do_Trabalho
br-tribunal-superior-do-trabalho-ministro;Ministro do Tribunal Superior do Trabalho;br-p-wp-evandro-pereira-valad-o-lopes;Evandro Pereira Valadão Lopes;;2019-01-01;nomeado;Jair Bolsonaro;;não;https://pt.wikipedia.org/wiki/Tribunal_Superior_do_Trabalho
br-tribunal-superior-do-trabalho-ministro;Ministro do Tribunal Superior do Trabalho;br-p-wp-amaury-rodrigues-pinto-junior;Amaury Rodrigues Pinto Junior;;2021-07-21;nomeado;Jair Bolsonaro;;não;https://pt.wikipedia.org/wiki/Tribunal_Superior_do_Trabalho
br-tribunal-superior-do-trabalho-ministro;Ministro do Tribunal Superior do Trabalho;br-p-wp-alberto-bastos-balazeiro;Alberto Bastos Balazeiro;;2021-07-21;nomeado;Jair Bolsonaro;;não;https://pt.wikipedia.org/wiki/Tribunal_Superior_do_Trabalho
br-tribunal-superior-do-trabalho-ministro;Ministro do Tribunal Superior do Trabalho;br-p-wp-morgana-de-almeida-richa;Morgana de Almeida Richa;;2021-12-22;nomeado;Jair Bolsonaro;;não;https://pt.wikipedia.org/wiki/Tribunal_Superior_do_Trabalho
br-tribunal-superior-do-trabalho-ministro;Ministro do Tribunal Superior do Trabalho;br-p-wp-sergio-pinto-martins;Sergio Pinto Martins;;2022-05-19;nomeado;Jair Bolsonaro;;não;https://pt.wikipedia.org/wiki/Tribunal_Superior_do_Trabalho
br-tribunal-superior-do-trabalho-ministro;Ministro do Tribunal Superior do Trabalho;br-p-wp-liana-chaib;Liana Chaib;;2022-12-16;nomeado;Jair Bolsonaro;;não;https://pt.wikipedia.org/wiki/Tribunal_Superior_do_Trabalho
br-tribunal-superior-do-trabalho-ministro;Ministro do Tribunal Superior do Trabalho;br-p-wp-ant-nio-fabr-cio-de-matos-gon-alves;Antônio Fabrício de Matos Gonçalves;;2024-07-02;nomeado;Lula;;não;https://pt.wikipedia.org/wiki/Tribunal_Superior_do_Trabalho
br-tribunal-superior-do-trabalho-ministro;Ministro do Tribunal Superior do Trabalho;br-p-wp-margareth-rodrigues-costa;Margareth Rodrigues Costa;;2026-05-07;nomeado;Lula;;não;https://pt.wikipedia.org/wiki/Tribunal_Superior_do_Trabalho
br-tribunal-superior-do-trabalho-presidente;Presidente do Tribunal Superior do Trabalho;br-p-luiz-philippe-vieira-de-mello-filho;Luiz Philippe Vieira de Mello Filho;;;eleito_pares;Tribunal Superior do Trabalho;;não;https://www.tst.jus.br/presidencia
br-superior-tribunal-militar-ministro;Ministro do Superior Tribunal Militar;br-p-maria-elizabeth-guimaraes-teixeira-rocha;Maria Elizabeth Guimarães Teixeira Rocha;;2007-03-07;nomeado;Lula;2035-01-29;não;https://www.stm.jus.br/institucional/conheca-o-superior-tribunal-militar/composicao-da-corte
br-superior-tribunal-militar-ministro;Ministro do Superior Tribunal Militar;br-p-francisco-joseli-parente-camelo;Francisco Joseli Parente Camelo;;2015-04-29;nomeado;Dilma Rousseff;2028-01-01;não;https://www.stm.jus.br/institucional/conheca-o-superior-tribunal-militar/composicao-da-corte
br-superior-tribunal-militar-ministro;Ministro do Superior Tribunal Militar;br-p-artur-vidigal-de-oliveira;Artur Vidigal de Oliveira;;2010-04-20;nomeado;Lula;;não;https://www.stm.jus.br/institucional/conheca-o-superior-tribunal-militar/composicao-da-corte
br-superior-tribunal-militar-ministro;Ministro do Superior Tribunal Militar;br-p-jose-barroso-filho;José Barroso Filho;;2014-03-20;nomeado;Dilma Rousseff;;não;https://www.stm.jus.br/institucional/conheca-o-superior-tribunal-militar/composicao-da-corte
br-superior-tribunal-militar-ministro;Ministro do Superior Tribunal Militar;br-p-pericles-aurelio-lima-de-queiroz;Péricles Aurélio Lima de Queiroz;;2016-05-06;nomeado;Dilma Rousseff;;não;https://www.stm.jus.br/institucional/conheca-o-superior-tribunal-militar/composicao-da-corte
br-superior-tribunal-militar-ministro;Ministro do Superior Tribunal Militar;br-p-carlos-vuyk-de-aquino;Carlos Vuyk de Aquino;;2018-11-07;nomeado;Michel Temer;;não;https://www.stm.jus.br/institucional/conheca-o-superior-tribunal-militar/composicao-da-corte
br-superior-tribunal-militar-ministro;Ministro do Superior Tribunal Militar;br-p-leonardo-puntel;Leonardo Puntel;;2020-09-29;nomeado;Jair Bolsonaro;;não;https://www.stm.jus.br/institucional/conheca-o-superior-tribunal-militar/composicao-da-corte
br-superior-tribunal-militar-ministro;Ministro do Superior Tribunal Militar;br-p-celso-luiz-nazareth;Celso Luiz Nazareth;;2020-09-29;nomeado;Jair Bolsonaro;;não;https://www.stm.jus.br/institucional/conheca-o-superior-tribunal-militar/composicao-da-corte
br-superior-tribunal-militar-ministro;Ministro do Superior Tribunal Militar;br-p-carlos-augusto-amaral-oliveira;Carlos Augusto Amaral Oliveira;;2020-10-01;nomeado;Jair Bolsonaro;;não;https://www.stm.jus.br/institucional/conheca-o-superior-tribunal-militar/composicao-da-corte
br-superior-tribunal-militar-ministro;Ministro do Superior Tribunal Militar;br-p-claudio-portugal-de-viveiros;Cláudio Portugal de Viveiros;;2021-07-19;nomeado;Jair Bolsonaro;;não;https://www.stm.jus.br/institucional/conheca-o-superior-tribunal-militar/composicao-da-corte
br-superior-tribunal-militar-ministro;Ministro do Superior Tribunal Militar;br-p-lourival-carvalho-silva;Lourival Carvalho Silva;;2022-07-11;nomeado;Jair Bolsonaro;;não;https://www.stm.jus.br/institucional/conheca-o-superior-tribunal-militar/composicao-da-corte
br-superior-tribunal-militar-ministro;Ministro do Superior Tribunal Militar;br-p-guido-amin-naves;Guido Amin Naves;;2024-12-21;nomeado;Lula;;não;https://www.stm.jus.br/institucional/conheca-o-superior-tribunal-militar/composicao-da-corte
br-superior-tribunal-militar-ministro;Ministro do Superior Tribunal Militar;br-p-veronica-abdalla-sterman;Verônica Abdalla Sterman;;2025-08-20;nomeado;Lula;;não;https://www.stm.jus.br/institucional/conheca-o-superior-tribunal-militar/composicao-da-corte
br-superior-tribunal-militar-ministro;Ministro do Superior Tribunal Militar;br-p-anisio-david-de-oliveira-junior;Anisio David de Oliveira Junior;;2025-11-27;nomeado;Lula;;não;https://www.stm.jus.br/institucional/conheca-o-superior-tribunal-militar/composicao-da-corte
br-superior-tribunal-militar-ministro;Ministro do Superior Tribunal Militar;br-p-flavio-marcus-lancia-barbosa;Flavio Marcus Lancia Barbosa;;2025-11-28;nomeado;Lula;;não;https://www.stm.jus.br/institucional/conheca-o-superior-tribunal-militar/composicao-da-corte
br-superior-tribunal-militar-presidente;Presidente do Superior Tribunal Militar;br-p-maria-elizabeth-guimaraes-teixeira-rocha;Maria Elizabeth Guimarães Teixeira Rocha;;;eleito_pares;Superior Tribunal Militar;;não;https://www.stm.jus.br/institucional/conheca-o-superior-tribunal-militar/composicao-da-corte
br-tribunal-superior-eleitoral-ministro;Ministro do Tribunal Superior Eleitoral;br-p-kassio-nunes-marques;Kassio Nunes Marques;;2025-05-25;nomeado;Lula;2027-05-24;não;https://www.tse.jus.br/institucional/ministros
br-tribunal-superior-eleitoral-ministro;Ministro do Tribunal Superior Eleitoral;br-p-andre-luiz-de-almeida-mendonca;André Luiz de Almeida Mendonça;;2026-06-25;nomeado;Lula;2028-06-24;não;https://www.tse.jus.br/institucional/ministros
br-tribunal-superior-eleitoral-ministro;Ministro do Tribunal Superior Eleitoral;br-p-jose-antonio-dias-toffoli;José Antonio Dias Toffoli;;2026-06-09;nomeado;Lula;2028-06-08;não;https://www.tse.jus.br/institucional/ministros
br-tribunal-superior-eleitoral-ministro;Ministro do Tribunal Superior Eleitoral;br-p-antonio-carlos-ferreira;Antonio Carlos Ferreira;;2024-09-19;nomeado;Lula;2026-09-18;não;https://www.tse.jus.br/institucional/ministros
br-tribunal-superior-eleitoral-ministro;Ministro do Tribunal Superior Eleitoral;br-p-ricardo-villas-boas-cueva;Ricardo Villas Bôas Cueva;;2025-12-16;nomeado;Lula;2027-12-15;não;https://www.tse.jus.br/institucional/ministros
br-tribunal-superior-eleitoral-ministro;Ministro do Tribunal Superior Eleitoral;br-p-floriano-peixoto-de-azevedo-marques-neto;Floriano Peixoto de Azevedo Marques Neto;;2025-08-01;nomeado;Lula;2027-07-31;não;https://www.tse.jus.br/institucional/ministros
br-tribunal-superior-eleitoral-ministro;Ministro do Tribunal Superior Eleitoral;br-p-estela-aranha;Estela Aranha;;2025-08-01;nomeado;Lula;2027-07-31;não;https://www.tse.jus.br/institucional/ministros
br-tribunal-superior-eleitoral-presidente;Presidente do Tribunal Superior Eleitoral;br-p-kassio-nunes-marques;Kassio Nunes Marques;;;eleito_pares;Tribunal Superior Eleitoral;;não;https://www.tse.jus.br/institucional/ministros
br-conselheiro-do-cnj;Conselheiro do Conselho Nacional de Justiça;br-p-edson-fachin;Edson Fachin;;2025-01-01;nomeado;Lula;2026-12-31;não;https://pt.wikipedia.org/wiki/Conselho_Nacional_de_Justi%C3%A7a
br-conselheiro-do-cnj;Conselheiro do Conselho Nacional de Justiça;br-p-wp-benedito-gon-alves;Benedito Gonçalves;;2026-01-01;nomeado;Lula;2027-12-31;não;https://pt.wikipedia.org/wiki/Conselho_Nacional_de_Justi%C3%A7a
br-conselheiro-do-cnj;Conselheiro do Conselho Nacional de Justiça;br-p-wp-k-tia-magalh-es-arruda;Kátia Magalhães Arruda;;2026-01-01;nomeado;Lula;2027-12-31;não;https://pt.wikipedia.org/wiki/Conselho_Nacional_de_Justi%C3%A7a
br-conselheiro-do-cnj;Conselheiro do Conselho Nacional de Justiça;br-p-wp-jaceguara-dantas-da-silva;Jaceguara Dantas da Silva;;2026-01-01;nomeado;Lula;2027-12-31;não;https://pt.wikipedia.org/wiki/Conselho_Nacional_de_Justi%C3%A7a
br-conselheiro-do-cnj;Conselheiro do Conselho Nacional de Justiça;br-p-wp-f-bio-francisco-esteves;Fábio Francisco Esteves;;2026-01-01;nomeado;Lula;2027-12-31;não;https://pt.wikipedia.org/wiki/Conselho_Nacional_de_Justi%C3%A7a
br-conselheiro-do-cnj;Conselheiro do Conselho Nacional de Justiça;br-p-wp-andr-a-cunha-esmeraldo;Andréa Cunha Esmeraldo;;2026-01-01;nomeado;Lula;2027-12-31;não;https://pt.wikipedia.org/wiki/Conselho_Nacional_de_Justi%C3%A7a
br-conselheiro-do-cnj;Conselheiro do Conselho Nacional de Justiça;br-p-wp-ilan-presser;Ilan Presser;;2026-01-01;nomeado;Lula;2027-12-31;não;https://pt.wikipedia.org/wiki/Conselho_Nacional_de_Justi%C3%A7a
br-conselheiro-do-cnj;Conselheiro do Conselho Nacional de Justiça;br-p-wp-paulo-regis-machado-botelho;Paulo Regis Machado Botelho;;2026-01-01;nomeado;Lula;2027-12-31;não;https://pt.wikipedia.org/wiki/Conselho_Nacional_de_Justi%C3%A7a
br-conselheiro-do-cnj;Conselheiro do Conselho Nacional de Justiça;br-p-wp-noemia-aparecida-garcia-porto;Noemia Aparecida Garcia Porto;;2026-01-01;nomeado;Lula;2027-12-31;não;https://pt.wikipedia.org/wiki/Conselho_Nacional_de_Justi%C3%A7a
br-conselheiro-do-cnj;Conselheiro do Conselho Nacional de Justiça;br-p-wp-silvio-amorim-junior;Silvio Amorim Junior;;2025-01-01;nomeado;Lula;2026-12-31;não;https://pt.wikipedia.org/wiki/Conselho_Nacional_de_Justi%C3%A7a
br-conselheiro-do-cnj;Conselheiro do Conselho Nacional de Justiça;br-p-wp-carlos-vin-cius-alves-ribeiro;Carlos Vinícius Alves Ribeiro;;2026-01-01;nomeado;Lula;2027-12-31;não;https://pt.wikipedia.org/wiki/Conselho_Nacional_de_Justi%C3%A7a
br-conselheiro-do-cnj;Conselheiro do Conselho Nacional de Justiça;br-p-wp-ulisses-rabaneda-dos-santos;Ulisses Rabaneda dos Santos;;2025-01-01;nomeado;Lula;2026-12-31;não;https://pt.wikipedia.org/wiki/Conselho_Nacional_de_Justi%C3%A7a
br-conselheiro-do-cnj;Conselheiro do Conselho Nacional de Justiça;br-p-wp-marcello-terto-e-silva;Marcello Terto e Silva;;2022-01-01;nomeado;Jair Bolsonaro;2023-12-31;não;https://pt.wikipedia.org/wiki/Conselho_Nacional_de_Justi%C3%A7a
br-conselheiro-do-cnj;Conselheiro do Conselho Nacional de Justiça;br-p-wp-daiane-nogueira-de-lira;Daiane Nogueira de Lira;;2024-01-01;nomeado;Lula;2025-12-31;não;https://pt.wikipedia.org/wiki/Conselho_Nacional_de_Justi%C3%A7a
br-conselheiro-do-cnj;Conselheiro do Conselho Nacional de Justiça;br-p-wp-rodrigo-badar-almeida-de-castro;Rodrigo Badaró Almeida de Castro;;2025-01-01;nomeado;Lula;2026-12-31;não;https://pt.wikipedia.org/wiki/Conselho_Nacional_de_Justi%C3%A7a
br-presidente-do-cnj;Presidente do Conselho Nacional de Justiça;br-p-edson-fachin;Edson Fachin;;2025-09-29;nomeado;;;não;https://portal.stf.jus.br/textos/verTexto.asp?servico=bibliotecaConsultaProdutoBibliotecaPastaMinistro&pagina=ComposicaoAtual
br-procurador-geral-da-republica;Procurador-Geral da República;br-p-dou-paulo-gustavo-gonet-branco;Paulo Gustavo Gonet Branco;;;nomeado;Lula;;não;https://www.in.gov.br/web/dou/-/portaria-pgr/mpf-n-617-de-17-de-setembro-de-2026-732583687
br-procurador-geral-do-trabalho;Procurador-Geral do Trabalho;br-p-dou-glaucio-araujo-de-oliveira;Gláucio Araújo de Oliveira;;;nomeado;Procurador-Geral da República;;não;https://www.in.gov.br/web/dou/-/portaria-n-1.226-de-17-de-agosto-de-2026-732043340
br-procurador-geral-da-justica-militar;Procurador-Geral da Justiça Militar;br-p-clauro-roberto-de-bortolli;Clauro Roberto de Bortolli;;;nomeado;Procurador-Geral da República;;não;https://www.mpm.mp.br/arquivos/72322
br-procurador-geral-de-justica-do-dft;Procurador-Geral de Justiça do Distrito Federal e Territórios;br-p-georges-carlos-fredderico-moreira-seigneur;Georges Carlos Fredderico Moreira Seigneur;;;nomeado;Presidente da República;;não;https://www.mpdft.mp.br/portal/index.php/pgj
br-conselheiro-do-cnmp;Conselheiro do Conselho Nacional do Ministério Público;br-p-fernando-da-silva-comin;Fernando da Silva Comin;;;nomeado;Presidente da República;;não;https://www.cnmp.mp.br/portal/institucional/composicao/atual
br-conselheiro-do-cnmp;Conselheiro do Conselho Nacional do Ministério Público;br-p-ivana-lucia-franco-cei;Ivana Lúcia Franco Cei;;;nomeado;Presidente da República;;não;https://www.cnmp.mp.br/portal/institucional/composicao/atual
br-conselheiro-do-cnmp;Conselheiro do Conselho Nacional do Ministério Público;br-p-edvaldo-nilo-de-almeida;Edvaldo Nilo de Almeida;;;nomeado;Presidente da República;;não;https://www.cnmp.mp.br/portal/institucional/composicao/atual
br-conselheiro-do-cnmp;Conselheiro do Conselho Nacional do Ministério Público;br-p-fabiana-costa-oliveira-barreto;Fabiana Costa Oliveira Barreto;;;nomeado;Presidente da República;;não;https://www.cnmp.mp.br/portal/institucional/composicao/atual
br-conselheiro-do-cnmp;Conselheiro do Conselho Nacional do Ministério Público;br-p-karen-luise-vilanova-batista-de-souza;Karen Luise Vilanova Batista de Souza;;;nomeado;Presidente da República;;não;https://www.cnmp.mp.br/portal/institucional/composicao/atual
br-conselheiro-do-cnmp;Conselheiro do Conselho Nacional do Ministério Público;br-p-greice-fonseca-stocker;Greice Fonseca Stocker;;;nomeado;Presidente da República;;não;https://www.cnmp.mp.br/portal/institucional/composicao/atual
br-conselheiro-do-cnmp;Conselheiro do Conselho Nacional do Ministério Público;br-p-thiago-roberto-morais-diaz;Thiago Roberto Morais Diaz;;;nomeado;Presidente da República;;não;https://www.cnmp.mp.br/portal/institucional/composicao/atual
br-conselheiro-do-cnmp;Conselheiro do Conselho Nacional do Ministério Público;br-p-gustavo-afonso-saboia-vieira;Gustavo Afonso Sabóia Vieira;;;nomeado;Presidente da República;;não;https://www.cnmp.mp.br/portal/institucional/composicao/atual
br-conselheiro-do-cnmp;Conselheiro do Conselho Nacional do Ministério Público;br-p-jose-de-lima-ramos-pereira;José de Lima Ramos Pereira;;;nomeado;Presidente da República;;não;https://www.cnmp.mp.br/portal/institucional/composicao/atual
br-conselheiro-do-cnmp;Conselheiro do Conselho Nacional do Ministério Público;br-p-alexandre-magno-benites-de-lacerda;Alexandre Magno Benites de Lacerda;;;nomeado;Presidente da República;;não;https://www.cnmp.mp.br/portal/institucional/composicao/atual
br-conselheiro-do-cnmp;Conselheiro do Conselho Nacional do Ministério Público;br-p-clementino-augusto-ruffeil-rodrigues;Clementino Augusto Ruffeil Rodrigues;;;nomeado;Presidente da República;;não;https://www.cnmp.mp.br/portal/institucional/composicao/atual
br-conselheiro-do-cnmp;Conselheiro do Conselho Nacional do Ministério Público;br-p-marcio-barra-lima;Márcio Barra Lima;;;nomeado;Presidente da República;;não;https://www.cnmp.mp.br/portal/institucional/composicao/atual
br-conselheiro-do-cnmp;Conselheiro do Conselho Nacional do Ministério Público;br-p-carl-olav-smith;Carl Olav Smith;;;nomeado;Presidente da República;;não;https://www.cnmp.mp.br/portal/institucional/composicao/atual
br-defensor-publico-geral-federal;Defensor Público-Geral Federal;br-p-tarcijany-linhares-aguiar-machado;Tarcijany Linhares Aguiar Machado;;;nomeado;Lula;;não;https://www.dpu.def.br/dpgf
br-procurador-geral-da-uniao;Procurador-Geral da União;br-p-clarice-costa-calixto;Clarice Costa Calixto;;;nomeado;Presidente da República;;não;https://www.gov.br/agu/pt-br/composicao/procuradoria-geral-da-uniao-1/quemequem
br-procurador-geral-federal;Procurador-Geral Federal;br-p-adriana-maia-venturini;Adriana Maia Venturini;;;nomeado;Presidente da República;;não;https://www.gov.br/agu/pt-br/composicao/procuradoria-geral-federal-1/quemequem
br-procurador-geral-da-fazenda-nacional;Procurador-Geral da Fazenda Nacional;br-p-anelize-lenzi-ruas-de-almeida;Anelize Lenzi Ruas de Almeida;;;nomeado;Presidente da República;;não;https://www.gov.br/pgfn/pt-br/composicao/quem-e-quem/gabinete
br-comissao-de-assuntos-sociais-do-senado;Comissão de Assuntos Sociais do Senado;br-p-sf-742;Marcelo Castro;Presidente;;eleito;;;não;https://legis.senado.leg.br/comissoes/comissao?codcol=40
br-comissao-de-assuntos-sociais-do-senado;Comissão de Assuntos Sociais do Senado;br-p-sf-5906;Dra. Eudócia;Vice-Presidente;;eleito;;;não;https://legis.senado.leg.br/comissoes/comissao?codcol=40
br-comissao-de-assuntos-sociais-do-senado;Comissão de Assuntos Sociais do Senado;br-p-sf-4994;Eduardo Braga;Titular;;eleito;;;não;https://legis.senado.leg.br/comissoes/comissao?codcol=40
br-comissao-de-assuntos-sociais-do-senado;Comissão de Assuntos Sociais do Senado;br-p-sf-4642;Efraim Filho;Titular;;eleito;;;não;https://legis.senado.leg.br/comissoes/comissao?codcol=40
br-comissao-de-assuntos-sociais-do-senado;Comissão de Assuntos Sociais do Senado;br-p-sf-4531;Jayme Campos;Titular;;eleito;;;não;https://legis.senado.leg.br/comissoes/comissao?codcol=40
br-comissao-de-assuntos-sociais-do-senado;Comissão de Assuntos Sociais do Senado;br-p-sf-5386;Professora Dorinha Seabra;Titular;;eleito;;;não;https://legis.senado.leg.br/comissoes/comissao?codcol=40
br-comissao-de-assuntos-sociais-do-senado;Comissão de Assuntos Sociais do Senado;br-p-sf-5502;Plínio Valério;Titular;;eleito;;;não;https://legis.senado.leg.br/comissoes/comissao?codcol=40
br-comissao-de-assuntos-sociais-do-senado;Comissão de Assuntos Sociais do Senado;br-p-sf-6369;Jussara Lima;Titular;;eleito;;;não;https://legis.senado.leg.br/comissoes/comissao?codcol=40
br-comissao-de-assuntos-sociais-do-senado;Comissão de Assuntos Sociais do Senado;br-p-sf-5376;Mara Gabrilli;Titular;;eleito;;;não;https://legis.senado.leg.br/comissoes/comissao?codcol=40
br-comissao-de-assuntos-sociais-do-senado;Comissão de Assuntos Sociais do Senado;br-p-sf-5783;Zenaide Maia;Titular;;eleito;;;não;https://legis.senado.leg.br/comissoes/comissao?codcol=40
br-comissao-de-assuntos-sociais-do-senado;Comissão de Assuntos Sociais do Senado;br-p-sf-4560;Sérgio Petecão;Titular;;eleito;;;não;https://legis.senado.leg.br/comissoes/comissao?codcol=40
br-comissao-de-assuntos-sociais-do-senado;Comissão de Assuntos Sociais do Senado;br-p-sf-345;Flávio Arns;Titular;;eleito;;;não;https://legis.senado.leg.br/comissoes/comissao?codcol=40
br-comissao-de-assuntos-sociais-do-senado;Comissão de Assuntos Sociais do Senado;br-p-sf-5976;Eduardo Girão;Titular;;eleito;;;não;https://legis.senado.leg.br/comissoes/comissao?codcol=40
br-comissao-de-assuntos-sociais-do-senado;Comissão de Assuntos Sociais do Senado;br-p-sf-5322;Romário;Titular;;eleito;;;não;https://legis.senado.leg.br/comissoes/comissao?codcol=40
br-comissao-de-assuntos-sociais-do-senado;Comissão de Assuntos Sociais do Senado;br-p-sf-5070;Wilder Morais;Titular;;eleito;;;não;https://legis.senado.leg.br/comissoes/comissao?codcol=40
br-comissao-de-assuntos-sociais-do-senado;Comissão de Assuntos Sociais do Senado;br-p-sf-5953;Fabiano Contarato;Titular;;eleito;;;não;https://legis.senado.leg.br/comissoes/comissao?codcol=40
br-comissao-de-assuntos-sociais-do-senado;Comissão de Assuntos Sociais do Senado;br-p-sf-5008;Humberto Costa;Titular;;eleito;;;não;https://legis.senado.leg.br/comissoes/comissao?codcol=40
br-comissao-de-assuntos-sociais-do-senado;Comissão de Assuntos Sociais do Senado;br-p-sf-6359;Lourdinha Pereira;Titular;;eleito;;;não;https://legis.senado.leg.br/comissoes/comissao?codcol=40
br-comissao-de-assuntos-sociais-do-senado;Comissão de Assuntos Sociais do Senado;br-p-sf-5998;Daniella Ribeiro;Titular;;eleito;;;não;https://legis.senado.leg.br/comissoes/comissao?codcol=40
br-comissao-de-assuntos-sociais-do-senado;Comissão de Assuntos Sociais do Senado;br-p-sf-5793;Dr. Hiran;Titular;;eleito;;;não;https://legis.senado.leg.br/comissoes/comissao?codcol=40
br-comissao-de-assuntos-sociais-do-senado;Comissão de Assuntos Sociais do Senado;br-p-sf-6025;Roberta Acioly;Titular;;eleito;;;não;https://legis.senado.leg.br/comissoes/comissao?codcol=40
br-comissao-de-assuntos-sociais-do-senado;Comissão de Assuntos Sociais do Senado;br-p-sf-70;Renan Calheiros;Suplente;;eleito;;;não;https://legis.senado.leg.br/comissoes/comissao?codcol=40
br-comissao-de-assuntos-sociais-do-senado;Comissão de Assuntos Sociais do Senado;br-p-sf-5982;Alessandro Vieira;Suplente;;eleito;;;não;https://legis.senado.leg.br/comissoes/comissao?codcol=40
br-comissao-de-assuntos-sociais-do-senado;Comissão de Assuntos Sociais do Senado;br-p-sf-5748;Veneziano Vital do Rêgo;Suplente;;eleito;;;não;https://legis.senado.leg.br/comissoes/comissao?codcol=40
br-comissao-de-assuntos-sociais-do-senado;Comissão de Assuntos Sociais do Senado;br-p-sf-5988;Soraya Thronicke;Suplente;;eleito;;;não;https://legis.senado.leg.br/comissoes/comissao?codcol=40
br-comissao-de-assuntos-sociais-do-senado;Comissão de Assuntos Sociais do Senado;br-p-sf-5959;Styvenson Valentim;Suplente;;eleito;;;não;https://legis.senado.leg.br/comissoes/comissao?codcol=40
br-comissao-de-assuntos-sociais-do-senado;Comissão de Assuntos Sociais do Senado;br-p-sf-5917;Fernando Dueire;Suplente;;eleito;;;não;https://legis.senado.leg.br/comissoes/comissao?codcol=40
br-comissao-de-assuntos-sociais-do-senado;Comissão de Assuntos Sociais do Senado;br-p-sf-5523;Otto Alencar;Suplente;;eleito;;;não;https://legis.senado.leg.br/comissoes/comissao?codcol=40
br-comissao-de-assuntos-sociais-do-senado;Comissão de Assuntos Sociais do Senado;br-p-sf-5967;Angelo Coronel;Suplente;;eleito;;;não;https://legis.senado.leg.br/comissoes/comissao?codcol=40
br-comissao-de-assuntos-sociais-do-senado;Comissão de Assuntos Sociais do Senado;br-p-sf-5926;Lucas Barreto;Suplente;;eleito;;;não;https://legis.senado.leg.br/comissoes/comissao?codcol=40
br-comissao-de-assuntos-sociais-do-senado;Comissão de Assuntos Sociais do Senado;br-p-sf-5985;Nelsinho Trad;Suplente;;eleito;;;não;https://legis.senado.leg.br/comissoes/comissao?codcol=40
br-comissao-de-assuntos-sociais-do-senado;Comissão de Assuntos Sociais do Senado;br-p-sf-5990;Carlos Viana;Suplente;;eleito;;;não;https://legis.senado.leg.br/comissoes/comissao?codcol=40
br-comissao-de-assuntos-sociais-do-senado;Comissão de Assuntos Sociais do Senado;br-p-sf-6009;Astronauta Marcos Pontes;Suplente;;eleito;;;não;https://legis.senado.leg.br/comissoes/comissao?codcol=40
br-comissao-de-assuntos-sociais-do-senado;Comissão de Assuntos Sociais do Senado;br-p-sf-4694;Rogerio Marinho;Suplente;;eleito;;;não;https://legis.senado.leg.br/comissoes/comissao?codcol=40
br-comissao-de-assuntos-sociais-do-senado;Comissão de Assuntos Sociais do Senado;br-p-sf-631;Magno Malta;Suplente;;eleito;;;não;https://legis.senado.leg.br/comissoes/comissao?codcol=40
br-comissao-de-assuntos-sociais-do-senado;Comissão de Assuntos Sociais do Senado;br-p-sf-6340;Jaime Bagattoli;Suplente;;eleito;;;não;https://legis.senado.leg.br/comissoes/comissao?codcol=40
br-comissao-de-assuntos-sociais-do-senado;Comissão de Assuntos Sociais do Senado;br-p-sf-825;Paulo Paim;Suplente;;eleito;;;não;https://legis.senado.leg.br/comissoes/comissao?codcol=40
br-comissao-de-assuntos-sociais-do-senado;Comissão de Assuntos Sociais do Senado;br-p-sf-6338;Teresa Leitão;Suplente;;eleito;;;não;https://legis.senado.leg.br/comissoes/comissao?codcol=40
br-comissao-de-assuntos-sociais-do-senado;Comissão de Assuntos Sociais do Senado;br-p-sf-5979;Leila Barros;Suplente;;eleito;;;não;https://legis.senado.leg.br/comissoes/comissao?codcol=40
br-comissao-de-assuntos-sociais-do-senado;Comissão de Assuntos Sociais do Senado;br-p-sf-5672;Alan Rick;Suplente;;eleito;;;não;https://legis.senado.leg.br/comissoes/comissao?codcol=40
br-comissao-de-assuntos-sociais-do-senado;Comissão de Assuntos Sociais do Senado;br-p-sf-22;Esperidião Amin;Suplente;;eleito;;;não;https://legis.senado.leg.br/comissoes/comissao?codcol=40
br-comissao-de-assuntos-sociais-do-senado;Comissão de Assuntos Sociais do Senado;br-p-sf-6335;Damares Alves;Suplente;;eleito;;;não;https://legis.senado.leg.br/comissoes/comissao?codcol=40
br-comissao-de-comunicacao-e-direito-digital-do-senado;Comissão de Comunicação e Direito Digital do Senado;br-p-sf-5982;Alessandro Vieira;Titular;;eleito;;;não;https://legis.senado.leg.br/comissoes/comissao?codcol=2614
br-comissao-de-comunicacao-e-direito-digital-do-senado;Comissão de Comunicação e Direito Digital do Senado;br-p-sf-5386;Professora Dorinha Seabra;Titular;;eleito;;;não;https://legis.senado.leg.br/comissoes/comissao?codcol=2614
br-comissao-de-comunicacao-e-direito-digital-do-senado;Comissão de Comunicação e Direito Digital do Senado;br-p-sf-5942;Marcos do Val;Titular;;eleito;;;não;https://legis.senado.leg.br/comissoes/comissao?codcol=2614
br-comissao-de-comunicacao-e-direito-digital-do-senado;Comissão de Comunicação e Direito Digital do Senado;br-p-sf-5502;Plínio Valério;Titular;;eleito;;;não;https://legis.senado.leg.br/comissoes/comissao?codcol=2614
br-comissao-de-comunicacao-e-direito-digital-do-senado;Comissão de Comunicação e Direito Digital do Senado;br-p-sf-5973;Cid Gomes;Titular;;eleito;;;não;https://legis.senado.leg.br/comissoes/comissao?codcol=2614
br-comissao-de-comunicacao-e-direito-digital-do-senado;Comissão de Comunicação e Direito Digital do Senado;br-p-sf-5998;Daniella Ribeiro;Titular;;eleito;;;não;https://legis.senado.leg.br/comissoes/comissao?codcol=2614
br-comissao-de-comunicacao-e-direito-digital-do-senado;Comissão de Comunicação e Direito Digital do Senado;br-p-sf-5899;Vanderlan Cardoso;Titular;;eleito;;;não;https://legis.senado.leg.br/comissoes/comissao?codcol=2614
br-comissao-de-comunicacao-e-direito-digital-do-senado;Comissão de Comunicação e Direito Digital do Senado;br-p-sf-4560;Sérgio Petecão;Titular;;eleito;;;não;https://legis.senado.leg.br/comissoes/comissao?codcol=2614
br-comissao-de-comunicacao-e-direito-digital-do-senado;Comissão de Comunicação e Direito Digital do Senado;br-p-sf-6009;Astronauta Marcos Pontes;Titular;;eleito;;;não;https://legis.senado.leg.br/comissoes/comissao?codcol=2614
br-comissao-de-comunicacao-e-direito-digital-do-senado;Comissão de Comunicação e Direito Digital do Senado;br-p-sf-5906;Dra. Eudócia;Titular;;eleito;;;não;https://legis.senado.leg.br/comissoes/comissao?codcol=2614
br-comissao-de-comunicacao-e-direito-digital-do-senado;Comissão de Comunicação e Direito Digital do Senado;br-p-sf-3777;Eduardo Gomes;Titular;;eleito;;;não;https://legis.senado.leg.br/comissoes/comissao?codcol=2614
br-comissao-de-comunicacao-e-direito-digital-do-senado;Comissão de Comunicação e Direito Digital do Senado;br-p-sf-5352;Rogério Carvalho;Titular;;eleito;;;não;https://legis.senado.leg.br/comissoes/comissao?codcol=2614
br-comissao-de-comunicacao-e-direito-digital-do-senado;Comissão de Comunicação e Direito Digital do Senado;br-p-sf-5953;Fabiano Contarato;Titular;;eleito;;;não;https://legis.senado.leg.br/comissoes/comissao?codcol=2614
br-comissao-de-comunicacao-e-direito-digital-do-senado;Comissão de Comunicação e Direito Digital do Senado;br-p-sf-22;Esperidião Amin;Titular;;eleito;;;não;https://legis.senado.leg.br/comissoes/comissao?codcol=2614
br-comissao-de-comunicacao-e-direito-digital-do-senado;Comissão de Comunicação e Direito Digital do Senado;br-p-sf-6341;Hamilton Mourão;Titular;;eleito;;;não;https://legis.senado.leg.br/comissoes/comissao?codcol=2614
br-comissao-de-comunicacao-e-direito-digital-do-senado;Comissão de Comunicação e Direito Digital do Senado;br-p-sf-35;Jader Barbalho;Suplente;;eleito;;;não;https://legis.senado.leg.br/comissoes/comissao?codcol=2614
br-comissao-de-comunicacao-e-direito-digital-do-senado;Comissão de Comunicação e Direito Digital do Senado;br-p-sf-4642;Efraim Filho;Suplente;;eleito;;;não;https://legis.senado.leg.br/comissoes/comissao?codcol=2614
br-comissao-de-comunicacao-e-direito-digital-do-senado;Comissão de Comunicação e Direito Digital do Senado;br-p-sf-5959;Styvenson Valentim;Suplente;;eleito;;;não;https://legis.senado.leg.br/comissoes/comissao?codcol=2614
br-comissao-de-comunicacao-e-direito-digital-do-senado;Comissão de Comunicação e Direito Digital do Senado;br-p-sf-345;Flávio Arns;Suplente;;eleito;;;não;https://legis.senado.leg.br/comissoes/comissao?codcol=2614
br-comissao-de-comunicacao-e-direito-digital-do-senado;Comissão de Comunicação e Direito Digital do Senado;br-p-sf-5976;Eduardo Girão;Suplente;;eleito;;;não;https://legis.senado.leg.br/comissoes/comissao?codcol=2614
br-comissao-de-comunicacao-e-direito-digital-do-senado;Comissão de Comunicação e Direito Digital do Senado;br-p-sf-5936;Carlos Portinho;Suplente;;eleito;;;não;https://legis.senado.leg.br/comissoes/comissao?codcol=2614
br-comissao-de-comunicacao-e-direito-digital-do-senado;Comissão de Comunicação e Direito Digital do Senado;br-p-sf-4694;Rogerio Marinho;Suplente;;eleito;;;não;https://legis.senado.leg.br/comissoes/comissao?codcol=2614
br-comissao-de-comunicacao-e-direito-digital-do-senado;Comissão de Comunicação e Direito Digital do Senado;br-p-sf-5793;Dr. Hiran;Suplente;;eleito;;;não;https://legis.senado.leg.br/comissoes/comissao?codcol=2614
br-comissao-de-comunicacao-e-direito-digital-do-senado;Comissão de Comunicação e Direito Digital do Senado;br-p-sf-6335;Damares Alves;Suplente;;eleito;;;não;https://legis.senado.leg.br/comissoes/comissao?codcol=2614
br-comissao-de-ciencia-tecnologia-inovacao-e-informatica-do-senado;Comissão de Ciência, Tecnologia, Inovação e Informática do Senado;br-p-sf-345;Flávio Arns;Presidente;;eleito;;;não;https://legis.senado.leg.br/comissoes/comissao?codcol=1363
br-comissao-de-ciencia-tecnologia-inovacao-e-informatica-do-senado;Comissão de Ciência, Tecnologia, Inovação e Informática do Senado;br-p-sf-6341;Hamilton Mourão;Vice-Presidente;;eleito;;;não;https://legis.senado.leg.br/comissoes/comissao?codcol=1363
br-comissao-de-ciencia-tecnologia-inovacao-e-informatica-do-senado;Comissão de Ciência, Tecnologia, Inovação e Informática do Senado;br-p-sf-475;Confúcio Moura;Titular;;eleito;;;não;https://legis.senado.leg.br/comissoes/comissao?codcol=1363
br-comissao-de-ciencia-tecnologia-inovacao-e-informatica-do-senado;Comissão de Ciência, Tecnologia, Inovação e Informática do Senado;br-p-sf-4642;Efraim Filho;Titular;;eleito;;;não;https://legis.senado.leg.br/comissoes/comissao?codcol=1363
br-comissao-de-ciencia-tecnologia-inovacao-e-informatica-do-senado;Comissão de Ciência, Tecnologia, Inovação e Informática do Senado;br-p-sf-6010;Ivete da Silveira;Titular;;eleito;;;não;https://legis.senado.leg.br/comissoes/comissao?codcol=1363
br-comissao-de-ciencia-tecnologia-inovacao-e-informatica-do-senado;Comissão de Ciência, Tecnologia, Inovação e Informática do Senado;br-p-sf-5942;Marcos do Val;Titular;;eleito;;;não;https://legis.senado.leg.br/comissoes/comissao?codcol=1363
br-comissao-de-ciencia-tecnologia-inovacao-e-informatica-do-senado;Comissão de Ciência, Tecnologia, Inovação e Informática do Senado;br-p-sf-5924;Oriovisto Guimarães;Titular;;eleito;;;não;https://legis.senado.leg.br/comissoes/comissao?codcol=1363
br-comissao-de-ciencia-tecnologia-inovacao-e-informatica-do-senado;Comissão de Ciência, Tecnologia, Inovação e Informática do Senado;br-p-sf-5998;Daniella Ribeiro;Titular;;eleito;;;não;https://legis.senado.leg.br/comissoes/comissao?codcol=1363
br-comissao-de-ciencia-tecnologia-inovacao-e-informatica-do-senado;Comissão de Ciência, Tecnologia, Inovação e Informática do Senado;br-p-sf-5899;Vanderlan Cardoso;Titular;;eleito;;;não;https://legis.senado.leg.br/comissoes/comissao?codcol=1363
br-comissao-de-ciencia-tecnologia-inovacao-e-informatica-do-senado;Comissão de Ciência, Tecnologia, Inovação e Informática do Senado;br-p-sf-470;Chico Rodrigues;Titular;;eleito;;;não;https://legis.senado.leg.br/comissoes/comissao?codcol=1363
br-comissao-de-ciencia-tecnologia-inovacao-e-informatica-do-senado;Comissão de Ciência, Tecnologia, Inovação e Informática do Senado;br-p-sf-6009;Astronauta Marcos Pontes;Titular;;eleito;;;não;https://legis.senado.leg.br/comissoes/comissao?codcol=1363
br-comissao-de-ciencia-tecnologia-inovacao-e-informatica-do-senado;Comissão de Ciência, Tecnologia, Inovação e Informática do Senado;br-p-sf-5906;Dra. Eudócia;Titular;;eleito;;;não;https://legis.senado.leg.br/comissoes/comissao?codcol=1363
br-comissao-de-ciencia-tecnologia-inovacao-e-informatica-do-senado;Comissão de Ciência, Tecnologia, Inovação e Informática do Senado;br-p-sf-4770;Izalci Lucas;Titular;;eleito;;;não;https://legis.senado.leg.br/comissoes/comissao?codcol=1363
br-comissao-de-ciencia-tecnologia-inovacao-e-informatica-do-senado;Comissão de Ciência, Tecnologia, Inovação e Informática do Senado;br-p-sf-6338;Teresa Leitão;Titular;;eleito;;;não;https://legis.senado.leg.br/comissoes/comissao?codcol=1363
br-comissao-de-ciencia-tecnologia-inovacao-e-informatica-do-senado;Comissão de Ciência, Tecnologia, Inovação e Informática do Senado;br-p-sf-4639;Beto Faro;Titular;;eleito;;;não;https://legis.senado.leg.br/comissoes/comissao?codcol=1363
br-comissao-de-ciencia-tecnologia-inovacao-e-informatica-do-senado;Comissão de Ciência, Tecnologia, Inovação e Informática do Senado;br-p-sf-5352;Rogério Carvalho;Titular;;eleito;;;não;https://legis.senado.leg.br/comissoes/comissao?codcol=1363
br-comissao-de-ciencia-tecnologia-inovacao-e-informatica-do-senado;Comissão de Ciência, Tecnologia, Inovação e Informática do Senado;br-p-sf-5793;Dr. Hiran;Titular;;eleito;;;não;https://legis.senado.leg.br/comissoes/comissao?codcol=1363
br-comissao-de-ciencia-tecnologia-inovacao-e-informatica-do-senado;Comissão de Ciência, Tecnologia, Inovação e Informática do Senado;br-p-sf-5982;Alessandro Vieira;Suplente;;eleito;;;não;https://legis.senado.leg.br/comissoes/comissao?codcol=1363
br-comissao-de-ciencia-tecnologia-inovacao-e-informatica-do-senado;Comissão de Ciência, Tecnologia, Inovação e Informática do Senado;br-p-sf-22;Esperidião Amin;Suplente;;eleito;;;não;https://legis.senado.leg.br/comissoes/comissao?codcol=1363
br-comissao-de-ciencia-tecnologia-inovacao-e-informatica-do-senado;Comissão de Ciência, Tecnologia, Inovação e Informática do Senado;br-p-sf-5973;Cid Gomes;Suplente;;eleito;;;não;https://legis.senado.leg.br/comissoes/comissao?codcol=1363
br-comissao-de-ciencia-tecnologia-inovacao-e-informatica-do-senado;Comissão de Ciência, Tecnologia, Inovação e Informática do Senado;br-p-sf-4560;Sérgio Petecão;Suplente;;eleito;;;não;https://legis.senado.leg.br/comissoes/comissao?codcol=1363
br-comissao-de-ciencia-tecnologia-inovacao-e-informatica-do-senado;Comissão de Ciência, Tecnologia, Inovação e Informática do Senado;br-p-sf-5926;Lucas Barreto;Suplente;;eleito;;;não;https://legis.senado.leg.br/comissoes/comissao?codcol=1363
br-comissao-de-ciencia-tecnologia-inovacao-e-informatica-do-senado;Comissão de Ciência, Tecnologia, Inovação e Informática do Senado;br-p-sf-5985;Nelsinho Trad;Suplente;;eleito;;;não;https://legis.senado.leg.br/comissoes/comissao?codcol=1363
br-comissao-de-ciencia-tecnologia-inovacao-e-informatica-do-senado;Comissão de Ciência, Tecnologia, Inovação e Informática do Senado;br-p-sf-5936;Carlos Portinho;Suplente;;eleito;;;não;https://legis.senado.leg.br/comissoes/comissao?codcol=1363
br-comissao-de-ciencia-tecnologia-inovacao-e-informatica-do-senado;Comissão de Ciência, Tecnologia, Inovação e Informática do Senado;br-p-sf-1173;Wellington Fagundes;Suplente;;eleito;;;não;https://legis.senado.leg.br/comissoes/comissao?codcol=1363
br-comissao-de-ciencia-tecnologia-inovacao-e-informatica-do-senado;Comissão de Ciência, Tecnologia, Inovação e Informática do Senado;br-p-sf-6342;Jorge Seif;Suplente;;eleito;;;não;https://legis.senado.leg.br/comissoes/comissao?codcol=1363
br-comissao-de-ciencia-tecnologia-inovacao-e-informatica-do-senado;Comissão de Ciência, Tecnologia, Inovação e Informática do Senado;br-p-sf-5012;Randolfe Rodrigues;Suplente;;eleito;;;não;https://legis.senado.leg.br/comissoes/comissao?codcol=1363
br-comissao-de-ciencia-tecnologia-inovacao-e-informatica-do-senado;Comissão de Ciência, Tecnologia, Inovação e Informática do Senado;br-p-sf-825;Paulo Paim;Suplente;;eleito;;;não;https://legis.senado.leg.br/comissoes/comissao?codcol=1363
br-comissao-de-ciencia-tecnologia-inovacao-e-informatica-do-senado;Comissão de Ciência, Tecnologia, Inovação e Informática do Senado;br-p-sf-5411;Weverton;Suplente;;eleito;;;não;https://legis.senado.leg.br/comissoes/comissao?codcol=1363
br-comissao-de-ciencia-tecnologia-inovacao-e-informatica-do-senado;Comissão de Ciência, Tecnologia, Inovação e Informática do Senado;br-p-sf-6335;Damares Alves;Suplente;;eleito;;;não;https://legis.senado.leg.br/comissoes/comissao?codcol=1363
br-comissao-de-defesa-da-democracia-do-senado;Comissão de Defesa da Democracia do Senado;br-p-sf-70;Renan Calheiros;Titular;;eleito;;;não;https://legis.senado.leg.br/comissoes/comissao?codcol=2617
br-comissao-de-defesa-da-democracia-do-senado;Comissão de Defesa da Democracia do Senado;br-p-sf-5942;Marcos do Val;Titular;;eleito;;;não;https://legis.senado.leg.br/comissoes/comissao?codcol=2617
br-comissao-de-defesa-da-democracia-do-senado;Comissão de Defesa da Democracia do Senado;br-p-sf-5732;Rodrigo Pacheco;Titular;;eleito;;;não;https://legis.senado.leg.br/comissoes/comissao?codcol=2617
br-comissao-de-defesa-da-democracia-do-senado;Comissão de Defesa da Democracia do Senado;br-p-sf-5718;Eliziane Gama;Titular;;eleito;;;não;https://legis.senado.leg.br/comissoes/comissao?codcol=2617
br-comissao-de-defesa-da-democracia-do-senado;Comissão de Defesa da Democracia do Senado;br-p-sf-1173;Wellington Fagundes;Titular;;eleito;;;não;https://legis.senado.leg.br/comissoes/comissao?codcol=2617
br-comissao-de-defesa-da-democracia-do-senado;Comissão de Defesa da Democracia do Senado;br-p-sf-5008;Humberto Costa;Titular;;eleito;;;não;https://legis.senado.leg.br/comissoes/comissao?codcol=2617
br-comissao-de-defesa-da-democracia-do-senado;Comissão de Defesa da Democracia do Senado;br-p-sf-5953;Fabiano Contarato;Titular;;eleito;;;não;https://legis.senado.leg.br/comissoes/comissao?codcol=2617
br-comissao-de-defesa-da-democracia-do-senado;Comissão de Defesa da Democracia do Senado;br-p-sf-1186;Luis Carlos Heinze;Titular;;eleito;;;não;https://legis.senado.leg.br/comissoes/comissao?codcol=2617
br-comissao-de-defesa-da-democracia-do-senado;Comissão de Defesa da Democracia do Senado;br-p-sf-6341;Hamilton Mourão;Suplente;;eleito;;;não;https://legis.senado.leg.br/comissoes/comissao?codcol=2617
br-comissao-de-direitos-humanos-e-legislacao-participativa-do-senado;Comissão de Direitos Humanos e Legislação Participativa do Senado;br-p-sf-6335;Damares Alves;Presidente;;eleito;;;não;https://legis.senado.leg.br/comissoes/comissao?codcol=834
br-comissao-de-direitos-humanos-e-legislacao-participativa-do-senado;Comissão de Direitos Humanos e Legislação Participativa do Senado;br-p-sf-5376;Mara Gabrilli;Vice-Presidente;;eleito;;;não;https://legis.senado.leg.br/comissoes/comissao?codcol=834
br-comissao-de-direitos-humanos-e-legislacao-participativa-do-senado;Comissão de Direitos Humanos e Legislação Participativa do Senado;br-p-sf-6010;Ivete da Silveira;Titular;;eleito;;;não;https://legis.senado.leg.br/comissoes/comissao?codcol=834
br-comissao-de-direitos-humanos-e-legislacao-participativa-do-senado;Comissão de Direitos Humanos e Legislação Participativa do Senado;br-p-sf-4994;Eduardo Braga;Titular;;eleito;;;não;https://legis.senado.leg.br/comissoes/comissao?codcol=834
br-comissao-de-direitos-humanos-e-legislacao-participativa-do-senado;Comissão de Direitos Humanos e Legislação Participativa do Senado;br-p-sf-6331;Sergio Moro;Titular;;eleito;;;não;https://legis.senado.leg.br/comissoes/comissao?codcol=834
br-comissao-de-direitos-humanos-e-legislacao-participativa-do-senado;Comissão de Direitos Humanos e Legislação Participativa do Senado;br-p-sf-6008;Giordano;Titular;;eleito;;;não;https://legis.senado.leg.br/comissoes/comissao?codcol=834
br-comissao-de-direitos-humanos-e-legislacao-participativa-do-senado;Comissão de Direitos Humanos e Legislação Participativa do Senado;br-p-sf-5942;Marcos do Val;Titular;;eleito;;;não;https://legis.senado.leg.br/comissoes/comissao?codcol=834
br-comissao-de-direitos-humanos-e-legislacao-participativa-do-senado;Comissão de Direitos Humanos e Legislação Participativa do Senado;br-p-sf-5502;Plínio Valério;Titular;;eleito;;;não;https://legis.senado.leg.br/comissoes/comissao?codcol=834
br-comissao-de-direitos-humanos-e-legislacao-participativa-do-senado;Comissão de Direitos Humanos e Legislação Participativa do Senado;br-p-sf-5973;Cid Gomes;Titular;;eleito;;;não;https://legis.senado.leg.br/comissoes/comissao?codcol=834
br-comissao-de-direitos-humanos-e-legislacao-participativa-do-senado;Comissão de Direitos Humanos e Legislação Participativa do Senado;br-p-sf-6369;Jussara Lima;Titular;;eleito;;;não;https://legis.senado.leg.br/comissoes/comissao?codcol=834
br-comissao-de-direitos-humanos-e-legislacao-participativa-do-senado;Comissão de Direitos Humanos e Legislação Participativa do Senado;br-p-sf-6359;Lourdinha Pereira;Titular;;eleito;;;não;https://legis.senado.leg.br/comissoes/comissao?codcol=834
br-comissao-de-direitos-humanos-e-legislacao-participativa-do-senado;Comissão de Direitos Humanos e Legislação Participativa do Senado;br-p-sf-6340;Jaime Bagattoli;Titular;;eleito;;;não;https://legis.senado.leg.br/comissoes/comissao?codcol=834
br-comissao-de-direitos-humanos-e-legislacao-participativa-do-senado;Comissão de Direitos Humanos e Legislação Participativa do Senado;br-p-sf-631;Magno Malta;Titular;;eleito;;;não;https://legis.senado.leg.br/comissoes/comissao?codcol=834
br-comissao-de-direitos-humanos-e-legislacao-participativa-do-senado;Comissão de Direitos Humanos e Legislação Participativa do Senado;br-p-sf-5422;Marcos Rogério;Titular;;eleito;;;não;https://legis.senado.leg.br/comissoes/comissao?codcol=834
br-comissao-de-direitos-humanos-e-legislacao-participativa-do-senado;Comissão de Direitos Humanos e Legislação Participativa do Senado;br-p-sf-6009;Astronauta Marcos Pontes;Titular;;eleito;;;não;https://legis.senado.leg.br/comissoes/comissao?codcol=834
br-comissao-de-direitos-humanos-e-legislacao-participativa-do-senado;Comissão de Direitos Humanos e Legislação Participativa do Senado;br-p-sf-5953;Fabiano Contarato;Titular;;eleito;;;não;https://legis.senado.leg.br/comissoes/comissao?codcol=834
br-comissao-de-direitos-humanos-e-legislacao-participativa-do-senado;Comissão de Direitos Humanos e Legislação Participativa do Senado;br-p-sf-5352;Rogério Carvalho;Titular;;eleito;;;não;https://legis.senado.leg.br/comissoes/comissao?codcol=834
br-comissao-de-direitos-humanos-e-legislacao-participativa-do-senado;Comissão de Direitos Humanos e Legislação Participativa do Senado;br-p-sf-5008;Humberto Costa;Titular;;eleito;;;não;https://legis.senado.leg.br/comissoes/comissao?codcol=834
br-comissao-de-direitos-humanos-e-legislacao-participativa-do-senado;Comissão de Direitos Humanos e Legislação Participativa do Senado;br-p-sf-5793;Dr. Hiran;Titular;;eleito;;;não;https://legis.senado.leg.br/comissoes/comissao?codcol=834
br-comissao-de-direitos-humanos-e-legislacao-participativa-do-senado;Comissão de Direitos Humanos e Legislação Participativa do Senado;br-p-sf-5982;Alessandro Vieira;Suplente;;eleito;;;não;https://legis.senado.leg.br/comissoes/comissao?codcol=834
br-comissao-de-direitos-humanos-e-legislacao-participativa-do-senado;Comissão de Direitos Humanos e Legislação Participativa do Senado;br-p-sf-5386;Professora Dorinha Seabra;Suplente;;eleito;;;não;https://legis.senado.leg.br/comissoes/comissao?codcol=834
br-comissao-de-direitos-humanos-e-legislacao-participativa-do-senado;Comissão de Direitos Humanos e Legislação Participativa do Senado;br-p-sf-3806;Zequinha Marinho;Suplente;;eleito;;;não;https://legis.senado.leg.br/comissoes/comissao?codcol=834
br-comissao-de-direitos-humanos-e-legislacao-participativa-do-senado;Comissão de Direitos Humanos e Legislação Participativa do Senado;br-p-sf-5959;Styvenson Valentim;Suplente;;eleito;;;não;https://legis.senado.leg.br/comissoes/comissao?codcol=834
br-comissao-de-direitos-humanos-e-legislacao-participativa-do-senado;Comissão de Direitos Humanos e Legislação Participativa do Senado;br-p-sf-285;Marcio Bittar;Suplente;;eleito;;;não;https://legis.senado.leg.br/comissoes/comissao?codcol=834
br-comissao-de-direitos-humanos-e-legislacao-participativa-do-senado;Comissão de Direitos Humanos e Legislação Participativa do Senado;br-p-sf-345;Flávio Arns;Suplente;;eleito;;;não;https://legis.senado.leg.br/comissoes/comissao?codcol=834
br-comissao-de-direitos-humanos-e-legislacao-participativa-do-senado;Comissão de Direitos Humanos e Legislação Participativa do Senado;br-p-sf-5899;Vanderlan Cardoso;Suplente;;eleito;;;não;https://legis.senado.leg.br/comissoes/comissao?codcol=834
br-comissao-de-direitos-humanos-e-legislacao-participativa-do-senado;Comissão de Direitos Humanos e Legislação Participativa do Senado;br-p-sf-5718;Eliziane Gama;Suplente;;eleito;;;não;https://legis.senado.leg.br/comissoes/comissao?codcol=834
br-comissao-de-direitos-humanos-e-legislacao-participativa-do-senado;Comissão de Direitos Humanos e Legislação Participativa do Senado;br-p-sf-5974;Sargento Reginauro;Suplente;;eleito;;;não;https://legis.senado.leg.br/comissoes/comissao?codcol=834
br-comissao-de-direitos-humanos-e-legislacao-participativa-do-senado;Comissão de Direitos Humanos e Legislação Participativa do Senado;br-p-sf-5322;Romário;Suplente;;eleito;;;não;https://legis.senado.leg.br/comissoes/comissao?codcol=834
br-comissao-de-direitos-humanos-e-legislacao-participativa-do-senado;Comissão de Direitos Humanos e Legislação Participativa do Senado;br-p-sf-6342;Jorge Seif;Suplente;;eleito;;;não;https://legis.senado.leg.br/comissoes/comissao?codcol=834
br-comissao-de-direitos-humanos-e-legislacao-participativa-do-senado;Comissão de Direitos Humanos e Legislação Participativa do Senado;br-p-sf-5894;Flávio Bolsonaro;Suplente;;eleito;;;não;https://legis.senado.leg.br/comissoes/comissao?codcol=834
br-comissao-de-direitos-humanos-e-legislacao-participativa-do-senado;Comissão de Direitos Humanos e Legislação Participativa do Senado;br-p-sf-5411;Weverton;Suplente;;eleito;;;não;https://legis.senado.leg.br/comissoes/comissao?codcol=834
br-comissao-de-direitos-humanos-e-legislacao-participativa-do-senado;Comissão de Direitos Humanos e Legislação Participativa do Senado;br-p-sf-6338;Teresa Leitão;Suplente;;eleito;;;não;https://legis.senado.leg.br/comissoes/comissao?codcol=834
br-comissao-de-direitos-humanos-e-legislacao-participativa-do-senado;Comissão de Direitos Humanos e Legislação Participativa do Senado;br-p-sf-825;Paulo Paim;Suplente;;eleito;;;não;https://legis.senado.leg.br/comissoes/comissao?codcol=834
br-comissao-de-direitos-humanos-e-legislacao-participativa-do-senado;Comissão de Direitos Humanos e Legislação Participativa do Senado;br-p-sf-4811;Laércio Oliveira;Suplente;;eleito;;;não;https://legis.senado.leg.br/comissoes/comissao?codcol=834
br-comissao-de-direitos-humanos-e-legislacao-participativa-do-senado;Comissão de Direitos Humanos e Legislação Participativa do Senado;br-p-sf-6025;Roberta Acioly;Suplente;;eleito;;;não;https://legis.senado.leg.br/comissoes/comissao?codcol=834
br-comissao-de-desenvolvimento-regional-e-turismo-do-senado;Comissão de Desenvolvimento Regional e Turismo do Senado;br-p-sf-5386;Professora Dorinha Seabra;Presidente;;eleito;;;não;https://legis.senado.leg.br/comissoes/comissao?codcol=1306
br-comissao-de-desenvolvimento-regional-e-turismo-do-senado;Comissão de Desenvolvimento Regional e Turismo do Senado;br-p-sf-742;Marcelo Castro;Titular;;eleito;;;não;https://legis.senado.leg.br/comissoes/comissao?codcol=1306
br-comissao-de-desenvolvimento-regional-e-turismo-do-senado;Comissão de Desenvolvimento Regional e Turismo do Senado;br-p-sf-6010;Ivete da Silveira;Titular;;eleito;;;não;https://legis.senado.leg.br/comissoes/comissao?codcol=1306
br-comissao-de-desenvolvimento-regional-e-turismo-do-senado;Comissão de Desenvolvimento Regional e Turismo do Senado;br-p-sf-4642;Efraim Filho;Titular;;eleito;;;não;https://legis.senado.leg.br/comissoes/comissao?codcol=1306
br-comissao-de-desenvolvimento-regional-e-turismo-do-senado;Comissão de Desenvolvimento Regional e Turismo do Senado;br-p-sf-5502;Plínio Valério;Titular;;eleito;;;não;https://legis.senado.leg.br/comissoes/comissao?codcol=1306
br-comissao-de-desenvolvimento-regional-e-turismo-do-senado;Comissão de Desenvolvimento Regional e Turismo do Senado;br-p-sf-5718;Eliziane Gama;Titular;;eleito;;;não;https://legis.senado.leg.br/comissoes/comissao?codcol=1306
br-comissao-de-desenvolvimento-regional-e-turismo-do-senado;Comissão de Desenvolvimento Regional e Turismo do Senado;br-p-sf-470;Chico Rodrigues;Titular;;eleito;;;não;https://legis.senado.leg.br/comissoes/comissao?codcol=1306
br-comissao-de-desenvolvimento-regional-e-turismo-do-senado;Comissão de Desenvolvimento Regional e Turismo do Senado;br-p-sf-3777;Eduardo Gomes;Titular;;eleito;;;não;https://legis.senado.leg.br/comissoes/comissao?codcol=1306
br-comissao-de-desenvolvimento-regional-e-turismo-do-senado;Comissão de Desenvolvimento Regional e Turismo do Senado;br-p-sf-5894;Flávio Bolsonaro;Titular;;eleito;;;não;https://legis.senado.leg.br/comissoes/comissao?codcol=1306
br-comissao-de-desenvolvimento-regional-e-turismo-do-senado;Comissão de Desenvolvimento Regional e Turismo do Senado;br-p-sf-6342;Jorge Seif;Titular;;eleito;;;não;https://legis.senado.leg.br/comissoes/comissao?codcol=1306
br-comissao-de-desenvolvimento-regional-e-turismo-do-senado;Comissão de Desenvolvimento Regional e Turismo do Senado;br-p-sf-6336;Camilo Santana;Titular;;eleito;;;não;https://legis.senado.leg.br/comissoes/comissao?codcol=1306
br-comissao-de-desenvolvimento-regional-e-turismo-do-senado;Comissão de Desenvolvimento Regional e Turismo do Senado;br-p-sf-4639;Beto Faro;Titular;;eleito;;;não;https://legis.senado.leg.br/comissoes/comissao?codcol=1306
br-comissao-de-desenvolvimento-regional-e-turismo-do-senado;Comissão de Desenvolvimento Regional e Turismo do Senado;br-p-sf-4811;Laércio Oliveira;Titular;;eleito;;;não;https://legis.senado.leg.br/comissoes/comissao?codcol=1306
br-comissao-de-desenvolvimento-regional-e-turismo-do-senado;Comissão de Desenvolvimento Regional e Turismo do Senado;br-p-sf-5967;Angelo Coronel;Titular;;eleito;;;não;https://legis.senado.leg.br/comissoes/comissao?codcol=1306
br-comissao-de-desenvolvimento-regional-e-turismo-do-senado;Comissão de Desenvolvimento Regional e Turismo do Senado;br-p-sf-5982;Alessandro Vieira;Suplente;;eleito;;;não;https://legis.senado.leg.br/comissoes/comissao?codcol=1306
br-comissao-de-desenvolvimento-regional-e-turismo-do-senado;Comissão de Desenvolvimento Regional e Turismo do Senado;br-p-sf-4994;Eduardo Braga;Suplente;;eleito;;;não;https://legis.senado.leg.br/comissoes/comissao?codcol=1306
br-comissao-de-desenvolvimento-regional-e-turismo-do-senado;Comissão de Desenvolvimento Regional e Turismo do Senado;br-p-sf-3806;Zequinha Marinho;Suplente;;eleito;;;não;https://legis.senado.leg.br/comissoes/comissao?codcol=1306
br-comissao-de-desenvolvimento-regional-e-turismo-do-senado;Comissão de Desenvolvimento Regional e Turismo do Senado;br-p-sf-6369;Jussara Lima;Suplente;;eleito;;;não;https://legis.senado.leg.br/comissoes/comissao?codcol=1306
br-comissao-de-desenvolvimento-regional-e-turismo-do-senado;Comissão de Desenvolvimento Regional e Turismo do Senado;br-p-sf-5783;Zenaide Maia;Suplente;;eleito;;;não;https://legis.senado.leg.br/comissoes/comissao?codcol=1306
br-comissao-de-desenvolvimento-regional-e-turismo-do-senado;Comissão de Desenvolvimento Regional e Turismo do Senado;br-p-sf-5985;Nelsinho Trad;Suplente;;eleito;;;não;https://legis.senado.leg.br/comissoes/comissao?codcol=1306
br-comissao-de-desenvolvimento-regional-e-turismo-do-senado;Comissão de Desenvolvimento Regional e Turismo do Senado;br-p-sf-5973;Cid Gomes;Suplente;;eleito;;;não;https://legis.senado.leg.br/comissoes/comissao?codcol=1306
br-comissao-de-desenvolvimento-regional-e-turismo-do-senado;Comissão de Desenvolvimento Regional e Turismo do Senado;br-p-sf-5070;Wilder Morais;Suplente;;eleito;;;não;https://legis.senado.leg.br/comissoes/comissao?codcol=1306
br-comissao-de-desenvolvimento-regional-e-turismo-do-senado;Comissão de Desenvolvimento Regional e Turismo do Senado;br-p-sf-4694;Rogerio Marinho;Suplente;;eleito;;;não;https://legis.senado.leg.br/comissoes/comissao?codcol=1306
br-comissao-de-desenvolvimento-regional-e-turismo-do-senado;Comissão de Desenvolvimento Regional e Turismo do Senado;br-p-sf-6009;Astronauta Marcos Pontes;Suplente;;eleito;;;não;https://legis.senado.leg.br/comissoes/comissao?codcol=1306
br-comissao-de-desenvolvimento-regional-e-turismo-do-senado;Comissão de Desenvolvimento Regional e Turismo do Senado;br-p-sf-5352;Rogério Carvalho;Suplente;;eleito;;;não;https://legis.senado.leg.br/comissoes/comissao?codcol=1306
br-comissao-de-desenvolvimento-regional-e-turismo-do-senado;Comissão de Desenvolvimento Regional e Turismo do Senado;br-p-sf-6359;Lourdinha Pereira;Suplente;;eleito;;;não;https://legis.senado.leg.br/comissoes/comissao?codcol=1306
br-comissao-de-desenvolvimento-regional-e-turismo-do-senado;Comissão de Desenvolvimento Regional e Turismo do Senado;br-p-sf-5793;Dr. Hiran;Suplente;;eleito;;;não;https://legis.senado.leg.br/comissoes/comissao?codcol=1306
br-comissao-de-desenvolvimento-regional-e-turismo-do-senado;Comissão de Desenvolvimento Regional e Turismo do Senado;br-p-sf-5672;Alan Rick;Suplente;;eleito;;;não;https://legis.senado.leg.br/comissoes/comissao?codcol=1306
br-comissao-de-educacao-e-cultura-do-senado;Comissão de Educação e Cultura do Senado;br-p-sf-6336;Camilo Santana;Presidente;;eleito;;;não;https://legis.senado.leg.br/comissoes/comissao?codcol=47
br-comissao-de-educacao-e-cultura-do-senado;Comissão de Educação e Cultura do Senado;br-p-sf-5748;Veneziano Vital do Rêgo;Vice-Presidente;;eleito;;;não;https://legis.senado.leg.br/comissoes/comissao?codcol=47
br-comissao-de-educacao-e-cultura-do-senado;Comissão de Educação e Cultura do Senado;br-p-sf-475;Confúcio Moura;Titular;;eleito;;;não;https://legis.senado.leg.br/comissoes/comissao?codcol=47
br-comissao-de-educacao-e-cultura-do-senado;Comissão de Educação e Cultura do Senado;br-p-sf-5386;Professora Dorinha Seabra;Titular;;eleito;;;não;https://legis.senado.leg.br/comissoes/comissao?codcol=47
br-comissao-de-educacao-e-cultura-do-senado;Comissão de Educação e Cultura do Senado;br-p-sf-5982;Alessandro Vieira;Titular;;eleito;;;não;https://legis.senado.leg.br/comissoes/comissao?codcol=47
br-comissao-de-educacao-e-cultura-do-senado;Comissão de Educação e Cultura do Senado;br-p-sf-5502;Plínio Valério;Titular;;eleito;;;não;https://legis.senado.leg.br/comissoes/comissao?codcol=47
br-comissao-de-educacao-e-cultura-do-senado;Comissão de Educação e Cultura do Senado;br-p-sf-5973;Cid Gomes;Titular;;eleito;;;não;https://legis.senado.leg.br/comissoes/comissao?codcol=47
br-comissao-de-educacao-e-cultura-do-senado;Comissão de Educação e Cultura do Senado;br-p-sf-6369;Jussara Lima;Titular;;eleito;;;não;https://legis.senado.leg.br/comissoes/comissao?codcol=47
br-comissao-de-educacao-e-cultura-do-senado;Comissão de Educação e Cultura do Senado;br-p-sf-5899;Vanderlan Cardoso;Titular;;eleito;;;não;https://legis.senado.leg.br/comissoes/comissao?codcol=47
br-comissao-de-educacao-e-cultura-do-senado;Comissão de Educação e Cultura do Senado;br-p-sf-5783;Zenaide Maia;Titular;;eleito;;;não;https://legis.senado.leg.br/comissoes/comissao?codcol=47
br-comissao-de-educacao-e-cultura-do-senado;Comissão de Educação e Cultura do Senado;br-p-sf-345;Flávio Arns;Titular;;eleito;;;não;https://legis.senado.leg.br/comissoes/comissao?codcol=47
br-comissao-de-educacao-e-cultura-do-senado;Comissão de Educação e Cultura do Senado;br-p-sf-6009;Astronauta Marcos Pontes;Titular;;eleito;;;não;https://legis.senado.leg.br/comissoes/comissao?codcol=47
br-comissao-de-educacao-e-cultura-do-senado;Comissão de Educação e Cultura do Senado;br-p-sf-631;Magno Malta;Titular;;eleito;;;não;https://legis.senado.leg.br/comissoes/comissao?codcol=47
br-comissao-de-educacao-e-cultura-do-senado;Comissão de Educação e Cultura do Senado;br-p-sf-4770;Izalci Lucas;Titular;;eleito;;;não;https://legis.senado.leg.br/comissoes/comissao?codcol=47
br-comissao-de-educacao-e-cultura-do-senado;Comissão de Educação e Cultura do Senado;br-p-sf-1173;Wellington Fagundes;Titular;;eleito;;;não;https://legis.senado.leg.br/comissoes/comissao?codcol=47
br-comissao-de-educacao-e-cultura-do-senado;Comissão de Educação e Cultura do Senado;br-p-sf-6338;Teresa Leitão;Titular;;eleito;;;não;https://legis.senado.leg.br/comissoes/comissao?codcol=47
br-comissao-de-educacao-e-cultura-do-senado;Comissão de Educação e Cultura do Senado;br-p-sf-825;Paulo Paim;Titular;;eleito;;;não;https://legis.senado.leg.br/comissoes/comissao?codcol=47
br-comissao-de-educacao-e-cultura-do-senado;Comissão de Educação e Cultura do Senado;br-p-sf-4811;Laércio Oliveira;Titular;;eleito;;;não;https://legis.senado.leg.br/comissoes/comissao?codcol=47
br-comissao-de-educacao-e-cultura-do-senado;Comissão de Educação e Cultura do Senado;br-p-sf-6335;Damares Alves;Titular;;eleito;;;não;https://legis.senado.leg.br/comissoes/comissao?codcol=47
br-comissao-de-educacao-e-cultura-do-senado;Comissão de Educação e Cultura do Senado;br-p-sf-5672;Alan Rick;Titular;;eleito;;;não;https://legis.senado.leg.br/comissoes/comissao?codcol=47
br-comissao-de-educacao-e-cultura-do-senado;Comissão de Educação e Cultura do Senado;br-p-sf-6010;Ivete da Silveira;Suplente;;eleito;;;não;https://legis.senado.leg.br/comissoes/comissao?codcol=47
br-comissao-de-educacao-e-cultura-do-senado;Comissão de Educação e Cultura do Senado;br-p-sf-742;Marcelo Castro;Suplente;;eleito;;;não;https://legis.senado.leg.br/comissoes/comissao?codcol=47
br-comissao-de-educacao-e-cultura-do-senado;Comissão de Educação e Cultura do Senado;br-p-sf-4994;Eduardo Braga;Suplente;;eleito;;;não;https://legis.senado.leg.br/comissoes/comissao?codcol=47
br-comissao-de-educacao-e-cultura-do-senado;Comissão de Educação e Cultura do Senado;br-p-sf-5917;Fernando Dueire;Suplente;;eleito;;;não;https://legis.senado.leg.br/comissoes/comissao?codcol=47
br-comissao-de-educacao-e-cultura-do-senado;Comissão de Educação e Cultura do Senado;br-p-sf-5985;Nelsinho Trad;Suplente;;eleito;;;não;https://legis.senado.leg.br/comissoes/comissao?codcol=47
br-comissao-de-educacao-e-cultura-do-senado;Comissão de Educação e Cultura do Senado;br-p-sf-5998;Daniella Ribeiro;Suplente;;eleito;;;não;https://legis.senado.leg.br/comissoes/comissao?codcol=47
br-comissao-de-educacao-e-cultura-do-senado;Comissão de Educação e Cultura do Senado;br-p-sf-4560;Sérgio Petecão;Suplente;;eleito;;;não;https://legis.senado.leg.br/comissoes/comissao?codcol=47
br-comissao-de-educacao-e-cultura-do-senado;Comissão de Educação e Cultura do Senado;br-p-sf-5936;Carlos Portinho;Suplente;;eleito;;;não;https://legis.senado.leg.br/comissoes/comissao?codcol=47
br-comissao-de-educacao-e-cultura-do-senado;Comissão de Educação e Cultura do Senado;br-p-sf-5906;Dra. Eudócia;Suplente;;eleito;;;não;https://legis.senado.leg.br/comissoes/comissao?codcol=47
br-comissao-de-educacao-e-cultura-do-senado;Comissão de Educação e Cultura do Senado;br-p-sf-5322;Romário;Suplente;;eleito;;;não;https://legis.senado.leg.br/comissoes/comissao?codcol=47
br-comissao-de-educacao-e-cultura-do-senado;Comissão de Educação e Cultura do Senado;br-p-sf-4694;Rogerio Marinho;Suplente;;eleito;;;não;https://legis.senado.leg.br/comissoes/comissao?codcol=47
br-comissao-de-educacao-e-cultura-do-senado;Comissão de Educação e Cultura do Senado;br-p-sf-5008;Humberto Costa;Suplente;;eleito;;;não;https://legis.senado.leg.br/comissoes/comissao?codcol=47
br-comissao-de-educacao-e-cultura-do-senado;Comissão de Educação e Cultura do Senado;br-p-sf-5979;Leila Barros;Suplente;;eleito;;;não;https://legis.senado.leg.br/comissoes/comissao?codcol=47
br-comissao-de-educacao-e-cultura-do-senado;Comissão de Educação e Cultura do Senado;br-p-sf-6359;Lourdinha Pereira;Suplente;;eleito;;;não;https://legis.senado.leg.br/comissoes/comissao?codcol=47
br-comissao-de-educacao-e-cultura-do-senado;Comissão de Educação e Cultura do Senado;br-p-sf-22;Esperidião Amin;Suplente;;eleito;;;não;https://legis.senado.leg.br/comissoes/comissao?codcol=47
br-comissao-de-educacao-e-cultura-do-senado;Comissão de Educação e Cultura do Senado;br-p-sf-5793;Dr. Hiran;Suplente;;eleito;;;não;https://legis.senado.leg.br/comissoes/comissao?codcol=47
br-comissao-de-educacao-e-cultura-do-senado;Comissão de Educação e Cultura do Senado;br-p-sf-6025;Roberta Acioly;Suplente;;eleito;;;não;https://legis.senado.leg.br/comissoes/comissao?codcol=47
br-comissao-de-esporte-do-senado;Comissão de Esporte do Senado;br-p-sf-5979;Leila Barros;Presidente;;eleito;;;não;https://legis.senado.leg.br/comissoes/comissao?codcol=2615
br-comissao-de-esporte-do-senado;Comissão de Esporte do Senado;br-p-sf-470;Chico Rodrigues;Vice-Presidente;;eleito;;;não;https://legis.senado.leg.br/comissoes/comissao?codcol=2615
br-comissao-de-esporte-do-senado;Comissão de Esporte do Senado;br-p-sf-475;Confúcio Moura;Titular;;eleito;;;não;https://legis.senado.leg.br/comissoes/comissao?codcol=2615
br-comissao-de-esporte-do-senado;Comissão de Esporte do Senado;br-p-sf-4642;Efraim Filho;Titular;;eleito;;;não;https://legis.senado.leg.br/comissoes/comissao?codcol=2615
br-comissao-de-esporte-do-senado;Comissão de Esporte do Senado;br-p-sf-5502;Plínio Valério;Titular;;eleito;;;não;https://legis.senado.leg.br/comissoes/comissao?codcol=2615
br-comissao-de-esporte-do-senado;Comissão de Esporte do Senado;br-p-sf-5376;Mara Gabrilli;Titular;;eleito;;;não;https://legis.senado.leg.br/comissoes/comissao?codcol=2615
br-comissao-de-esporte-do-senado;Comissão de Esporte do Senado;br-p-sf-4560;Sérgio Petecão;Titular;;eleito;;;não;https://legis.senado.leg.br/comissoes/comissao?codcol=2615
br-comissao-de-esporte-do-senado;Comissão de Esporte do Senado;br-p-sf-5322;Romário;Titular;;eleito;;;não;https://legis.senado.leg.br/comissoes/comissao?codcol=2615
br-comissao-de-esporte-do-senado;Comissão de Esporte do Senado;br-p-sf-5976;Eduardo Girão;Titular;;eleito;;;não;https://legis.senado.leg.br/comissoes/comissao?codcol=2615
br-comissao-de-esporte-do-senado;Comissão de Esporte do Senado;br-p-sf-6338;Teresa Leitão;Titular;;eleito;;;não;https://legis.senado.leg.br/comissoes/comissao?codcol=2615
br-comissao-de-esporte-do-senado;Comissão de Esporte do Senado;br-p-sf-6025;Roberta Acioly;Titular;;eleito;;;não;https://legis.senado.leg.br/comissoes/comissao?codcol=2615
br-comissao-de-esporte-do-senado;Comissão de Esporte do Senado;br-p-sf-5672;Alan Rick;Suplente;;eleito;;;não;https://legis.senado.leg.br/comissoes/comissao?codcol=2615
br-comissao-de-esporte-do-senado;Comissão de Esporte do Senado;br-p-sf-5895;Jorge Kajuru;Suplente;;eleito;;;não;https://legis.senado.leg.br/comissoes/comissao?codcol=2615
br-comissao-de-esporte-do-senado;Comissão de Esporte do Senado;br-p-sf-5936;Carlos Portinho;Suplente;;eleito;;;não;https://legis.senado.leg.br/comissoes/comissao?codcol=2615
br-comissao-de-esporte-do-senado;Comissão de Esporte do Senado;br-p-sf-3777;Eduardo Gomes;Suplente;;eleito;;;não;https://legis.senado.leg.br/comissoes/comissao?codcol=2615
br-comissao-de-esporte-do-senado;Comissão de Esporte do Senado;br-p-sf-22;Esperidião Amin;Suplente;;eleito;;;não;https://legis.senado.leg.br/comissoes/comissao?codcol=2615
br-comissao-de-meio-ambiente-do-senado;Comissão de Meio Ambiente do Senado;br-p-sf-5953;Fabiano Contarato;Presidente;;eleito;;;não;https://legis.senado.leg.br/comissoes/comissao?codcol=50
br-comissao-de-meio-ambiente-do-senado;Comissão de Meio Ambiente do Senado;br-p-sf-5979;Leila Barros;Vice-Presidente;;eleito;;;não;https://legis.senado.leg.br/comissoes/comissao?codcol=50
br-comissao-de-meio-ambiente-do-senado;Comissão de Meio Ambiente do Senado;br-p-sf-475;Confúcio Moura;Titular;;eleito;;;não;https://legis.senado.leg.br/comissoes/comissao?codcol=50
br-comissao-de-meio-ambiente-do-senado;Comissão de Meio Ambiente do Senado;br-p-sf-6008;Giordano;Titular;;eleito;;;não;https://legis.senado.leg.br/comissoes/comissao?codcol=50
br-comissao-de-meio-ambiente-do-senado;Comissão de Meio Ambiente do Senado;br-p-sf-4531;Jayme Campos;Titular;;eleito;;;não;https://legis.senado.leg.br/comissoes/comissao?codcol=50
br-comissao-de-meio-ambiente-do-senado;Comissão de Meio Ambiente do Senado;br-p-sf-3806;Zequinha Marinho;Titular;;eleito;;;não;https://legis.senado.leg.br/comissoes/comissao?codcol=50
br-comissao-de-meio-ambiente-do-senado;Comissão de Meio Ambiente do Senado;br-p-sf-5502;Plínio Valério;Titular;;eleito;;;não;https://legis.senado.leg.br/comissoes/comissao?codcol=50
br-comissao-de-meio-ambiente-do-senado;Comissão de Meio Ambiente do Senado;br-p-sf-5718;Eliziane Gama;Titular;;eleito;;;não;https://legis.senado.leg.br/comissoes/comissao?codcol=50
br-comissao-de-meio-ambiente-do-senado;Comissão de Meio Ambiente do Senado;br-p-sf-5523;Otto Alencar;Titular;;eleito;;;não;https://legis.senado.leg.br/comissoes/comissao?codcol=50
br-comissao-de-meio-ambiente-do-senado;Comissão de Meio Ambiente do Senado;br-p-sf-5973;Cid Gomes;Titular;;eleito;;;não;https://legis.senado.leg.br/comissoes/comissao?codcol=50
br-comissao-de-meio-ambiente-do-senado;Comissão de Meio Ambiente do Senado;br-p-sf-6340;Jaime Bagattoli;Titular;;eleito;;;não;https://legis.senado.leg.br/comissoes/comissao?codcol=50
br-comissao-de-meio-ambiente-do-senado;Comissão de Meio Ambiente do Senado;br-p-sf-5422;Marcos Rogério;Titular;;eleito;;;não;https://legis.senado.leg.br/comissoes/comissao?codcol=50
br-comissao-de-meio-ambiente-do-senado;Comissão de Meio Ambiente do Senado;br-p-sf-1173;Wellington Fagundes;Titular;;eleito;;;não;https://legis.senado.leg.br/comissoes/comissao?codcol=50
br-comissao-de-meio-ambiente-do-senado;Comissão de Meio Ambiente do Senado;br-p-sf-4639;Beto Faro;Titular;;eleito;;;não;https://legis.senado.leg.br/comissoes/comissao?codcol=50
br-comissao-de-meio-ambiente-do-senado;Comissão de Meio Ambiente do Senado;br-p-sf-5736;Tereza Cristina;Titular;;eleito;;;não;https://legis.senado.leg.br/comissoes/comissao?codcol=50
br-comissao-de-meio-ambiente-do-senado;Comissão de Meio Ambiente do Senado;br-p-sf-6025;Roberta Acioly;Titular;;eleito;;;não;https://legis.senado.leg.br/comissoes/comissao?codcol=50
br-comissao-de-meio-ambiente-do-senado;Comissão de Meio Ambiente do Senado;br-p-sf-5982;Alessandro Vieira;Suplente;;eleito;;;não;https://legis.senado.leg.br/comissoes/comissao?codcol=50
br-comissao-de-meio-ambiente-do-senado;Comissão de Meio Ambiente do Senado;br-p-sf-285;Marcio Bittar;Suplente;;eleito;;;não;https://legis.senado.leg.br/comissoes/comissao?codcol=50
br-comissao-de-meio-ambiente-do-senado;Comissão de Meio Ambiente do Senado;br-p-sf-5959;Styvenson Valentim;Suplente;;eleito;;;não;https://legis.senado.leg.br/comissoes/comissao?codcol=50
br-comissao-de-meio-ambiente-do-senado;Comissão de Meio Ambiente do Senado;br-p-sf-4642;Efraim Filho;Suplente;;eleito;;;não;https://legis.senado.leg.br/comissoes/comissao?codcol=50
br-comissao-de-meio-ambiente-do-senado;Comissão de Meio Ambiente do Senado;br-p-sf-5385;Irajá;Suplente;;eleito;;;não;https://legis.senado.leg.br/comissoes/comissao?codcol=50
br-comissao-de-meio-ambiente-do-senado;Comissão de Meio Ambiente do Senado;br-p-sf-5376;Mara Gabrilli;Suplente;;eleito;;;não;https://legis.senado.leg.br/comissoes/comissao?codcol=50
br-comissao-de-meio-ambiente-do-senado;Comissão de Meio Ambiente do Senado;br-p-sf-5899;Vanderlan Cardoso;Suplente;;eleito;;;não;https://legis.senado.leg.br/comissoes/comissao?codcol=50
br-comissao-de-meio-ambiente-do-senado;Comissão de Meio Ambiente do Senado;br-p-sf-5985;Nelsinho Trad;Suplente;;eleito;;;não;https://legis.senado.leg.br/comissoes/comissao?codcol=50
br-comissao-de-meio-ambiente-do-senado;Comissão de Meio Ambiente do Senado;br-p-sf-4694;Rogerio Marinho;Suplente;;eleito;;;não;https://legis.senado.leg.br/comissoes/comissao?codcol=50
br-comissao-de-meio-ambiente-do-senado;Comissão de Meio Ambiente do Senado;br-p-sf-3777;Eduardo Gomes;Suplente;;eleito;;;não;https://legis.senado.leg.br/comissoes/comissao?codcol=50
br-comissao-de-meio-ambiente-do-senado;Comissão de Meio Ambiente do Senado;br-p-sf-6342;Jorge Seif;Suplente;;eleito;;;não;https://legis.senado.leg.br/comissoes/comissao?codcol=50
br-comissao-de-meio-ambiente-do-senado;Comissão de Meio Ambiente do Senado;br-p-sf-5352;Rogério Carvalho;Suplente;;eleito;;;não;https://legis.senado.leg.br/comissoes/comissao?codcol=50
br-comissao-de-meio-ambiente-do-senado;Comissão de Meio Ambiente do Senado;br-p-sf-581;Jaques Wagner;Suplente;;eleito;;;não;https://legis.senado.leg.br/comissoes/comissao?codcol=50
br-comissao-de-meio-ambiente-do-senado;Comissão de Meio Ambiente do Senado;br-p-sf-6336;Camilo Santana;Suplente;;eleito;;;não;https://legis.senado.leg.br/comissoes/comissao?codcol=50
br-comissao-de-meio-ambiente-do-senado;Comissão de Meio Ambiente do Senado;br-p-sf-1186;Luis Carlos Heinze;Suplente;;eleito;;;não;https://legis.senado.leg.br/comissoes/comissao?codcol=50
br-comissao-de-meio-ambiente-do-senado;Comissão de Meio Ambiente do Senado;br-p-sf-5967;Angelo Coronel;Suplente;;eleito;;;não;https://legis.senado.leg.br/comissoes/comissao?codcol=50
br-comissao-de-agricultura-e-reforma-agraria-do-senado;Comissão de Agricultura e Reforma Agrária do Senado;br-p-sf-3806;Zequinha Marinho;Presidente;;eleito;;;não;https://legis.senado.leg.br/comissoes/comissao?codcol=1307
br-comissao-de-agricultura-e-reforma-agraria-do-senado;Comissão de Agricultura e Reforma Agrária do Senado;br-p-sf-35;Jader Barbalho;Titular;;eleito;;;não;https://legis.senado.leg.br/comissoes/comissao?codcol=1307
br-comissao-de-agricultura-e-reforma-agraria-do-senado;Comissão de Agricultura e Reforma Agrária do Senado;br-p-sf-475;Confúcio Moura;Titular;;eleito;;;não;https://legis.senado.leg.br/comissoes/comissao?codcol=1307
br-comissao-de-agricultura-e-reforma-agraria-do-senado;Comissão de Agricultura e Reforma Agrária do Senado;br-p-sf-4531;Jayme Campos;Titular;;eleito;;;não;https://legis.senado.leg.br/comissoes/comissao?codcol=1307
br-comissao-de-agricultura-e-reforma-agraria-do-senado;Comissão de Agricultura e Reforma Agrária do Senado;br-p-sf-345;Flávio Arns;Titular;;eleito;;;não;https://legis.senado.leg.br/comissoes/comissao?codcol=1307
br-comissao-de-agricultura-e-reforma-agraria-do-senado;Comissão de Agricultura e Reforma Agrária do Senado;br-p-sf-6295;Carlos Fávaro;Titular;;eleito;;;não;https://legis.senado.leg.br/comissoes/comissao?codcol=1307
br-comissao-de-agricultura-e-reforma-agraria-do-senado;Comissão de Agricultura e Reforma Agrária do Senado;br-p-sf-5899;Vanderlan Cardoso;Titular;;eleito;;;não;https://legis.senado.leg.br/comissoes/comissao?codcol=1307
br-comissao-de-agricultura-e-reforma-agraria-do-senado;Comissão de Agricultura e Reforma Agrária do Senado;br-p-sf-4560;Sérgio Petecão;Titular;;eleito;;;não;https://legis.senado.leg.br/comissoes/comissao?codcol=1307
br-comissao-de-agricultura-e-reforma-agraria-do-senado;Comissão de Agricultura e Reforma Agrária do Senado;br-p-sf-6340;Jaime Bagattoli;Titular;;eleito;;;não;https://legis.senado.leg.br/comissoes/comissao?codcol=1307
br-comissao-de-agricultura-e-reforma-agraria-do-senado;Comissão de Agricultura e Reforma Agrária do Senado;br-p-sf-1173;Wellington Fagundes;Titular;;eleito;;;não;https://legis.senado.leg.br/comissoes/comissao?codcol=1307
br-comissao-de-agricultura-e-reforma-agraria-do-senado;Comissão de Agricultura e Reforma Agrária do Senado;br-p-sf-5422;Marcos Rogério;Titular;;eleito;;;não;https://legis.senado.leg.br/comissoes/comissao?codcol=1307
br-comissao-de-agricultura-e-reforma-agraria-do-senado;Comissão de Agricultura e Reforma Agrária do Senado;br-p-sf-4639;Beto Faro;Titular;;eleito;;;não;https://legis.senado.leg.br/comissoes/comissao?codcol=1307
br-comissao-de-agricultura-e-reforma-agraria-do-senado;Comissão de Agricultura e Reforma Agrária do Senado;br-p-sf-5411;Weverton;Titular;;eleito;;;não;https://legis.senado.leg.br/comissoes/comissao?codcol=1307
br-comissao-de-agricultura-e-reforma-agraria-do-senado;Comissão de Agricultura e Reforma Agrária do Senado;br-p-sf-1186;Luis Carlos Heinze;Titular;;eleito;;;não;https://legis.senado.leg.br/comissoes/comissao?codcol=1307
br-comissao-de-agricultura-e-reforma-agraria-do-senado;Comissão de Agricultura e Reforma Agrária do Senado;br-p-sf-5672;Alan Rick;Titular;;eleito;;;não;https://legis.senado.leg.br/comissoes/comissao?codcol=1307
br-comissao-de-agricultura-e-reforma-agraria-do-senado;Comissão de Agricultura e Reforma Agrária do Senado;br-p-sf-5386;Professora Dorinha Seabra;Suplente;;eleito;;;não;https://legis.senado.leg.br/comissoes/comissao?codcol=1307
br-comissao-de-agricultura-e-reforma-agraria-do-senado;Comissão de Agricultura e Reforma Agrária do Senado;br-p-sf-5988;Soraya Thronicke;Suplente;;eleito;;;não;https://legis.senado.leg.br/comissoes/comissao?codcol=1307
br-comissao-de-agricultura-e-reforma-agraria-do-senado;Comissão de Agricultura e Reforma Agrária do Senado;br-p-sf-5959;Styvenson Valentim;Suplente;;eleito;;;não;https://legis.senado.leg.br/comissoes/comissao?codcol=1307
br-comissao-de-agricultura-e-reforma-agraria-do-senado;Comissão de Agricultura e Reforma Agrária do Senado;br-p-sf-470;Chico Rodrigues;Suplente;;eleito;;;não;https://legis.senado.leg.br/comissoes/comissao?codcol=1307
br-comissao-de-agricultura-e-reforma-agraria-do-senado;Comissão de Agricultura e Reforma Agrária do Senado;br-p-sf-5718;Eliziane Gama;Suplente;;eleito;;;não;https://legis.senado.leg.br/comissoes/comissao?codcol=1307
br-comissao-de-agricultura-e-reforma-agraria-do-senado;Comissão de Agricultura e Reforma Agrária do Senado;br-p-sf-5967;Angelo Coronel;Suplente;;eleito;;;não;https://legis.senado.leg.br/comissoes/comissao?codcol=1307
br-comissao-de-agricultura-e-reforma-agraria-do-senado;Comissão de Agricultura e Reforma Agrária do Senado;br-p-sf-6369;Jussara Lima;Suplente;;eleito;;;não;https://legis.senado.leg.br/comissoes/comissao?codcol=1307
br-comissao-de-agricultura-e-reforma-agraria-do-senado;Comissão de Agricultura e Reforma Agrária do Senado;br-p-sf-5070;Wilder Morais;Suplente;;eleito;;;não;https://legis.senado.leg.br/comissoes/comissao?codcol=1307
br-comissao-de-agricultura-e-reforma-agraria-do-senado;Comissão de Agricultura e Reforma Agrária do Senado;br-p-sf-4694;Rogerio Marinho;Suplente;;eleito;;;não;https://legis.senado.leg.br/comissoes/comissao?codcol=1307
br-comissao-de-agricultura-e-reforma-agraria-do-senado;Comissão de Agricultura e Reforma Agrária do Senado;br-p-sf-5736;Tereza Cristina;Suplente;;eleito;;;não;https://legis.senado.leg.br/comissoes/comissao?codcol=1307
br-comissao-de-agricultura-e-reforma-agraria-do-senado;Comissão de Agricultura e Reforma Agrária do Senado;br-p-sf-6341;Hamilton Mourão;Suplente;;eleito;;;não;https://legis.senado.leg.br/comissoes/comissao?codcol=1307
br-comissao-de-seguranca-publica-do-senado;Comissão de Segurança Pública do Senado;br-p-sf-5894;Flávio Bolsonaro;Presidente;;eleito;;;não;https://legis.senado.leg.br/comissoes/comissao?codcol=2429
br-comissao-de-seguranca-publica-do-senado;Comissão de Segurança Pública do Senado;br-p-sf-6331;Sergio Moro;Vice-Presidente;;eleito;;;não;https://legis.senado.leg.br/comissoes/comissao?codcol=2429
br-comissao-de-seguranca-publica-do-senado;Comissão de Segurança Pública do Senado;br-p-sf-5982;Alessandro Vieira;Titular;;eleito;;;não;https://legis.senado.leg.br/comissoes/comissao?codcol=2429
br-comissao-de-seguranca-publica-do-senado;Comissão de Segurança Pública do Senado;br-p-sf-6010;Ivete da Silveira;Titular;;eleito;;;não;https://legis.senado.leg.br/comissoes/comissao?codcol=2429
br-comissao-de-seguranca-publica-do-senado;Comissão de Segurança Pública do Senado;br-p-sf-285;Marcio Bittar;Titular;;eleito;;;não;https://legis.senado.leg.br/comissoes/comissao?codcol=2429
br-comissao-de-seguranca-publica-do-senado;Comissão de Segurança Pública do Senado;br-p-sf-5942;Marcos do Val;Titular;;eleito;;;não;https://legis.senado.leg.br/comissoes/comissao?codcol=2429
br-comissao-de-seguranca-publica-do-senado;Comissão de Segurança Pública do Senado;br-p-sf-5959;Styvenson Valentim;Titular;;eleito;;;não;https://legis.senado.leg.br/comissoes/comissao?codcol=2429
br-comissao-de-seguranca-publica-do-senado;Comissão de Segurança Pública do Senado;br-p-sf-5895;Jorge Kajuru;Titular;;eleito;;;não;https://legis.senado.leg.br/comissoes/comissao?codcol=2429
br-comissao-de-seguranca-publica-do-senado;Comissão de Segurança Pública do Senado;br-p-sf-5990;Carlos Viana;Titular;;eleito;;;não;https://legis.senado.leg.br/comissoes/comissao?codcol=2429
br-comissao-de-seguranca-publica-do-senado;Comissão de Segurança Pública do Senado;br-p-sf-5967;Angelo Coronel;Titular;;eleito;;;não;https://legis.senado.leg.br/comissoes/comissao?codcol=2429
br-comissao-de-seguranca-publica-do-senado;Comissão de Segurança Pública do Senado;br-p-sf-5899;Vanderlan Cardoso;Titular;;eleito;;;não;https://legis.senado.leg.br/comissoes/comissao?codcol=2429
br-comissao-de-seguranca-publica-do-senado;Comissão de Segurança Pública do Senado;br-p-sf-6342;Jorge Seif;Titular;;eleito;;;não;https://legis.senado.leg.br/comissoes/comissao?codcol=2429
br-comissao-de-seguranca-publica-do-senado;Comissão de Segurança Pública do Senado;br-p-sf-631;Magno Malta;Titular;;eleito;;;não;https://legis.senado.leg.br/comissoes/comissao?codcol=2429
br-comissao-de-seguranca-publica-do-senado;Comissão de Segurança Pública do Senado;br-p-sf-4694;Rogerio Marinho;Titular;;eleito;;;não;https://legis.senado.leg.br/comissoes/comissao?codcol=2429
br-comissao-de-seguranca-publica-do-senado;Comissão de Segurança Pública do Senado;br-p-sf-5953;Fabiano Contarato;Titular;;eleito;;;não;https://legis.senado.leg.br/comissoes/comissao?codcol=2429
br-comissao-de-seguranca-publica-do-senado;Comissão de Segurança Pública do Senado;br-p-sf-6359;Lourdinha Pereira;Titular;;eleito;;;não;https://legis.senado.leg.br/comissoes/comissao?codcol=2429
br-comissao-de-seguranca-publica-do-senado;Comissão de Segurança Pública do Senado;br-p-sf-22;Esperidião Amin;Titular;;eleito;;;não;https://legis.senado.leg.br/comissoes/comissao?codcol=2429
br-comissao-de-seguranca-publica-do-senado;Comissão de Segurança Pública do Senado;br-p-sf-6341;Hamilton Mourão;Titular;;eleito;;;não;https://legis.senado.leg.br/comissoes/comissao?codcol=2429
br-comissao-de-seguranca-publica-do-senado;Comissão de Segurança Pública do Senado;br-p-sf-4994;Eduardo Braga;Suplente;;eleito;;;não;https://legis.senado.leg.br/comissoes/comissao?codcol=2429
br-comissao-de-seguranca-publica-do-senado;Comissão de Segurança Pública do Senado;br-p-sf-5386;Professora Dorinha Seabra;Suplente;;eleito;;;não;https://legis.senado.leg.br/comissoes/comissao?codcol=2429
br-comissao-de-seguranca-publica-do-senado;Comissão de Segurança Pública do Senado;br-p-sf-70;Renan Calheiros;Suplente;;eleito;;;não;https://legis.senado.leg.br/comissoes/comissao?codcol=2429
br-comissao-de-seguranca-publica-do-senado;Comissão de Segurança Pública do Senado;br-p-sf-5974;Sargento Reginauro;Suplente;;eleito;;;não;https://legis.senado.leg.br/comissoes/comissao?codcol=2429
br-comissao-de-seguranca-publica-do-senado;Comissão de Segurança Pública do Senado;br-p-sf-4642;Efraim Filho;Suplente;;eleito;;;não;https://legis.senado.leg.br/comissoes/comissao?codcol=2429
br-comissao-de-seguranca-publica-do-senado;Comissão de Segurança Pública do Senado;br-p-sf-470;Chico Rodrigues;Suplente;;eleito;;;não;https://legis.senado.leg.br/comissoes/comissao?codcol=2429
br-comissao-de-seguranca-publica-do-senado;Comissão de Segurança Pública do Senado;br-p-sf-5525;Omar Aziz;Suplente;;eleito;;;não;https://legis.senado.leg.br/comissoes/comissao?codcol=2429
br-comissao-de-seguranca-publica-do-senado;Comissão de Segurança Pública do Senado;br-p-sf-4560;Sérgio Petecão;Suplente;;eleito;;;não;https://legis.senado.leg.br/comissoes/comissao?codcol=2429
br-comissao-de-seguranca-publica-do-senado;Comissão de Segurança Pública do Senado;br-p-sf-5070;Wilder Morais;Suplente;;eleito;;;não;https://legis.senado.leg.br/comissoes/comissao?codcol=2429
br-comissao-de-seguranca-publica-do-senado;Comissão de Segurança Pública do Senado;br-p-sf-5936;Carlos Portinho;Suplente;;eleito;;;não;https://legis.senado.leg.br/comissoes/comissao?codcol=2429
br-comissao-de-seguranca-publica-do-senado;Comissão de Segurança Pública do Senado;br-p-sf-5422;Marcos Rogério;Suplente;;eleito;;;não;https://legis.senado.leg.br/comissoes/comissao?codcol=2429
br-comissao-de-seguranca-publica-do-senado;Comissão de Segurança Pública do Senado;br-p-sf-6009;Astronauta Marcos Pontes;Suplente;;eleito;;;não;https://legis.senado.leg.br/comissoes/comissao?codcol=2429
br-comissao-de-seguranca-publica-do-senado;Comissão de Segurança Pública do Senado;br-p-sf-581;Jaques Wagner;Suplente;;eleito;;;não;https://legis.senado.leg.br/comissoes/comissao?codcol=2429
br-comissao-de-seguranca-publica-do-senado;Comissão de Segurança Pública do Senado;br-p-sf-5352;Rogério Carvalho;Suplente;;eleito;;;não;https://legis.senado.leg.br/comissoes/comissao?codcol=2429
br-comissao-de-seguranca-publica-do-senado;Comissão de Segurança Pública do Senado;br-p-sf-1186;Luis Carlos Heinze;Suplente;;eleito;;;não;https://legis.senado.leg.br/comissoes/comissao?codcol=2429
br-comissao-de-seguranca-publica-do-senado;Comissão de Segurança Pública do Senado;br-p-sf-6335;Damares Alves;Suplente;;eleito;;;não;https://legis.senado.leg.br/comissoes/comissao?codcol=2429
br-comissao-de-transparencia-governanca-fiscalizacao-e-controle-e-defesa-do-consumidor-do-senado;Comissão de Transparência, Governança, Fiscalização e Controle e Defesa do Consumidor do Senado;br-p-sf-5793;Dr. Hiran;Presidente;;eleito;;;não;https://legis.senado.leg.br/comissoes/comissao?codcol=1956
br-comissao-de-transparencia-governanca-fiscalizacao-e-controle-e-defesa-do-consumidor-do-senado;Comissão de Transparência, Governança, Fiscalização e Controle e Defesa do Consumidor do Senado;br-p-sf-5982;Alessandro Vieira;Titular;;eleito;;;não;https://legis.senado.leg.br/comissoes/comissao?codcol=1956
br-comissao-de-transparencia-governanca-fiscalizacao-e-controle-e-defesa-do-consumidor-do-senado;Comissão de Transparência, Governança, Fiscalização e Controle e Defesa do Consumidor do Senado;br-p-sf-70;Renan Calheiros;Titular;;eleito;;;não;https://legis.senado.leg.br/comissoes/comissao?codcol=1956
br-comissao-de-transparencia-governanca-fiscalizacao-e-controle-e-defesa-do-consumidor-do-senado;Comissão de Transparência, Governança, Fiscalização e Controle e Defesa do Consumidor do Senado;br-p-sf-6331;Sergio Moro;Titular;;eleito;;;não;https://legis.senado.leg.br/comissoes/comissao?codcol=1956
br-comissao-de-transparencia-governanca-fiscalizacao-e-controle-e-defesa-do-consumidor-do-senado;Comissão de Transparência, Governança, Fiscalização e Controle e Defesa do Consumidor do Senado;br-p-sf-5990;Carlos Viana;Titular;;eleito;;;não;https://legis.senado.leg.br/comissoes/comissao?codcol=1956
br-comissao-de-transparencia-governanca-fiscalizacao-e-controle-e-defesa-do-consumidor-do-senado;Comissão de Transparência, Governança, Fiscalização e Controle e Defesa do Consumidor do Senado;br-p-sf-5959;Styvenson Valentim;Titular;;eleito;;;não;https://legis.senado.leg.br/comissoes/comissao?codcol=1956
br-comissao-de-transparencia-governanca-fiscalizacao-e-controle-e-defesa-do-consumidor-do-senado;Comissão de Transparência, Governança, Fiscalização e Controle e Defesa do Consumidor do Senado;br-p-sf-5899;Vanderlan Cardoso;Titular;;eleito;;;não;https://legis.senado.leg.br/comissoes/comissao?codcol=1956
br-comissao-de-transparencia-governanca-fiscalizacao-e-controle-e-defesa-do-consumidor-do-senado;Comissão de Transparência, Governança, Fiscalização e Controle e Defesa do Consumidor do Senado;br-p-sf-5523;Otto Alencar;Titular;;eleito;;;não;https://legis.senado.leg.br/comissoes/comissao?codcol=1956
br-comissao-de-transparencia-governanca-fiscalizacao-e-controle-e-defesa-do-consumidor-do-senado;Comissão de Transparência, Governança, Fiscalização e Controle e Defesa do Consumidor do Senado;br-p-sf-5525;Omar Aziz;Titular;;eleito;;;não;https://legis.senado.leg.br/comissoes/comissao?codcol=1956
br-comissao-de-transparencia-governanca-fiscalizacao-e-controle-e-defesa-do-consumidor-do-senado;Comissão de Transparência, Governança, Fiscalização e Controle e Defesa do Consumidor do Senado;br-p-sf-5973;Cid Gomes;Titular;;eleito;;;não;https://legis.senado.leg.br/comissoes/comissao?codcol=1956
br-comissao-de-transparencia-governanca-fiscalizacao-e-controle-e-defesa-do-consumidor-do-senado;Comissão de Transparência, Governança, Fiscalização e Controle e Defesa do Consumidor do Senado;br-p-sf-5894;Flávio Bolsonaro;Titular;;eleito;;;não;https://legis.senado.leg.br/comissoes/comissao?codcol=1956
br-comissao-de-transparencia-governanca-fiscalizacao-e-controle-e-defesa-do-consumidor-do-senado;Comissão de Transparência, Governança, Fiscalização e Controle e Defesa do Consumidor do Senado;br-p-sf-6342;Jorge Seif;Titular;;eleito;;;não;https://legis.senado.leg.br/comissoes/comissao?codcol=1956
br-comissao-de-transparencia-governanca-fiscalizacao-e-controle-e-defesa-do-consumidor-do-senado;Comissão de Transparência, Governança, Fiscalização e Controle e Defesa do Consumidor do Senado;br-p-sf-5976;Eduardo Girão;Titular;;eleito;;;não;https://legis.senado.leg.br/comissoes/comissao?codcol=1956
br-comissao-de-transparencia-governanca-fiscalizacao-e-controle-e-defesa-do-consumidor-do-senado;Comissão de Transparência, Governança, Fiscalização e Controle e Defesa do Consumidor do Senado;br-p-sf-4639;Beto Faro;Titular;;eleito;;;não;https://legis.senado.leg.br/comissoes/comissao?codcol=1956
br-comissao-de-transparencia-governanca-fiscalizacao-e-controle-e-defesa-do-consumidor-do-senado;Comissão de Transparência, Governança, Fiscalização e Controle e Defesa do Consumidor do Senado;br-p-sf-5352;Rogério Carvalho;Titular;;eleito;;;não;https://legis.senado.leg.br/comissoes/comissao?codcol=1956
br-comissao-de-transparencia-governanca-fiscalizacao-e-controle-e-defesa-do-consumidor-do-senado;Comissão de Transparência, Governança, Fiscalização e Controle e Defesa do Consumidor do Senado;br-p-sf-6359;Lourdinha Pereira;Titular;;eleito;;;não;https://legis.senado.leg.br/comissoes/comissao?codcol=1956
br-comissao-de-transparencia-governanca-fiscalizacao-e-controle-e-defesa-do-consumidor-do-senado;Comissão de Transparência, Governança, Fiscalização e Controle e Defesa do Consumidor do Senado;br-p-sf-6337;Cleitinho;Titular;;eleito;;;não;https://legis.senado.leg.br/comissoes/comissao?codcol=1956
br-comissao-de-transparencia-governanca-fiscalizacao-e-controle-e-defesa-do-consumidor-do-senado;Comissão de Transparência, Governança, Fiscalização e Controle e Defesa do Consumidor do Senado;br-p-sf-5924;Oriovisto Guimarães;Suplente;;eleito;;;não;https://legis.senado.leg.br/comissoes/comissao?codcol=1956
br-comissao-de-transparencia-governanca-fiscalizacao-e-controle-e-defesa-do-consumidor-do-senado;Comissão de Transparência, Governança, Fiscalização e Controle e Defesa do Consumidor do Senado;br-p-sf-4642;Efraim Filho;Suplente;;eleito;;;não;https://legis.senado.leg.br/comissoes/comissao?codcol=1956
br-comissao-de-transparencia-governanca-fiscalizacao-e-controle-e-defesa-do-consumidor-do-senado;Comissão de Transparência, Governança, Fiscalização e Controle e Defesa do Consumidor do Senado;br-p-sf-4994;Eduardo Braga;Suplente;;eleito;;;não;https://legis.senado.leg.br/comissoes/comissao?codcol=1956
br-comissao-de-transparencia-governanca-fiscalizacao-e-controle-e-defesa-do-consumidor-do-senado;Comissão de Transparência, Governança, Fiscalização e Controle e Defesa do Consumidor do Senado;br-p-sf-285;Marcio Bittar;Suplente;;eleito;;;não;https://legis.senado.leg.br/comissoes/comissao?codcol=1956
br-comissao-de-transparencia-governanca-fiscalizacao-e-controle-e-defesa-do-consumidor-do-senado;Comissão de Transparência, Governança, Fiscalização e Controle e Defesa do Consumidor do Senado;br-p-sf-3806;Zequinha Marinho;Suplente;;eleito;;;não;https://legis.senado.leg.br/comissoes/comissao?codcol=1956
br-comissao-de-transparencia-governanca-fiscalizacao-e-controle-e-defesa-do-consumidor-do-senado;Comissão de Transparência, Governança, Fiscalização e Controle e Defesa do Consumidor do Senado;br-p-sf-5376;Mara Gabrilli;Suplente;;eleito;;;não;https://legis.senado.leg.br/comissoes/comissao?codcol=1956
br-comissao-de-transparencia-governanca-fiscalizacao-e-controle-e-defesa-do-consumidor-do-senado;Comissão de Transparência, Governança, Fiscalização e Controle e Defesa do Consumidor do Senado;br-p-sf-5422;Marcos Rogério;Suplente;;eleito;;;não;https://legis.senado.leg.br/comissoes/comissao?codcol=1956
br-comissao-de-transparencia-governanca-fiscalizacao-e-controle-e-defesa-do-consumidor-do-senado;Comissão de Transparência, Governança, Fiscalização e Controle e Defesa do Consumidor do Senado;br-p-sf-4770;Izalci Lucas;Suplente;;eleito;;;não;https://legis.senado.leg.br/comissoes/comissao?codcol=1956
br-comissao-de-transparencia-governanca-fiscalizacao-e-controle-e-defesa-do-consumidor-do-senado;Comissão de Transparência, Governança, Fiscalização e Controle e Defesa do Consumidor do Senado;br-p-sf-4694;Rogerio Marinho;Suplente;;eleito;;;não;https://legis.senado.leg.br/comissoes/comissao?codcol=1956
br-comissao-de-transparencia-governanca-fiscalizacao-e-controle-e-defesa-do-consumidor-do-senado;Comissão de Transparência, Governança, Fiscalização e Controle e Defesa do Consumidor do Senado;br-p-sf-5012;Randolfe Rodrigues;Suplente;;eleito;;;não;https://legis.senado.leg.br/comissoes/comissao?codcol=1956
br-comissao-de-transparencia-governanca-fiscalizacao-e-controle-e-defesa-do-consumidor-do-senado;Comissão de Transparência, Governança, Fiscalização e Controle e Defesa do Consumidor do Senado;br-p-sf-6338;Teresa Leitão;Suplente;;eleito;;;não;https://legis.senado.leg.br/comissoes/comissao?codcol=1956
br-comissao-de-transparencia-governanca-fiscalizacao-e-controle-e-defesa-do-consumidor-do-senado;Comissão de Transparência, Governança, Fiscalização e Controle e Defesa do Consumidor do Senado;br-p-sf-4811;Laércio Oliveira;Suplente;;eleito;;;não;https://legis.senado.leg.br/comissoes/comissao?codcol=1956
br-comissao-de-transparencia-governanca-fiscalizacao-e-controle-e-defesa-do-consumidor-do-senado;Comissão de Transparência, Governança, Fiscalização e Controle e Defesa do Consumidor do Senado;br-p-sf-6335;Damares Alves;Suplente;;eleito;;;não;https://legis.senado.leg.br/comissoes/comissao?codcol=1956
br-comissao-de-agricultura-pecuaria-abastecimento-e-desenvolvimento-rural-da-camara;Comissão de Agricultura, Pecuária, Abastecimento e Desenvolvimento Rural da Câmara;br-p-cd-162332;Luiz Nishimori;Presidente;2026-02-04;eleito;;;não;https://dadosabertos.camara.leg.br/api/v2/deputados/162332
br-comissao-de-agricultura-pecuaria-abastecimento-e-desenvolvimento-rural-da-camara;Comissão de Agricultura, Pecuária, Abastecimento e Desenvolvimento Rural da Câmara;br-p-cd-230767;Rodrigo da Zaeli;1º Vice-Presidente;2026-05-06;eleito;;;não;https://dadosabertos.camara.leg.br/api/v2/deputados/230767
br-comissao-de-agricultura-pecuaria-abastecimento-e-desenvolvimento-rural-da-camara;Comissão de Agricultura, Pecuária, Abastecimento e Desenvolvimento Rural da Câmara;br-p-cd-204557;Sidney Leite;2º Vice-Presidente;2026-05-06;eleito;;;não;https://dadosabertos.camara.leg.br/api/v2/deputados/204557
br-comissao-de-agricultura-pecuaria-abastecimento-e-desenvolvimento-rural-da-camara;Comissão de Agricultura, Pecuária, Abastecimento e Desenvolvimento Rural da Câmara;br-p-cd-136811;Afonso Hamm;3º Vice-Presidente;2026-05-06;eleito;;;não;https://dadosabertos.camara.leg.br/api/v2/deputados/136811
br-comissao-de-agricultura-pecuaria-abastecimento-e-desenvolvimento-rural-da-camara;Comissão de Agricultura, Pecuária, Abastecimento e Desenvolvimento Rural da Câmara;br-p-cd-161550;Emidinho Madeira;Titular;2026-02-03;eleito;;;não;https://dadosabertos.camara.leg.br/api/v2/deputados/161550
br-comissao-de-agricultura-pecuaria-abastecimento-e-desenvolvimento-rural-da-camara;Comissão de Agricultura, Pecuária, Abastecimento e Desenvolvimento Rural da Câmara;br-p-cd-160535;Marcon;Titular;2026-02-03;eleito;;;não;https://dadosabertos.camara.leg.br/api/v2/deputados/160535
br-comissao-de-agricultura-pecuaria-abastecimento-e-desenvolvimento-rural-da-camara;Comissão de Agricultura, Pecuária, Abastecimento e Desenvolvimento Rural da Câmara;br-p-cd-137070;Vicentinho Júnior;Titular;2026-02-03;eleito;;;não;https://dadosabertos.camara.leg.br/api/v2/deputados/137070
br-comissao-de-agricultura-pecuaria-abastecimento-e-desenvolvimento-rural-da-camara;Comissão de Agricultura, Pecuária, Abastecimento e Desenvolvimento Rural da Câmara;br-p-cd-178970;João Daniel;Titular;2026-02-03;eleito;;;não;https://dadosabertos.camara.leg.br/api/v2/deputados/178970
br-comissao-de-agricultura-pecuaria-abastecimento-e-desenvolvimento-rural-da-camara;Comissão de Agricultura, Pecuária, Abastecimento e Desenvolvimento Rural da Câmara;br-p-cd-133810;Marcelo Moraes;Titular;2026-02-03;eleito;;;não;https://dadosabertos.camara.leg.br/api/v2/deputados/133810
br-comissao-de-agricultura-pecuaria-abastecimento-e-desenvolvimento-rural-da-camara;Comissão de Agricultura, Pecuária, Abastecimento e Desenvolvimento Rural da Câmara;br-p-cd-107970;Ana Paula Leão;Titular;2026-02-03;eleito;;;não;https://dadosabertos.camara.leg.br/api/v2/deputados/107970
br-comissao-de-agricultura-pecuaria-abastecimento-e-desenvolvimento-rural-da-camara;Comissão de Agricultura, Pecuária, Abastecimento e Desenvolvimento Rural da Câmara;br-p-cd-220538;Albuquerque;Titular;2026-02-03;eleito;;;não;https://dadosabertos.camara.leg.br/api/v2/deputados/220538
br-comissao-de-agricultura-pecuaria-abastecimento-e-desenvolvimento-rural-da-camara;Comissão de Agricultura, Pecuária, Abastecimento e Desenvolvimento Rural da Câmara;br-p-cd-220592;Zezinho Barbary;Titular;2026-02-03;eleito;;;não;https://dadosabertos.camara.leg.br/api/v2/deputados/220592
br-comissao-de-agricultura-pecuaria-abastecimento-e-desenvolvimento-rural-da-camara;Comissão de Agricultura, Pecuária, Abastecimento e Desenvolvimento Rural da Câmara;br-p-cd-220581;Luciano Amaral;Titular;2026-02-03;eleito;;;não;https://dadosabertos.camara.leg.br/api/v2/deputados/220581
br-comissao-de-agricultura-pecuaria-abastecimento-e-desenvolvimento-rural-da-camara;Comissão de Agricultura, Pecuária, Abastecimento e Desenvolvimento Rural da Câmara;br-p-cd-161440;Pezenti;Titular;2026-02-03;eleito;;;não;https://dadosabertos.camara.leg.br/api/v2/deputados/161440
br-comissao-de-agricultura-pecuaria-abastecimento-e-desenvolvimento-rural-da-camara;Comissão de Agricultura, Pecuária, Abastecimento e Desenvolvimento Rural da Câmara;br-p-cd-220671;Dilvanda Faro;Titular;2026-02-03;eleito;;;não;https://dadosabertos.camara.leg.br/api/v2/deputados/220671
br-comissao-de-agricultura-pecuaria-abastecimento-e-desenvolvimento-rural-da-camara;Comissão de Agricultura, Pecuária, Abastecimento e Desenvolvimento Rural da Câmara;br-p-cd-73768;Dilceu Sperafico;Titular;2026-02-03;eleito;;;não;https://dadosabertos.camara.leg.br/api/v2/deputados/73768
br-comissao-de-agricultura-pecuaria-abastecimento-e-desenvolvimento-rural-da-camara;Comissão de Agricultura, Pecuária, Abastecimento e Desenvolvimento Rural da Câmara;br-p-cd-220595;Coronel Fernanda;Titular;2026-02-03;eleito;;;não;https://dadosabertos.camara.leg.br/api/v2/deputados/220595
br-comissao-de-agricultura-pecuaria-abastecimento-e-desenvolvimento-rural-da-camara;Comissão de Agricultura, Pecuária, Abastecimento e Desenvolvimento Rural da Câmara;br-p-cd-220693;Roberta Roma;Titular;2026-02-03;eleito;;;não;https://dadosabertos.camara.leg.br/api/v2/deputados/220693
br-comissao-de-agricultura-pecuaria-abastecimento-e-desenvolvimento-rural-da-camara;Comissão de Agricultura, Pecuária, Abastecimento e Desenvolvimento Rural da Câmara;br-p-cd-220571;Daniel Agrobom;Titular;2026-02-03;eleito;;;não;https://dadosabertos.camara.leg.br/api/v2/deputados/220571
br-comissao-de-agricultura-pecuaria-abastecimento-e-desenvolvimento-rural-da-camara;Comissão de Agricultura, Pecuária, Abastecimento e Desenvolvimento Rural da Câmara;br-p-cd-178871;Evair Vieira de Melo;Titular;2026-02-03;eleito;;;não;https://dadosabertos.camara.leg.br/api/v2/deputados/178871
br-comissao-de-agricultura-pecuaria-abastecimento-e-desenvolvimento-rural-da-camara;Comissão de Agricultura, Pecuária, Abastecimento e Desenvolvimento Rural da Câmara;br-p-cd-178831;André Abdon;Titular;2026-02-03;eleito;;;não;https://dadosabertos.camara.leg.br/api/v2/deputados/178831
br-comissao-de-agricultura-pecuaria-abastecimento-e-desenvolvimento-rural-da-camara;Comissão de Agricultura, Pecuária, Abastecimento e Desenvolvimento Rural da Câmara;br-p-cd-220542;Alexandre Guimarães;Titular;2026-02-03;eleito;;;não;https://dadosabertos.camara.leg.br/api/v2/deputados/220542
br-comissao-de-agricultura-pecuaria-abastecimento-e-desenvolvimento-rural-da-camara;Comissão de Agricultura, Pecuária, Abastecimento e Desenvolvimento Rural da Câmara;br-p-cd-204395;Pedro Lupion;Titular;2026-02-03;eleito;;;não;https://dadosabertos.camara.leg.br/api/v2/deputados/204395
br-comissao-de-agricultura-pecuaria-abastecimento-e-desenvolvimento-rural-da-camara;Comissão de Agricultura, Pecuária, Abastecimento e Desenvolvimento Rural da Câmara;br-p-cd-221328;Adilson Barroso;Titular;2026-02-03;eleito;;;não;https://dadosabertos.camara.leg.br/api/v2/deputados/221328
br-comissao-de-agricultura-pecuaria-abastecimento-e-desenvolvimento-rural-da-camara;Comissão de Agricultura, Pecuária, Abastecimento e Desenvolvimento Rural da Câmara;br-p-cd-178931;Luciano Ducci;Titular;2026-02-03;eleito;;;não;https://dadosabertos.camara.leg.br/api/v2/deputados/178931
br-comissao-de-agricultura-pecuaria-abastecimento-e-desenvolvimento-rural-da-camara;Comissão de Agricultura, Pecuária, Abastecimento e Desenvolvimento Rural da Câmara;br-p-cd-204524;Pinheirinho;Titular;2026-02-03;eleito;;;não;https://dadosabertos.camara.leg.br/api/v2/deputados/204524
br-comissao-de-agricultura-pecuaria-abastecimento-e-desenvolvimento-rural-da-camara;Comissão de Agricultura, Pecuária, Abastecimento e Desenvolvimento Rural da Câmara;br-p-cd-227991;Dr Flávio;Titular;2026-02-03;eleito;;;não;https://dadosabertos.camara.leg.br/api/v2/deputados/227991
br-comissao-de-agricultura-pecuaria-abastecimento-e-desenvolvimento-rural-da-camara;Comissão de Agricultura, Pecuária, Abastecimento e Desenvolvimento Rural da Câmara;br-p-cd-220687;Márcio Honaiser;Titular;2026-02-03;eleito;;;não;https://dadosabertos.camara.leg.br/api/v2/deputados/220687
br-comissao-de-agricultura-pecuaria-abastecimento-e-desenvolvimento-rural-da-camara;Comissão de Agricultura, Pecuária, Abastecimento e Desenvolvimento Rural da Câmara;br-p-cd-160610;Valmir Assunção;Titular;2026-02-03;eleito;;;não;https://dadosabertos.camara.leg.br/api/v2/deputados/160610
br-comissao-de-agricultura-pecuaria-abastecimento-e-desenvolvimento-rural-da-camara;Comissão de Agricultura, Pecuária, Abastecimento e Desenvolvimento Rural da Câmara;br-p-cd-220633;Ricardo Salles;Titular;2026-02-04;eleito;;;não;https://dadosabertos.camara.leg.br/api/v2/deputados/220633
br-comissao-de-agricultura-pecuaria-abastecimento-e-desenvolvimento-rural-da-camara;Comissão de Agricultura, Pecuária, Abastecimento e Desenvolvimento Rural da Câmara;br-p-cd-224333;Welter;Titular;2026-02-04;eleito;;;não;https://dadosabertos.camara.leg.br/api/v2/deputados/224333
br-comissao-de-agricultura-pecuaria-abastecimento-e-desenvolvimento-rural-da-camara;Comissão de Agricultura, Pecuária, Abastecimento e Desenvolvimento Rural da Câmara;br-p-cd-220672;Henderson Pinto;Titular;2026-03-18;eleito;;;não;https://dadosabertos.camara.leg.br/api/v2/deputados/220672
br-comissao-de-agricultura-pecuaria-abastecimento-e-desenvolvimento-rural-da-camara;Comissão de Agricultura, Pecuária, Abastecimento e Desenvolvimento Rural da Câmara;br-p-cd-178832;Leandre;Titular;2026-04-17;eleito;;;não;https://dadosabertos.camara.leg.br/api/v2/deputados/178832
br-comissao-de-agricultura-pecuaria-abastecimento-e-desenvolvimento-rural-da-camara;Comissão de Agricultura, Pecuária, Abastecimento e Desenvolvimento Rural da Câmara;br-p-cd-160632;Zé Silva;Titular;2026-04-17;eleito;;;não;https://dadosabertos.camara.leg.br/api/v2/deputados/160632
br-comissao-de-agricultura-pecuaria-abastecimento-e-desenvolvimento-rural-da-camara;Comissão de Agricultura, Pecuária, Abastecimento e Desenvolvimento Rural da Câmara;br-p-cd-178964;Heitor Schuch;Titular;2026-04-17;eleito;;;não;https://dadosabertos.camara.leg.br/api/v2/deputados/178964
br-comissao-de-agricultura-pecuaria-abastecimento-e-desenvolvimento-rural-da-camara;Comissão de Agricultura, Pecuária, Abastecimento e Desenvolvimento Rural da Câmara;br-p-cd-220685;Paulo Litro;Titular;2026-04-17;eleito;;;não;https://dadosabertos.camara.leg.br/api/v2/deputados/220685
br-comissao-de-agricultura-pecuaria-abastecimento-e-desenvolvimento-rural-da-camara;Comissão de Agricultura, Pecuária, Abastecimento e Desenvolvimento Rural da Câmara;br-p-cd-220608;Cristiane Lopes;Titular;2026-04-17;eleito;;;não;https://dadosabertos.camara.leg.br/api/v2/deputados/220608
br-comissao-de-agricultura-pecuaria-abastecimento-e-desenvolvimento-rural-da-camara;Comissão de Agricultura, Pecuária, Abastecimento e Desenvolvimento Rural da Câmara;br-p-cd-220631;Samuel Viana;Titular;2026-04-22;eleito;;;não;https://dadosabertos.camara.leg.br/api/v2/deputados/220631
br-comissao-de-agricultura-pecuaria-abastecimento-e-desenvolvimento-rural-da-camara;Comissão de Agricultura, Pecuária, Abastecimento e Desenvolvimento Rural da Câmara;br-p-cd-220530;Messias Donato;Titular;2026-04-22;eleito;;;não;https://dadosabertos.camara.leg.br/api/v2/deputados/220530
br-comissao-de-agricultura-pecuaria-abastecimento-e-desenvolvimento-rural-da-camara;Comissão de Agricultura, Pecuária, Abastecimento e Desenvolvimento Rural da Câmara;br-p-cd-220572;Marussa Boldrin;Titular;2026-04-22;eleito;;;não;https://dadosabertos.camara.leg.br/api/v2/deputados/220572
br-comissao-de-agricultura-pecuaria-abastecimento-e-desenvolvimento-rural-da-camara;Comissão de Agricultura, Pecuária, Abastecimento e Desenvolvimento Rural da Câmara;br-p-cd-178954;Lucio Mosquini;Titular;2026-04-27;eleito;;;não;https://dadosabertos.camara.leg.br/api/v2/deputados/178954
br-comissao-de-agricultura-pecuaria-abastecimento-e-desenvolvimento-rural-da-camara;Comissão de Agricultura, Pecuária, Abastecimento e Desenvolvimento Rural da Câmara;br-p-cd-204567;Raimundo Costa;Titular;2026-04-28;eleito;;;não;https://dadosabertos.camara.leg.br/api/v2/deputados/204567
br-comissao-de-agricultura-pecuaria-abastecimento-e-desenvolvimento-rural-da-camara;Comissão de Agricultura, Pecuária, Abastecimento e Desenvolvimento Rural da Câmara;br-p-cd-204364;Eli Borges;Titular;2026-05-05;eleito;;;não;https://dadosabertos.camara.leg.br/api/v2/deputados/204364
br-comissao-de-agricultura-pecuaria-abastecimento-e-desenvolvimento-rural-da-camara;Comissão de Agricultura, Pecuária, Abastecimento e Desenvolvimento Rural da Câmara;br-p-cd-220574;Cabo Gilberto Silva;Titular;2026-05-26;eleito;;;não;https://dadosabertos.camara.leg.br/api/v2/deputados/220574
br-comissao-de-agricultura-pecuaria-abastecimento-e-desenvolvimento-rural-da-camara;Comissão de Agricultura, Pecuária, Abastecimento e Desenvolvimento Rural da Câmara;br-p-cd-204369;Caroline de Toni;Titular;2026-06-23;eleito;;;não;https://dadosabertos.camara.leg.br/api/v2/deputados/204369
br-comissao-de-agricultura-pecuaria-abastecimento-e-desenvolvimento-rural-da-camara;Comissão de Agricultura, Pecuária, Abastecimento e Desenvolvimento Rural da Câmara;br-p-cd-236518;Santin Roveda;Titular;2026-06-30;eleito;;;não;https://dadosabertos.camara.leg.br/api/v2/deputados/236518
br-comissao-de-agricultura-pecuaria-abastecimento-e-desenvolvimento-rural-da-camara;Comissão de Agricultura, Pecuária, Abastecimento e Desenvolvimento Rural da Câmara;br-p-cd-74574;Paulo Magalhães;Suplente;2026-02-03;eleito;;;não;https://dadosabertos.camara.leg.br/api/v2/deputados/74574
br-comissao-de-agricultura-pecuaria-abastecimento-e-desenvolvimento-rural-da-camara;Comissão de Agricultura, Pecuária, Abastecimento e Desenvolvimento Rural da Câmara;br-p-cd-220620;Rosângela Reis;Suplente;2026-02-03;eleito;;;não;https://dadosabertos.camara.leg.br/api/v2/deputados/220620
br-comissao-de-agricultura-pecuaria-abastecimento-e-desenvolvimento-rural-da-camara;Comissão de Agricultura, Pecuária, Abastecimento e Desenvolvimento Rural da Câmara;br-p-cd-204378;Coronel Chrisóstomo;Suplente;2026-02-03;eleito;;;não;https://dadosabertos.camara.leg.br/api/v2/deputados/204378
br-comissao-de-agricultura-pecuaria-abastecimento-e-desenvolvimento-rural-da-camara;Comissão de Agricultura, Pecuária, Abastecimento e Desenvolvimento Rural da Câmara;br-p-cd-178835;Afonso Motta;Suplente;2026-02-03;eleito;;;não;https://dadosabertos.camara.leg.br/api/v2/deputados/178835
br-comissao-de-agricultura-pecuaria-abastecimento-e-desenvolvimento-rural-da-camara;Comissão de Agricultura, Pecuária, Abastecimento e Desenvolvimento Rural da Câmara;br-p-cd-220626;Rafael Simoes;Suplente;2026-02-03;eleito;;;não;https://dadosabertos.camara.leg.br/api/v2/deputados/220626
br-comissao-de-agricultura-pecuaria-abastecimento-e-desenvolvimento-rural-da-camara;Comissão de Agricultura, Pecuária, Abastecimento e Desenvolvimento Rural da Câmara;br-p-cd-220557;Daniela Reinehr;Suplente;2026-02-03;eleito;;;não;https://dadosabertos.camara.leg.br/api/v2/deputados/220557
br-comissao-de-agricultura-pecuaria-abastecimento-e-desenvolvimento-rural-da-camara;Comissão de Agricultura, Pecuária, Abastecimento e Desenvolvimento Rural da Câmara;br-p-cd-220546;Rodolfo Nogueira;Suplente;2026-02-03;eleito;;;não;https://dadosabertos.camara.leg.br/api/v2/deputados/220546
br-comissao-de-agricultura-pecuaria-abastecimento-e-desenvolvimento-rural-da-camara;Comissão de Agricultura, Pecuária, Abastecimento e Desenvolvimento Rural da Câmara;br-p-cd-220552;Zucco;Suplente;2026-02-03;eleito;;;não;https://dadosabertos.camara.leg.br/api/v2/deputados/220552
br-comissao-de-agricultura-pecuaria-abastecimento-e-desenvolvimento-rural-da-camara;Comissão de Agricultura, Pecuária, Abastecimento e Desenvolvimento Rural da Câmara;br-p-cd-73808;Sérgio Brito;Suplente;2026-02-03;eleito;;;não;https://dadosabertos.camara.leg.br/api/v2/deputados/73808
br-comissao-de-agricultura-pecuaria-abastecimento-e-desenvolvimento-rural-da-camara;Comissão de Agricultura, Pecuária, Abastecimento e Desenvolvimento Rural da Câmara;br-p-cd-109429;Benes Leocádio;Suplente;2026-02-03;eleito;;;não;https://dadosabertos.camara.leg.br/api/v2/deputados/109429
br-comissao-de-agricultura-pecuaria-abastecimento-e-desenvolvimento-rural-da-camara;Comissão de Agricultura, Pecuária, Abastecimento e Desenvolvimento Rural da Câmara;br-p-cd-74537;Claudio Cajado;Suplente;2026-02-03;eleito;;;não;https://dadosabertos.camara.leg.br/api/v2/deputados/74537
br-comissao-de-agricultura-pecuaria-abastecimento-e-desenvolvimento-rural-da-camara;Comissão de Agricultura, Pecuária, Abastecimento e Desenvolvimento Rural da Câmara;br-p-cd-204351;Dr. Luiz Ovando;Suplente;2026-02-03;eleito;;;não;https://dadosabertos.camara.leg.br/api/v2/deputados/204351
br-comissao-de-agricultura-pecuaria-abastecimento-e-desenvolvimento-rural-da-camara;Comissão de Agricultura, Pecuária, Abastecimento e Desenvolvimento Rural da Câmara;br-p-cd-141431;Fernando Coelho Filho;Suplente;2026-02-03;eleito;;;não;https://dadosabertos.camara.leg.br/api/v2/deputados/141431
br-comissao-de-agricultura-pecuaria-abastecimento-e-desenvolvimento-rural-da-camara;Comissão de Agricultura, Pecuária, Abastecimento e Desenvolvimento Rural da Câmara;br-p-cd-160556;Padre João;Suplente;2026-02-03;eleito;;;não;https://dadosabertos.camara.leg.br/api/v2/deputados/160556
br-comissao-de-agricultura-pecuaria-abastecimento-e-desenvolvimento-rural-da-camara;Comissão de Agricultura, Pecuária, Abastecimento e Desenvolvimento Rural da Câmara;br-p-cd-160538;Bohn Gass;Suplente;2026-02-03;eleito;;;não;https://dadosabertos.camara.leg.br/api/v2/deputados/160538
br-comissao-de-agricultura-pecuaria-abastecimento-e-desenvolvimento-rural-da-camara;Comissão de Agricultura, Pecuária, Abastecimento e Desenvolvimento Rural da Câmara;br-p-cd-160604;Pedro Uczai;Suplente;2026-02-03;eleito;;;não;https://dadosabertos.camara.leg.br/api/v2/deputados/160604
br-comissao-de-agricultura-pecuaria-abastecimento-e-desenvolvimento-rural-da-camara;Comissão de Agricultura, Pecuária, Abastecimento e Desenvolvimento Rural da Câmara;br-p-cd-204406;Pedro Westphalen;Suplente;2026-02-03;eleito;;;não;https://dadosabertos.camara.leg.br/api/v2/deputados/204406
br-comissao-de-agricultura-pecuaria-abastecimento-e-desenvolvimento-rural-da-camara;Comissão de Agricultura, Pecuária, Abastecimento e Desenvolvimento Rural da Câmara;br-p-cd-121948;Adriano do Baldy;Suplente;2026-02-03;eleito;;;não;https://dadosabertos.camara.leg.br/api/v2/deputados/121948
br-comissao-de-agricultura-pecuaria-abastecimento-e-desenvolvimento-rural-da-camara;Comissão de Agricultura, Pecuária, Abastecimento e Desenvolvimento Rural da Câmara;br-p-cd-141459;João Maia;Suplente;2026-02-03;eleito;;;não;https://dadosabertos.camara.leg.br/api/v2/deputados/141459
br-comissao-de-agricultura-pecuaria-abastecimento-e-desenvolvimento-rural-da-camara;Comissão de Agricultura, Pecuária, Abastecimento e Desenvolvimento Rural da Câmara;br-p-cd-220666;Coronel Meira;Suplente;2026-02-03;eleito;;;não;https://dadosabertos.camara.leg.br/api/v2/deputados/220666
br-comissao-de-agricultura-pecuaria-abastecimento-e-desenvolvimento-rural-da-camara;Comissão de Agricultura, Pecuária, Abastecimento e Desenvolvimento Rural da Câmara;br-p-cd-220588;Roberto Duarte;Suplente;2026-02-03;eleito;;;não;https://dadosabertos.camara.leg.br/api/v2/deputados/220588
br-comissao-de-agricultura-pecuaria-abastecimento-e-desenvolvimento-rural-da-camara;Comissão de Agricultura, Pecuária, Abastecimento e Desenvolvimento Rural da Câmara;br-p-cd-220702;Geraldo Mendes;Suplente;2026-02-03;eleito;;;não;https://dadosabertos.camara.leg.br/api/v2/deputados/220702
br-comissao-de-agricultura-pecuaria-abastecimento-e-desenvolvimento-rural-da-camara;Comissão de Agricultura, Pecuária, Abastecimento e Desenvolvimento Rural da Câmara;br-p-cd-160512;Aureo Ribeiro;Suplente;2026-02-03;eleito;;;não;https://dadosabertos.camara.leg.br/api/v2/deputados/160512
br-comissao-de-agricultura-pecuaria-abastecimento-e-desenvolvimento-rural-da-camara;Comissão de Agricultura, Pecuária, Abastecimento e Desenvolvimento Rural da Câmara;br-p-cd-141450;Hugo Leal;Suplente;2026-02-03;eleito;;;não;https://dadosabertos.camara.leg.br/api/v2/deputados/141450
br-comissao-de-agricultura-pecuaria-abastecimento-e-desenvolvimento-rural-da-camara;Comissão de Agricultura, Pecuária, Abastecimento e Desenvolvimento Rural da Câmara;br-p-cd-73579;Alberto Fraga;Suplente;2026-02-03;eleito;;;não;https://dadosabertos.camara.leg.br/api/v2/deputados/73579
br-comissao-de-agricultura-pecuaria-abastecimento-e-desenvolvimento-rural-da-camara;Comissão de Agricultura, Pecuária, Abastecimento e Desenvolvimento Rural da Câmara;br-p-cd-220684;Tião Medeiros;Suplente;2026-02-03;eleito;;;não;https://dadosabertos.camara.leg.br/api/v2/deputados/220684
br-comissao-de-agricultura-pecuaria-abastecimento-e-desenvolvimento-rural-da-camara;Comissão de Agricultura, Pecuária, Abastecimento e Desenvolvimento Rural da Câmara;br-p-cd-204472;José Medeiros;Suplente;2026-02-03;eleito;;;não;https://dadosabertos.camara.leg.br/api/v2/deputados/204472
br-comissao-de-agricultura-pecuaria-abastecimento-e-desenvolvimento-rural-da-camara;Comissão de Agricultura, Pecuária, Abastecimento e Desenvolvimento Rural da Câmara;br-p-cd-74317;Júlio Cesar;Suplente;2026-02-03;eleito;;;não;https://dadosabertos.camara.leg.br/api/v2/deputados/74317
br-comissao-de-agricultura-pecuaria-abastecimento-e-desenvolvimento-rural-da-camara;Comissão de Agricultura, Pecuária, Abastecimento e Desenvolvimento Rural da Câmara;br-p-cd-204495;Airton Faleiro;Suplente;2026-02-03;eleito;;;não;https://dadosabertos.camara.leg.br/api/v2/deputados/204495
br-comissao-de-agricultura-pecuaria-abastecimento-e-desenvolvimento-rural-da-camara;Comissão de Agricultura, Pecuária, Abastecimento e Desenvolvimento Rural da Câmara;br-p-cd-160758;Domingos Sávio;Suplente;2026-02-03;eleito;;;não;https://dadosabertos.camara.leg.br/api/v2/deputados/160758
br-comissao-de-agricultura-pecuaria-abastecimento-e-desenvolvimento-rural-da-camara;Comissão de Agricultura, Pecuária, Abastecimento e Desenvolvimento Rural da Câmara;br-p-cd-204473;General Girão;Suplente;2026-02-03;eleito;;;não;https://dadosabertos.camara.leg.br/api/v2/deputados/204473
br-comissao-de-agricultura-pecuaria-abastecimento-e-desenvolvimento-rural-da-camara;Comissão de Agricultura, Pecuária, Abastecimento e Desenvolvimento Rural da Câmara;br-p-cd-204559;Zé Neto;Suplente;2026-02-03;eleito;;;não;https://dadosabertos.camara.leg.br/api/v2/deputados/204559
br-comissao-de-agricultura-pecuaria-abastecimento-e-desenvolvimento-rural-da-camara;Comissão de Agricultura, Pecuária, Abastecimento e Desenvolvimento Rural da Câmara;br-p-cd-160666;Félix Mendonça Júnior;Suplente;2026-02-04;eleito;;;não;https://dadosabertos.camara.leg.br/api/v2/deputados/160666
br-comissao-de-agricultura-pecuaria-abastecimento-e-desenvolvimento-rural-da-camara;Comissão de Agricultura, Pecuária, Abastecimento e Desenvolvimento Rural da Câmara;br-p-cd-160559;Alceu Moreira;Suplente;2026-02-04;eleito;;;não;https://dadosabertos.camara.leg.br/api/v2/deputados/160559
br-comissao-de-agricultura-pecuaria-abastecimento-e-desenvolvimento-rural-da-camara;Comissão de Agricultura, Pecuária, Abastecimento e Desenvolvimento Rural da Câmara;br-p-cd-74454;Eunício Oliveira;Suplente;2026-02-04;eleito;;;não;https://dadosabertos.camara.leg.br/api/v2/deputados/74454
br-comissao-de-agricultura-pecuaria-abastecimento-e-desenvolvimento-rural-da-camara;Comissão de Agricultura, Pecuária, Abastecimento e Desenvolvimento Rural da Câmara;br-p-cd-233594;Rafael Fera;Suplente;2026-02-09;eleito;;;não;https://dadosabertos.camara.leg.br/api/v2/deputados/233594
br-comissao-de-agricultura-pecuaria-abastecimento-e-desenvolvimento-rural-da-camara;Comissão de Agricultura, Pecuária, Abastecimento e Desenvolvimento Rural da Câmara;br-p-cd-141488;Paulo Teixeira;Suplente;2026-04-17;eleito;;;não;https://dadosabertos.camara.leg.br/api/v2/deputados/141488
br-comissao-de-agricultura-pecuaria-abastecimento-e-desenvolvimento-rural-da-camara;Comissão de Agricultura, Pecuária, Abastecimento e Desenvolvimento Rural da Câmara;br-p-cd-141411;Dagoberto Nogueira;Suplente;2026-04-17;eleito;;;não;https://dadosabertos.camara.leg.br/api/v2/deputados/141411
br-comissao-de-agricultura-pecuaria-abastecimento-e-desenvolvimento-rural-da-camara;Comissão de Agricultura, Pecuária, Abastecimento e Desenvolvimento Rural da Câmara;br-p-cd-220617;Murillo Gouvea;Suplente;2026-04-17;eleito;;;não;https://dadosabertos.camara.leg.br/api/v2/deputados/220617
br-comissao-de-agricultura-pecuaria-abastecimento-e-desenvolvimento-rural-da-camara;Comissão de Agricultura, Pecuária, Abastecimento e Desenvolvimento Rural da Câmara;br-p-cd-224117;Gabriel Mota;Suplente;2026-04-22;eleito;;;não;https://dadosabertos.camara.leg.br/api/v2/deputados/224117
br-comissao-de-agricultura-pecuaria-abastecimento-e-desenvolvimento-rural-da-camara;Comissão de Agricultura, Pecuária, Abastecimento e Desenvolvimento Rural da Câmara;br-p-cd-204459;Daniela do Waguinho;Suplente;2026-04-22;eleito;;;não;https://dadosabertos.camara.leg.br/api/v2/deputados/204459
br-comissao-de-agricultura-pecuaria-abastecimento-e-desenvolvimento-rural-da-camara;Comissão de Agricultura, Pecuária, Abastecimento e Desenvolvimento Rural da Câmara;br-p-cd-204474;Juarez Costa;Suplente;2026-04-22;eleito;;;não;https://dadosabertos.camara.leg.br/api/v2/deputados/204474
br-comissao-de-agricultura-pecuaria-abastecimento-e-desenvolvimento-rural-da-camara;Comissão de Agricultura, Pecuária, Abastecimento e Desenvolvimento Rural da Câmara;br-p-cd-220597;Thiago Flores;Suplente;2026-04-22;eleito;;;não;https://dadosabertos.camara.leg.br/api/v2/deputados/220597
br-comissao-de-agricultura-pecuaria-abastecimento-e-desenvolvimento-rural-da-camara;Comissão de Agricultura, Pecuária, Abastecimento e Desenvolvimento Rural da Câmara;br-p-cd-204449;Nelson Barbudo;Suplente;2026-04-28;eleito;;;não;https://dadosabertos.camara.leg.br/api/v2/deputados/204449
br-comissao-de-agricultura-pecuaria-abastecimento-e-desenvolvimento-rural-da-camara;Comissão de Agricultura, Pecuária, Abastecimento e Desenvolvimento Rural da Câmara;br-p-cd-215043;Josivaldo Jp;Suplente;2026-04-28;eleito;;;não;https://dadosabertos.camara.leg.br/api/v2/deputados/215043
br-comissao-de-agricultura-pecuaria-abastecimento-e-desenvolvimento-rural-da-camara;Comissão de Agricultura, Pecuária, Abastecimento e Desenvolvimento Rural da Câmara;br-p-cd-220708;Gabriel Nunes;Suplente;2026-05-05;eleito;;;não;https://dadosabertos.camara.leg.br/api/v2/deputados/220708
br-comissao-de-agricultura-pecuaria-abastecimento-e-desenvolvimento-rural-da-camara;Comissão de Agricultura, Pecuária, Abastecimento e Desenvolvimento Rural da Câmara;br-p-cd-220540;Duda Ramos;Suplente;2026-05-06;eleito;;;não;https://dadosabertos.camara.leg.br/api/v2/deputados/220540
br-comissao-de-agricultura-pecuaria-abastecimento-e-desenvolvimento-rural-da-camara;Comissão de Agricultura, Pecuária, Abastecimento e Desenvolvimento Rural da Câmara;br-p-cd-115200;Raniery Paulino;Suplente;2026-06-02;eleito;;;não;https://dadosabertos.camara.leg.br/api/v2/deputados/115200
br-comissao-de-agricultura-pecuaria-abastecimento-e-desenvolvimento-rural-da-camara;Comissão de Agricultura, Pecuária, Abastecimento e Desenvolvimento Rural da Câmara;br-p-cd-178933;Sergio Souza;Suplente;2026-09-10;eleito;;;não;https://dadosabertos.camara.leg.br/api/v2/deputados/178933
br-comissao-de-administracao-e-servico-publico-da-camara;Comissão de Administração e Serviço Público da Câmara;br-p-cd-220703;Neto Carletto;Presidente;2026-05-19;eleito;;;não;https://dadosabertos.camara.leg.br/api/v2/deputados/220703
br-comissao-de-administracao-e-servico-publico-da-camara;Comissão de Administração e Serviço Público da Câmara;br-p-cd-204553;Pastor Sargento Isidório;1º Vice-Presidente;2026-05-19;eleito;;;não;https://dadosabertos.camara.leg.br/api/v2/deputados/204553
br-comissao-de-administracao-e-servico-publico-da-camara;Comissão de Administração e Serviço Público da Câmara;br-p-cd-220625;Delegada Ione;3º Vice-Presidente;2026-05-19;eleito;;;não;https://dadosabertos.camara.leg.br/api/v2/deputados/220625
br-comissao-de-administracao-e-servico-publico-da-camara;Comissão de Administração e Serviço Público da Câmara;br-p-cd-74057;Alice Portugal;Titular;2026-02-04;eleito;;;não;https://dadosabertos.camara.leg.br/api/v2/deputados/74057
br-comissao-de-administracao-e-servico-publico-da-camara;Comissão de Administração e Serviço Público da Câmara;br-p-cd-221338;Professora Luciene Cavalcante;Titular;2026-02-04;eleito;;;não;https://dadosabertos.camara.leg.br/api/v2/deputados/221338
br-comissao-de-administracao-e-servico-publico-da-camara;Comissão de Administração e Serviço Público da Câmara;br-p-cd-204535;Sâmia Bomfim;Titular;2026-02-04;eleito;;;não;https://dadosabertos.camara.leg.br/api/v2/deputados/204535
br-comissao-de-administracao-e-servico-publico-da-camara;Comissão de Administração e Serviço Público da Câmara;br-p-cd-220554;Alexandre Lindenmeyer;Titular;2026-02-04;eleito;;;não;https://dadosabertos.camara.leg.br/api/v2/deputados/220554
br-comissao-de-administracao-e-servico-publico-da-camara;Comissão de Administração e Serviço Público da Câmara;br-p-cd-220658;Luiz Gastão;Titular;2026-02-04;eleito;;;não;https://dadosabertos.camara.leg.br/api/v2/deputados/220658
br-comissao-de-administracao-e-servico-publico-da-camara;Comissão de Administração e Serviço Público da Câmara;br-p-cd-210989;Bruno Farias;Titular;2026-02-23;eleito;;;não;https://dadosabertos.camara.leg.br/api/v2/deputados/210989
br-comissao-de-administracao-e-servico-publico-da-camara;Comissão de Administração e Serviço Público da Câmara;br-p-cd-233592;Paulo Lemos;Titular;2026-04-17;eleito;;;não;https://dadosabertos.camara.leg.br/api/v2/deputados/233592
br-comissao-de-administracao-e-servico-publico-da-camara;Comissão de Administração e Serviço Público da Câmara;br-p-cd-220656;Fernanda Pessoa;Titular;2026-05-19;eleito;;;não;https://dadosabertos.camara.leg.br/api/v2/deputados/220656
br-comissao-de-administracao-e-servico-publico-da-camara;Comissão de Administração e Serviço Público da Câmara;br-p-cd-154700;Paulo Soares;Titular;2026-06-17;eleito;;;não;https://dadosabertos.camara.leg.br/api/v2/deputados/154700
br-comissao-de-administracao-e-servico-publico-da-camara;Comissão de Administração e Serviço Público da Câmara;br-p-cd-204407;Fernanda Melchionna;Suplente;2026-02-04;eleito;;;não;https://dadosabertos.camara.leg.br/api/v2/deputados/204407
br-comissao-de-administracao-e-servico-publico-da-camara;Comissão de Administração e Serviço Público da Câmara;br-p-cd-160517;Paulo Folletto;Suplente;2026-02-04;eleito;;;não;https://dadosabertos.camara.leg.br/api/v2/deputados/160517
br-comissao-de-administracao-e-servico-publico-da-camara;Comissão de Administração e Serviço Público da Câmara;br-p-cd-133439;André Figueiredo;Suplente;2026-02-04;eleito;;;não;https://dadosabertos.camara.leg.br/api/v2/deputados/133439
br-comissao-de-administracao-e-servico-publico-da-camara;Comissão de Administração e Serviço Público da Câmara;br-p-cd-141459;João Maia;Suplente;2026-02-04;eleito;;;não;https://dadosabertos.camara.leg.br/api/v2/deputados/141459
br-comissao-de-administracao-e-servico-publico-da-camara;Comissão de Administração e Serviço Público da Câmara;br-p-cd-220553;Denise Pessôa;Suplente;2026-02-04;eleito;;;não;https://dadosabertos.camara.leg.br/api/v2/deputados/220553
br-comissao-de-administracao-e-servico-publico-da-camara;Comissão de Administração e Serviço Público da Câmara;br-p-cd-160575;Erika Kokay;Suplente;2026-02-04;eleito;;;não;https://dadosabertos.camara.leg.br/api/v2/deputados/160575
br-comissao-de-administracao-e-servico-publico-da-camara;Comissão de Administração e Serviço Público da Câmara;br-p-cd-220533;Prof. Reginaldo Veras;Suplente;2026-02-04;eleito;;;não;https://dadosabertos.camara.leg.br/api/v2/deputados/220533
br-comissao-de-administracao-e-servico-publico-da-camara;Comissão de Administração e Serviço Público da Câmara;br-p-cd-220606;Reimont;Suplente;2026-03-17;eleito;;;não;https://dadosabertos.camara.leg.br/api/v2/deputados/220606
br-comissao-de-administracao-e-servico-publico-da-camara;Comissão de Administração e Serviço Público da Câmara;br-p-cd-220690;Capitão Alden;Suplente;2026-04-07;eleito;;;não;https://dadosabertos.camara.leg.br/api/v2/deputados/220690
br-comissao-de-administracao-e-servico-publico-da-camara;Comissão de Administração e Serviço Público da Câmara;br-p-cd-204536;Kim Kataguiri;Suplente;2026-04-28;eleito;;;não;https://dadosabertos.camara.leg.br/api/v2/deputados/204536
br-comissao-de-administracao-e-servico-publico-da-camara;Comissão de Administração e Serviço Público da Câmara;br-p-cd-91228;Waldemar Oliveira;Suplente;2026-05-19;eleito;;;não;https://dadosabertos.camara.leg.br/api/v2/deputados/91228
br-comissao-de-administracao-e-servico-publico-da-camara;Comissão de Administração e Serviço Público da Câmara;br-p-cd-220574;Cabo Gilberto Silva;Suplente;2026-05-26;eleito;;;não;https://dadosabertos.camara.leg.br/api/v2/deputados/220574
br-comissao-de-comunicacao-da-camara;Comissão de Comunicação da Câmara;br-p-cd-204540;Maria Rosas;Presidente;2026-02-04;eleito;;;não;https://dadosabertos.camara.leg.br/api/v2/deputados/204540
br-comissao-de-comunicacao-da-camara;Comissão de Comunicação da Câmara;br-p-cd-220551;Franciane Bayer;1º Vice-Presidente;2026-05-06;eleito;;;não;https://dadosabertos.camara.leg.br/api/v2/deputados/220551
br-comissao-de-comunicacao-da-camara;Comissão de Comunicação da Câmara;br-p-cd-141408;Cleber Verde;2º Vice-Presidente;2026-05-06;eleito;;;não;https://dadosabertos.camara.leg.br/api/v2/deputados/141408
br-comissao-de-comunicacao-da-camara;Comissão de Comunicação da Câmara;br-p-cd-204356;Amaro Neto;3º Vice-Presidente;2026-05-06;eleito;;;não;https://dadosabertos.camara.leg.br/api/v2/deputados/204356
br-comissao-de-comunicacao-da-camara;Comissão de Comunicação da Câmara;br-p-cd-133439;André Figueiredo;Titular;2026-02-03;eleito;;;não;https://dadosabertos.camara.leg.br/api/v2/deputados/133439
br-comissao-de-comunicacao-da-camara;Comissão de Comunicação da Câmara;br-p-cd-141456;Jilmar Tatto;Titular;2026-02-03;eleito;;;não;https://dadosabertos.camara.leg.br/api/v2/deputados/141456
br-comissao-de-comunicacao-da-camara;Comissão de Comunicação da Câmara;br-p-cd-204504;Cezinha de Madureira;Titular;2026-02-03;eleito;;;não;https://dadosabertos.camara.leg.br/api/v2/deputados/204504
br-comissao-de-comunicacao-da-camara;Comissão de Comunicação da Câmara;br-p-cd-220653;Fábio Teruel;Titular;2026-02-03;eleito;;;não;https://dadosabertos.camara.leg.br/api/v2/deputados/220653
br-comissao-de-comunicacao-da-camara;Comissão de Comunicação da Câmara;br-p-cd-204372;Julio Cesar Ribeiro;Titular;2026-02-03;eleito;;;não;https://dadosabertos.camara.leg.br/api/v2/deputados/204372
br-comissao-de-comunicacao-da-camara;Comissão de Comunicação da Câmara;br-p-cd-191923;Flávio Nogueira;Titular;2026-02-03;eleito;;;não;https://dadosabertos.camara.leg.br/api/v2/deputados/191923
br-comissao-de-comunicacao-da-camara;Comissão de Comunicação da Câmara;br-p-cd-220602;Dimas Gadelha;Titular;2026-02-03;eleito;;;não;https://dadosabertos.camara.leg.br/api/v2/deputados/220602
br-comissao-de-comunicacao-da-camara;Comissão de Comunicação da Câmara;br-p-cd-220604;Marcos Tavares;Titular;2026-02-03;eleito;;;não;https://dadosabertos.camara.leg.br/api/v2/deputados/220604
br-comissao-de-comunicacao-da-camara;Comissão de Comunicação da Câmara;br-p-cd-220554;Alexandre Lindenmeyer;Titular;2026-02-03;eleito;;;não;https://dadosabertos.camara.leg.br/api/v2/deputados/220554
br-comissao-de-comunicacao-da-camara;Comissão de Comunicação da Câmara;br-p-cd-175765;Ribamar Silva;Titular;2026-02-03;eleito;;;não;https://dadosabertos.camara.leg.br/api/v2/deputados/175765
br-comissao-de-comunicacao-da-camara;Comissão de Comunicação da Câmara;br-p-cd-220529;Gilson Daniel;Titular;2026-02-03;eleito;;;não;https://dadosabertos.camara.leg.br/api/v2/deputados/220529
br-comissao-de-comunicacao-da-camara;Comissão de Comunicação da Câmara;br-p-cd-220662;Lucas Ramos;Titular;2026-02-03;eleito;;;não;https://dadosabertos.camara.leg.br/api/v2/deputados/220662
br-comissao-de-comunicacao-da-camara;Comissão de Comunicação da Câmara;br-p-cd-204501;Alencar Santana;Titular;2026-02-03;eleito;;;não;https://dadosabertos.camara.leg.br/api/v2/deputados/204501
br-comissao-de-comunicacao-da-camara;Comissão de Comunicação da Câmara;br-p-cd-220654;Delegado Paulo Bilynskyj;Titular;2026-02-11;eleito;;;não;https://dadosabertos.camara.leg.br/api/v2/deputados/220654
br-comissao-de-comunicacao-da-camara;Comissão de Comunicação da Câmara;br-p-cd-204572;Capitão Alberto Neto;Titular;2026-03-03;eleito;;;não;https://dadosabertos.camara.leg.br/api/v2/deputados/204572
br-comissao-de-comunicacao-da-camara;Comissão de Comunicação da Câmara;br-p-cd-220651;Simone Marquetto;Titular;2026-04-17;eleito;;;não;https://dadosabertos.camara.leg.br/api/v2/deputados/220651
br-comissao-de-comunicacao-da-camara;Comissão de Comunicação da Câmara;br-p-cd-220603;Dani Cunha;Titular;2026-04-17;eleito;;;não;https://dadosabertos.camara.leg.br/api/v2/deputados/220603
br-comissao-de-comunicacao-da-camara;Comissão de Comunicação da Câmara;br-p-cd-178886;Juscelino Filho;Titular;2026-04-17;eleito;;;não;https://dadosabertos.camara.leg.br/api/v2/deputados/178886
br-comissao-de-comunicacao-da-camara;Comissão de Comunicação da Câmara;br-p-cd-235800;Jorge Araújo;Titular;2026-05-12;eleito;;;não;https://dadosabertos.camara.leg.br/api/v2/deputados/235800
br-comissao-de-comunicacao-da-camara;Comissão de Comunicação da Câmara;br-p-cd-220549;Any Ortiz;Titular;2026-06-30;eleito;;;não;https://dadosabertos.camara.leg.br/api/v2/deputados/220549
br-comissao-de-comunicacao-da-camara;Comissão de Comunicação da Câmara;br-p-cd-204444;Helio Lopes;Suplente;2026-02-03;eleito;;;não;https://dadosabertos.camara.leg.br/api/v2/deputados/204444
br-comissao-de-comunicacao-da-camara;Comissão de Comunicação da Câmara;br-p-cd-74574;Paulo Magalhães;Suplente;2026-02-03;eleito;;;não;https://dadosabertos.camara.leg.br/api/v2/deputados/74574
br-comissao-de-comunicacao-da-camara;Comissão de Comunicação da Câmara;br-p-cd-220697;Jadyel Alencar;Suplente;2026-02-03;eleito;;;não;https://dadosabertos.camara.leg.br/api/v2/deputados/220697
br-comissao-de-comunicacao-da-camara;Comissão de Comunicação da Câmara;br-p-cd-204374;Bia Kicis;Suplente;2026-02-03;eleito;;;não;https://dadosabertos.camara.leg.br/api/v2/deputados/204374
br-comissao-de-comunicacao-da-camara;Comissão de Comunicação da Câmara;br-p-cd-220550;Mauricio Marcon;Suplente;2026-02-03;eleito;;;não;https://dadosabertos.camara.leg.br/api/v2/deputados/220550
br-comissao-de-comunicacao-da-camara;Comissão de Comunicação da Câmara;br-p-cd-204427;Fernando Rodolfo;Suplente;2026-02-03;eleito;;;não;https://dadosabertos.camara.leg.br/api/v2/deputados/204427
br-comissao-de-comunicacao-da-camara;Comissão de Comunicação da Câmara;br-p-cd-141431;Fernando Coelho Filho;Suplente;2026-02-03;eleito;;;não;https://dadosabertos.camara.leg.br/api/v2/deputados/141431
br-comissao-de-comunicacao-da-camara;Comissão de Comunicação da Câmara;br-p-cd-220568;Gustavo Gayer;Suplente;2026-02-03;eleito;;;não;https://dadosabertos.camara.leg.br/api/v2/deputados/220568
br-comissao-de-comunicacao-da-camara;Comissão de Comunicação da Câmara;br-p-cd-220569;Silvye Alves;Suplente;2026-02-03;eleito;;;não;https://dadosabertos.camara.leg.br/api/v2/deputados/220569
br-comissao-de-comunicacao-da-camara;Comissão de Comunicação da Câmara;br-p-cd-180214;Pastor Diniz;Suplente;2026-02-03;eleito;;;não;https://dadosabertos.camara.leg.br/api/v2/deputados/180214
br-comissao-de-comunicacao-da-camara;Comissão de Comunicação da Câmara;br-p-cd-204388;Bibo Nunes;Suplente;2026-02-03;eleito;;;não;https://dadosabertos.camara.leg.br/api/v2/deputados/204388
br-comissao-de-comunicacao-da-camara;Comissão de Comunicação da Câmara;br-p-cd-160591;Vinicius Gurgel;Suplente;2026-02-03;eleito;;;não;https://dadosabertos.camara.leg.br/api/v2/deputados/160591
br-comissao-de-comunicacao-da-camara;Comissão de Comunicação da Câmara;br-p-cd-178987;Orlando Silva;Suplente;2026-02-03;eleito;;;não;https://dadosabertos.camara.leg.br/api/v2/deputados/178987
br-comissao-de-comunicacao-da-camara;Comissão de Comunicação da Câmara;br-p-cd-178866;Luizianne Lins;Suplente;2026-02-03;eleito;;;não;https://dadosabertos.camara.leg.br/api/v2/deputados/178866
br-comissao-de-comunicacao-da-camara;Comissão de Comunicação da Câmara;br-p-cd-230767;Rodrigo da Zaeli;Suplente;2026-02-04;eleito;;;não;https://dadosabertos.camara.leg.br/api/v2/deputados/230767
br-comissao-de-comunicacao-da-camara;Comissão de Comunicação da Câmara;br-p-cd-178972;Alex Manente;Suplente;2026-02-10;eleito;;;não;https://dadosabertos.camara.leg.br/api/v2/deputados/178972
br-comissao-de-comunicacao-da-camara;Comissão de Comunicação da Câmara;br-p-cd-150418;Márcio Marinho;Suplente;2026-03-04;eleito;;;não;https://dadosabertos.camara.leg.br/api/v2/deputados/150418
br-comissao-de-comunicacao-da-camara;Comissão de Comunicação da Câmara;br-p-cd-204511;David Soares;Suplente;2026-04-07;eleito;;;não;https://dadosabertos.camara.leg.br/api/v2/deputados/204511
br-comissao-de-comunicacao-da-camara;Comissão de Comunicação da Câmara;br-p-cd-160621;Sandro Alex;Suplente;2026-04-17;eleito;;;não;https://dadosabertos.camara.leg.br/api/v2/deputados/160621
br-comissao-de-comunicacao-da-camara;Comissão de Comunicação da Câmara;br-p-cd-220685;Paulo Litro;Suplente;2026-04-17;eleito;;;não;https://dadosabertos.camara.leg.br/api/v2/deputados/220685
br-comissao-de-comunicacao-da-camara;Comissão de Comunicação da Câmara;br-p-cd-160632;Zé Silva;Suplente;2026-04-17;eleito;;;não;https://dadosabertos.camara.leg.br/api/v2/deputados/160632
br-comissao-de-comunicacao-da-camara;Comissão de Comunicação da Câmara;br-p-cd-204394;Gervásio Maia;Suplente;2026-04-22;eleito;;;não;https://dadosabertos.camara.leg.br/api/v2/deputados/204394
br-comissao-de-ciencia-tecnologia-e-inovacao-da-camara;Comissão de Ciência, Tecnologia e Inovação da Câmara;br-p-cd-123086;Átila Lira;Presidente;2026-02-03;eleito;;;não;https://dadosabertos.camara.leg.br/api/v2/deputados/123086
br-comissao-de-ciencia-tecnologia-e-inovacao-da-camara;Comissão de Ciência, Tecnologia e Inovação da Câmara;br-p-cd-220651;Simone Marquetto;1º Vice-Presidente;2026-05-13;eleito;;;não;https://dadosabertos.camara.leg.br/api/v2/deputados/220651
br-comissao-de-ciencia-tecnologia-e-inovacao-da-camara;Comissão de Ciência, Tecnologia e Inovação da Câmara;br-p-cd-204410;Luisa Canziani;2º Vice-Presidente;2026-05-13;eleito;;;não;https://dadosabertos.camara.leg.br/api/v2/deputados/204410
br-comissao-de-ciencia-tecnologia-e-inovacao-da-camara;Comissão de Ciência, Tecnologia e Inovação da Câmara;br-p-cd-74273;Jefferson Campos;Titular;2026-02-03;eleito;;;não;https://dadosabertos.camara.leg.br/api/v2/deputados/74273
br-comissao-de-ciencia-tecnologia-e-inovacao-da-camara;Comissão de Ciência, Tecnologia e Inovação da Câmara;br-p-cd-178992;Vitor Lippi;Titular;2026-02-03;eleito;;;não;https://dadosabertos.camara.leg.br/api/v2/deputados/178992
br-comissao-de-ciencia-tecnologia-e-inovacao-da-camara;Comissão de Ciência, Tecnologia e Inovação da Câmara;br-p-cd-204372;Julio Cesar Ribeiro;Titular;2026-02-03;eleito;;;não;https://dadosabertos.camara.leg.br/api/v2/deputados/204372
br-comissao-de-ciencia-tecnologia-e-inovacao-da-camara;Comissão de Ciência, Tecnologia e Inovação da Câmara;br-p-cd-73788;Ricardo Barros;Titular;2026-02-03;eleito;;;não;https://dadosabertos.camara.leg.br/api/v2/deputados/73788
br-comissao-de-ciencia-tecnologia-e-inovacao-da-camara;Comissão de Ciência, Tecnologia e Inovação da Câmara;br-p-cd-73604;Rui Falcão;Titular;2026-02-03;eleito;;;não;https://dadosabertos.camara.leg.br/api/v2/deputados/73604
br-comissao-de-ciencia-tecnologia-e-inovacao-da-camara;Comissão de Ciência, Tecnologia e Inovação da Câmara;br-p-cd-141533;Rodrigo Rollemberg;Titular;2026-02-03;eleito;;;não;https://dadosabertos.camara.leg.br/api/v2/deputados/141533
br-comissao-de-ciencia-tecnologia-e-inovacao-da-camara;Comissão de Ciência, Tecnologia e Inovação da Câmara;br-p-cd-171623;Fabio Reis;Titular;2026-02-03;eleito;;;não;https://dadosabertos.camara.leg.br/api/v2/deputados/171623
br-comissao-de-ciencia-tecnologia-e-inovacao-da-camara;Comissão de Ciência, Tecnologia e Inovação da Câmara;br-p-cd-220567;Jeferson Rodrigues;Titular;2026-02-09;eleito;;;não;https://dadosabertos.camara.leg.br/api/v2/deputados/220567
br-comissao-de-ciencia-tecnologia-e-inovacao-da-camara;Comissão de Ciência, Tecnologia e Inovação da Câmara;br-p-cd-204511;David Soares;Titular;2026-04-07;eleito;;;não;https://dadosabertos.camara.leg.br/api/v2/deputados/204511
br-comissao-de-ciencia-tecnologia-e-inovacao-da-camara;Comissão de Ciência, Tecnologia e Inovação da Câmara;br-p-cd-235800;Jorge Araújo;Titular;2026-04-29;eleito;;;não;https://dadosabertos.camara.leg.br/api/v2/deputados/235800
br-comissao-de-ciencia-tecnologia-e-inovacao-da-camara;Comissão de Ciência, Tecnologia e Inovação da Câmara;br-p-cd-204388;Bibo Nunes;Titular;2026-05-27;eleito;;;não;https://dadosabertos.camara.leg.br/api/v2/deputados/204388
br-comissao-de-ciencia-tecnologia-e-inovacao-da-camara;Comissão de Ciência, Tecnologia e Inovação da Câmara;br-p-cd-220707;Amanda Gentil;Suplente;2026-02-03;eleito;;;não;https://dadosabertos.camara.leg.br/api/v2/deputados/220707
br-comissao-de-ciencia-tecnologia-e-inovacao-da-camara;Comissão de Ciência, Tecnologia e Inovação da Câmara;br-p-cd-220662;Lucas Ramos;Suplente;2026-02-03;eleito;;;não;https://dadosabertos.camara.leg.br/api/v2/deputados/220662
br-comissao-de-ciencia-tecnologia-e-inovacao-da-camara;Comissão de Ciência, Tecnologia e Inovação da Câmara;br-p-cd-160640;Eros Biondini;Suplente;2026-02-03;eleito;;;não;https://dadosabertos.camara.leg.br/api/v2/deputados/160640
br-comissao-de-ciencia-tecnologia-e-inovacao-da-camara;Comissão de Ciência, Tecnologia e Inovação da Câmara;br-p-cd-74084;Raimundo Santos;Suplente;2026-02-03;eleito;;;não;https://dadosabertos.camara.leg.br/api/v2/deputados/74084
br-comissao-de-ciencia-tecnologia-e-inovacao-da-camara;Comissão de Ciência, Tecnologia e Inovação da Câmara;br-p-cd-141391;Arnaldo Jardim;Suplente;2026-02-03;eleito;;;não;https://dadosabertos.camara.leg.br/api/v2/deputados/141391
br-comissao-de-ciencia-tecnologia-e-inovacao-da-camara;Comissão de Ciência, Tecnologia e Inovação da Câmara;br-p-cd-133439;André Figueiredo;Suplente;2026-02-03;eleito;;;não;https://dadosabertos.camara.leg.br/api/v2/deputados/133439
br-comissao-de-ciencia-tecnologia-e-inovacao-da-camara;Comissão de Ciência, Tecnologia e Inovação da Câmara;br-p-cd-204367;Daniel Freitas;Suplente;2026-02-03;eleito;;;não;https://dadosabertos.camara.leg.br/api/v2/deputados/204367
br-comissao-de-ciencia-tecnologia-e-inovacao-da-camara;Comissão de Ciência, Tecnologia e Inovação da Câmara;br-p-cd-220606;Reimont;Suplente;2026-02-03;eleito;;;não;https://dadosabertos.camara.leg.br/api/v2/deputados/220606
br-comissao-de-ciencia-tecnologia-e-inovacao-da-camara;Comissão de Ciência, Tecnologia e Inovação da Câmara;br-p-cd-220555;Daiana Santos;Suplente;2026-02-03;eleito;;;não;https://dadosabertos.camara.leg.br/api/v2/deputados/220555
br-comissao-de-ciencia-tecnologia-e-inovacao-da-camara;Comissão de Ciência, Tecnologia e Inovação da Câmara;br-p-cd-160604;Pedro Uczai;Suplente;2026-02-03;eleito;;;não;https://dadosabertos.camara.leg.br/api/v2/deputados/160604
br-comissao-de-ciencia-tecnologia-e-inovacao-da-camara;Comissão de Ciência, Tecnologia e Inovação da Câmara;br-p-cd-74848;Jandira Feghali;Suplente;2026-02-03;eleito;;;não;https://dadosabertos.camara.leg.br/api/v2/deputados/74848
br-comissao-de-ciencia-tecnologia-e-inovacao-da-camara;Comissão de Ciência, Tecnologia e Inovação da Câmara;br-p-cd-74398;Maria do Rosário;Suplente;2026-02-03;eleito;;;não;https://dadosabertos.camara.leg.br/api/v2/deputados/74398
br-comissao-de-ciencia-tecnologia-e-inovacao-da-camara;Comissão de Ciência, Tecnologia e Inovação da Câmara;br-p-cd-220612;Bebeto;Suplente;2026-02-03;eleito;;;não;https://dadosabertos.camara.leg.br/api/v2/deputados/220612
br-comissao-de-ciencia-tecnologia-e-inovacao-da-camara;Comissão de Ciência, Tecnologia e Inovação da Câmara;br-p-cd-226837;Saulo Pedroso;Suplente;2026-02-03;eleito;;;não;https://dadosabertos.camara.leg.br/api/v2/deputados/226837
br-comissao-de-ciencia-tecnologia-e-inovacao-da-camara;Comissão de Ciência, Tecnologia e Inovação da Câmara;br-p-cd-221338;Professora Luciene Cavalcante;Suplente;2026-02-03;eleito;;;não;https://dadosabertos.camara.leg.br/api/v2/deputados/221338
br-comissao-de-ciencia-tecnologia-e-inovacao-da-camara;Comissão de Ciência, Tecnologia e Inovação da Câmara;br-p-cd-204361;Carlos Chiodini;Suplente;2026-02-05;eleito;;;não;https://dadosabertos.camara.leg.br/api/v2/deputados/204361
br-comissao-de-ciencia-tecnologia-e-inovacao-da-camara;Comissão de Ciência, Tecnologia e Inovação da Câmara;br-p-cd-160673;Giovani Cherini;Suplente;2026-03-04;eleito;;;não;https://dadosabertos.camara.leg.br/api/v2/deputados/160673
br-comissao-de-ciencia-tecnologia-e-inovacao-da-camara;Comissão de Ciência, Tecnologia e Inovação da Câmara;br-p-cd-178964;Heitor Schuch;Suplente;2026-03-04;eleito;;;não;https://dadosabertos.camara.leg.br/api/v2/deputados/178964
br-comissao-de-ciencia-tecnologia-e-inovacao-da-camara;Comissão de Ciência, Tecnologia e Inovação da Câmara;br-p-cd-214694;Jorge Goetten;Suplente;2026-03-04;eleito;;;não;https://dadosabertos.camara.leg.br/api/v2/deputados/214694
br-comissao-de-ciencia-tecnologia-e-inovacao-da-camara;Comissão de Ciência, Tecnologia e Inovação da Câmara;br-p-cd-178993;Carlos Henrique Gaguim;Suplente;2026-03-04;eleito;;;não;https://dadosabertos.camara.leg.br/api/v2/deputados/178993
br-comissao-de-ciencia-tecnologia-e-inovacao-da-camara;Comissão de Ciência, Tecnologia e Inovação da Câmara;br-p-cd-136811;Afonso Hamm;Suplente;2026-03-09;eleito;;;não;https://dadosabertos.camara.leg.br/api/v2/deputados/136811
br-comissao-de-ciencia-tecnologia-e-inovacao-da-camara;Comissão de Ciência, Tecnologia e Inovação da Câmara;br-p-cd-220666;Coronel Meira;Suplente;2026-03-09;eleito;;;não;https://dadosabertos.camara.leg.br/api/v2/deputados/220666
br-comissao-de-ciencia-tecnologia-e-inovacao-da-camara;Comissão de Ciência, Tecnologia e Inovação da Câmara;br-p-cd-227991;Dr Flávio;Suplente;2026-03-09;eleito;;;não;https://dadosabertos.camara.leg.br/api/v2/deputados/227991
br-comissao-de-ciencia-tecnologia-e-inovacao-da-camara;Comissão de Ciência, Tecnologia e Inovação da Câmara;br-p-cd-230767;Rodrigo da Zaeli;Suplente;2026-03-09;eleito;;;não;https://dadosabertos.camara.leg.br/api/v2/deputados/230767
br-comissao-de-ciencia-tecnologia-e-inovacao-da-camara;Comissão de Ciência, Tecnologia e Inovação da Câmara;br-p-cd-204412;Dr. Zacharias Calil;Suplente;2026-03-17;eleito;;;não;https://dadosabertos.camara.leg.br/api/v2/deputados/204412
br-comissao-de-ciencia-tecnologia-e-inovacao-da-camara;Comissão de Ciência, Tecnologia e Inovação da Câmara;br-p-cd-150418;Márcio Marinho;Suplente;2026-04-17;eleito;;;não;https://dadosabertos.camara.leg.br/api/v2/deputados/150418
br-comissao-de-ciencia-tecnologia-e-inovacao-da-camara;Comissão de Ciência, Tecnologia e Inovação da Câmara;br-p-cd-204356;Amaro Neto;Suplente;2026-04-22;eleito;;;não;https://dadosabertos.camara.leg.br/api/v2/deputados/204356
br-comissao-de-ciencia-tecnologia-e-inovacao-da-camara;Comissão de Ciência, Tecnologia e Inovação da Câmara;br-p-cd-220715;Amom Mandel;Suplente;2026-04-22;eleito;;;não;https://dadosabertos.camara.leg.br/api/v2/deputados/220715
br-comissao-de-ciencia-tecnologia-e-inovacao-da-camara;Comissão de Ciência, Tecnologia e Inovação da Câmara;br-p-cd-66828;Fausto Pinato;Suplente;2026-04-22;eleito;;;não;https://dadosabertos.camara.leg.br/api/v2/deputados/66828
br-comissao-de-ciencia-tecnologia-e-inovacao-da-camara;Comissão de Ciência, Tecnologia e Inovação da Câmara;br-p-cd-204533;Idilvan Alencar;Suplente;2026-04-23;eleito;;;não;https://dadosabertos.camara.leg.br/api/v2/deputados/204533
br-comissao-de-ciencia-tecnologia-e-inovacao-da-camara;Comissão de Ciência, Tecnologia e Inovação da Câmara;br-p-cd-220540;Duda Ramos;Suplente;2026-04-27;eleito;;;não;https://dadosabertos.camara.leg.br/api/v2/deputados/220540
br-comissao-de-ciencia-tecnologia-e-inovacao-da-camara;Comissão de Ciência, Tecnologia e Inovação da Câmara;br-p-cd-220578;Josenildo;Suplente;2026-04-28;eleito;;;não;https://dadosabertos.camara.leg.br/api/v2/deputados/220578
br-comissao-de-ciencia-tecnologia-e-inovacao-da-camara;Comissão de Ciência, Tecnologia e Inovação da Câmara;br-p-cd-221329;Ricardo Abrão;Suplente;2026-05-05;eleito;;;não;https://dadosabertos.camara.leg.br/api/v2/deputados/221329
br-comissao-de-ciencia-tecnologia-e-inovacao-da-camara;Comissão de Ciência, Tecnologia e Inovação da Câmara;br-p-cd-220574;Cabo Gilberto Silva;Suplente;2026-05-27;eleito;;;não;https://dadosabertos.camara.leg.br/api/v2/deputados/220574
br-comissao-de-ciencia-tecnologia-e-inovacao-da-camara;Comissão de Ciência, Tecnologia e Inovação da Câmara;br-p-cd-74295;Inácio Arruda;Suplente;2026-06-22;eleito;;;não;https://dadosabertos.camara.leg.br/api/v2/deputados/74295
br-comissao-de-cultura-da-camara;Comissão de Cultura da Câmara;br-p-cd-220704;Carol Dartora;Presidente;2026-02-04;eleito;;;não;https://dadosabertos.camara.leg.br/api/v2/deputados/220704
br-comissao-de-cultura-da-camara;Comissão de Cultura da Câmara;br-p-cd-206018;Célia Xakriabá;1º Vice-Presidente;2026-03-04;eleito;;;não;https://dadosabertos.camara.leg.br/api/v2/deputados/206018
br-comissao-de-cultura-da-camara;Comissão de Cultura da Câmara;br-p-cd-220553;Denise Pessôa;2º Vice-Presidente;2026-03-04;eleito;;;não;https://dadosabertos.camara.leg.br/api/v2/deputados/220553
br-comissao-de-cultura-da-camara;Comissão de Cultura da Câmara;br-p-cd-178929;Diego Garcia;3º Vice-Presidente;2026-03-04;eleito;;;não;https://dadosabertos.camara.leg.br/api/v2/deputados/178929
br-comissao-de-cultura-da-camara;Comissão de Cultura da Câmara;br-p-cd-73701;Benedita da Silva;Titular;2026-02-04;eleito;;;não;https://dadosabertos.camara.leg.br/api/v2/deputados/73701
br-comissao-de-cultura-da-camara;Comissão de Cultura da Câmara;br-p-cd-74848;Jandira Feghali;Titular;2026-02-04;eleito;;;não;https://dadosabertos.camara.leg.br/api/v2/deputados/74848
br-comissao-de-cultura-da-camara;Comissão de Cultura da Câmara;br-p-cd-160976;Tiririca;Titular;2026-02-04;eleito;;;não;https://dadosabertos.camara.leg.br/api/v2/deputados/160976
br-comissao-de-cultura-da-camara;Comissão de Cultura da Câmara;br-p-cd-74084;Raimundo Santos;Titular;2026-02-04;eleito;;;não;https://dadosabertos.camara.leg.br/api/v2/deputados/74084
br-comissao-de-cultura-da-camara;Comissão de Cultura da Câmara;br-p-cd-220539;Defensor Stélio Dener;Titular;2026-02-04;eleito;;;não;https://dadosabertos.camara.leg.br/api/v2/deputados/220539
br-comissao-de-cultura-da-camara;Comissão de Cultura da Câmara;br-p-cd-220615;Pastor Henrique Vieira;Titular;2026-02-04;eleito;;;não;https://dadosabertos.camara.leg.br/api/v2/deputados/220615
br-comissao-de-cultura-da-camara;Comissão de Cultura da Câmara;br-p-cd-178866;Luizianne Lins;Titular;2026-02-04;eleito;;;não;https://dadosabertos.camara.leg.br/api/v2/deputados/178866
br-comissao-de-cultura-da-camara;Comissão de Cultura da Câmara;br-p-cd-220598;Tarcísio Motta;Titular;2026-02-23;eleito;;;não;https://dadosabertos.camara.leg.br/api/v2/deputados/220598
br-comissao-de-cultura-da-camara;Comissão de Cultura da Câmara;br-p-cd-221148;Alfredinho;Titular;2026-02-24;eleito;;;não;https://dadosabertos.camara.leg.br/api/v2/deputados/221148
br-comissao-de-cultura-da-camara;Comissão de Cultura da Câmara;br-p-cd-220654;Delegado Paulo Bilynskyj;Titular;2026-04-29;eleito;;;não;https://dadosabertos.camara.leg.br/api/v2/deputados/220654
br-comissao-de-cultura-da-camara;Comissão de Cultura da Câmara;br-p-cd-220623;Duda Salabert;Suplente;2026-02-04;eleito;;;não;https://dadosabertos.camara.leg.br/api/v2/deputados/220623
br-comissao-de-cultura-da-camara;Comissão de Cultura da Câmara;br-p-cd-178829;Capitão Augusto;Suplente;2026-02-04;eleito;;;não;https://dadosabertos.camara.leg.br/api/v2/deputados/178829
br-comissao-de-cultura-da-camara;Comissão de Cultura da Câmara;br-p-cd-160575;Erika Kokay;Suplente;2026-02-04;eleito;;;não;https://dadosabertos.camara.leg.br/api/v2/deputados/160575
br-comissao-de-cultura-da-camara;Comissão de Cultura da Câmara;br-p-cd-160512;Aureo Ribeiro;Suplente;2026-02-04;eleito;;;não;https://dadosabertos.camara.leg.br/api/v2/deputados/160512
br-comissao-de-cultura-da-camara;Comissão de Cultura da Câmara;br-p-cd-204535;Sâmia Bomfim;Suplente;2026-02-04;eleito;;;não;https://dadosabertos.camara.leg.br/api/v2/deputados/204535
br-comissao-de-cultura-da-camara;Comissão de Cultura da Câmara;br-p-cd-204374;Bia Kicis;Suplente;2026-02-04;eleito;;;não;https://dadosabertos.camara.leg.br/api/v2/deputados/204374
br-comissao-de-cultura-da-camara;Comissão de Cultura da Câmara;br-p-cd-220585;Mersinho Lucena;Suplente;2026-02-04;eleito;;;não;https://dadosabertos.camara.leg.br/api/v2/deputados/220585
br-comissao-de-cultura-da-camara;Comissão de Cultura da Câmara;br-p-cd-220527;Jack Rocha;Suplente;2026-02-04;eleito;;;não;https://dadosabertos.camara.leg.br/api/v2/deputados/220527
br-comissao-de-cultura-da-camara;Comissão de Cultura da Câmara;br-p-cd-157130;Túlio Gadêlha;Suplente;2026-02-23;eleito;;;não;https://dadosabertos.camara.leg.br/api/v2/deputados/157130
br-comissao-de-cultura-da-camara;Comissão de Cultura da Câmara;br-p-cd-74057;Alice Portugal;Suplente;2026-02-24;eleito;;;não;https://dadosabertos.camara.leg.br/api/v2/deputados/74057
br-comissao-de-cultura-da-camara;Comissão de Cultura da Câmara;br-p-cd-139285;Lídice da Mata;Suplente;2026-02-27;eleito;;;não;https://dadosabertos.camara.leg.br/api/v2/deputados/139285
br-comissao-de-cultura-da-camara;Comissão de Cultura da Câmara;br-p-cd-220574;Cabo Gilberto Silva;Suplente;2026-03-03;eleito;;;não;https://dadosabertos.camara.leg.br/api/v2/deputados/220574
br-comissao-de-cultura-da-camara;Comissão de Cultura da Câmara;br-p-cd-178860;Paulo Azi;Suplente;2026-03-25;eleito;;;não;https://dadosabertos.camara.leg.br/api/v2/deputados/178860
br-comissao-de-cultura-da-camara;Comissão de Cultura da Câmara;br-p-cd-220640;Juliana Cardoso;Suplente;2026-04-07;eleito;;;não;https://dadosabertos.camara.leg.br/api/v2/deputados/220640
br-comissao-de-cultura-da-camara;Comissão de Cultura da Câmara;br-p-cd-220699;Castro Neto;Suplente;2026-04-23;eleito;;;não;https://dadosabertos.camara.leg.br/api/v2/deputados/220699
br-comissao-de-cultura-da-camara;Comissão de Cultura da Câmara;br-p-cd-220643;Sônia Guajajara;Suplente;2026-04-27;eleito;;;não;https://dadosabertos.camara.leg.br/api/v2/deputados/220643
br-comissao-de-defesa-do-consumidor-da-camara;Comissão de Defesa do Consumidor da Câmara;br-p-cd-88256;Clodoaldo Magalhães;Presidente;2026-02-04;eleito;;;não;https://dadosabertos.camara.leg.br/api/v2/deputados/88256
br-comissao-de-defesa-do-consumidor-da-camara;Comissão de Defesa do Consumidor da Câmara;br-p-cd-74060;Daniel Almeida;1º Vice-Presidente;2026-04-15;eleito;;;não;https://dadosabertos.camara.leg.br/api/v2/deputados/74060
br-comissao-de-defesa-do-consumidor-da-camara;Comissão de Defesa do Consumidor da Câmara;br-p-cd-73441;Celso Russomanno;2º Vice-Presidente;2026-04-15;eleito;;;não;https://dadosabertos.camara.leg.br/api/v2/deputados/73441
br-comissao-de-defesa-do-consumidor-da-camara;Comissão de Defesa do Consumidor da Câmara;br-p-cd-205550;Jorge Braz;Titular;2026-02-04;eleito;;;não;https://dadosabertos.camara.leg.br/api/v2/deputados/205550
br-comissao-de-defesa-do-consumidor-da-camara;Comissão de Defesa do Consumidor da Câmara;br-p-cd-143084;Tiago Dimas;Titular;2026-02-04;eleito;;;não;https://dadosabertos.camara.leg.br/api/v2/deputados/143084
br-comissao-de-defesa-do-consumidor-da-camara;Comissão de Defesa do Consumidor da Câmara;br-p-cd-141555;Vinicius Carvalho;Titular;2026-02-04;eleito;;;não;https://dadosabertos.camara.leg.br/api/v2/deputados/141555
br-comissao-de-defesa-do-consumidor-da-camara;Comissão de Defesa do Consumidor da Câmara;br-p-cd-204365;Gilson Marques;Titular;2026-02-04;eleito;;;não;https://dadosabertos.camara.leg.br/api/v2/deputados/204365
br-comissao-de-defesa-do-consumidor-da-camara;Comissão de Defesa do Consumidor da Câmara;br-p-cd-220645;Erika Hilton;Suplente;2026-02-04;eleito;;;não;https://dadosabertos.camara.leg.br/api/v2/deputados/220645
br-comissao-de-defesa-do-consumidor-da-camara;Comissão de Defesa do Consumidor da Câmara;br-p-cd-74400;Paulo Pimenta;Suplente;2026-02-04;eleito;;;não;https://dadosabertos.camara.leg.br/api/v2/deputados/74400
br-comissao-de-defesa-do-consumidor-da-camara;Comissão de Defesa do Consumidor da Câmara;br-p-cd-205476;Charles Fernandes;Suplente;2026-02-04;eleito;;;não;https://dadosabertos.camara.leg.br/api/v2/deputados/205476
br-comissao-de-defesa-do-consumidor-da-camara;Comissão de Defesa do Consumidor da Câmara;br-p-cd-150418;Márcio Marinho;Suplente;2026-02-04;eleito;;;não;https://dadosabertos.camara.leg.br/api/v2/deputados/150418
br-comissao-de-defesa-do-consumidor-da-camara;Comissão de Defesa do Consumidor da Câmara;br-p-cd-220613;Roberto Monteiro Pai;Suplente;2026-02-04;eleito;;;não;https://dadosabertos.camara.leg.br/api/v2/deputados/220613
br-comissao-de-defesa-do-consumidor-da-camara;Comissão de Defesa do Consumidor da Câmara;br-p-cd-178986;Nilto Tatto;Suplente;2026-02-04;eleito;;;não;https://dadosabertos.camara.leg.br/api/v2/deputados/178986
br-comissao-de-defesa-do-consumidor-da-camara;Comissão de Defesa do Consumidor da Câmara;br-p-cd-220712;Fausto Jr.;Suplente;2026-02-04;eleito;;;não;https://dadosabertos.camara.leg.br/api/v2/deputados/220712
br-comissao-de-defesa-do-consumidor-da-camara;Comissão de Defesa do Consumidor da Câmara;br-p-cd-74262;Carlos Sampaio;Suplente;2026-02-04;eleito;;;não;https://dadosabertos.camara.leg.br/api/v2/deputados/74262
br-comissao-de-defesa-do-consumidor-da-camara;Comissão de Defesa do Consumidor da Câmara;br-p-cd-220559;Julia Zanatta;Suplente;2026-02-04;eleito;;;não;https://dadosabertos.camara.leg.br/api/v2/deputados/220559
br-comissao-de-defesa-do-consumidor-da-camara;Comissão de Defesa do Consumidor da Câmara;br-p-cd-162067;Kiko Celeguim;Suplente;2026-02-05;eleito;;;não;https://dadosabertos.camara.leg.br/api/v2/deputados/162067
br-comissao-de-defesa-do-consumidor-da-camara;Comissão de Defesa do Consumidor da Câmara;br-p-cd-220567;Jeferson Rodrigues;Suplente;2026-02-09;eleito;;;não;https://dadosabertos.camara.leg.br/api/v2/deputados/220567
br-comissao-de-defesa-do-consumidor-da-camara;Comissão de Defesa do Consumidor da Câmara;br-p-cd-160512;Aureo Ribeiro;Suplente;2026-02-10;eleito;;;não;https://dadosabertos.camara.leg.br/api/v2/deputados/160512
br-comissao-de-defesa-do-consumidor-da-camara;Comissão de Defesa do Consumidor da Câmara;br-p-cd-220653;Fábio Teruel;Suplente;2026-02-24;eleito;;;não;https://dadosabertos.camara.leg.br/api/v2/deputados/220653
br-comissao-de-defesa-do-consumidor-da-camara;Comissão de Defesa do Consumidor da Câmara;br-p-cd-220641;Rodrigo Gambale;Suplente;2026-02-25;eleito;;;não;https://dadosabertos.camara.leg.br/api/v2/deputados/220641
br-comissao-de-defesa-do-consumidor-da-camara;Comissão de Defesa do Consumidor da Câmara;br-p-cd-178993;Carlos Henrique Gaguim;Suplente;2026-02-27;eleito;;;não;https://dadosabertos.camara.leg.br/api/v2/deputados/178993
br-comissao-de-defesa-do-consumidor-da-camara;Comissão de Defesa do Consumidor da Câmara;br-p-cd-220686;Duarte Jr.;Suplente;2026-03-05;eleito;;;não;https://dadosabertos.camara.leg.br/api/v2/deputados/220686
br-comissao-de-defesa-do-consumidor-da-camara;Comissão de Defesa do Consumidor da Câmara;br-p-cd-204425;Silvio Costa Filho;Suplente;2026-04-28;eleito;;;não;https://dadosabertos.camara.leg.br/api/v2/deputados/204425
br-comissao-de-defesa-do-consumidor-da-camara;Comissão de Defesa do Consumidor da Câmara;br-p-cd-220574;Cabo Gilberto Silva;Suplente;2026-05-26;eleito;;;não;https://dadosabertos.camara.leg.br/api/v2/deputados/220574
br-comissao-de-defesa-do-consumidor-da-camara;Comissão de Defesa do Consumidor da Câmara;br-p-cd-73579;Alberto Fraga;Suplente;2026-06-09;eleito;;;não;https://dadosabertos.camara.leg.br/api/v2/deputados/73579
br-comissao-de-defesa-do-consumidor-da-camara;Comissão de Defesa do Consumidor da Câmara;br-p-cd-72442;Felipe Carreras;Suplente;2026-06-10;eleito;;;não;https://dadosabertos.camara.leg.br/api/v2/deputados/72442
br-comissao-de-desenvolvimento-economico-da-camara;Comissão de Desenvolvimento Econômico da Câmara;br-p-cd-220697;Jadyel Alencar;Presidente;2026-02-04;eleito;;;não;https://dadosabertos.camara.leg.br/api/v2/deputados/220697
br-comissao-de-desenvolvimento-economico-da-camara;Comissão de Desenvolvimento Econômico da Câmara;br-p-cd-178992;Vitor Lippi;1º Vice-Presidente;2026-05-20;eleito;;;não;https://dadosabertos.camara.leg.br/api/v2/deputados/178992
br-comissao-de-desenvolvimento-economico-da-camara;Comissão de Desenvolvimento Econômico da Câmara;br-p-cd-74253;Julio Lopes;Titular;2026-02-03;eleito;;;não;https://dadosabertos.camara.leg.br/api/v2/deputados/74253
br-comissao-de-desenvolvimento-economico-da-camara;Comissão de Desenvolvimento Econômico da Câmara;br-p-cd-74376;Vander Loubet;Titular;2026-02-03;eleito;;;não;https://dadosabertos.camara.leg.br/api/v2/deputados/74376
br-comissao-de-desenvolvimento-economico-da-camara;Comissão de Desenvolvimento Econômico da Câmara;br-p-cd-204559;Zé Neto;Titular;2026-02-03;eleito;;;não;https://dadosabertos.camara.leg.br/api/v2/deputados/204559
br-comissao-de-desenvolvimento-economico-da-camara;Comissão de Desenvolvimento Econômico da Câmara;br-p-cd-230767;Rodrigo da Zaeli;Titular;2026-02-03;eleito;;;não;https://dadosabertos.camara.leg.br/api/v2/deputados/230767
br-comissao-de-desenvolvimento-economico-da-camara;Comissão de Desenvolvimento Econômico da Câmara;br-p-cd-141391;Arnaldo Jardim;Titular;2026-02-03;eleito;;;não;https://dadosabertos.camara.leg.br/api/v2/deputados/141391
br-comissao-de-desenvolvimento-economico-da-camara;Comissão de Desenvolvimento Econômico da Câmara;br-p-cd-220550;Mauricio Marcon;Titular;2026-02-09;eleito;;;não;https://dadosabertos.camara.leg.br/api/v2/deputados/220550
br-comissao-de-desenvolvimento-economico-da-camara;Comissão de Desenvolvimento Econômico da Câmara;br-p-cd-72442;Felipe Carreras;Titular;2026-03-25;eleito;;;não;https://dadosabertos.camara.leg.br/api/v2/deputados/72442
br-comissao-de-desenvolvimento-economico-da-camara;Comissão de Desenvolvimento Econômico da Câmara;br-p-cd-204498;Olival Marques;Titular;2026-04-28;eleito;;;não;https://dadosabertos.camara.leg.br/api/v2/deputados/204498
br-comissao-de-desenvolvimento-economico-da-camara;Comissão de Desenvolvimento Econômico da Câmara;br-p-cd-220658;Luiz Gastão;Titular;2026-05-04;eleito;;;não;https://dadosabertos.camara.leg.br/api/v2/deputados/220658
br-comissao-de-desenvolvimento-economico-da-camara;Comissão de Desenvolvimento Econômico da Câmara;br-p-cd-74428;Mendonça Filho;Titular;2026-05-05;eleito;;;não;https://dadosabertos.camara.leg.br/api/v2/deputados/74428
br-comissao-de-desenvolvimento-economico-da-camara;Comissão de Desenvolvimento Econômico da Câmara;br-p-cd-230768;Zé Adriano;Titular;2026-05-18;eleito;;;não;https://dadosabertos.camara.leg.br/api/v2/deputados/230768
br-comissao-de-desenvolvimento-economico-da-camara;Comissão de Desenvolvimento Econômico da Câmara;br-p-cd-123756;Antônia Lúcia;Titular;2026-05-19;eleito;;;não;https://dadosabertos.camara.leg.br/api/v2/deputados/123756
br-comissao-de-desenvolvimento-economico-da-camara;Comissão de Desenvolvimento Econômico da Câmara;br-p-cd-98057;Lafayette de Andrada;Titular;2026-05-26;eleito;;;não;https://dadosabertos.camara.leg.br/api/v2/deputados/98057
br-comissao-de-desenvolvimento-economico-da-camara;Comissão de Desenvolvimento Econômico da Câmara;br-p-cd-141485;Luiz Carlos Busato;Titular;2026-06-09;eleito;;;não;https://dadosabertos.camara.leg.br/api/v2/deputados/141485
br-comissao-de-desenvolvimento-economico-da-camara;Comissão de Desenvolvimento Econômico da Câmara;br-p-cd-204449;Nelson Barbudo;Suplente;2026-02-03;eleito;;;não;https://dadosabertos.camara.leg.br/api/v2/deputados/204449
br-comissao-de-desenvolvimento-economico-da-camara;Comissão de Desenvolvimento Econômico da Câmara;br-p-cd-220549;Any Ortiz;Suplente;2026-02-03;eleito;;;não;https://dadosabertos.camara.leg.br/api/v2/deputados/220549
br-comissao-de-desenvolvimento-economico-da-camara;Comissão de Desenvolvimento Econômico da Câmara;br-p-cd-220529;Gilson Daniel;Suplente;2026-02-03;eleito;;;não;https://dadosabertos.camara.leg.br/api/v2/deputados/220529
br-comissao-de-desenvolvimento-economico-da-camara;Comissão de Desenvolvimento Econômico da Câmara;br-p-cd-160665;Augusto Coutinho;Suplente;2026-02-03;eleito;;;não;https://dadosabertos.camara.leg.br/api/v2/deputados/160665
br-comissao-de-desenvolvimento-economico-da-camara;Comissão de Desenvolvimento Econômico da Câmara;br-p-cd-178873;Helder Salomão;Suplente;2026-02-03;eleito;;;não;https://dadosabertos.camara.leg.br/api/v2/deputados/178873
br-comissao-de-desenvolvimento-economico-da-camara;Comissão de Desenvolvimento Econômico da Câmara;br-p-cd-220663;Eriberto Medeiros;Suplente;2026-02-03;eleito;;;não;https://dadosabertos.camara.leg.br/api/v2/deputados/220663
br-comissao-de-desenvolvimento-economico-da-camara;Comissão de Desenvolvimento Econômico da Câmara;br-p-cd-226837;Saulo Pedroso;Suplente;2026-02-03;eleito;;;não;https://dadosabertos.camara.leg.br/api/v2/deputados/226837
br-comissao-de-desenvolvimento-economico-da-camara;Comissão de Desenvolvimento Econômico da Câmara;br-p-cd-204374;Bia Kicis;Suplente;2026-02-04;eleito;;;não;https://dadosabertos.camara.leg.br/api/v2/deputados/204374
br-comissao-de-desenvolvimento-economico-da-camara;Comissão de Desenvolvimento Econômico da Câmara;br-p-cd-204528;Adriana Ventura;Suplente;2026-02-09;eleito;;;não;https://dadosabertos.camara.leg.br/api/v2/deputados/204528
br-comissao-de-desenvolvimento-economico-da-camara;Comissão de Desenvolvimento Econômico da Câmara;br-p-cd-220672;Henderson Pinto;Suplente;2026-05-18;eleito;;;não;https://dadosabertos.camara.leg.br/api/v2/deputados/220672
br-comissao-de-desenvolvimento-economico-da-camara;Comissão de Desenvolvimento Econômico da Câmara;br-p-cd-73433;Arlindo Chinaglia;Suplente;2026-08-10;eleito;;;não;https://dadosabertos.camara.leg.br/api/v2/deputados/73433
br-comissao-de-direitos-humanos-minorias-e-igualdade-racial-da-camara;Comissão de Direitos Humanos, Minorias e Igualdade Racial da Câmara;br-p-cd-74057;Alice Portugal;Presidente;2026-02-04;eleito;;;não;https://dadosabertos.camara.leg.br/api/v2/deputados/74057
br-comissao-de-direitos-humanos-minorias-e-igualdade-racial-da-camara;Comissão de Direitos Humanos, Minorias e Igualdade Racial da Câmara;br-p-cd-160575;Erika Kokay;1º Vice-Presidente;2026-03-25;eleito;;;não;https://dadosabertos.camara.leg.br/api/v2/deputados/160575
br-comissao-de-direitos-humanos-minorias-e-igualdade-racial-da-camara;Comissão de Direitos Humanos, Minorias e Igualdade Racial da Câmara;br-p-cd-220682;Tadeu Veneri;2º Vice-Presidente;2026-03-25;eleito;;;não;https://dadosabertos.camara.leg.br/api/v2/deputados/220682
br-comissao-de-direitos-humanos-minorias-e-igualdade-racial-da-camara;Comissão de Direitos Humanos, Minorias e Igualdade Racial da Câmara;br-p-cd-160601;Pr. Marco Feliciano;Titular;2026-02-04;eleito;;;não;https://dadosabertos.camara.leg.br/api/v2/deputados/160601
br-comissao-de-direitos-humanos-minorias-e-igualdade-racial-da-camara;Comissão de Direitos Humanos, Minorias e Igualdade Racial da Câmara;br-p-cd-220665;Clarissa Tércio;Titular;2026-02-04;eleito;;;não;https://dadosabertos.camara.leg.br/api/v2/deputados/220665
br-comissao-de-direitos-humanos-minorias-e-igualdade-racial-da-camara;Comissão de Direitos Humanos, Minorias e Igualdade Racial da Câmara;br-p-cd-204444;Helio Lopes;Titular;2026-02-04;eleito;;;não;https://dadosabertos.camara.leg.br/api/v2/deputados/204444
br-comissao-de-direitos-humanos-minorias-e-igualdade-racial-da-camara;Comissão de Direitos Humanos, Minorias e Igualdade Racial da Câmara;br-p-cd-220615;Pastor Henrique Vieira;Titular;2026-02-04;eleito;;;não;https://dadosabertos.camara.leg.br/api/v2/deputados/220615
br-comissao-de-direitos-humanos-minorias-e-igualdade-racial-da-camara;Comissão de Direitos Humanos, Minorias e Igualdade Racial da Câmara;br-p-cd-220645;Erika Hilton;Titular;2026-02-04;eleito;;;não;https://dadosabertos.camara.leg.br/api/v2/deputados/220645
br-comissao-de-direitos-humanos-minorias-e-igualdade-racial-da-camara;Comissão de Direitos Humanos, Minorias e Igualdade Racial da Câmara;br-p-cd-180214;Pastor Diniz;Titular;2026-02-04;eleito;;;não;https://dadosabertos.camara.leg.br/api/v2/deputados/180214
br-comissao-de-direitos-humanos-minorias-e-igualdade-racial-da-camara;Comissão de Direitos Humanos, Minorias e Igualdade Racial da Câmara;br-p-cd-220606;Reimont;Titular;2026-02-04;eleito;;;não;https://dadosabertos.camara.leg.br/api/v2/deputados/220606
br-comissao-de-direitos-humanos-minorias-e-igualdade-racial-da-camara;Comissão de Direitos Humanos, Minorias e Igualdade Racial da Câmara;br-p-cd-160642;Pastor Eurico;Titular;2026-02-04;eleito;;;não;https://dadosabertos.camara.leg.br/api/v2/deputados/160642
br-comissao-de-direitos-humanos-minorias-e-igualdade-racial-da-camara;Comissão de Direitos Humanos, Minorias e Igualdade Racial da Câmara;br-p-cd-206018;Célia Xakriabá;Titular;2026-02-04;eleito;;;não;https://dadosabertos.camara.leg.br/api/v2/deputados/206018
br-comissao-de-direitos-humanos-minorias-e-igualdade-racial-da-camara;Comissão de Direitos Humanos, Minorias e Igualdade Racial da Câmara;br-p-cd-74041;Luiz Couto;Titular;2026-02-04;eleito;;;não;https://dadosabertos.camara.leg.br/api/v2/deputados/74041
br-comissao-de-direitos-humanos-minorias-e-igualdade-racial-da-camara;Comissão de Direitos Humanos, Minorias e Igualdade Racial da Câmara;br-p-cd-204419;Glaustin da Fokus;Titular;2026-02-25;eleito;;;não;https://dadosabertos.camara.leg.br/api/v2/deputados/204419
br-comissao-de-direitos-humanos-minorias-e-igualdade-racial-da-camara;Comissão de Direitos Humanos, Minorias e Igualdade Racial da Câmara;br-p-cd-220530;Messias Donato;Titular;2026-04-24;eleito;;;não;https://dadosabertos.camara.leg.br/api/v2/deputados/220530
br-comissao-de-direitos-humanos-minorias-e-igualdade-racial-da-camara;Comissão de Direitos Humanos, Minorias e Igualdade Racial da Câmara;br-p-cd-204464;Talíria Petrone;Titular;2026-04-28;eleito;;;não;https://dadosabertos.camara.leg.br/api/v2/deputados/204464
br-comissao-de-direitos-humanos-minorias-e-igualdade-racial-da-camara;Comissão de Direitos Humanos, Minorias e Igualdade Racial da Câmara;br-p-cd-220599;Marcelo Crivella;Suplente;2026-02-04;eleito;;;não;https://dadosabertos.camara.leg.br/api/v2/deputados/220599
br-comissao-de-direitos-humanos-minorias-e-igualdade-racial-da-camara;Comissão de Direitos Humanos, Minorias e Igualdade Racial da Câmara;br-p-cd-220623;Duda Salabert;Suplente;2026-02-04;eleito;;;não;https://dadosabertos.camara.leg.br/api/v2/deputados/220623
br-comissao-de-direitos-humanos-minorias-e-igualdade-racial-da-camara;Comissão de Direitos Humanos, Minorias e Igualdade Racial da Câmara;br-p-cd-220667;Pedro Campos;Suplente;2026-02-04;eleito;;;não;https://dadosabertos.camara.leg.br/api/v2/deputados/220667
br-comissao-de-direitos-humanos-minorias-e-igualdade-racial-da-camara;Comissão de Direitos Humanos, Minorias e Igualdade Racial da Câmara;br-p-cd-143084;Tiago Dimas;Suplente;2026-02-04;eleito;;;não;https://dadosabertos.camara.leg.br/api/v2/deputados/143084
br-comissao-de-direitos-humanos-minorias-e-igualdade-racial-da-camara;Comissão de Direitos Humanos, Minorias e Igualdade Racial da Câmara;br-p-cd-204351;Dr. Luiz Ovando;Suplente;2026-02-04;eleito;;;não;https://dadosabertos.camara.leg.br/api/v2/deputados/204351
br-comissao-de-direitos-humanos-minorias-e-igualdade-racial-da-camara;Comissão de Direitos Humanos, Minorias e Igualdade Racial da Câmara;br-p-cd-74784;Luiza Erundina;Suplente;2026-02-04;eleito;;;não;https://dadosabertos.camara.leg.br/api/v2/deputados/74784
br-comissao-de-direitos-humanos-minorias-e-igualdade-racial-da-camara;Comissão de Direitos Humanos, Minorias e Igualdade Racial da Câmara;br-p-cd-178908;Delegado Éder Mauro;Suplente;2026-02-04;eleito;;;não;https://dadosabertos.camara.leg.br/api/v2/deputados/178908
br-comissao-de-direitos-humanos-minorias-e-igualdade-racial-da-camara;Comissão de Direitos Humanos, Minorias e Igualdade Racial da Câmara;br-p-cd-204453;Natália Bonavides;Suplente;2026-02-04;eleito;;;não;https://dadosabertos.camara.leg.br/api/v2/deputados/204453
br-comissao-de-direitos-humanos-minorias-e-igualdade-racial-da-camara;Comissão de Direitos Humanos, Minorias e Igualdade Racial da Câmara;br-p-cd-220555;Daiana Santos;Suplente;2026-02-04;eleito;;;não;https://dadosabertos.camara.leg.br/api/v2/deputados/220555
br-comissao-de-direitos-humanos-minorias-e-igualdade-racial-da-camara;Comissão de Direitos Humanos, Minorias e Igualdade Racial da Câmara;br-p-cd-220526;Gilvan da Federal;Suplente;2026-02-04;eleito;;;não;https://dadosabertos.camara.leg.br/api/v2/deputados/220526
br-comissao-de-direitos-humanos-minorias-e-igualdade-racial-da-camara;Comissão de Direitos Humanos, Minorias e Igualdade Racial da Câmara;br-p-cd-160556;Padre João;Suplente;2026-02-04;eleito;;;não;https://dadosabertos.camara.leg.br/api/v2/deputados/160556
br-comissao-de-direitos-humanos-minorias-e-igualdade-racial-da-camara;Comissão de Direitos Humanos, Minorias e Igualdade Racial da Câmara;br-p-cd-204462;Chris Tonietto;Suplente;2026-02-04;eleito;;;não;https://dadosabertos.camara.leg.br/api/v2/deputados/204462
br-comissao-de-direitos-humanos-minorias-e-igualdade-racial-da-camara;Comissão de Direitos Humanos, Minorias e Igualdade Racial da Câmara;br-p-cd-220654;Delegado Paulo Bilynskyj;Suplente;2026-02-05;eleito;;;não;https://dadosabertos.camara.leg.br/api/v2/deputados/220654
br-comissao-de-direitos-humanos-minorias-e-igualdade-racial-da-camara;Comissão de Direitos Humanos, Minorias e Igualdade Racial da Câmara;br-p-cd-178987;Orlando Silva;Suplente;2026-02-23;eleito;;;não;https://dadosabertos.camara.leg.br/api/v2/deputados/178987
br-comissao-de-direitos-humanos-minorias-e-igualdade-racial-da-camara;Comissão de Direitos Humanos, Minorias e Igualdade Racial da Câmara;br-p-cd-204441;Otoni de Paula;Suplente;2026-04-22;eleito;;;não;https://dadosabertos.camara.leg.br/api/v2/deputados/204441
br-comissao-de-direitos-humanos-minorias-e-igualdade-racial-da-camara;Comissão de Direitos Humanos, Minorias e Igualdade Racial da Câmara;br-p-cd-220598;Tarcísio Motta;Suplente;2026-04-28;eleito;;;não;https://dadosabertos.camara.leg.br/api/v2/deputados/220598
br-comissao-de-direitos-humanos-minorias-e-igualdade-racial-da-camara;Comissão de Direitos Humanos, Minorias e Igualdade Racial da Câmara;br-p-cd-220574;Cabo Gilberto Silva;Suplente;2026-06-18;eleito;;;não;https://dadosabertos.camara.leg.br/api/v2/deputados/220574
br-comissao-de-desenvolvimento-urbano-da-camara;Comissão de Desenvolvimento Urbano da Câmara;br-p-cd-220677;Keniston Braga;Presidente;2026-02-04;eleito;;;não;https://dadosabertos.camara.leg.br/api/v2/deputados/220677
br-comissao-de-desenvolvimento-urbano-da-camara;Comissão de Desenvolvimento Urbano da Câmara;br-p-cd-230957;João Cury;Titular;2026-02-04;eleito;;;não;https://dadosabertos.camara.leg.br/api/v2/deputados/230957
br-comissao-de-desenvolvimento-urbano-da-camara;Comissão de Desenvolvimento Urbano da Câmara;br-p-cd-121948;Adriano do Baldy;Titular;2026-02-04;eleito;;;não;https://dadosabertos.camara.leg.br/api/v2/deputados/121948
br-comissao-de-desenvolvimento-urbano-da-camara;Comissão de Desenvolvimento Urbano da Câmara;br-p-cd-226837;Saulo Pedroso;Titular;2026-02-04;eleito;;;não;https://dadosabertos.camara.leg.br/api/v2/deputados/226837
br-comissao-de-desenvolvimento-urbano-da-camara;Comissão de Desenvolvimento Urbano da Câmara;br-p-cd-220675;Antônio Doido;Titular;2026-02-04;eleito;;;não;https://dadosabertos.camara.leg.br/api/v2/deputados/220675
br-comissao-de-desenvolvimento-urbano-da-camara;Comissão de Desenvolvimento Urbano da Câmara;br-p-cd-209189;Joseildo Ramos;Titular;2026-02-04;eleito;;;não;https://dadosabertos.camara.leg.br/api/v2/deputados/209189
br-comissao-de-desenvolvimento-urbano-da-camara;Comissão de Desenvolvimento Urbano da Câmara;br-p-cd-204453;Natália Bonavides;Titular;2026-02-04;eleito;;;não;https://dadosabertos.camara.leg.br/api/v2/deputados/204453
br-comissao-de-desenvolvimento-urbano-da-camara;Comissão de Desenvolvimento Urbano da Câmara;br-p-cd-74784;Luiza Erundina;Titular;2026-02-04;eleito;;;não;https://dadosabertos.camara.leg.br/api/v2/deputados/74784
br-comissao-de-desenvolvimento-urbano-da-camara;Comissão de Desenvolvimento Urbano da Câmara;br-p-cd-220563;Icaro de Valmir;Titular;2026-02-04;eleito;;;não;https://dadosabertos.camara.leg.br/api/v2/deputados/220563
br-comissao-de-desenvolvimento-urbano-da-camara;Comissão de Desenvolvimento Urbano da Câmara;br-p-cd-179000;Marcelo Álvaro Antônio;Titular;2026-02-11;eleito;;;não;https://dadosabertos.camara.leg.br/api/v2/deputados/179000
br-comissao-de-desenvolvimento-urbano-da-camara;Comissão de Desenvolvimento Urbano da Câmara;br-p-cd-74295;Inácio Arruda;Titular;2026-06-22;eleito;;;não;https://dadosabertos.camara.leg.br/api/v2/deputados/74295
br-comissao-de-desenvolvimento-urbano-da-camara;Comissão de Desenvolvimento Urbano da Câmara;br-p-cd-204444;Helio Lopes;Suplente;2026-02-04;eleito;;;não;https://dadosabertos.camara.leg.br/api/v2/deputados/204444
br-comissao-de-desenvolvimento-urbano-da-camara;Comissão de Desenvolvimento Urbano da Câmara;br-p-cd-220566;Lêda Borges;Suplente;2026-02-04;eleito;;;não;https://dadosabertos.camara.leg.br/api/v2/deputados/220566
br-comissao-de-desenvolvimento-urbano-da-camara;Comissão de Desenvolvimento Urbano da Câmara;br-p-cd-178934;Toninho Wandscheer;Suplente;2026-02-04;eleito;;;não;https://dadosabertos.camara.leg.br/api/v2/deputados/178934
br-comissao-de-desenvolvimento-urbano-da-camara;Comissão de Desenvolvimento Urbano da Câmara;br-p-cd-141458;João Carlos Bacelar;Suplente;2026-02-04;eleito;;;não;https://dadosabertos.camara.leg.br/api/v2/deputados/141458
br-comissao-de-desenvolvimento-urbano-da-camara;Comissão de Desenvolvimento Urbano da Câmara;br-p-cd-141391;Arnaldo Jardim;Suplente;2026-02-04;eleito;;;não;https://dadosabertos.camara.leg.br/api/v2/deputados/141391
br-comissao-de-desenvolvimento-urbano-da-camara;Comissão de Desenvolvimento Urbano da Câmara;br-p-cd-220573;Dorinaldo Malafaia;Suplente;2026-02-04;eleito;;;não;https://dadosabertos.camara.leg.br/api/v2/deputados/220573
br-comissao-de-desenvolvimento-urbano-da-camara;Comissão de Desenvolvimento Urbano da Câmara;br-p-cd-220597;Thiago Flores;Suplente;2026-02-04;eleito;;;não;https://dadosabertos.camara.leg.br/api/v2/deputados/220597
br-comissao-de-desenvolvimento-urbano-da-camara;Comissão de Desenvolvimento Urbano da Câmara;br-p-cd-204464;Talíria Petrone;Suplente;2026-02-04;eleito;;;não;https://dadosabertos.camara.leg.br/api/v2/deputados/204464
br-comissao-de-desenvolvimento-urbano-da-camara;Comissão de Desenvolvimento Urbano da Câmara;br-p-cd-141456;Jilmar Tatto;Suplente;2026-02-04;eleito;;;não;https://dadosabertos.camara.leg.br/api/v2/deputados/141456
br-comissao-de-desenvolvimento-urbano-da-camara;Comissão de Desenvolvimento Urbano da Câmara;br-p-cd-92699;Fernando Monteiro;Suplente;2026-02-04;eleito;;;não;https://dadosabertos.camara.leg.br/api/v2/deputados/92699
br-comissao-de-desenvolvimento-urbano-da-camara;Comissão de Desenvolvimento Urbano da Câmara;br-p-cd-220553;Denise Pessôa;Suplente;2026-02-04;eleito;;;não;https://dadosabertos.camara.leg.br/api/v2/deputados/220553
br-comissao-de-desenvolvimento-urbano-da-camara;Comissão de Desenvolvimento Urbano da Câmara;br-p-cd-178962;Carlos Gomes;Suplente;2026-02-09;eleito;;;não;https://dadosabertos.camara.leg.br/api/v2/deputados/178962
br-comissao-de-desenvolvimento-urbano-da-camara;Comissão de Desenvolvimento Urbano da Câmara;br-p-cd-66385;Julio Arcoverde;Suplente;2026-03-19;eleito;;;não;https://dadosabertos.camara.leg.br/api/v2/deputados/66385
br-comissao-de-desenvolvimento-urbano-da-camara;Comissão de Desenvolvimento Urbano da Câmara;br-p-cd-220607;Max Lemos;Suplente;2026-04-17;eleito;;;não;https://dadosabertos.camara.leg.br/api/v2/deputados/220607
br-comissao-de-desenvolvimento-urbano-da-camara;Comissão de Desenvolvimento Urbano da Câmara;br-p-cd-220713;Saullo Vianna;Suplente;2026-04-22;eleito;;;não;https://dadosabertos.camara.leg.br/api/v2/deputados/220713
br-comissao-de-desenvolvimento-urbano-da-camara;Comissão de Desenvolvimento Urbano da Câmara;br-p-cd-204364;Eli Borges;Suplente;2026-05-06;eleito;;;não;https://dadosabertos.camara.leg.br/api/v2/deputados/204364
br-comissao-de-desenvolvimento-urbano-da-camara;Comissão de Desenvolvimento Urbano da Câmara;br-p-cd-220540;Duda Ramos;Suplente;2026-05-14;eleito;;;não;https://dadosabertos.camara.leg.br/api/v2/deputados/220540
br-comissao-de-desenvolvimento-urbano-da-camara;Comissão de Desenvolvimento Urbano da Câmara;br-p-cd-178884;Hildo Rocha;Suplente;2026-09-01;eleito;;;não;https://dadosabertos.camara.leg.br/api/v2/deputados/178884
br-comissao-de-educacao-da-camara;Comissão de Educação da Câmara;br-p-cd-109429;Benes Leocádio;Presidente;2026-03-18;eleito;;;não;https://dadosabertos.camara.leg.br/api/v2/deputados/109429
br-comissao-de-educacao-da-camara;Comissão de Educação da Câmara;br-p-cd-220582;Daniel Barbosa;1º Vice-Presidente;2026-03-18;eleito;;;não;https://dadosabertos.camara.leg.br/api/v2/deputados/220582
br-comissao-de-educacao-da-camara;Comissão de Educação da Câmara;br-p-cd-178929;Diego Garcia;2º Vice-Presidente;2026-03-18;eleito;;;não;https://dadosabertos.camara.leg.br/api/v2/deputados/178929
br-comissao-de-educacao-da-camara;Comissão de Educação da Câmara;br-p-cd-220609;Maurício Carvalho;3º Vice-Presidente;2026-03-18;eleito;;;não;https://dadosabertos.camara.leg.br/api/v2/deputados/220609
br-comissao-de-educacao-da-camara;Comissão de Educação da Câmara;br-p-cd-160592;Zeca Dirceu;Titular;2026-03-10;eleito;;;não;https://dadosabertos.camara.leg.br/api/v2/deputados/160592
br-comissao-de-educacao-da-camara;Comissão de Educação da Câmara;br-p-cd-220533;Prof. Reginaldo Veras;Titular;2026-03-10;eleito;;;não;https://dadosabertos.camara.leg.br/api/v2/deputados/220533
br-comissao-de-educacao-da-camara;Comissão de Educação da Câmara;br-p-cd-220551;Franciane Bayer;Titular;2026-03-10;eleito;;;não;https://dadosabertos.camara.leg.br/api/v2/deputados/220551
br-comissao-de-educacao-da-camara;Comissão de Educação da Câmara;br-p-cd-74467;Damião Feliciano;Titular;2026-03-10;eleito;;;não;https://dadosabertos.camara.leg.br/api/v2/deputados/74467
br-comissao-de-educacao-da-camara;Comissão de Educação da Câmara;br-p-cd-204390;Professor Alcides;Titular;2026-03-10;eleito;;;não;https://dadosabertos.camara.leg.br/api/v2/deputados/204390
br-comissao-de-educacao-da-camara;Comissão de Educação da Câmara;br-p-cd-204534;Tabata Amaral;Titular;2026-03-10;eleito;;;não;https://dadosabertos.camara.leg.br/api/v2/deputados/204534
br-comissao-de-educacao-da-camara;Comissão de Educação da Câmara;br-p-cd-204540;Maria Rosas;Titular;2026-03-10;eleito;;;não;https://dadosabertos.camara.leg.br/api/v2/deputados/204540
br-comissao-de-educacao-da-camara;Comissão de Educação da Câmara;br-p-cd-204570;Pastor Gil;Titular;2026-03-10;eleito;;;não;https://dadosabertos.camara.leg.br/api/v2/deputados/204570
br-comissao-de-educacao-da-camara;Comissão de Educação da Câmara;br-p-cd-220598;Tarcísio Motta;Titular;2026-03-10;eleito;;;não;https://dadosabertos.camara.leg.br/api/v2/deputados/220598
br-comissao-de-educacao-da-camara;Comissão de Educação da Câmara;br-p-cd-98615;Ismael;Titular;2026-03-10;eleito;;;não;https://dadosabertos.camara.leg.br/api/v2/deputados/98615
br-comissao-de-educacao-da-camara;Comissão de Educação da Câmara;br-p-cd-104552;Socorro Neri;Titular;2026-03-10;eleito;;;não;https://dadosabertos.camara.leg.br/api/v2/deputados/104552
br-comissao-de-educacao-da-camara;Comissão de Educação da Câmara;br-p-cd-220586;Rafael Brito;Titular;2026-03-10;eleito;;;não;https://dadosabertos.camara.leg.br/api/v2/deputados/220586
br-comissao-de-educacao-da-camara;Comissão de Educação da Câmara;br-p-cd-160569;Waldenor Pereira;Titular;2026-03-10;eleito;;;não;https://dadosabertos.camara.leg.br/api/v2/deputados/160569
br-comissao-de-educacao-da-camara;Comissão de Educação da Câmara;br-p-cd-204445;Fernando Mineiro;Titular;2026-03-10;eleito;;;não;https://dadosabertos.camara.leg.br/api/v2/deputados/204445
br-comissao-de-educacao-da-camara;Comissão de Educação da Câmara;br-p-cd-220629;Dandara;Titular;2026-03-10;eleito;;;não;https://dadosabertos.camara.leg.br/api/v2/deputados/220629
br-comissao-de-educacao-da-camara;Comissão de Educação da Câmara;br-p-cd-221338;Professora Luciene Cavalcante;Titular;2026-03-10;eleito;;;não;https://dadosabertos.camara.leg.br/api/v2/deputados/221338
br-comissao-de-educacao-da-camara;Comissão de Educação da Câmara;br-p-cd-220704;Carol Dartora;Titular;2026-03-10;eleito;;;não;https://dadosabertos.camara.leg.br/api/v2/deputados/220704
br-comissao-de-educacao-da-camara;Comissão de Educação da Câmara;br-p-cd-74057;Alice Portugal;Titular;2026-03-10;eleito;;;não;https://dadosabertos.camara.leg.br/api/v2/deputados/74057
br-comissao-de-educacao-da-camara;Comissão de Educação da Câmara;br-p-cd-178997;Moses Rodrigues;Titular;2026-03-10;eleito;;;não;https://dadosabertos.camara.leg.br/api/v2/deputados/178997
br-comissao-de-educacao-da-camara;Comissão de Educação da Câmara;br-p-cd-123756;Antônia Lúcia;Titular;2026-03-10;eleito;;;não;https://dadosabertos.camara.leg.br/api/v2/deputados/123756
br-comissao-de-educacao-da-camara;Comissão de Educação da Câmara;br-p-cd-204407;Fernanda Melchionna;Titular;2026-03-10;eleito;;;não;https://dadosabertos.camara.leg.br/api/v2/deputados/204407
br-comissao-de-educacao-da-camara;Comissão de Educação da Câmara;br-p-cd-204533;Idilvan Alencar;Titular;2026-04-17;eleito;;;não;https://dadosabertos.camara.leg.br/api/v2/deputados/204533
br-comissao-de-educacao-da-camara;Comissão de Educação da Câmara;br-p-cd-204441;Otoni de Paula;Titular;2026-04-17;eleito;;;não;https://dadosabertos.camara.leg.br/api/v2/deputados/204441
br-comissao-de-educacao-da-camara;Comissão de Educação da Câmara;br-p-cd-141411;Dagoberto Nogueira;Titular;2026-04-17;eleito;;;não;https://dadosabertos.camara.leg.br/api/v2/deputados/141411
br-comissao-de-educacao-da-camara;Comissão de Educação da Câmara;br-p-cd-233592;Paulo Lemos;Titular;2026-04-22;eleito;;;não;https://dadosabertos.camara.leg.br/api/v2/deputados/233592
br-comissao-de-educacao-da-camara;Comissão de Educação da Câmara;br-p-cd-220540;Duda Ramos;Titular;2026-04-28;eleito;;;não;https://dadosabertos.camara.leg.br/api/v2/deputados/220540
br-comissao-de-educacao-da-camara;Comissão de Educação da Câmara;br-p-cd-178946;Soraya Santos;Titular;2026-05-27;eleito;;;não;https://dadosabertos.camara.leg.br/api/v2/deputados/178946
br-comissao-de-educacao-da-camara;Comissão de Educação da Câmara;br-p-cd-220654;Delegado Paulo Bilynskyj;Titular;2026-06-02;eleito;;;não;https://dadosabertos.camara.leg.br/api/v2/deputados/220654
br-comissao-de-educacao-da-camara;Comissão de Educação da Câmara;br-p-cd-236423;Valdir Trindade;Titular;2026-06-11;eleito;;;não;https://dadosabertos.camara.leg.br/api/v2/deputados/236423
br-comissao-de-educacao-da-camara;Comissão de Educação da Câmara;br-p-cd-204481;Dr. Jaziel;Titular;2026-06-11;eleito;;;não;https://dadosabertos.camara.leg.br/api/v2/deputados/204481
br-comissao-de-educacao-da-camara;Comissão de Educação da Câmara;br-p-cd-220563;Icaro de Valmir;Suplente;2026-03-10;eleito;;;não;https://dadosabertos.camara.leg.br/api/v2/deputados/220563
br-comissao-de-educacao-da-camara;Comissão de Educação da Câmara;br-p-cd-160641;Professora Marcivania;Suplente;2026-03-10;eleito;;;não;https://dadosabertos.camara.leg.br/api/v2/deputados/160641
br-comissao-de-educacao-da-camara;Comissão de Educação da Câmara;br-p-cd-220621;Sargento Gonçalves;Suplente;2026-03-10;eleito;;;não;https://dadosabertos.camara.leg.br/api/v2/deputados/220621
br-comissao-de-educacao-da-camara;Comissão de Educação da Câmara;br-p-cd-74270;Gilberto Nascimento;Suplente;2026-03-10;eleito;;;não;https://dadosabertos.camara.leg.br/api/v2/deputados/74270
br-comissao-de-educacao-da-camara;Comissão de Educação da Câmara;br-p-cd-204535;Sâmia Bomfim;Suplente;2026-03-10;eleito;;;não;https://dadosabertos.camara.leg.br/api/v2/deputados/204535
br-comissao-de-educacao-da-camara;Comissão de Educação da Câmara;br-p-cd-160604;Pedro Uczai;Suplente;2026-03-10;eleito;;;não;https://dadosabertos.camara.leg.br/api/v2/deputados/160604
br-comissao-de-educacao-da-camara;Comissão de Educação da Câmara;br-p-cd-157130;Túlio Gadêlha;Suplente;2026-03-10;eleito;;;não;https://dadosabertos.camara.leg.br/api/v2/deputados/157130
br-comissao-de-educacao-da-camara;Comissão de Educação da Câmara;br-p-cd-74554;José Rocha;Suplente;2026-03-10;eleito;;;não;https://dadosabertos.camara.leg.br/api/v2/deputados/74554
br-comissao-de-educacao-da-camara;Comissão de Educação da Câmara;br-p-cd-160601;Pr. Marco Feliciano;Suplente;2026-03-10;eleito;;;não;https://dadosabertos.camara.leg.br/api/v2/deputados/160601
br-comissao-de-educacao-da-camara;Comissão de Educação da Câmara;br-p-cd-74090;Átila Lins;Suplente;2026-03-10;eleito;;;não;https://dadosabertos.camara.leg.br/api/v2/deputados/74090
br-comissao-de-educacao-da-camara;Comissão de Educação da Câmara;br-p-cd-204557;Sidney Leite;Suplente;2026-03-10;eleito;;;não;https://dadosabertos.camara.leg.br/api/v2/deputados/204557
br-comissao-de-educacao-da-camara;Comissão de Educação da Câmara;br-p-cd-204549;AJ Albuquerque;Suplente;2026-03-10;eleito;;;não;https://dadosabertos.camara.leg.br/api/v2/deputados/204549
br-comissao-de-educacao-da-camara;Comissão de Educação da Câmara;br-p-cd-220623;Duda Salabert;Suplente;2026-03-10;eleito;;;não;https://dadosabertos.camara.leg.br/api/v2/deputados/220623
br-comissao-de-educacao-da-camara;Comissão de Educação da Câmara;br-p-cd-123086;Átila Lira;Suplente;2026-03-10;eleito;;;não;https://dadosabertos.camara.leg.br/api/v2/deputados/123086
br-comissao-de-educacao-da-camara;Comissão de Educação da Câmara;br-p-cd-209787;Nikolas Ferreira;Suplente;2026-03-10;eleito;;;não;https://dadosabertos.camara.leg.br/api/v2/deputados/209787
br-comissao-de-educacao-da-camara;Comissão de Educação da Câmara;br-p-cd-204372;Julio Cesar Ribeiro;Suplente;2026-03-10;eleito;;;não;https://dadosabertos.camara.leg.br/api/v2/deputados/204372
br-comissao-de-educacao-da-camara;Comissão de Educação da Câmara;br-p-cd-74398;Maria do Rosário;Suplente;2026-03-10;eleito;;;não;https://dadosabertos.camara.leg.br/api/v2/deputados/74398
br-comissao-de-educacao-da-camara;Comissão de Educação da Câmara;br-p-cd-74160;Patrus Ananias;Suplente;2026-03-10;eleito;;;não;https://dadosabertos.camara.leg.br/api/v2/deputados/74160
br-comissao-de-educacao-da-camara;Comissão de Educação da Câmara;br-p-cd-204480;Rogério Correia;Suplente;2026-03-10;eleito;;;não;https://dadosabertos.camara.leg.br/api/v2/deputados/204480
br-comissao-de-educacao-da-camara;Comissão de Educação da Câmara;br-p-cd-204572;Capitão Alberto Neto;Suplente;2026-03-10;eleito;;;não;https://dadosabertos.camara.leg.br/api/v2/deputados/204572
br-comissao-de-educacao-da-camara;Comissão de Educação da Câmara;br-p-cd-220670;Iza Arruda;Suplente;2026-03-10;eleito;;;não;https://dadosabertos.camara.leg.br/api/v2/deputados/220670
br-comissao-de-educacao-da-camara;Comissão de Educação da Câmara;br-p-cd-191923;Flávio Nogueira;Suplente;2026-03-10;eleito;;;não;https://dadosabertos.camara.leg.br/api/v2/deputados/191923
br-comissao-de-educacao-da-camara;Comissão de Educação da Câmara;br-p-cd-74161;Reginaldo Lopes;Suplente;2026-03-10;eleito;;;não;https://dadosabertos.camara.leg.br/api/v2/deputados/74161
br-comissao-de-educacao-da-camara;Comissão de Educação da Câmara;br-p-cd-204462;Chris Tonietto;Suplente;2026-03-10;eleito;;;não;https://dadosabertos.camara.leg.br/api/v2/deputados/204462
br-comissao-de-educacao-da-camara;Comissão de Educação da Câmara;br-p-cd-139285;Lídice da Mata;Suplente;2026-03-10;eleito;;;não;https://dadosabertos.camara.leg.br/api/v2/deputados/139285
br-comissao-de-educacao-da-camara;Comissão de Educação da Câmara;br-p-cd-204360;Silvia Cristina;Suplente;2026-03-10;eleito;;;não;https://dadosabertos.camara.leg.br/api/v2/deputados/204360
br-comissao-de-educacao-da-camara;Comissão de Educação da Câmara;br-p-cd-204391;José Nelto;Suplente;2026-03-11;eleito;;;não;https://dadosabertos.camara.leg.br/api/v2/deputados/204391
br-comissao-de-educacao-da-camara;Comissão de Educação da Câmara;br-p-cd-204528;Adriana Ventura;Suplente;2026-03-17;eleito;;;não;https://dadosabertos.camara.leg.br/api/v2/deputados/204528
br-comissao-de-educacao-da-camara;Comissão de Educação da Câmara;br-p-cd-204485;Luiz Carlos Motta;Suplente;2026-03-17;eleito;;;não;https://dadosabertos.camara.leg.br/api/v2/deputados/204485
br-comissao-de-educacao-da-camara;Comissão de Educação da Câmara;br-p-cd-204455;Luiz Lima;Suplente;2026-03-18;eleito;;;não;https://dadosabertos.camara.leg.br/api/v2/deputados/204455
br-comissao-de-educacao-da-camara;Comissão de Educação da Câmara;br-p-cd-220622;Nely Aquino;Suplente;2026-03-19;eleito;;;não;https://dadosabertos.camara.leg.br/api/v2/deputados/220622
br-comissao-de-educacao-da-camara;Comissão de Educação da Câmara;br-p-cd-220682;Tadeu Veneri;Suplente;2026-04-22;eleito;;;não;https://dadosabertos.camara.leg.br/api/v2/deputados/220682
br-comissao-de-educacao-da-camara;Comissão de Educação da Câmara;br-p-cd-220560;Thiago de Joaldo;Suplente;2026-04-22;eleito;;;não;https://dadosabertos.camara.leg.br/api/v2/deputados/220560
br-comissao-de-educacao-da-camara;Comissão de Educação da Câmara;br-p-cd-220606;Reimont;Suplente;2026-04-23;eleito;;;não;https://dadosabertos.camara.leg.br/api/v2/deputados/220606
br-comissao-de-educacao-da-camara;Comissão de Educação da Câmara;br-p-cd-74428;Mendonça Filho;Suplente;2026-04-23;eleito;;;não;https://dadosabertos.camara.leg.br/api/v2/deputados/74428
br-comissao-de-educacao-da-camara;Comissão de Educação da Câmara;br-p-cd-204464;Talíria Petrone;Suplente;2026-04-28;eleito;;;não;https://dadosabertos.camara.leg.br/api/v2/deputados/204464
br-comissao-de-educacao-da-camara;Comissão de Educação da Câmara;br-p-cd-220574;Cabo Gilberto Silva;Suplente;2026-05-27;eleito;;;não;https://dadosabertos.camara.leg.br/api/v2/deputados/220574
br-comissao-de-educacao-da-camara;Comissão de Educação da Câmara;br-p-cd-198197;Greyce Elias;Suplente;2026-05-27;eleito;;;não;https://dadosabertos.camara.leg.br/api/v2/deputados/198197
br-comissao-de-educacao-da-camara;Comissão de Educação da Câmara;br-p-cd-226075;Priscila Costa;Suplente;2026-08-12;eleito;;;não;https://dadosabertos.camara.leg.br/api/v2/deputados/226075
br-comissao-do-esporte-da-camara;Comissão do Esporte da Câmara;br-p-cd-226837;Saulo Pedroso;Presidente;2026-02-04;eleito;;;não;https://dadosabertos.camara.leg.br/api/v2/deputados/226837
br-comissao-do-esporte-da-camara;Comissão do Esporte da Câmara;br-p-cd-220661;Matheus Noronha;Titular;2026-02-03;eleito;;;não;https://dadosabertos.camara.leg.br/api/v2/deputados/220661
br-comissao-do-esporte-da-camara;Comissão do Esporte da Câmara;br-p-cd-160552;Danrlei de Deus Hinterholz;Titular;2026-02-03;eleito;;;não;https://dadosabertos.camara.leg.br/api/v2/deputados/160552
br-comissao-do-esporte-da-camara;Comissão do Esporte da Câmara;br-p-cd-141450;Hugo Leal;Titular;2026-02-03;eleito;;;não;https://dadosabertos.camara.leg.br/api/v2/deputados/141450
br-comissao-do-esporte-da-camara;Comissão do Esporte da Câmara;br-p-cd-133439;André Figueiredo;Titular;2026-02-03;eleito;;;não;https://dadosabertos.camara.leg.br/api/v2/deputados/133439
br-comissao-do-esporte-da-camara;Comissão do Esporte da Câmara;br-p-cd-204351;Dr. Luiz Ovando;Titular;2026-02-03;eleito;;;não;https://dadosabertos.camara.leg.br/api/v2/deputados/204351
br-comissao-do-esporte-da-camara;Comissão do Esporte da Câmara;br-p-cd-204455;Luiz Lima;Titular;2026-02-03;eleito;;;não;https://dadosabertos.camara.leg.br/api/v2/deputados/204455
br-comissao-do-esporte-da-camara;Comissão do Esporte da Câmara;br-p-cd-204372;Julio Cesar Ribeiro;Titular;2026-02-03;eleito;;;não;https://dadosabertos.camara.leg.br/api/v2/deputados/204372
br-comissao-do-esporte-da-camara;Comissão do Esporte da Câmara;br-p-cd-73801;Renildo Calheiros;Titular;2026-02-03;eleito;;;não;https://dadosabertos.camara.leg.br/api/v2/deputados/73801
br-comissao-do-esporte-da-camara;Comissão do Esporte da Câmara;br-p-cd-74856;Laura Carneiro;Titular;2026-02-03;eleito;;;não;https://dadosabertos.camara.leg.br/api/v2/deputados/74856
br-comissao-do-esporte-da-camara;Comissão do Esporte da Câmara;br-p-cd-92102;Leur Lomanto Júnior;Titular;2026-02-03;eleito;;;não;https://dadosabertos.camara.leg.br/api/v2/deputados/92102
br-comissao-do-esporte-da-camara;Comissão do Esporte da Câmara;br-p-cd-204409;Daniel Trzeciak;Titular;2026-02-03;eleito;;;não;https://dadosabertos.camara.leg.br/api/v2/deputados/204409
br-comissao-do-esporte-da-camara;Comissão do Esporte da Câmara;br-p-cd-220605;Bandeira de Mello;Titular;2026-02-03;eleito;;;não;https://dadosabertos.camara.leg.br/api/v2/deputados/220605
br-comissao-do-esporte-da-camara;Comissão do Esporte da Câmara;br-p-cd-220693;Roberta Roma;Titular;2026-02-03;eleito;;;não;https://dadosabertos.camara.leg.br/api/v2/deputados/220693
br-comissao-do-esporte-da-camara;Comissão do Esporte da Câmara;br-p-cd-160545;Alexandre Leite;Titular;2026-03-18;eleito;;;não;https://dadosabertos.camara.leg.br/api/v2/deputados/160545
br-comissao-do-esporte-da-camara;Comissão do Esporte da Câmara;br-p-cd-220622;Nely Aquino;Titular;2026-03-19;eleito;;;não;https://dadosabertos.camara.leg.br/api/v2/deputados/220622
br-comissao-do-esporte-da-camara;Comissão do Esporte da Câmara;br-p-cd-178882;André Fufuca;Titular;2026-04-22;eleito;;;não;https://dadosabertos.camara.leg.br/api/v2/deputados/178882
br-comissao-do-esporte-da-camara;Comissão do Esporte da Câmara;br-p-cd-178829;Capitão Augusto;Titular;2026-04-22;eleito;;;não;https://dadosabertos.camara.leg.br/api/v2/deputados/178829
br-comissao-do-esporte-da-camara;Comissão do Esporte da Câmara;br-p-cd-74478;Luciano Bivar;Titular;2026-04-22;eleito;;;não;https://dadosabertos.camara.leg.br/api/v2/deputados/74478
br-comissao-do-esporte-da-camara;Comissão do Esporte da Câmara;br-p-cd-236375;Marcos Braz;Titular;2026-06-02;eleito;;;não;https://dadosabertos.camara.leg.br/api/v2/deputados/236375
br-comissao-do-esporte-da-camara;Comissão do Esporte da Câmara;br-p-cd-220628;Mauricio do Vôlei;Suplente;2026-02-03;eleito;;;não;https://dadosabertos.camara.leg.br/api/v2/deputados/220628
br-comissao-do-esporte-da-camara;Comissão do Esporte da Câmara;br-p-cd-204367;Daniel Freitas;Suplente;2026-02-03;eleito;;;não;https://dadosabertos.camara.leg.br/api/v2/deputados/204367
br-comissao-do-esporte-da-camara;Comissão do Esporte da Câmara;br-p-cd-136811;Afonso Hamm;Suplente;2026-02-03;eleito;;;não;https://dadosabertos.camara.leg.br/api/v2/deputados/136811
br-comissao-do-esporte-da-camara;Comissão do Esporte da Câmara;br-p-cd-160598;Flávia Morais;Suplente;2026-02-03;eleito;;;não;https://dadosabertos.camara.leg.br/api/v2/deputados/160598
br-comissao-do-esporte-da-camara;Comissão do Esporte da Câmara;br-p-cd-220583;Delegado Fabio Costa;Suplente;2026-02-03;eleito;;;não;https://dadosabertos.camara.leg.br/api/v2/deputados/220583
br-comissao-do-esporte-da-camara;Comissão do Esporte da Câmara;br-p-cd-204410;Luisa Canziani;Suplente;2026-02-03;eleito;;;não;https://dadosabertos.camara.leg.br/api/v2/deputados/204410
br-comissao-do-esporte-da-camara;Comissão do Esporte da Câmara;br-p-cd-220604;Marcos Tavares;Suplente;2026-02-03;eleito;;;não;https://dadosabertos.camara.leg.br/api/v2/deputados/220604
br-comissao-do-esporte-da-camara;Comissão do Esporte da Câmara;br-p-cd-204495;Airton Faleiro;Suplente;2026-02-04;eleito;;;não;https://dadosabertos.camara.leg.br/api/v2/deputados/204495
br-comissao-do-esporte-da-camara;Comissão do Esporte da Câmara;br-p-cd-220670;Iza Arruda;Suplente;2026-02-04;eleito;;;não;https://dadosabertos.camara.leg.br/api/v2/deputados/220670
br-comissao-do-esporte-da-camara;Comissão do Esporte da Câmara;br-p-cd-171623;Fabio Reis;Suplente;2026-02-04;eleito;;;não;https://dadosabertos.camara.leg.br/api/v2/deputados/171623
br-comissao-do-esporte-da-camara;Comissão do Esporte da Câmara;br-p-cd-220590;Coronel Ulysses;Suplente;2026-03-11;eleito;;;não;https://dadosabertos.camara.leg.br/api/v2/deputados/220590
br-comissao-do-esporte-da-camara;Comissão do Esporte da Câmara;br-p-cd-204479;Nicoletti;Suplente;2026-03-11;eleito;;;não;https://dadosabertos.camara.leg.br/api/v2/deputados/204479
br-comissao-do-esporte-da-camara;Comissão do Esporte da Câmara;br-p-cd-204457;Juninho do Pneu;Suplente;2026-04-17;eleito;;;não;https://dadosabertos.camara.leg.br/api/v2/deputados/204457
br-comissao-do-esporte-da-camara;Comissão do Esporte da Câmara;br-p-cd-220537;Helena Lima;Suplente;2026-04-17;eleito;;;não;https://dadosabertos.camara.leg.br/api/v2/deputados/220537
br-comissao-do-esporte-da-camara;Comissão do Esporte da Câmara;br-p-cd-220649;Delegado da Cunha;Suplente;2026-04-22;eleito;;;não;https://dadosabertos.camara.leg.br/api/v2/deputados/220649
br-comissao-do-esporte-da-camara;Comissão do Esporte da Câmara;br-p-cd-204358;Beto Pereira;Suplente;2026-04-22;eleito;;;não;https://dadosabertos.camara.leg.br/api/v2/deputados/204358
br-comissao-do-esporte-da-camara;Comissão do Esporte da Câmara;br-p-cd-220539;Defensor Stélio Dener;Suplente;2026-04-24;eleito;;;não;https://dadosabertos.camara.leg.br/api/v2/deputados/220539
br-comissao-do-esporte-da-camara;Comissão do Esporte da Câmara;br-p-cd-178929;Diego Garcia;Suplente;2026-04-30;eleito;;;não;https://dadosabertos.camara.leg.br/api/v2/deputados/178929
br-comissao-do-esporte-da-camara;Comissão do Esporte da Câmara;br-p-cd-220574;Cabo Gilberto Silva;Suplente;2026-05-26;eleito;;;não;https://dadosabertos.camara.leg.br/api/v2/deputados/220574
br-comissao-de-fiscalizacao-financeira-e-controle-da-camara;Comissão de Fiscalização Financeira e Controle da Câmara;br-p-cd-220554;Alexandre Lindenmeyer;Presidente;2026-02-11;eleito;;;não;https://dadosabertos.camara.leg.br/api/v2/deputados/220554
br-comissao-de-fiscalizacao-financeira-e-controle-da-camara;Comissão de Fiscalização Financeira e Controle da Câmara;br-p-cd-220602;Dimas Gadelha;1º Vice-Presidente;2026-02-11;eleito;;;não;https://dadosabertos.camara.leg.br/api/v2/deputados/220602
br-comissao-de-fiscalizacao-financeira-e-controle-da-camara;Comissão de Fiscalização Financeira e Controle da Câmara;br-p-cd-98057;Lafayette de Andrada;Titular;2026-02-10;eleito;;;não;https://dadosabertos.camara.leg.br/api/v2/deputados/98057
br-comissao-de-fiscalizacao-financeira-e-controle-da-camara;Comissão de Fiscalização Financeira e Controle da Câmara;br-p-cd-204408;Gustinho Ribeiro;Titular;2026-02-10;eleito;;;não;https://dadosabertos.camara.leg.br/api/v2/deputados/204408
br-comissao-de-fiscalizacao-financeira-e-controle-da-camara;Comissão de Fiscalização Financeira e Controle da Câmara;br-p-cd-204520;Junio Amaral;Titular;2026-02-10;eleito;;;não;https://dadosabertos.camara.leg.br/api/v2/deputados/204520
br-comissao-de-fiscalizacao-financeira-e-controle-da-camara;Comissão de Fiscalização Financeira e Controle da Câmara;br-p-cd-204409;Daniel Trzeciak;Titular;2026-02-10;eleito;;;não;https://dadosabertos.camara.leg.br/api/v2/deputados/204409
br-comissao-de-fiscalizacao-financeira-e-controle-da-camara;Comissão de Fiscalização Financeira e Controle da Câmara;br-p-cd-141456;Jilmar Tatto;Titular;2026-02-10;eleito;;;não;https://dadosabertos.camara.leg.br/api/v2/deputados/141456
br-comissao-de-fiscalizacao-financeira-e-controle-da-camara;Comissão de Fiscalização Financeira e Controle da Câmara;br-p-cd-74400;Paulo Pimenta;Titular;2026-02-10;eleito;;;não;https://dadosabertos.camara.leg.br/api/v2/deputados/74400
br-comissao-de-fiscalizacao-financeira-e-controle-da-camara;Comissão de Fiscalização Financeira e Controle da Câmara;br-p-cd-220638;Antonio Carlos Rodrigues;Titular;2026-02-24;eleito;;;não;https://dadosabertos.camara.leg.br/api/v2/deputados/220638
br-comissao-de-fiscalizacao-financeira-e-controle-da-camara;Comissão de Fiscalização Financeira e Controle da Câmara;br-p-cd-74043;Wellington Roberto;Titular;2026-02-24;eleito;;;não;https://dadosabertos.camara.leg.br/api/v2/deputados/74043
br-comissao-de-fiscalizacao-financeira-e-controle-da-camara;Comissão de Fiscalização Financeira e Controle da Câmara;br-p-cd-220667;Pedro Campos;Titular;2026-02-25;eleito;;;não;https://dadosabertos.camara.leg.br/api/v2/deputados/220667
br-comissao-de-fiscalizacao-financeira-e-controle-da-camara;Comissão de Fiscalização Financeira e Controle da Câmara;br-p-cd-220682;Tadeu Veneri;Titular;2026-02-26;eleito;;;não;https://dadosabertos.camara.leg.br/api/v2/deputados/220682
br-comissao-de-fiscalizacao-financeira-e-controle-da-camara;Comissão de Fiscalização Financeira e Controle da Câmara;br-p-cd-220614;Dr. Daniel Soranz;Titular;2026-04-17;eleito;;;não;https://dadosabertos.camara.leg.br/api/v2/deputados/220614
br-comissao-de-fiscalizacao-financeira-e-controle-da-camara;Comissão de Fiscalização Financeira e Controle da Câmara;br-p-cd-81055;Márcio Jerry;Titular;2026-04-28;eleito;;;não;https://dadosabertos.camara.leg.br/api/v2/deputados/81055
br-comissao-de-fiscalizacao-financeira-e-controle-da-camara;Comissão de Fiscalização Financeira e Controle da Câmara;br-p-cd-122974;Pedro Lucas Fernandes;Titular;2026-06-08;eleito;;;não;https://dadosabertos.camara.leg.br/api/v2/deputados/122974
br-comissao-de-fiscalizacao-financeira-e-controle-da-camara;Comissão de Fiscalização Financeira e Controle da Câmara;br-p-cd-160510;Luis Tibé;Titular;2026-08-11;eleito;;;não;https://dadosabertos.camara.leg.br/api/v2/deputados/160510
br-comissao-de-fiscalizacao-financeira-e-controle-da-camara;Comissão de Fiscalização Financeira e Controle da Câmara;br-p-cd-204374;Bia Kicis;Suplente;2026-02-10;eleito;;;não;https://dadosabertos.camara.leg.br/api/v2/deputados/204374
br-comissao-de-fiscalizacao-financeira-e-controle-da-camara;Comissão de Fiscalização Financeira e Controle da Câmara;br-p-cd-220658;Luiz Gastão;Suplente;2026-02-10;eleito;;;não;https://dadosabertos.camara.leg.br/api/v2/deputados/220658
br-comissao-de-fiscalizacao-financeira-e-controle-da-camara;Comissão de Fiscalização Financeira e Controle da Câmara;br-p-cd-160512;Aureo Ribeiro;Suplente;2026-02-10;eleito;;;não;https://dadosabertos.camara.leg.br/api/v2/deputados/160512
br-comissao-de-fiscalizacao-financeira-e-controle-da-camara;Comissão de Fiscalização Financeira e Controle da Câmara;br-p-cd-178881;Aluisio Mendes;Suplente;2026-02-10;eleito;;;não;https://dadosabertos.camara.leg.br/api/v2/deputados/178881
br-comissao-de-fiscalizacao-financeira-e-controle-da-camara;Comissão de Fiscalização Financeira e Controle da Câmara;br-p-cd-141458;João Carlos Bacelar;Suplente;2026-02-10;eleito;;;não;https://dadosabertos.camara.leg.br/api/v2/deputados/141458
br-comissao-de-fiscalizacao-financeira-e-controle-da-camara;Comissão de Fiscalização Financeira e Controle da Câmara;br-p-cd-204460;Carlos Jordy;Suplente;2026-02-10;eleito;;;não;https://dadosabertos.camara.leg.br/api/v2/deputados/204460
br-comissao-de-fiscalizacao-financeira-e-controle-da-camara;Comissão de Fiscalização Financeira e Controle da Câmara;br-p-cd-178871;Evair Vieira de Melo;Suplente;2026-02-10;eleito;;;não;https://dadosabertos.camara.leg.br/api/v2/deputados/178871
br-comissao-de-fiscalizacao-financeira-e-controle-da-camara;Comissão de Fiscalização Financeira e Controle da Câmara;br-p-cd-220578;Josenildo;Suplente;2026-02-10;eleito;;;não;https://dadosabertos.camara.leg.br/api/v2/deputados/220578
br-comissao-de-fiscalizacao-financeira-e-controle-da-camara;Comissão de Fiscalização Financeira e Controle da Câmara;br-p-cd-178857;Jorge Solla;Suplente;2026-02-10;eleito;;;não;https://dadosabertos.camara.leg.br/api/v2/deputados/178857
br-comissao-de-fiscalizacao-financeira-e-controle-da-camara;Comissão de Fiscalização Financeira e Controle da Câmara;br-p-cd-204528;Adriana Ventura;Suplente;2026-02-10;eleito;;;não;https://dadosabertos.camara.leg.br/api/v2/deputados/204528
br-comissao-de-fiscalizacao-financeira-e-controle-da-camara;Comissão de Fiscalização Financeira e Controle da Câmara;br-p-cd-160556;Padre João;Suplente;2026-02-10;eleito;;;não;https://dadosabertos.camara.leg.br/api/v2/deputados/160556
br-comissao-de-fiscalizacao-financeira-e-controle-da-camara;Comissão de Fiscalização Financeira e Controle da Câmara;br-p-cd-209787;Nikolas Ferreira;Suplente;2026-02-24;eleito;;;não;https://dadosabertos.camara.leg.br/api/v2/deputados/209787
br-comissao-de-fiscalizacao-financeira-e-controle-da-camara;Comissão de Fiscalização Financeira e Controle da Câmara;br-p-cd-220629;Dandara;Suplente;2026-02-25;eleito;;;não;https://dadosabertos.camara.leg.br/api/v2/deputados/220629
br-comissao-de-fiscalizacao-financeira-e-controle-da-camara;Comissão de Fiscalização Financeira e Controle da Câmara;br-p-cd-224333;Welter;Suplente;2026-02-25;eleito;;;não;https://dadosabertos.camara.leg.br/api/v2/deputados/224333
br-comissao-de-fiscalizacao-financeira-e-controle-da-camara;Comissão de Fiscalização Financeira e Controle da Câmara;br-p-cd-66385;Julio Arcoverde;Suplente;2026-04-07;eleito;;;não;https://dadosabertos.camara.leg.br/api/v2/deputados/66385
br-comissao-de-fiscalizacao-financeira-e-controle-da-camara;Comissão de Fiscalização Financeira e Controle da Câmara;br-p-cd-204398;Felipe Francischini;Suplente;2026-05-06;eleito;;;não;https://dadosabertos.camara.leg.br/api/v2/deputados/204398
br-comissao-de-fiscalizacao-financeira-e-controle-da-camara;Comissão de Fiscalização Financeira e Controle da Câmara;br-p-cd-220604;Marcos Tavares;Suplente;2026-05-13;eleito;;;não;https://dadosabertos.camara.leg.br/api/v2/deputados/220604
br-comissao-de-fiscalizacao-financeira-e-controle-da-camara;Comissão de Fiscalização Financeira e Controle da Câmara;br-p-cd-220574;Cabo Gilberto Silva;Suplente;2026-05-27;eleito;;;não;https://dadosabertos.camara.leg.br/api/v2/deputados/220574
br-comissao-de-fiscalizacao-financeira-e-controle-da-camara;Comissão de Fiscalização Financeira e Controle da Câmara;br-p-cd-236375;Marcos Braz;Suplente;2026-06-01;eleito;;;não;https://dadosabertos.camara.leg.br/api/v2/deputados/236375
br-comissao-de-fiscalizacao-financeira-e-controle-da-camara;Comissão de Fiscalização Financeira e Controle da Câmara;br-p-cd-178884;Hildo Rocha;Suplente;2026-09-01;eleito;;;não;https://dadosabertos.camara.leg.br/api/v2/deputados/178884
br-comissao-de-industria-comercio-e-servicos-da-camara;Comissão de Indústria, Comércio e Serviços da Câmara;br-p-cd-160161;Marcelo Queiroz;Presidente;2026-04-14;eleito;;;não;https://dadosabertos.camara.leg.br/api/v2/deputados/160161
br-comissao-de-industria-comercio-e-servicos-da-camara;Comissão de Indústria, Comércio e Serviços da Câmara;br-p-cd-220683;Beto Richa;1º Vice-Presidente;2026-04-14;eleito;;;não;https://dadosabertos.camara.leg.br/api/v2/deputados/220683
br-comissao-de-industria-comercio-e-servicos-da-camara;Comissão de Indústria, Comércio e Serviços da Câmara;br-p-cd-220578;Josenildo;3º Vice-Presidente;2026-04-14;eleito;;;não;https://dadosabertos.camara.leg.br/api/v2/deputados/220578
br-comissao-de-industria-comercio-e-servicos-da-camara;Comissão de Indústria, Comércio e Serviços da Câmara;br-p-cd-204541;Eduardo Bismarck;2º Vice-Presidente;2026-05-19;eleito;;;não;https://dadosabertos.camara.leg.br/api/v2/deputados/204541
br-comissao-de-industria-comercio-e-servicos-da-camara;Comissão de Indústria, Comércio e Serviços da Câmara;br-p-cd-220641;Rodrigo Gambale;Titular;2026-04-14;eleito;;;não;https://dadosabertos.camara.leg.br/api/v2/deputados/220641
br-comissao-de-industria-comercio-e-servicos-da-camara;Comissão de Indústria, Comércio e Serviços da Câmara;br-p-cd-220549;Any Ortiz;Titular;2026-04-14;eleito;;;não;https://dadosabertos.camara.leg.br/api/v2/deputados/220549
br-comissao-de-industria-comercio-e-servicos-da-camara;Comissão de Indústria, Comércio e Serviços da Câmara;br-p-cd-220696;Ivoneide Caetano;Titular;2026-04-14;eleito;;;não;https://dadosabertos.camara.leg.br/api/v2/deputados/220696
br-comissao-de-industria-comercio-e-servicos-da-camara;Comissão de Indústria, Comércio e Serviços da Câmara;br-p-cd-160665;Augusto Coutinho;Titular;2026-04-14;eleito;;;não;https://dadosabertos.camara.leg.br/api/v2/deputados/160665
br-comissao-de-industria-comercio-e-servicos-da-camara;Comissão de Indústria, Comércio e Serviços da Câmara;br-p-cd-178927;Aliel Machado;Titular;2026-04-14;eleito;;;não;https://dadosabertos.camara.leg.br/api/v2/deputados/178927
br-comissao-de-industria-comercio-e-servicos-da-camara;Comissão de Indústria, Comércio e Serviços da Câmara;br-p-cd-214694;Jorge Goetten;Titular;2026-04-14;eleito;;;não;https://dadosabertos.camara.leg.br/api/v2/deputados/214694
br-comissao-de-industria-comercio-e-servicos-da-camara;Comissão de Indústria, Comércio e Serviços da Câmara;br-p-cd-220662;Lucas Ramos;Titular;2026-04-14;eleito;;;não;https://dadosabertos.camara.leg.br/api/v2/deputados/220662
br-comissao-de-industria-comercio-e-servicos-da-camara;Comissão de Indústria, Comércio e Serviços da Câmara;br-p-cd-220699;Castro Neto;Titular;2026-05-20;eleito;;;não;https://dadosabertos.camara.leg.br/api/v2/deputados/220699
br-comissao-de-industria-comercio-e-servicos-da-camara;Comissão de Indústria, Comércio e Serviços da Câmara;br-p-cd-133810;Marcelo Moraes;Suplente;2026-04-14;eleito;;;não;https://dadosabertos.camara.leg.br/api/v2/deputados/133810
br-comissao-de-industria-comercio-e-servicos-da-camara;Comissão de Indústria, Comércio e Serviços da Câmara;br-p-cd-220532;Rafael Prudente;Suplente;2026-04-14;eleito;;;não;https://dadosabertos.camara.leg.br/api/v2/deputados/220532
br-comissao-de-industria-comercio-e-servicos-da-camara;Comissão de Indústria, Comércio e Serviços da Câmara;br-p-cd-204528;Adriana Ventura;Suplente;2026-04-14;eleito;;;não;https://dadosabertos.camara.leg.br/api/v2/deputados/204528
br-comissao-de-industria-comercio-e-servicos-da-camara;Comissão de Indústria, Comércio e Serviços da Câmara;br-p-cd-220540;Duda Ramos;Suplente;2026-04-14;eleito;;;não;https://dadosabertos.camara.leg.br/api/v2/deputados/220540
br-comissao-de-industria-comercio-e-servicos-da-camara;Comissão de Indústria, Comércio e Serviços da Câmara;br-p-cd-220527;Jack Rocha;Suplente;2026-04-14;eleito;;;não;https://dadosabertos.camara.leg.br/api/v2/deputados/220527
br-comissao-de-industria-comercio-e-servicos-da-camara;Comissão de Indústria, Comércio e Serviços da Câmara;br-p-cd-230768;Zé Adriano;Suplente;2026-04-14;eleito;;;não;https://dadosabertos.camara.leg.br/api/v2/deputados/230768
br-comissao-de-industria-comercio-e-servicos-da-camara;Comissão de Indústria, Comércio e Serviços da Câmara;br-p-cd-74253;Julio Lopes;Suplente;2026-04-14;eleito;;;não;https://dadosabertos.camara.leg.br/api/v2/deputados/74253
br-comissao-de-industria-comercio-e-servicos-da-camara;Comissão de Indústria, Comércio e Serviços da Câmara;br-p-cd-162332;Luiz Nishimori;Suplente;2026-04-14;eleito;;;não;https://dadosabertos.camara.leg.br/api/v2/deputados/162332
br-comissao-de-industria-comercio-e-servicos-da-camara;Comissão de Indústria, Comércio e Serviços da Câmara;br-p-cd-220647;Mauricio Neves;Suplente;2026-04-14;eleito;;;não;https://dadosabertos.camara.leg.br/api/v2/deputados/220647
br-comissao-de-industria-comercio-e-servicos-da-camara;Comissão de Indústria, Comércio e Serviços da Câmara;br-p-cd-220554;Alexandre Lindenmeyer;Suplente;2026-04-14;eleito;;;não;https://dadosabertos.camara.leg.br/api/v2/deputados/220554
br-comissao-de-industria-comercio-e-servicos-da-camara;Comissão de Indústria, Comércio e Serviços da Câmara;br-p-cd-220571;Daniel Agrobom;Suplente;2026-04-14;eleito;;;não;https://dadosabertos.camara.leg.br/api/v2/deputados/220571
br-comissao-de-industria-comercio-e-servicos-da-camara;Comissão de Indústria, Comércio e Serviços da Câmara;br-p-cd-204390;Professor Alcides;Suplente;2026-04-17;eleito;;;não;https://dadosabertos.camara.leg.br/api/v2/deputados/204390
br-comissao-de-industria-comercio-e-servicos-da-camara;Comissão de Indústria, Comércio e Serviços da Câmara;br-p-cd-178964;Heitor Schuch;Suplente;2026-04-22;eleito;;;não;https://dadosabertos.camara.leg.br/api/v2/deputados/178964
br-comissao-de-industria-comercio-e-servicos-da-camara;Comissão de Indústria, Comércio e Serviços da Câmara;br-p-cd-220574;Cabo Gilberto Silva;Suplente;2026-05-26;eleito;;;não;https://dadosabertos.camara.leg.br/api/v2/deputados/220574
br-comissao-de-industria-comercio-e-servicos-da-camara;Comissão de Indústria, Comércio e Serviços da Câmara;br-p-cd-178963;Covatti Filho;Suplente;2026-08-10;eleito;;;não;https://dadosabertos.camara.leg.br/api/v2/deputados/178963
br-comissao-de-defesa-dos-direitos-da-pessoa-idosa-da-camara;Comissão de Defesa dos Direitos da Pessoa Idosa da Câmara;br-p-cd-160518;Weliton Prado;Presidente;2026-02-10;eleito;;;não;https://dadosabertos.camara.leg.br/api/v2/deputados/160518
br-comissao-de-defesa-dos-direitos-da-pessoa-idosa-da-camara;Comissão de Defesa dos Direitos da Pessoa Idosa da Câmara;br-p-cd-178829;Capitão Augusto;Titular;2026-02-10;eleito;;;não;https://dadosabertos.camara.leg.br/api/v2/deputados/178829
br-comissao-de-defesa-dos-direitos-da-pessoa-idosa-da-camara;Comissão de Defesa dos Direitos da Pessoa Idosa da Câmara;br-p-cd-220663;Eriberto Medeiros;Titular;2026-02-10;eleito;;;não;https://dadosabertos.camara.leg.br/api/v2/deputados/220663
br-comissao-de-defesa-dos-direitos-da-pessoa-idosa-da-camara;Comissão de Defesa dos Direitos da Pessoa Idosa da Câmara;br-p-cd-74374;Geraldo Resende;Titular;2026-02-10;eleito;;;não;https://dadosabertos.camara.leg.br/api/v2/deputados/74374
br-comissao-de-defesa-dos-direitos-da-pessoa-idosa-da-camara;Comissão de Defesa dos Direitos da Pessoa Idosa da Câmara;br-p-cd-178985;Miguel Lombardi;Titular;2026-02-10;eleito;;;não;https://dadosabertos.camara.leg.br/api/v2/deputados/178985
br-comissao-de-defesa-dos-direitos-da-pessoa-idosa-da-camara;Comissão de Defesa dos Direitos da Pessoa Idosa da Câmara;br-p-cd-74041;Luiz Couto;Titular;2026-02-10;eleito;;;não;https://dadosabertos.camara.leg.br/api/v2/deputados/74041
br-comissao-de-defesa-dos-direitos-da-pessoa-idosa-da-camara;Comissão de Defesa dos Direitos da Pessoa Idosa da Câmara;br-p-cd-220554;Alexandre Lindenmeyer;Titular;2026-02-10;eleito;;;não;https://dadosabertos.camara.leg.br/api/v2/deputados/220554
br-comissao-de-defesa-dos-direitos-da-pessoa-idosa-da-camara;Comissão de Defesa dos Direitos da Pessoa Idosa da Câmara;br-p-cd-220604;Marcos Tavares;Titular;2026-02-10;eleito;;;não;https://dadosabertos.camara.leg.br/api/v2/deputados/220604
br-comissao-de-defesa-dos-direitos-da-pessoa-idosa-da-camara;Comissão de Defesa dos Direitos da Pessoa Idosa da Câmara;br-p-cd-220606;Reimont;Titular;2026-02-10;eleito;;;não;https://dadosabertos.camara.leg.br/api/v2/deputados/220606
br-comissao-de-defesa-dos-direitos-da-pessoa-idosa-da-camara;Comissão de Defesa dos Direitos da Pessoa Idosa da Câmara;br-p-cd-160512;Aureo Ribeiro;Titular;2026-02-10;eleito;;;não;https://dadosabertos.camara.leg.br/api/v2/deputados/160512
br-comissao-de-defesa-dos-direitos-da-pessoa-idosa-da-camara;Comissão de Defesa dos Direitos da Pessoa Idosa da Câmara;br-p-cd-204459;Daniela do Waguinho;Titular;2026-04-07;eleito;;;não;https://dadosabertos.camara.leg.br/api/v2/deputados/204459
br-comissao-de-defesa-dos-direitos-da-pessoa-idosa-da-camara;Comissão de Defesa dos Direitos da Pessoa Idosa da Câmara;br-p-cd-178832;Leandre;Titular;2026-04-17;eleito;;;não;https://dadosabertos.camara.leg.br/api/v2/deputados/178832
br-comissao-de-defesa-dos-direitos-da-pessoa-idosa-da-camara;Comissão de Defesa dos Direitos da Pessoa Idosa da Câmara;br-p-cd-220699;Castro Neto;Titular;2026-04-22;eleito;;;não;https://dadosabertos.camara.leg.br/api/v2/deputados/220699
br-comissao-de-defesa-dos-direitos-da-pessoa-idosa-da-camara;Comissão de Defesa dos Direitos da Pessoa Idosa da Câmara;br-p-cd-235800;Jorge Araújo;Titular;2026-04-29;eleito;;;não;https://dadosabertos.camara.leg.br/api/v2/deputados/235800
br-comissao-de-defesa-dos-direitos-da-pessoa-idosa-da-camara;Comissão de Defesa dos Direitos da Pessoa Idosa da Câmara;br-p-cd-220540;Duda Ramos;Titular;2026-05-05;eleito;;;não;https://dadosabertos.camara.leg.br/api/v2/deputados/220540
br-comissao-de-defesa-dos-direitos-da-pessoa-idosa-da-camara;Comissão de Defesa dos Direitos da Pessoa Idosa da Câmara;br-p-cd-220571;Daniel Agrobom;Titular;2026-05-13;eleito;;;não;https://dadosabertos.camara.leg.br/api/v2/deputados/220571
br-comissao-de-defesa-dos-direitos-da-pessoa-idosa-da-camara;Comissão de Defesa dos Direitos da Pessoa Idosa da Câmara;br-p-cd-225846;Itamar Paim;Titular;2026-06-17;eleito;;;não;https://dadosabertos.camara.leg.br/api/v2/deputados/225846
br-comissao-de-defesa-dos-direitos-da-pessoa-idosa-da-camara;Comissão de Defesa dos Direitos da Pessoa Idosa da Câmara;br-p-cd-178966;Geovania de Sá;Titular;2026-09-10;eleito;;;não;https://dadosabertos.camara.leg.br/api/v2/deputados/178966
br-comissao-de-defesa-dos-direitos-da-pessoa-idosa-da-camara;Comissão de Defesa dos Direitos da Pessoa Idosa da Câmara;br-p-cd-204449;Nelson Barbudo;Suplente;2026-02-10;eleito;;;não;https://dadosabertos.camara.leg.br/api/v2/deputados/204449
br-comissao-de-defesa-dos-direitos-da-pessoa-idosa-da-camara;Comissão de Defesa dos Direitos da Pessoa Idosa da Câmara;br-p-cd-160598;Flávia Morais;Suplente;2026-02-10;eleito;;;não;https://dadosabertos.camara.leg.br/api/v2/deputados/160598
br-comissao-de-defesa-dos-direitos-da-pessoa-idosa-da-camara;Comissão de Defesa dos Direitos da Pessoa Idosa da Câmara;br-p-cd-74371;Rubens Otoni;Suplente;2026-02-10;eleito;;;não;https://dadosabertos.camara.leg.br/api/v2/deputados/74371
br-comissao-de-defesa-dos-direitos-da-pessoa-idosa-da-camara;Comissão de Defesa dos Direitos da Pessoa Idosa da Câmara;br-p-cd-74585;Lincoln Portela;Suplente;2026-02-10;eleito;;;não;https://dadosabertos.camara.leg.br/api/v2/deputados/74585
br-comissao-de-defesa-dos-direitos-da-pessoa-idosa-da-camara;Comissão de Defesa dos Direitos da Pessoa Idosa da Câmara;br-p-cd-74398;Maria do Rosário;Suplente;2026-02-10;eleito;;;não;https://dadosabertos.camara.leg.br/api/v2/deputados/74398
br-comissao-de-defesa-dos-direitos-da-pessoa-idosa-da-camara;Comissão de Defesa dos Direitos da Pessoa Idosa da Câmara;br-p-cd-220533;Prof. Reginaldo Veras;Suplente;2026-02-10;eleito;;;não;https://dadosabertos.camara.leg.br/api/v2/deputados/220533
br-comissao-de-defesa-dos-direitos-da-pessoa-idosa-da-camara;Comissão de Defesa dos Direitos da Pessoa Idosa da Câmara;br-p-cd-73692;Osmar Terra;Suplente;2026-03-03;eleito;;;não;https://dadosabertos.camara.leg.br/api/v2/deputados/73692
br-comissao-de-defesa-dos-direitos-da-pessoa-idosa-da-camara;Comissão de Defesa dos Direitos da Pessoa Idosa da Câmara;br-p-cd-220622;Nely Aquino;Suplente;2026-03-19;eleito;;;não;https://dadosabertos.camara.leg.br/api/v2/deputados/220622
br-comissao-de-defesa-dos-direitos-da-pessoa-idosa-da-camara;Comissão de Defesa dos Direitos da Pessoa Idosa da Câmara;br-p-cd-221329;Ricardo Abrão;Suplente;2026-04-22;eleito;;;não;https://dadosabertos.camara.leg.br/api/v2/deputados/221329
br-comissao-de-defesa-dos-direitos-da-pessoa-idosa-da-camara;Comissão de Defesa dos Direitos da Pessoa Idosa da Câmara;br-p-cd-236423;Valdir Trindade;Suplente;2026-06-11;eleito;;;não;https://dadosabertos.camara.leg.br/api/v2/deputados/236423
br-comissao-de-defesa-dos-direitos-da-pessoa-idosa-da-camara;Comissão de Defesa dos Direitos da Pessoa Idosa da Câmara;br-p-cd-204570;Pastor Gil;Suplente;2026-06-11;eleito;;;não;https://dadosabertos.camara.leg.br/api/v2/deputados/204570
br-comissao-de-defesa-dos-direitos-da-pessoa-idosa-da-camara;Comissão de Defesa dos Direitos da Pessoa Idosa da Câmara;br-p-cd-205550;Jorge Braz;Suplente;2026-09-10;eleito;;;não;https://dadosabertos.camara.leg.br/api/v2/deputados/205550
br-comissao-de-integracao-nacional-e-desenvolvimento-regional-da-camara;Comissão de Integração Nacional e Desenvolvimento Regional da Câmara;br-p-cd-178997;Moses Rodrigues;Presidente;2026-02-04;eleito;;;não;https://dadosabertos.camara.leg.br/api/v2/deputados/178997
br-comissao-de-integracao-nacional-e-desenvolvimento-regional-da-camara;Comissão de Integração Nacional e Desenvolvimento Regional da Câmara;br-p-cd-73808;Sérgio Brito;Titular;2026-02-03;eleito;;;não;https://dadosabertos.camara.leg.br/api/v2/deputados/73808
br-comissao-de-integracao-nacional-e-desenvolvimento-regional-da-camara;Comissão de Integração Nacional e Desenvolvimento Regional da Câmara;br-p-cd-204489;Robério Monteiro;Titular;2026-02-03;eleito;;;não;https://dadosabertos.camara.leg.br/api/v2/deputados/204489
br-comissao-de-integracao-nacional-e-desenvolvimento-regional-da-camara;Comissão de Integração Nacional e Desenvolvimento Regional da Câmara;br-p-cd-220592;Zezinho Barbary;Titular;2026-02-03;eleito;;;não;https://dadosabertos.camara.leg.br/api/v2/deputados/220592
br-comissao-de-integracao-nacional-e-desenvolvimento-regional-da-camara;Comissão de Integração Nacional e Desenvolvimento Regional da Câmara;br-p-cd-220529;Gilson Daniel;Titular;2026-02-03;eleito;;;não;https://dadosabertos.camara.leg.br/api/v2/deputados/220529
br-comissao-de-integracao-nacional-e-desenvolvimento-regional-da-camara;Comissão de Integração Nacional e Desenvolvimento Regional da Câmara;br-p-cd-141459;João Maia;Titular;2026-02-03;eleito;;;não;https://dadosabertos.camara.leg.br/api/v2/deputados/141459
br-comissao-de-integracao-nacional-e-desenvolvimento-regional-da-camara;Comissão de Integração Nacional e Desenvolvimento Regional da Câmara;br-p-cd-160512;Aureo Ribeiro;Titular;2026-02-03;eleito;;;não;https://dadosabertos.camara.leg.br/api/v2/deputados/160512
br-comissao-de-integracao-nacional-e-desenvolvimento-regional-da-camara;Comissão de Integração Nacional e Desenvolvimento Regional da Câmara;br-p-cd-204492;Paulo Guedes;Titular;2026-02-03;eleito;;;não;https://dadosabertos.camara.leg.br/api/v2/deputados/204492
br-comissao-de-integracao-nacional-e-desenvolvimento-regional-da-camara;Comissão de Integração Nacional e Desenvolvimento Regional da Câmara;br-p-cd-160610;Valmir Assunção;Titular;2026-02-03;eleito;;;não;https://dadosabertos.camara.leg.br/api/v2/deputados/160610
br-comissao-de-integracao-nacional-e-desenvolvimento-regional-da-camara;Comissão de Integração Nacional e Desenvolvimento Regional da Câmara;br-p-cd-220527;Jack Rocha;Titular;2026-02-03;eleito;;;não;https://dadosabertos.camara.leg.br/api/v2/deputados/220527
br-comissao-de-integracao-nacional-e-desenvolvimento-regional-da-camara;Comissão de Integração Nacional e Desenvolvimento Regional da Câmara;br-p-cd-178993;Carlos Henrique Gaguim;Titular;2026-02-03;eleito;;;não;https://dadosabertos.camara.leg.br/api/v2/deputados/178993
br-comissao-de-integracao-nacional-e-desenvolvimento-regional-da-camara;Comissão de Integração Nacional e Desenvolvimento Regional da Câmara;br-p-cd-109429;Benes Leocádio;Titular;2026-02-03;eleito;;;não;https://dadosabertos.camara.leg.br/api/v2/deputados/109429
br-comissao-de-integracao-nacional-e-desenvolvimento-regional-da-camara;Comissão de Integração Nacional e Desenvolvimento Regional da Câmara;br-p-cd-220667;Pedro Campos;Titular;2026-02-04;eleito;;;não;https://dadosabertos.camara.leg.br/api/v2/deputados/220667
br-comissao-de-integracao-nacional-e-desenvolvimento-regional-da-camara;Comissão de Integração Nacional e Desenvolvimento Regional da Câmara;br-p-cd-220557;Daniela Reinehr;Titular;2026-03-02;eleito;;;não;https://dadosabertos.camara.leg.br/api/v2/deputados/220557
br-comissao-de-integracao-nacional-e-desenvolvimento-regional-da-camara;Comissão de Integração Nacional e Desenvolvimento Regional da Câmara;br-p-cd-220715;Amom Mandel;Titular;2026-04-22;eleito;;;não;https://dadosabertos.camara.leg.br/api/v2/deputados/220715
br-comissao-de-integracao-nacional-e-desenvolvimento-regional-da-camara;Comissão de Integração Nacional e Desenvolvimento Regional da Câmara;br-p-cd-220631;Samuel Viana;Titular;2026-04-23;eleito;;;não;https://dadosabertos.camara.leg.br/api/v2/deputados/220631
br-comissao-de-integracao-nacional-e-desenvolvimento-regional-da-camara;Comissão de Integração Nacional e Desenvolvimento Regional da Câmara;br-p-cd-220617;Murillo Gouvea;Titular;2026-04-28;eleito;;;não;https://dadosabertos.camara.leg.br/api/v2/deputados/220617
br-comissao-de-integracao-nacional-e-desenvolvimento-regional-da-camara;Comissão de Integração Nacional e Desenvolvimento Regional da Câmara;br-p-cd-160561;Missionário José Olimpio;Suplente;2026-02-03;eleito;;;não;https://dadosabertos.camara.leg.br/api/v2/deputados/160561
br-comissao-de-integracao-nacional-e-desenvolvimento-regional-da-camara;Comissão de Integração Nacional e Desenvolvimento Regional da Câmara;br-p-cd-220712;Fausto Jr.;Suplente;2026-02-03;eleito;;;não;https://dadosabertos.camara.leg.br/api/v2/deputados/220712
br-comissao-de-integracao-nacional-e-desenvolvimento-regional-da-camara;Comissão de Integração Nacional e Desenvolvimento Regional da Câmara;br-p-cd-74090;Átila Lins;Suplente;2026-02-03;eleito;;;não;https://dadosabertos.camara.leg.br/api/v2/deputados/74090
br-comissao-de-integracao-nacional-e-desenvolvimento-regional-da-camara;Comissão de Integração Nacional e Desenvolvimento Regional da Câmara;br-p-cd-220571;Daniel Agrobom;Suplente;2026-02-03;eleito;;;não;https://dadosabertos.camara.leg.br/api/v2/deputados/220571
br-comissao-de-integracao-nacional-e-desenvolvimento-regional-da-camara;Comissão de Integração Nacional e Desenvolvimento Regional da Câmara;br-p-cd-104552;Socorro Neri;Suplente;2026-02-03;eleito;;;não;https://dadosabertos.camara.leg.br/api/v2/deputados/104552
br-comissao-de-integracao-nacional-e-desenvolvimento-regional-da-camara;Comissão de Integração Nacional e Desenvolvimento Regional da Câmara;br-p-cd-160535;Marcon;Suplente;2026-02-03;eleito;;;não;https://dadosabertos.camara.leg.br/api/v2/deputados/160535
br-comissao-de-integracao-nacional-e-desenvolvimento-regional-da-camara;Comissão de Integração Nacional e Desenvolvimento Regional da Câmara;br-p-cd-178970;João Daniel;Suplente;2026-02-03;eleito;;;não;https://dadosabertos.camara.leg.br/api/v2/deputados/178970
br-comissao-de-integracao-nacional-e-desenvolvimento-regional-da-camara;Comissão de Integração Nacional e Desenvolvimento Regional da Câmara;br-p-cd-160556;Padre João;Suplente;2026-02-03;eleito;;;não;https://dadosabertos.camara.leg.br/api/v2/deputados/160556
br-comissao-de-integracao-nacional-e-desenvolvimento-regional-da-camara;Comissão de Integração Nacional e Desenvolvimento Regional da Câmara;br-p-cd-204512;Delegado Marcelo Freitas;Suplente;2026-02-03;eleito;;;não;https://dadosabertos.camara.leg.br/api/v2/deputados/204512
br-comissao-de-integracao-nacional-e-desenvolvimento-regional-da-camara;Comissão de Integração Nacional e Desenvolvimento Regional da Câmara;br-p-cd-204360;Silvia Cristina;Suplente;2026-02-03;eleito;;;não;https://dadosabertos.camara.leg.br/api/v2/deputados/204360
br-comissao-de-integracao-nacional-e-desenvolvimento-regional-da-camara;Comissão de Integração Nacional e Desenvolvimento Regional da Câmara;br-p-cd-204378;Coronel Chrisóstomo;Suplente;2026-02-04;eleito;;;não;https://dadosabertos.camara.leg.br/api/v2/deputados/204378
br-comissao-de-integracao-nacional-e-desenvolvimento-regional-da-camara;Comissão de Integração Nacional e Desenvolvimento Regional da Câmara;br-p-cd-153423;Renilce Nicodemos;Suplente;2026-02-05;eleito;;;não;https://dadosabertos.camara.leg.br/api/v2/deputados/153423
br-comissao-de-integracao-nacional-e-desenvolvimento-regional-da-camara;Comissão de Integração Nacional e Desenvolvimento Regional da Câmara;br-p-cd-230957;João Cury;Suplente;2026-02-05;eleito;;;não;https://dadosabertos.camara.leg.br/api/v2/deputados/230957
br-comissao-de-integracao-nacional-e-desenvolvimento-regional-da-camara;Comissão de Integração Nacional e Desenvolvimento Regional da Câmara;br-p-cd-220697;Jadyel Alencar;Suplente;2026-03-06;eleito;;;não;https://dadosabertos.camara.leg.br/api/v2/deputados/220697
br-comissao-de-integracao-nacional-e-desenvolvimento-regional-da-camara;Comissão de Integração Nacional e Desenvolvimento Regional da Câmara;br-p-cd-74043;Wellington Roberto;Suplente;2026-03-24;eleito;;;não;https://dadosabertos.camara.leg.br/api/v2/deputados/74043
br-comissao-de-integracao-nacional-e-desenvolvimento-regional-da-camara;Comissão de Integração Nacional e Desenvolvimento Regional da Câmara;br-p-cd-220564;Yandra Moura;Suplente;2026-04-23;eleito;;;não;https://dadosabertos.camara.leg.br/api/v2/deputados/220564
br-comissao-de-integracao-nacional-e-desenvolvimento-regional-da-camara;Comissão de Integração Nacional e Desenvolvimento Regional da Câmara;br-p-cd-154700;Paulo Soares;Suplente;2026-06-22;eleito;;;não;https://dadosabertos.camara.leg.br/api/v2/deputados/154700
br-comissao-de-integracao-nacional-e-desenvolvimento-regional-da-camara;Comissão de Integração Nacional e Desenvolvimento Regional da Câmara;br-p-cd-194260;Nivaldo Albuquerque;Suplente;2026-07-13;eleito;;;não;https://dadosabertos.camara.leg.br/api/v2/deputados/194260
br-comissao-de-legislacao-participativa-da-camara;Comissão de Legislação Participativa da Câmara;br-p-cd-204518;Dr. Frederico;Presidente;2026-02-04;eleito;;;não;https://dadosabertos.camara.leg.br/api/v2/deputados/204518
br-comissao-de-legislacao-participativa-da-camara;Comissão de Legislação Participativa da Câmara;br-p-cd-204494;Fred Costa;1º Vice-Presidente;2026-02-04;eleito;;;não;https://dadosabertos.camara.leg.br/api/v2/deputados/204494
br-comissao-de-legislacao-participativa-da-camara;Comissão de Legislação Participativa da Câmara;br-p-cd-204535;Sâmia Bomfim;Titular;2026-02-04;eleito;;;não;https://dadosabertos.camara.leg.br/api/v2/deputados/204535
br-comissao-de-legislacao-participativa-da-camara;Comissão de Legislação Participativa da Câmara;br-p-cd-74156;Leonardo Monteiro;Titular;2026-02-04;eleito;;;não;https://dadosabertos.camara.leg.br/api/v2/deputados/74156
br-comissao-de-legislacao-participativa-da-camara;Comissão de Legislação Participativa da Câmara;br-p-cd-160604;Pedro Uczai;Titular;2026-02-04;eleito;;;não;https://dadosabertos.camara.leg.br/api/v2/deputados/160604
br-comissao-de-legislacao-participativa-da-camara;Comissão de Legislação Participativa da Câmara;br-p-cd-178970;João Daniel;Titular;2026-02-04;eleito;;;não;https://dadosabertos.camara.leg.br/api/v2/deputados/178970
br-comissao-de-legislacao-participativa-da-camara;Comissão de Legislação Participativa da Câmara;br-p-cd-220632;Ana Pimentel;Titular;2026-02-04;eleito;;;não;https://dadosabertos.camara.leg.br/api/v2/deputados/220632
br-comissao-de-legislacao-participativa-da-camara;Comissão de Legislação Participativa da Câmara;br-p-cd-220642;Delegado Bruno Lima;Titular;2026-02-04;eleito;;;não;https://dadosabertos.camara.leg.br/api/v2/deputados/220642
br-comissao-de-legislacao-participativa-da-camara;Comissão de Legislação Participativa da Câmara;br-p-cd-160161;Marcelo Queiroz;Titular;2026-03-02;eleito;;;não;https://dadosabertos.camara.leg.br/api/v2/deputados/160161
br-comissao-de-legislacao-participativa-da-camara;Comissão de Legislação Participativa da Câmara;br-p-cd-204407;Fernanda Melchionna;Titular;2026-03-03;eleito;;;não;https://dadosabertos.camara.leg.br/api/v2/deputados/204407
br-comissao-de-legislacao-participativa-da-camara;Comissão de Legislação Participativa da Câmara;br-p-cd-152605;Glauber Braga;Titular;2026-06-16;eleito;;;não;https://dadosabertos.camara.leg.br/api/v2/deputados/152605
br-comissao-de-legislacao-participativa-da-camara;Comissão de Legislação Participativa da Câmara;br-p-cd-74784;Luiza Erundina;Titular;2026-06-16;eleito;;;não;https://dadosabertos.camara.leg.br/api/v2/deputados/74784
br-comissao-de-legislacao-participativa-da-camara;Comissão de Legislação Participativa da Câmara;br-p-cd-209189;Joseildo Ramos;Suplente;2026-02-04;eleito;;;não;https://dadosabertos.camara.leg.br/api/v2/deputados/209189
br-comissao-de-legislacao-participativa-da-camara;Comissão de Legislação Participativa da Câmara;br-p-cd-204464;Talíria Petrone;Suplente;2026-02-04;eleito;;;não;https://dadosabertos.camara.leg.br/api/v2/deputados/204464
br-comissao-de-legislacao-participativa-da-camara;Comissão de Legislação Participativa da Câmara;br-p-cd-220701;Delegado Matheus Laiola;Suplente;2026-02-09;eleito;;;não;https://dadosabertos.camara.leg.br/api/v2/deputados/220701
br-comissao-de-legislacao-participativa-da-camara;Comissão de Legislação Participativa da Câmara;br-p-cd-160575;Erika Kokay;Suplente;2026-02-25;eleito;;;não;https://dadosabertos.camara.leg.br/api/v2/deputados/160575
br-comissao-de-legislacao-participativa-da-camara;Comissão de Legislação Participativa da Câmara;br-p-cd-74585;Lincoln Portela;Suplente;2026-03-04;eleito;;;não;https://dadosabertos.camara.leg.br/api/v2/deputados/74585
br-comissao-de-legislacao-participativa-da-camara;Comissão de Legislação Participativa da Câmara;br-p-cd-160569;Waldenor Pereira;Suplente;2026-03-16;eleito;;;não;https://dadosabertos.camara.leg.br/api/v2/deputados/160569
br-comissao-de-legislacao-participativa-da-camara;Comissão de Legislação Participativa da Câmara;br-p-cd-220574;Cabo Gilberto Silva;Suplente;2026-05-26;eleito;;;não;https://dadosabertos.camara.leg.br/api/v2/deputados/220574
br-comissao-de-legislacao-participativa-da-camara;Comissão de Legislação Participativa da Câmara;br-p-cd-220649;Delegado da Cunha;Suplente;2026-08-14;eleito;;;não;https://dadosabertos.camara.leg.br/api/v2/deputados/220649
br-comissao-de-meio-ambiente-e-desenvolvimento-sustentavel-da-camara;Comissão de Meio Ambiente e Desenvolvimento Sustentável da Câmara;br-p-cd-98148;Cobalchini;Presidente;2026-03-04;eleito;;;não;https://dadosabertos.camara.leg.br/api/v2/deputados/98148
br-comissao-de-meio-ambiente-e-desenvolvimento-sustentavel-da-camara;Comissão de Meio Ambiente e Desenvolvimento Sustentável da Câmara;br-p-cd-178962;Carlos Gomes;Titular;2026-03-03;eleito;;;não;https://dadosabertos.camara.leg.br/api/v2/deputados/178962
br-comissao-de-meio-ambiente-e-desenvolvimento-sustentavel-da-camara;Comissão de Meio Ambiente e Desenvolvimento Sustentável da Câmara;br-p-cd-178986;Nilto Tatto;Titular;2026-03-03;eleito;;;não;https://dadosabertos.camara.leg.br/api/v2/deputados/178986
br-comissao-de-meio-ambiente-e-desenvolvimento-sustentavel-da-camara;Comissão de Meio Ambiente e Desenvolvimento Sustentável da Câmara;br-p-cd-204488;Célio Studart;Titular;2026-03-03;eleito;;;não;https://dadosabertos.camara.leg.br/api/v2/deputados/204488
br-comissao-de-meio-ambiente-e-desenvolvimento-sustentavel-da-camara;Comissão de Meio Ambiente e Desenvolvimento Sustentável da Câmara;br-p-cd-204517;Zé Vitor;Titular;2026-03-03;eleito;;;não;https://dadosabertos.camara.leg.br/api/v2/deputados/204517
br-comissao-de-meio-ambiente-e-desenvolvimento-sustentavel-da-camara;Comissão de Meio Ambiente e Desenvolvimento Sustentável da Câmara;br-p-cd-220635;Bruno Ganem;Titular;2026-03-03;eleito;;;não;https://dadosabertos.camara.leg.br/api/v2/deputados/220635
br-comissao-de-meio-ambiente-e-desenvolvimento-sustentavel-da-camara;Comissão de Meio Ambiente e Desenvolvimento Sustentável da Câmara;br-p-cd-220623;Duda Salabert;Titular;2026-03-03;eleito;;;não;https://dadosabertos.camara.leg.br/api/v2/deputados/220623
br-comissao-de-meio-ambiente-e-desenvolvimento-sustentavel-da-camara;Comissão de Meio Ambiente e Desenvolvimento Sustentável da Câmara;br-p-cd-104552;Socorro Neri;Titular;2026-03-03;eleito;;;não;https://dadosabertos.camara.leg.br/api/v2/deputados/104552
br-comissao-de-meio-ambiente-e-desenvolvimento-sustentavel-da-camara;Comissão de Meio Ambiente e Desenvolvimento Sustentável da Câmara;br-p-cd-220701;Delegado Matheus Laiola;Titular;2026-03-03;eleito;;;não;https://dadosabertos.camara.leg.br/api/v2/deputados/220701
br-comissao-de-meio-ambiente-e-desenvolvimento-sustentavel-da-camara;Comissão de Meio Ambiente e Desenvolvimento Sustentável da Câmara;br-p-cd-220671;Dilvanda Faro;Titular;2026-03-03;eleito;;;não;https://dadosabertos.camara.leg.br/api/v2/deputados/220671
br-comissao-de-meio-ambiente-e-desenvolvimento-sustentavel-da-camara;Comissão de Meio Ambiente e Desenvolvimento Sustentável da Câmara;br-p-cd-204534;Tabata Amaral;Titular;2026-03-03;eleito;;;não;https://dadosabertos.camara.leg.br/api/v2/deputados/204534
br-comissao-de-meio-ambiente-e-desenvolvimento-sustentavel-da-camara;Comissão de Meio Ambiente e Desenvolvimento Sustentável da Câmara;br-p-cd-204535;Sâmia Bomfim;Titular;2026-03-03;eleito;;;não;https://dadosabertos.camara.leg.br/api/v2/deputados/204535
br-comissao-de-meio-ambiente-e-desenvolvimento-sustentavel-da-camara;Comissão de Meio Ambiente e Desenvolvimento Sustentável da Câmara;br-p-cd-204494;Fred Costa;Titular;2026-03-03;eleito;;;não;https://dadosabertos.camara.leg.br/api/v2/deputados/204494
br-comissao-de-meio-ambiente-e-desenvolvimento-sustentavel-da-camara;Comissão de Meio Ambiente e Desenvolvimento Sustentável da Câmara;br-p-cd-161440;Pezenti;Titular;2026-03-11;eleito;;;não;https://dadosabertos.camara.leg.br/api/v2/deputados/161440
br-comissao-de-meio-ambiente-e-desenvolvimento-sustentavel-da-camara;Comissão de Meio Ambiente e Desenvolvimento Sustentável da Câmara;br-p-cd-220637;Marina Silva;Titular;2026-04-07;eleito;;;não;https://dadosabertos.camara.leg.br/api/v2/deputados/220637
br-comissao-de-meio-ambiente-e-desenvolvimento-sustentavel-da-camara;Comissão de Meio Ambiente e Desenvolvimento Sustentável da Câmara;br-p-cd-160632;Zé Silva;Titular;2026-04-22;eleito;;;não;https://dadosabertos.camara.leg.br/api/v2/deputados/160632
br-comissao-de-meio-ambiente-e-desenvolvimento-sustentavel-da-camara;Comissão de Meio Ambiente e Desenvolvimento Sustentável da Câmara;br-p-cd-220684;Tião Medeiros;Titular;2026-04-22;eleito;;;não;https://dadosabertos.camara.leg.br/api/v2/deputados/220684
br-comissao-de-meio-ambiente-e-desenvolvimento-sustentavel-da-camara;Comissão de Meio Ambiente e Desenvolvimento Sustentável da Câmara;br-p-cd-220540;Duda Ramos;Titular;2026-06-09;eleito;;;não;https://dadosabertos.camara.leg.br/api/v2/deputados/220540
br-comissao-de-meio-ambiente-e-desenvolvimento-sustentavel-da-camara;Comissão de Meio Ambiente e Desenvolvimento Sustentável da Câmara;br-p-cd-204379;Acácio Favacho;Suplente;2026-03-03;eleito;;;não;https://dadosabertos.camara.leg.br/api/v2/deputados/204379
br-comissao-de-meio-ambiente-e-desenvolvimento-sustentavel-da-camara;Comissão de Meio Ambiente e Desenvolvimento Sustentável da Câmara;br-p-cd-74075;Elcione Barbalho;Suplente;2026-03-03;eleito;;;não;https://dadosabertos.camara.leg.br/api/v2/deputados/74075
br-comissao-de-meio-ambiente-e-desenvolvimento-sustentavel-da-camara;Comissão de Meio Ambiente e Desenvolvimento Sustentável da Câmara;br-p-cd-178993;Carlos Henrique Gaguim;Suplente;2026-03-03;eleito;;;não;https://dadosabertos.camara.leg.br/api/v2/deputados/178993
br-comissao-de-meio-ambiente-e-desenvolvimento-sustentavel-da-camara;Comissão de Meio Ambiente e Desenvolvimento Sustentável da Câmara;br-p-cd-204362;Ricardo Guidi;Suplente;2026-03-03;eleito;;;não;https://dadosabertos.camara.leg.br/api/v2/deputados/204362
br-comissao-de-meio-ambiente-e-desenvolvimento-sustentavel-da-camara;Comissão de Meio Ambiente e Desenvolvimento Sustentável da Câmara;br-p-cd-206018;Célia Xakriabá;Suplente;2026-03-03;eleito;;;não;https://dadosabertos.camara.leg.br/api/v2/deputados/206018
br-comissao-de-meio-ambiente-e-desenvolvimento-sustentavel-da-camara;Comissão de Meio Ambiente e Desenvolvimento Sustentável da Câmara;br-p-cd-92776;Stefano Aguiar;Suplente;2026-03-03;eleito;;;não;https://dadosabertos.camara.leg.br/api/v2/deputados/92776
br-comissao-de-meio-ambiente-e-desenvolvimento-sustentavel-da-camara;Comissão de Meio Ambiente e Desenvolvimento Sustentável da Câmara;br-p-cd-204445;Fernando Mineiro;Suplente;2026-03-03;eleito;;;não;https://dadosabertos.camara.leg.br/api/v2/deputados/204445
br-comissao-de-meio-ambiente-e-desenvolvimento-sustentavel-da-camara;Comissão de Meio Ambiente e Desenvolvimento Sustentável da Câmara;br-p-cd-74171;Chico Alencar;Suplente;2026-03-03;eleito;;;não;https://dadosabertos.camara.leg.br/api/v2/deputados/74171
br-comissao-de-meio-ambiente-e-desenvolvimento-sustentavel-da-camara;Comissão de Meio Ambiente e Desenvolvimento Sustentável da Câmara;br-p-cd-204378;Coronel Chrisóstomo;Suplente;2026-03-11;eleito;;;não;https://dadosabertos.camara.leg.br/api/v2/deputados/204378
br-comissao-de-meio-ambiente-e-desenvolvimento-sustentavel-da-camara;Comissão de Meio Ambiente e Desenvolvimento Sustentável da Câmara;br-p-cd-160538;Bohn Gass;Suplente;2026-04-17;eleito;;;não;https://dadosabertos.camara.leg.br/api/v2/deputados/160538
br-comissao-de-meio-ambiente-e-desenvolvimento-sustentavel-da-camara;Comissão de Meio Ambiente e Desenvolvimento Sustentável da Câmara;br-p-cd-74158;Mário Heringer;Suplente;2026-04-22;eleito;;;não;https://dadosabertos.camara.leg.br/api/v2/deputados/74158
br-comissao-de-meio-ambiente-e-desenvolvimento-sustentavel-da-camara;Comissão de Meio Ambiente e Desenvolvimento Sustentável da Câmara;br-p-cd-74156;Leonardo Monteiro;Suplente;2026-04-22;eleito;;;não;https://dadosabertos.camara.leg.br/api/v2/deputados/74156
br-comissao-de-meio-ambiente-e-desenvolvimento-sustentavel-da-camara;Comissão de Meio Ambiente e Desenvolvimento Sustentável da Câmara;br-p-cd-220715;Amom Mandel;Suplente;2026-04-22;eleito;;;não;https://dadosabertos.camara.leg.br/api/v2/deputados/220715
br-comissao-de-meio-ambiente-e-desenvolvimento-sustentavel-da-camara;Comissão de Meio Ambiente e Desenvolvimento Sustentável da Câmara;br-p-cd-220546;Rodolfo Nogueira;Suplente;2026-04-24;eleito;;;não;https://dadosabertos.camara.leg.br/api/v2/deputados/220546
br-comissao-de-meio-ambiente-e-desenvolvimento-sustentavel-da-camara;Comissão de Meio Ambiente e Desenvolvimento Sustentável da Câmara;br-p-cd-220529;Gilson Daniel;Suplente;2026-05-08;eleito;;;não;https://dadosabertos.camara.leg.br/api/v2/deputados/220529
br-comissao-de-meio-ambiente-e-desenvolvimento-sustentavel-da-camara;Comissão de Meio Ambiente e Desenvolvimento Sustentável da Câmara;br-p-cd-178963;Covatti Filho;Suplente;2026-08-11;eleito;;;não;https://dadosabertos.camara.leg.br/api/v2/deputados/178963
br-comissao-de-meio-ambiente-e-desenvolvimento-sustentavel-da-camara;Comissão de Meio Ambiente e Desenvolvimento Sustentável da Câmara;br-p-cd-204512;Delegado Marcelo Freitas;Suplente;2026-08-18;eleito;;;não;https://dadosabertos.camara.leg.br/api/v2/deputados/204512
br-comissao-de-meio-ambiente-e-desenvolvimento-sustentavel-da-camara;Comissão de Meio Ambiente e Desenvolvimento Sustentável da Câmara;br-p-cd-204524;Pinheirinho;Suplente;2026-08-26;eleito;;;não;https://dadosabertos.camara.leg.br/api/v2/deputados/204524
br-comissao-de-minas-e-energia-da-camara;Comissão de Minas e Energia da Câmara;br-p-cd-178910;Joaquim Passarinho;Presidente;2026-02-03;eleito;;;não;https://dadosabertos.camara.leg.br/api/v2/deputados/178910
br-comissao-de-minas-e-energia-da-camara;Comissão de Minas e Energia da Câmara;br-p-cd-220658;Luiz Gastão;1º Vice-Presidente;2026-02-11;eleito;;;não;https://dadosabertos.camara.leg.br/api/v2/deputados/220658
br-comissao-de-minas-e-energia-da-camara;Comissão de Minas e Energia da Câmara;br-p-cd-220611;General Pazuello;2º Vice-Presidente;2026-02-11;eleito;;;não;https://dadosabertos.camara.leg.br/api/v2/deputados/220611
br-comissao-de-minas-e-energia-da-camara;Comissão de Minas e Energia da Câmara;br-p-cd-204378;Coronel Chrisóstomo;3º Vice-Presidente;2026-02-11;eleito;;;não;https://dadosabertos.camara.leg.br/api/v2/deputados/204378
br-comissao-de-minas-e-energia-da-camara;Comissão de Minas e Energia da Câmara;br-p-cd-141450;Hugo Leal;Titular;2026-02-03;eleito;;;não;https://dadosabertos.camara.leg.br/api/v2/deputados/141450
br-comissao-de-minas-e-energia-da-camara;Comissão de Minas e Energia da Câmara;br-p-cd-141458;João Carlos Bacelar;Titular;2026-02-03;eleito;;;não;https://dadosabertos.camara.leg.br/api/v2/deputados/141458
br-comissao-de-minas-e-energia-da-camara;Comissão de Minas e Energia da Câmara;br-p-cd-141391;Arnaldo Jardim;Titular;2026-02-03;eleito;;;não;https://dadosabertos.camara.leg.br/api/v2/deputados/141391
br-comissao-de-minas-e-energia-da-camara;Comissão de Minas e Energia da Câmara;br-p-cd-141431;Fernando Coelho Filho;Titular;2026-02-03;eleito;;;não;https://dadosabertos.camara.leg.br/api/v2/deputados/141431
br-comissao-de-minas-e-energia-da-camara;Comissão de Minas e Energia da Câmara;br-p-cd-74253;Julio Lopes;Titular;2026-02-03;eleito;;;não;https://dadosabertos.camara.leg.br/api/v2/deputados/74253
br-comissao-de-minas-e-energia-da-camara;Comissão de Minas e Energia da Câmara;br-p-cd-198197;Greyce Elias;Titular;2026-02-03;eleito;;;não;https://dadosabertos.camara.leg.br/api/v2/deputados/198197
br-comissao-de-minas-e-energia-da-camara;Comissão de Minas e Energia da Câmara;br-p-cd-204497;Júnior Ferrari;Titular;2026-02-03;eleito;;;não;https://dadosabertos.camara.leg.br/api/v2/deputados/204497
br-comissao-de-minas-e-energia-da-camara;Comissão de Minas e Energia da Câmara;br-p-cd-204362;Ricardo Guidi;Titular;2026-02-03;eleito;;;não;https://dadosabertos.camara.leg.br/api/v2/deputados/204362
br-comissao-de-minas-e-energia-da-camara;Comissão de Minas e Energia da Câmara;br-p-cd-160559;Alceu Moreira;Titular;2026-02-03;eleito;;;não;https://dadosabertos.camara.leg.br/api/v2/deputados/160559
br-comissao-de-minas-e-energia-da-camara;Comissão de Minas e Energia da Câmara;br-p-cd-204495;Airton Faleiro;Titular;2026-02-03;eleito;;;não;https://dadosabertos.camara.leg.br/api/v2/deputados/204495
br-comissao-de-minas-e-energia-da-camara;Comissão de Minas e Energia da Câmara;br-p-cd-220691;Diego Coronel;Titular;2026-02-03;eleito;;;não;https://dadosabertos.camara.leg.br/api/v2/deputados/220691
br-comissao-de-minas-e-energia-da-camara;Comissão de Minas e Energia da Câmara;br-p-cd-204550;Júnior Mano;Titular;2026-02-05;eleito;;;não;https://dadosabertos.camara.leg.br/api/v2/deputados/204550
br-comissao-de-minas-e-energia-da-camara;Comissão de Minas e Energia da Câmara;br-p-cd-74270;Gilberto Nascimento;Titular;2026-02-05;eleito;;;não;https://dadosabertos.camara.leg.br/api/v2/deputados/74270
br-comissao-de-minas-e-energia-da-camara;Comissão de Minas e Energia da Câmara;br-p-cd-160512;Aureo Ribeiro;Titular;2026-02-10;eleito;;;não;https://dadosabertos.camara.leg.br/api/v2/deputados/160512
br-comissao-de-minas-e-energia-da-camara;Comissão de Minas e Energia da Câmara;br-p-cd-141516;Paulo Abi-Ackel;Titular;2026-03-10;eleito;;;não;https://dadosabertos.camara.leg.br/api/v2/deputados/141516
br-comissao-de-minas-e-energia-da-camara;Comissão de Minas e Energia da Câmara;br-p-cd-62881;Danilo Forte;Titular;2026-04-07;eleito;;;não;https://dadosabertos.camara.leg.br/api/v2/deputados/62881
br-comissao-de-minas-e-energia-da-camara;Comissão de Minas e Energia da Câmara;br-p-cd-150418;Márcio Marinho;Titular;2026-04-17;eleito;;;não;https://dadosabertos.camara.leg.br/api/v2/deputados/150418
br-comissao-de-minas-e-energia-da-camara;Comissão de Minas e Energia da Câmara;br-p-cd-221329;Ricardo Abrão;Titular;2026-04-17;eleito;;;não;https://dadosabertos.camara.leg.br/api/v2/deputados/221329
br-comissao-de-minas-e-energia-da-camara;Comissão de Minas e Energia da Câmara;br-p-cd-204358;Beto Pereira;Titular;2026-04-22;eleito;;;não;https://dadosabertos.camara.leg.br/api/v2/deputados/204358
br-comissao-de-minas-e-energia-da-camara;Comissão de Minas e Energia da Câmara;br-p-cd-224117;Gabriel Mota;Titular;2026-04-22;eleito;;;não;https://dadosabertos.camara.leg.br/api/v2/deputados/224117
br-comissao-de-minas-e-energia-da-camara;Comissão de Minas e Energia da Câmara;br-p-cd-220605;Bandeira de Mello;Titular;2026-04-22;eleito;;;não;https://dadosabertos.camara.leg.br/api/v2/deputados/220605
br-comissao-de-minas-e-energia-da-camara;Comissão de Minas e Energia da Câmara;br-p-cd-220529;Gilson Daniel;Titular;2026-05-06;eleito;;;não;https://dadosabertos.camara.leg.br/api/v2/deputados/220529
br-comissao-de-minas-e-energia-da-camara;Comissão de Minas e Energia da Câmara;br-p-cd-74428;Mendonça Filho;Titular;2026-06-09;eleito;;;não;https://dadosabertos.camara.leg.br/api/v2/deputados/74428
br-comissao-de-minas-e-energia-da-camara;Comissão de Minas e Energia da Câmara;br-p-cd-230767;Rodrigo da Zaeli;Suplente;2026-02-03;eleito;;;não;https://dadosabertos.camara.leg.br/api/v2/deputados/230767
br-comissao-de-minas-e-energia-da-camara;Comissão de Minas e Energia da Câmara;br-p-cd-160588;Diego Andrade;Suplente;2026-02-03;eleito;;;não;https://dadosabertos.camara.leg.br/api/v2/deputados/160588
br-comissao-de-minas-e-energia-da-camara;Comissão de Minas e Energia da Câmara;br-p-cd-141531;Rodrigo de Castro;Suplente;2026-02-03;eleito;;;não;https://dadosabertos.camara.leg.br/api/v2/deputados/141531
br-comissao-de-minas-e-energia-da-camara;Comissão de Minas e Energia da Câmara;br-p-cd-220607;Max Lemos;Suplente;2026-02-03;eleito;;;não;https://dadosabertos.camara.leg.br/api/v2/deputados/220607
br-comissao-de-minas-e-energia-da-camara;Comissão de Minas e Energia da Câmara;br-p-cd-220708;Gabriel Nunes;Suplente;2026-02-03;eleito;;;não;https://dadosabertos.camara.leg.br/api/v2/deputados/220708
br-comissao-de-minas-e-energia-da-camara;Comissão de Minas e Energia da Câmara;br-p-cd-233594;Rafael Fera;Suplente;2026-02-03;eleito;;;não;https://dadosabertos.camara.leg.br/api/v2/deputados/233594
br-comissao-de-minas-e-energia-da-camara;Comissão de Minas e Energia da Câmara;br-p-cd-220702;Geraldo Mendes;Suplente;2026-02-03;eleito;;;não;https://dadosabertos.camara.leg.br/api/v2/deputados/220702
br-comissao-de-minas-e-energia-da-camara;Comissão de Minas e Energia da Câmara;br-p-cd-178858;Mário Negromonte Jr.;Suplente;2026-02-03;eleito;;;não;https://dadosabertos.camara.leg.br/api/v2/deputados/178858
br-comissao-de-minas-e-energia-da-camara;Comissão de Minas e Energia da Câmara;br-p-cd-178871;Evair Vieira de Melo;Suplente;2026-02-03;eleito;;;não;https://dadosabertos.camara.leg.br/api/v2/deputados/178871
br-comissao-de-minas-e-energia-da-camara;Comissão de Minas e Energia da Câmara;br-p-cd-220604;Marcos Tavares;Suplente;2026-02-03;eleito;;;não;https://dadosabertos.camara.leg.br/api/v2/deputados/220604
br-comissao-de-minas-e-energia-da-camara;Comissão de Minas e Energia da Câmara;br-p-cd-121948;Adriano do Baldy;Suplente;2026-02-03;eleito;;;não;https://dadosabertos.camara.leg.br/api/v2/deputados/121948
br-comissao-de-minas-e-energia-da-camara;Comissão de Minas e Energia da Câmara;br-p-cd-74376;Vander Loubet;Suplente;2026-02-03;eleito;;;não;https://dadosabertos.camara.leg.br/api/v2/deputados/74376
br-comissao-de-minas-e-energia-da-camara;Comissão de Minas e Energia da Câmara;br-p-cd-141398;Carlos Zarattini;Suplente;2026-02-03;eleito;;;não;https://dadosabertos.camara.leg.br/api/v2/deputados/141398
br-comissao-de-minas-e-energia-da-camara;Comissão de Minas e Energia da Câmara;br-p-cd-160556;Padre João;Suplente;2026-02-03;eleito;;;não;https://dadosabertos.camara.leg.br/api/v2/deputados/160556
br-comissao-de-minas-e-energia-da-camara;Comissão de Minas e Energia da Câmara;br-p-cd-74371;Rubens Otoni;Suplente;2026-02-03;eleito;;;não;https://dadosabertos.camara.leg.br/api/v2/deputados/74371
br-comissao-de-minas-e-energia-da-camara;Comissão de Minas e Energia da Câmara;br-p-cd-204492;Paulo Guedes;Suplente;2026-02-03;eleito;;;não;https://dadosabertos.camara.leg.br/api/v2/deputados/204492
br-comissao-de-minas-e-energia-da-camara;Comissão de Minas e Energia da Câmara;br-p-cd-220688;Dr. Francisco;Suplente;2026-02-03;eleito;;;não;https://dadosabertos.camara.leg.br/api/v2/deputados/220688
br-comissao-de-minas-e-energia-da-camara;Comissão de Minas e Energia da Câmara;br-p-cd-220581;Luciano Amaral;Suplente;2026-02-03;eleito;;;não;https://dadosabertos.camara.leg.br/api/v2/deputados/220581
br-comissao-de-minas-e-energia-da-camara;Comissão de Minas e Energia da Câmara;br-p-cd-74574;Paulo Magalhães;Suplente;2026-02-03;eleito;;;não;https://dadosabertos.camara.leg.br/api/v2/deputados/74574
br-comissao-de-minas-e-energia-da-camara;Comissão de Minas e Energia da Câmara;br-p-cd-220612;Bebeto;Suplente;2026-02-03;eleito;;;não;https://dadosabertos.camara.leg.br/api/v2/deputados/220612
br-comissao-de-minas-e-energia-da-camara;Comissão de Minas e Energia da Câmara;br-p-cd-178831;André Abdon;Suplente;2026-02-03;eleito;;;não;https://dadosabertos.camara.leg.br/api/v2/deputados/178831
br-comissao-de-minas-e-energia-da-camara;Comissão de Minas e Energia da Câmara;br-p-cd-143084;Tiago Dimas;Suplente;2026-02-03;eleito;;;não;https://dadosabertos.camara.leg.br/api/v2/deputados/143084
br-comissao-de-minas-e-energia-da-camara;Comissão de Minas e Energia da Câmara;br-p-cd-220677;Keniston Braga;Suplente;2026-02-04;eleito;;;não;https://dadosabertos.camara.leg.br/api/v2/deputados/220677
br-comissao-de-minas-e-energia-da-camara;Comissão de Minas e Energia da Câmara;br-p-cd-141408;Cleber Verde;Suplente;2026-02-04;eleito;;;não;https://dadosabertos.camara.leg.br/api/v2/deputados/141408
br-comissao-de-minas-e-energia-da-camara;Comissão de Minas e Energia da Câmara;br-p-cd-178985;Miguel Lombardi;Suplente;2026-02-04;eleito;;;não;https://dadosabertos.camara.leg.br/api/v2/deputados/178985
br-comissao-de-minas-e-energia-da-camara;Comissão de Minas e Energia da Câmara;br-p-cd-204557;Sidney Leite;Suplente;2026-02-04;eleito;;;não;https://dadosabertos.camara.leg.br/api/v2/deputados/204557
br-comissao-de-minas-e-energia-da-camara;Comissão de Minas e Energia da Câmara;br-p-cd-160665;Augusto Coutinho;Suplente;2026-02-09;eleito;;;não;https://dadosabertos.camara.leg.br/api/v2/deputados/160665
br-comissao-de-minas-e-energia-da-camara;Comissão de Minas e Energia da Câmara;br-p-cd-204520;Junio Amaral;Suplente;2026-02-23;eleito;;;não;https://dadosabertos.camara.leg.br/api/v2/deputados/204520
br-comissao-de-minas-e-energia-da-camara;Comissão de Minas e Energia da Câmara;br-p-cd-220537;Helena Lima;Suplente;2026-04-17;eleito;;;não;https://dadosabertos.camara.leg.br/api/v2/deputados/220537
br-comissao-de-minas-e-energia-da-camara;Comissão de Minas e Energia da Câmara;br-p-cd-141487;Luiz Fernando Faria;Suplente;2026-04-17;eleito;;;não;https://dadosabertos.camara.leg.br/api/v2/deputados/141487
br-comissao-de-minas-e-energia-da-camara;Comissão de Minas e Energia da Câmara;br-p-cd-141411;Dagoberto Nogueira;Suplente;2026-04-17;eleito;;;não;https://dadosabertos.camara.leg.br/api/v2/deputados/141411
br-comissao-de-minas-e-energia-da-camara;Comissão de Minas e Energia da Câmara;br-p-cd-204457;Juninho do Pneu;Suplente;2026-04-17;eleito;;;não;https://dadosabertos.camara.leg.br/api/v2/deputados/204457
br-comissao-de-minas-e-energia-da-camara;Comissão de Minas e Energia da Câmara;br-p-cd-204460;Carlos Jordy;Suplente;2026-04-22;eleito;;;não;https://dadosabertos.camara.leg.br/api/v2/deputados/204460
br-comissao-de-minas-e-energia-da-camara;Comissão de Minas e Energia da Câmara;br-p-cd-98057;Lafayette de Andrada;Suplente;2026-04-23;eleito;;;não;https://dadosabertos.camara.leg.br/api/v2/deputados/98057
br-comissao-de-minas-e-energia-da-camara;Comissão de Minas e Energia da Câmara;br-p-cd-220692;Dal Barreto;Suplente;2026-04-30;eleito;;;não;https://dadosabertos.camara.leg.br/api/v2/deputados/220692
br-comissao-de-minas-e-energia-da-camara;Comissão de Minas e Energia da Câmara;br-p-cd-220666;Coronel Meira;Suplente;2026-05-19;eleito;;;não;https://dadosabertos.camara.leg.br/api/v2/deputados/220666
br-comissao-de-minas-e-energia-da-camara;Comissão de Minas e Energia da Câmara;br-p-cd-220574;Cabo Gilberto Silva;Suplente;2026-05-26;eleito;;;não;https://dadosabertos.camara.leg.br/api/v2/deputados/220574
br-comissao-de-minas-e-energia-da-camara;Comissão de Minas e Energia da Câmara;br-p-cd-236518;Santin Roveda;Suplente;2026-06-30;eleito;;;não;https://dadosabertos.camara.leg.br/api/v2/deputados/236518
br-comissao-de-defesa-dos-direitos-da-mulher-da-camara;Comissão de Defesa dos Direitos da Mulher da Câmara;br-p-cd-220645;Erika Hilton;Presidente;2026-03-11;eleito;;;não;https://dadosabertos.camara.leg.br/api/v2/deputados/220645
br-comissao-de-defesa-dos-direitos-da-mulher-da-camara;Comissão de Defesa dos Direitos da Mulher da Câmara;br-p-cd-74856;Laura Carneiro;1º Vice-Presidente;2026-03-11;eleito;;;não;https://dadosabertos.camara.leg.br/api/v2/deputados/74856
br-comissao-de-defesa-dos-direitos-da-mulher-da-camara;Comissão de Defesa dos Direitos da Mulher da Câmara;br-p-cd-220565;Delegada Adriana Accorsi;2º Vice-Presidente;2026-03-11;eleito;;;não;https://dadosabertos.camara.leg.br/api/v2/deputados/220565
br-comissao-de-defesa-dos-direitos-da-mulher-da-camara;Comissão de Defesa dos Direitos da Mulher da Câmara;br-p-cd-104552;Socorro Neri;3º Vice-Presidente;2026-03-11;eleito;;;não;https://dadosabertos.camara.leg.br/api/v2/deputados/104552
br-comissao-de-defesa-dos-direitos-da-mulher-da-camara;Comissão de Defesa dos Direitos da Mulher da Câmara;br-p-cd-213762;Carla Dickson;Titular;2026-03-10;eleito;;;não;https://dadosabertos.camara.leg.br/api/v2/deputados/213762
br-comissao-de-defesa-dos-direitos-da-mulher-da-camara;Comissão de Defesa dos Direitos da Mulher da Câmara;br-p-cd-220569;Silvye Alves;Titular;2026-03-10;eleito;;;não;https://dadosabertos.camara.leg.br/api/v2/deputados/220569
br-comissao-de-defesa-dos-direitos-da-mulher-da-camara;Comissão de Defesa dos Direitos da Mulher da Câmara;br-p-cd-204407;Fernanda Melchionna;Titular;2026-03-10;eleito;;;não;https://dadosabertos.camara.leg.br/api/v2/deputados/204407
br-comissao-de-defesa-dos-direitos-da-mulher-da-camara;Comissão de Defesa dos Direitos da Mulher da Câmara;br-p-cd-220707;Amanda Gentil;Titular;2026-03-10;eleito;;;não;https://dadosabertos.camara.leg.br/api/v2/deputados/220707
br-comissao-de-defesa-dos-direitos-da-mulher-da-camara;Comissão de Defesa dos Direitos da Mulher da Câmara;br-p-cd-220695;Rogéria Santos;Titular;2026-03-10;eleito;;;não;https://dadosabertos.camara.leg.br/api/v2/deputados/220695
br-comissao-de-defesa-dos-direitos-da-mulher-da-camara;Comissão de Defesa dos Direitos da Mulher da Câmara;br-p-cd-220671;Dilvanda Faro;Titular;2026-03-10;eleito;;;não;https://dadosabertos.camara.leg.br/api/v2/deputados/220671
br-comissao-de-defesa-dos-direitos-da-mulher-da-camara;Comissão de Defesa dos Direitos da Mulher da Câmara;br-p-cd-206018;Célia Xakriabá;Titular;2026-03-10;eleito;;;não;https://dadosabertos.camara.leg.br/api/v2/deputados/206018
br-comissao-de-defesa-dos-direitos-da-mulher-da-camara;Comissão de Defesa dos Direitos da Mulher da Câmara;br-p-cd-204462;Chris Tonietto;Titular;2026-03-10;eleito;;;não;https://dadosabertos.camara.leg.br/api/v2/deputados/204462
br-comissao-de-defesa-dos-direitos-da-mulher-da-camara;Comissão de Defesa dos Direitos da Mulher da Câmara;br-p-cd-220665;Clarissa Tércio;Titular;2026-03-10;eleito;;;não;https://dadosabertos.camara.leg.br/api/v2/deputados/220665
br-comissao-de-defesa-dos-direitos-da-mulher-da-camara;Comissão de Defesa dos Direitos da Mulher da Câmara;br-p-cd-204535;Sâmia Bomfim;Titular;2026-03-10;eleito;;;não;https://dadosabertos.camara.leg.br/api/v2/deputados/204535
br-comissao-de-defesa-dos-direitos-da-mulher-da-camara;Comissão de Defesa dos Direitos da Mulher da Câmara;br-p-cd-178908;Delegado Éder Mauro;Titular;2026-03-11;eleito;;;não;https://dadosabertos.camara.leg.br/api/v2/deputados/178908
br-comissao-de-defesa-dos-direitos-da-mulher-da-camara;Comissão de Defesa dos Direitos da Mulher da Câmara;br-p-cd-221338;Professora Luciene Cavalcante;Titular;2026-04-07;eleito;;;não;https://dadosabertos.camara.leg.br/api/v2/deputados/221338
br-comissao-de-defesa-dos-direitos-da-mulher-da-camara;Comissão de Defesa dos Direitos da Mulher da Câmara;br-p-cd-220622;Nely Aquino;Titular;2026-04-22;eleito;;;não;https://dadosabertos.camara.leg.br/api/v2/deputados/220622
br-comissao-de-defesa-dos-direitos-da-mulher-da-camara;Comissão de Defesa dos Direitos da Mulher da Câmara;br-p-cd-220559;Julia Zanatta;Titular;2026-04-23;eleito;;;não;https://dadosabertos.camara.leg.br/api/v2/deputados/220559
br-comissao-de-defesa-dos-direitos-da-mulher-da-camara;Comissão de Defesa dos Direitos da Mulher da Câmara;br-p-cd-230765;Enfermeira Rejane;Titular;2026-05-14;eleito;;;não;https://dadosabertos.camara.leg.br/api/v2/deputados/230765
br-comissao-de-defesa-dos-direitos-da-mulher-da-camara;Comissão de Defesa dos Direitos da Mulher da Câmara;br-p-cd-226075;Priscila Costa;Titular;2026-08-12;eleito;;;não;https://dadosabertos.camara.leg.br/api/v2/deputados/226075
br-comissao-de-defesa-dos-direitos-da-mulher-da-camara;Comissão de Defesa dos Direitos da Mulher da Câmara;br-p-cd-180214;Pastor Diniz;Suplente;2026-03-10;eleito;;;não;https://dadosabertos.camara.leg.br/api/v2/deputados/180214
br-comissao-de-defesa-dos-direitos-da-mulher-da-camara;Comissão de Defesa dos Direitos da Mulher da Câmara;br-p-cd-220704;Carol Dartora;Suplente;2026-03-10;eleito;;;não;https://dadosabertos.camara.leg.br/api/v2/deputados/220704
br-comissao-de-defesa-dos-direitos-da-mulher-da-camara;Comissão de Defesa dos Direitos da Mulher da Câmara;br-p-cd-160598;Flávia Morais;Suplente;2026-03-10;eleito;;;não;https://dadosabertos.camara.leg.br/api/v2/deputados/160598
br-comissao-de-defesa-dos-direitos-da-mulher-da-camara;Comissão de Defesa dos Direitos da Mulher da Câmara;br-p-cd-178929;Diego Garcia;Suplente;2026-03-10;eleito;;;não;https://dadosabertos.camara.leg.br/api/v2/deputados/178929
br-comissao-de-defesa-dos-direitos-da-mulher-da-camara;Comissão de Defesa dos Direitos da Mulher da Câmara;br-p-cd-107970;Ana Paula Leão;Suplente;2026-03-10;eleito;;;não;https://dadosabertos.camara.leg.br/api/v2/deputados/107970
br-comissao-de-defesa-dos-direitos-da-mulher-da-camara;Comissão de Defesa dos Direitos da Mulher da Câmara;br-p-cd-73701;Benedita da Silva;Suplente;2026-03-10;eleito;;;não;https://dadosabertos.camara.leg.br/api/v2/deputados/73701
br-comissao-de-defesa-dos-direitos-da-mulher-da-camara;Comissão de Defesa dos Direitos da Mulher da Câmara;br-p-cd-160575;Erika Kokay;Suplente;2026-03-10;eleito;;;não;https://dadosabertos.camara.leg.br/api/v2/deputados/160575
br-comissao-de-defesa-dos-direitos-da-mulher-da-camara;Comissão de Defesa dos Direitos da Mulher da Câmara;br-p-cd-220551;Franciane Bayer;Suplente;2026-03-10;eleito;;;não;https://dadosabertos.camara.leg.br/api/v2/deputados/220551
br-comissao-de-defesa-dos-direitos-da-mulher-da-camara;Comissão de Defesa dos Direitos da Mulher da Câmara;br-p-cd-220527;Jack Rocha;Suplente;2026-03-10;eleito;;;não;https://dadosabertos.camara.leg.br/api/v2/deputados/220527
br-comissao-de-defesa-dos-direitos-da-mulher-da-camara;Comissão de Defesa dos Direitos da Mulher da Câmara;br-p-cd-204525;Rosana Valle;Suplente;2026-03-11;eleito;;;não;https://dadosabertos.camara.leg.br/api/v2/deputados/204525
br-comissao-de-defesa-dos-direitos-da-mulher-da-camara;Comissão de Defesa dos Direitos da Mulher da Câmara;br-p-cd-220644;Rosangela Moro;Suplente;2026-03-24;eleito;;;não;https://dadosabertos.camara.leg.br/api/v2/deputados/220644
br-comissao-de-defesa-dos-direitos-da-mulher-da-camara;Comissão de Defesa dos Direitos da Mulher da Câmara;br-p-cd-220640;Juliana Cardoso;Suplente;2026-04-07;eleito;;;não;https://dadosabertos.camara.leg.br/api/v2/deputados/220640
br-comissao-de-defesa-dos-direitos-da-mulher-da-camara;Comissão de Defesa dos Direitos da Mulher da Câmara;br-p-cd-220668;Maria Arraes;Suplente;2026-04-17;eleito;;;não;https://dadosabertos.camara.leg.br/api/v2/deputados/220668
br-comissao-de-defesa-dos-direitos-da-mulher-da-camara;Comissão de Defesa dos Direitos da Mulher da Câmara;br-p-cd-220549;Any Ortiz;Suplente;2026-04-17;eleito;;;não;https://dadosabertos.camara.leg.br/api/v2/deputados/220549
br-comissao-de-defesa-dos-direitos-da-mulher-da-camara;Comissão de Defesa dos Direitos da Mulher da Câmara;br-p-cd-204441;Otoni de Paula;Suplente;2026-04-22;eleito;;;não;https://dadosabertos.camara.leg.br/api/v2/deputados/204441
br-comissao-de-defesa-dos-direitos-da-mulher-da-camara;Comissão de Defesa dos Direitos da Mulher da Câmara;br-p-cd-220625;Delegada Ione;Suplente;2026-04-24;eleito;;;não;https://dadosabertos.camara.leg.br/api/v2/deputados/220625
br-comissao-de-defesa-dos-direitos-da-mulher-da-camara;Comissão de Defesa dos Direitos da Mulher da Câmara;br-p-cd-166402;Magda Mofatto;Suplente;2026-05-06;eleito;;;não;https://dadosabertos.camara.leg.br/api/v2/deputados/166402
br-comissao-de-defesa-dos-direitos-da-mulher-da-camara;Comissão de Defesa dos Direitos da Mulher da Câmara;br-p-cd-160642;Pastor Eurico;Suplente;2026-05-06;eleito;;;não;https://dadosabertos.camara.leg.br/api/v2/deputados/160642
br-comissao-de-defesa-dos-direitos-da-mulher-da-camara;Comissão de Defesa dos Direitos da Mulher da Câmara;br-p-cd-220642;Delegado Bruno Lima;Suplente;2026-05-06;eleito;;;não;https://dadosabertos.camara.leg.br/api/v2/deputados/220642
br-comissao-de-defesa-dos-direitos-da-mulher-da-camara;Comissão de Defesa dos Direitos da Mulher da Câmara;br-p-cd-204464;Talíria Petrone;Suplente;2026-05-14;eleito;;;não;https://dadosabertos.camara.leg.br/api/v2/deputados/204464
br-comissao-de-previdencia-assistencia-social-infancia-adolescencia-e-familia-da-camara;Comissão de Previdência, Assistência Social, Infância, Adolescência e Família da Câmara;br-p-cd-220635;Bruno Ganem;Presidente;2026-02-04;eleito;;;não;https://dadosabertos.camara.leg.br/api/v2/deputados/220635
br-comissao-de-previdencia-assistencia-social-infancia-adolescencia-e-familia-da-camara;Comissão de Previdência, Assistência Social, Infância, Adolescência e Família da Câmara;br-p-cd-74856;Laura Carneiro;Titular;2026-02-04;eleito;;;não;https://dadosabertos.camara.leg.br/api/v2/deputados/74856
br-comissao-de-previdencia-assistencia-social-infancia-adolescencia-e-familia-da-camara;Comissão de Previdência, Assistência Social, Infância, Adolescência e Família da Câmara;br-p-cd-220707;Amanda Gentil;Titular;2026-02-04;eleito;;;não;https://dadosabertos.camara.leg.br/api/v2/deputados/220707
br-comissao-de-previdencia-assistencia-social-infancia-adolescencia-e-familia-da-camara;Comissão de Previdência, Assistência Social, Infância, Adolescência e Família da Câmara;br-p-cd-204462;Chris Tonietto;Titular;2026-02-04;eleito;;;não;https://dadosabertos.camara.leg.br/api/v2/deputados/204462
br-comissao-de-previdencia-assistencia-social-infancia-adolescencia-e-familia-da-camara;Comissão de Previdência, Assistência Social, Infância, Adolescência e Família da Câmara;br-p-cd-73701;Benedita da Silva;Titular;2026-02-04;eleito;;;não;https://dadosabertos.camara.leg.br/api/v2/deputados/73701
br-comissao-de-previdencia-assistencia-social-infancia-adolescencia-e-familia-da-camara;Comissão de Previdência, Assistência Social, Infância, Adolescência e Família da Câmara;br-p-cd-204553;Pastor Sargento Isidório;Titular;2026-02-04;eleito;;;não;https://dadosabertos.camara.leg.br/api/v2/deputados/204553
br-comissao-de-previdencia-assistencia-social-infancia-adolescencia-e-familia-da-camara;Comissão de Previdência, Assistência Social, Infância, Adolescência e Família da Câmara;br-p-cd-220665;Clarissa Tércio;Titular;2026-02-04;eleito;;;não;https://dadosabertos.camara.leg.br/api/v2/deputados/220665
br-comissao-de-previdencia-assistencia-social-infancia-adolescencia-e-familia-da-camara;Comissão de Previdência, Assistência Social, Infância, Adolescência e Família da Câmara;br-p-cd-220545;Filipe Martins;Titular;2026-02-04;eleito;;;não;https://dadosabertos.camara.leg.br/api/v2/deputados/220545
br-comissao-de-previdencia-assistencia-social-infancia-adolescencia-e-familia-da-camara;Comissão de Previdência, Assistência Social, Infância, Adolescência e Família da Câmara;br-p-cd-220695;Rogéria Santos;Titular;2026-02-04;eleito;;;não;https://dadosabertos.camara.leg.br/api/v2/deputados/220695
br-comissao-de-previdencia-assistencia-social-infancia-adolescencia-e-familia-da-camara;Comissão de Previdência, Assistência Social, Infância, Adolescência e Família da Câmara;br-p-cd-180214;Pastor Diniz;Titular;2026-02-04;eleito;;;não;https://dadosabertos.camara.leg.br/api/v2/deputados/180214
br-comissao-de-previdencia-assistencia-social-infancia-adolescencia-e-familia-da-camara;Comissão de Previdência, Assistência Social, Infância, Adolescência e Família da Câmara;br-p-cd-220591;Meire Serafim;Titular;2026-02-04;eleito;;;não;https://dadosabertos.camara.leg.br/api/v2/deputados/220591
br-comissao-de-previdencia-assistencia-social-infancia-adolescencia-e-familia-da-camara;Comissão de Previdência, Assistência Social, Infância, Adolescência e Família da Câmara;br-p-cd-220622;Nely Aquino;Titular;2026-03-23;eleito;;;não;https://dadosabertos.camara.leg.br/api/v2/deputados/220622
br-comissao-de-previdencia-assistencia-social-infancia-adolescencia-e-familia-da-camara;Comissão de Previdência, Assistência Social, Infância, Adolescência e Família da Câmara;br-p-cd-215043;Josivaldo Jp;Titular;2026-04-17;eleito;;;não;https://dadosabertos.camara.leg.br/api/v2/deputados/215043
br-comissao-de-previdencia-assistencia-social-infancia-adolescencia-e-familia-da-camara;Comissão de Previdência, Assistência Social, Infância, Adolescência e Família da Câmara;br-p-cd-220676;Andreia Siqueira;Titular;2026-04-22;eleito;;;não;https://dadosabertos.camara.leg.br/api/v2/deputados/220676
br-comissao-de-previdencia-assistencia-social-infancia-adolescencia-e-familia-da-camara;Comissão de Previdência, Assistência Social, Infância, Adolescência e Família da Câmara;br-p-cd-220689;Detinha;Titular;2026-07-01;eleito;;;não;https://dadosabertos.camara.leg.br/api/v2/deputados/220689
br-comissao-de-previdencia-assistencia-social-infancia-adolescencia-e-familia-da-camara;Comissão de Previdência, Assistência Social, Infância, Adolescência e Família da Câmara;br-p-cd-160561;Missionário José Olimpio;Titular;2026-09-02;eleito;;;não;https://dadosabertos.camara.leg.br/api/v2/deputados/160561
br-comissao-de-previdencia-assistencia-social-infancia-adolescencia-e-familia-da-camara;Comissão de Previdência, Assistência Social, Infância, Adolescência e Família da Câmara;br-p-cd-214694;Jorge Goetten;Suplente;2026-02-04;eleito;;;não;https://dadosabertos.camara.leg.br/api/v2/deputados/214694
br-comissao-de-previdencia-assistencia-social-infancia-adolescencia-e-familia-da-camara;Comissão de Previdência, Assistência Social, Infância, Adolescência e Família da Câmara;br-p-cd-220556;Ana Paula Lima;Suplente;2026-02-04;eleito;;;não;https://dadosabertos.camara.leg.br/api/v2/deputados/220556
br-comissao-de-previdencia-assistencia-social-infancia-adolescencia-e-familia-da-camara;Comissão de Previdência, Assistência Social, Infância, Adolescência e Família da Câmara;br-p-cd-160598;Flávia Morais;Suplente;2026-02-04;eleito;;;não;https://dadosabertos.camara.leg.br/api/v2/deputados/160598
br-comissao-de-previdencia-assistencia-social-infancia-adolescencia-e-familia-da-camara;Comissão de Previdência, Assistência Social, Infância, Adolescência e Família da Câmara;br-p-cd-160642;Pastor Eurico;Suplente;2026-02-04;eleito;;;não;https://dadosabertos.camara.leg.br/api/v2/deputados/160642
br-comissao-de-previdencia-assistencia-social-infancia-adolescencia-e-familia-da-camara;Comissão de Previdência, Assistência Social, Infância, Adolescência e Família da Câmara;br-p-cd-220621;Sargento Gonçalves;Suplente;2026-02-04;eleito;;;não;https://dadosabertos.camara.leg.br/api/v2/deputados/220621
br-comissao-de-previdencia-assistencia-social-infancia-adolescencia-e-familia-da-camara;Comissão de Previdência, Assistência Social, Infância, Adolescência e Família da Câmara;br-p-cd-204360;Silvia Cristina;Suplente;2026-02-04;eleito;;;não;https://dadosabertos.camara.leg.br/api/v2/deputados/204360
br-comissao-de-previdencia-assistencia-social-infancia-adolescencia-e-familia-da-camara;Comissão de Previdência, Assistência Social, Infância, Adolescência e Família da Câmara;br-p-cd-220559;Julia Zanatta;Suplente;2026-02-19;eleito;;;não;https://dadosabertos.camara.leg.br/api/v2/deputados/220559
br-comissao-de-previdencia-assistencia-social-infancia-adolescencia-e-familia-da-camara;Comissão de Previdência, Assistência Social, Infância, Adolescência e Família da Câmara;br-p-cd-220687;Márcio Honaiser;Suplente;2026-03-17;eleito;;;não;https://dadosabertos.camara.leg.br/api/v2/deputados/220687
br-comissao-de-previdencia-assistencia-social-infancia-adolescencia-e-familia-da-camara;Comissão de Previdência, Assistência Social, Infância, Adolescência e Família da Câmara;br-p-cd-178832;Leandre;Suplente;2026-04-07;eleito;;;não;https://dadosabertos.camara.leg.br/api/v2/deputados/178832
br-comissao-de-previdencia-assistencia-social-infancia-adolescencia-e-familia-da-camara;Comissão de Previdência, Assistência Social, Infância, Adolescência e Família da Câmara;br-p-cd-204459;Daniela do Waguinho;Suplente;2026-04-07;eleito;;;não;https://dadosabertos.camara.leg.br/api/v2/deputados/204459
br-comissao-de-previdencia-assistencia-social-infancia-adolescencia-e-familia-da-camara;Comissão de Previdência, Assistência Social, Infância, Adolescência e Família da Câmara;br-p-cd-220608;Cristiane Lopes;Suplente;2026-04-07;eleito;;;não;https://dadosabertos.camara.leg.br/api/v2/deputados/220608
br-comissao-de-previdencia-assistencia-social-infancia-adolescencia-e-familia-da-camara;Comissão de Previdência, Assistência Social, Infância, Adolescência e Família da Câmara;br-p-cd-220530;Messias Donato;Suplente;2026-04-17;eleito;;;não;https://dadosabertos.camara.leg.br/api/v2/deputados/220530
br-comissao-de-previdencia-assistencia-social-infancia-adolescencia-e-familia-da-camara;Comissão de Previdência, Assistência Social, Infância, Adolescência e Família da Câmara;br-p-cd-178945;Rosangela Gomes;Suplente;2026-04-23;eleito;;;não;https://dadosabertos.camara.leg.br/api/v2/deputados/178945
br-comissao-de-previdencia-assistencia-social-infancia-adolescencia-e-familia-da-camara;Comissão de Previdência, Assistência Social, Infância, Adolescência e Família da Câmara;br-p-cd-220699;Castro Neto;Suplente;2026-05-20;eleito;;;não;https://dadosabertos.camara.leg.br/api/v2/deputados/220699
br-comissao-de-previdencia-assistencia-social-infancia-adolescencia-e-familia-da-camara;Comissão de Previdência, Assistência Social, Infância, Adolescência e Família da Câmara;br-p-cd-226075;Priscila Costa;Suplente;2026-08-17;eleito;;;não;https://dadosabertos.camara.leg.br/api/v2/deputados/226075
br-comissao-de-defesa-dos-direitos-das-pessoas-com-deficiencia-da-camara;Comissão de Defesa dos Direitos das Pessoas com Deficiência da Câmara;br-p-cd-141533;Rodrigo Rollemberg;Presidente;2026-02-04;eleito;;;não;https://dadosabertos.camara.leg.br/api/v2/deputados/141533
br-comissao-de-defesa-dos-direitos-das-pessoas-com-deficiencia-da-camara;Comissão de Defesa dos Direitos das Pessoas com Deficiência da Câmara;br-p-cd-220688;Dr. Francisco;2º Vice-Presidente;2026-03-17;eleito;;;não;https://dadosabertos.camara.leg.br/api/v2/deputados/220688
br-comissao-de-defesa-dos-direitos-das-pessoas-com-deficiencia-da-camara;Comissão de Defesa dos Direitos das Pessoas com Deficiência da Câmara;br-p-cd-204360;Silvia Cristina;Titular;2026-02-03;eleito;;;não;https://dadosabertos.camara.leg.br/api/v2/deputados/204360
br-comissao-de-defesa-dos-direitos-das-pessoas-com-deficiencia-da-camara;Comissão de Defesa dos Direitos das Pessoas com Deficiência da Câmara;br-p-cd-160512;Aureo Ribeiro;Titular;2026-02-03;eleito;;;não;https://dadosabertos.camara.leg.br/api/v2/deputados/160512
br-comissao-de-defesa-dos-direitos-das-pessoas-com-deficiencia-da-camara;Comissão de Defesa dos Direitos das Pessoas com Deficiência da Câmara;br-p-cd-220687;Márcio Honaiser;Titular;2026-02-03;eleito;;;não;https://dadosabertos.camara.leg.br/api/v2/deputados/220687
br-comissao-de-defesa-dos-direitos-das-pessoas-com-deficiencia-da-camara;Comissão de Defesa dos Direitos das Pessoas com Deficiência da Câmara;br-p-cd-160518;Weliton Prado;Titular;2026-02-03;eleito;;;não;https://dadosabertos.camara.leg.br/api/v2/deputados/160518
br-comissao-de-defesa-dos-direitos-das-pessoas-com-deficiencia-da-camara;Comissão de Defesa dos Direitos das Pessoas com Deficiência da Câmara;br-p-cd-220650;Paulo Alexandre Barbosa;Titular;2026-02-03;eleito;;;não;https://dadosabertos.camara.leg.br/api/v2/deputados/220650
br-comissao-de-defesa-dos-direitos-das-pessoas-com-deficiencia-da-camara;Comissão de Defesa dos Direitos das Pessoas com Deficiência da Câmara;br-p-cd-74374;Geraldo Resende;Titular;2026-02-03;eleito;;;não;https://dadosabertos.camara.leg.br/api/v2/deputados/74374
br-comissao-de-defesa-dos-direitos-das-pessoas-com-deficiencia-da-camara;Comissão de Defesa dos Direitos das Pessoas com Deficiência da Câmara;br-p-cd-178946;Soraya Santos;Titular;2026-02-03;eleito;;;não;https://dadosabertos.camara.leg.br/api/v2/deputados/178946
br-comissao-de-defesa-dos-direitos-das-pessoas-com-deficiencia-da-camara;Comissão de Defesa dos Direitos das Pessoas com Deficiência da Câmara;br-p-cd-220557;Daniela Reinehr;Titular;2026-03-02;eleito;;;não;https://dadosabertos.camara.leg.br/api/v2/deputados/220557
br-comissao-de-defesa-dos-direitos-das-pessoas-com-deficiencia-da-camara;Comissão de Defesa dos Direitos das Pessoas com Deficiência da Câmara;br-p-cd-220607;Max Lemos;Titular;2026-03-03;eleito;;;não;https://dadosabertos.camara.leg.br/api/v2/deputados/220607
br-comissao-de-defesa-dos-direitos-das-pessoas-com-deficiencia-da-camara;Comissão de Defesa dos Direitos das Pessoas com Deficiência da Câmara;br-p-cd-220646;Felipe Becari;Titular;2026-04-06;eleito;;;não;https://dadosabertos.camara.leg.br/api/v2/deputados/220646
br-comissao-de-defesa-dos-direitos-das-pessoas-com-deficiencia-da-camara;Comissão de Defesa dos Direitos das Pessoas com Deficiência da Câmara;br-p-cd-220536;Zé Haroldo Cathedral;Titular;2026-04-17;eleito;;;não;https://dadosabertos.camara.leg.br/api/v2/deputados/220536
br-comissao-de-defesa-dos-direitos-das-pessoas-com-deficiencia-da-camara;Comissão de Defesa dos Direitos das Pessoas com Deficiência da Câmara;br-p-cd-220676;Andreia Siqueira;Titular;2026-04-22;eleito;;;não;https://dadosabertos.camara.leg.br/api/v2/deputados/220676
br-comissao-de-defesa-dos-direitos-das-pessoas-com-deficiencia-da-camara;Comissão de Defesa dos Direitos das Pessoas com Deficiência da Câmara;br-p-cd-81055;Márcio Jerry;Titular;2026-04-28;eleito;;;não;https://dadosabertos.camara.leg.br/api/v2/deputados/81055
br-comissao-de-defesa-dos-direitos-das-pessoas-com-deficiencia-da-camara;Comissão de Defesa dos Direitos das Pessoas com Deficiência da Câmara;br-p-cd-115200;Raniery Paulino;Titular;2026-06-02;eleito;;;não;https://dadosabertos.camara.leg.br/api/v2/deputados/115200
br-comissao-de-defesa-dos-direitos-das-pessoas-com-deficiencia-da-camara;Comissão de Defesa dos Direitos das Pessoas com Deficiência da Câmara;br-p-cd-225846;Itamar Paim;Titular;2026-06-17;eleito;;;não;https://dadosabertos.camara.leg.br/api/v2/deputados/225846
br-comissao-de-defesa-dos-direitos-das-pessoas-com-deficiencia-da-camara;Comissão de Defesa dos Direitos das Pessoas com Deficiência da Câmara;br-p-cd-204409;Daniel Trzeciak;Suplente;2026-02-03;eleito;;;não;https://dadosabertos.camara.leg.br/api/v2/deputados/204409
br-comissao-de-defesa-dos-direitos-das-pessoas-com-deficiencia-da-camara;Comissão de Defesa dos Direitos das Pessoas com Deficiência da Câmara;br-p-cd-220691;Diego Coronel;Suplente;2026-02-03;eleito;;;não;https://dadosabertos.camara.leg.br/api/v2/deputados/220691
br-comissao-de-defesa-dos-direitos-das-pessoas-com-deficiencia-da-camara;Comissão de Defesa dos Direitos das Pessoas com Deficiência da Câmara;br-p-cd-220708;Gabriel Nunes;Suplente;2026-02-03;eleito;;;não;https://dadosabertos.camara.leg.br/api/v2/deputados/220708
br-comissao-de-defesa-dos-direitos-das-pessoas-com-deficiencia-da-camara;Comissão de Defesa dos Direitos das Pessoas com Deficiência da Câmara;br-p-cd-220715;Amom Mandel;Suplente;2026-02-03;eleito;;;não;https://dadosabertos.camara.leg.br/api/v2/deputados/220715
br-comissao-de-defesa-dos-direitos-das-pessoas-com-deficiencia-da-camara;Comissão de Defesa dos Direitos das Pessoas com Deficiência da Câmara;br-p-cd-204362;Ricardo Guidi;Suplente;2026-02-03;eleito;;;não;https://dadosabertos.camara.leg.br/api/v2/deputados/204362
br-comissao-de-defesa-dos-direitos-das-pessoas-com-deficiencia-da-camara;Comissão de Defesa dos Direitos das Pessoas com Deficiência da Câmara;br-p-cd-178985;Miguel Lombardi;Suplente;2026-02-03;eleito;;;não;https://dadosabertos.camara.leg.br/api/v2/deputados/178985
br-comissao-de-defesa-dos-direitos-das-pessoas-com-deficiencia-da-camara;Comissão de Defesa dos Direitos das Pessoas com Deficiência da Câmara;br-p-cd-178983;Marcio Alvino;Suplente;2026-02-03;eleito;;;não;https://dadosabertos.camara.leg.br/api/v2/deputados/178983
br-comissao-de-defesa-dos-direitos-das-pessoas-com-deficiencia-da-camara;Comissão de Defesa dos Direitos das Pessoas com Deficiência da Câmara;br-p-cd-160598;Flávia Morais;Suplente;2026-02-03;eleito;;;não;https://dadosabertos.camara.leg.br/api/v2/deputados/160598
br-comissao-de-defesa-dos-direitos-das-pessoas-com-deficiencia-da-camara;Comissão de Defesa dos Direitos das Pessoas com Deficiência da Câmara;br-p-cd-220665;Clarissa Tércio;Suplente;2026-02-03;eleito;;;não;https://dadosabertos.camara.leg.br/api/v2/deputados/220665
br-comissao-de-defesa-dos-direitos-das-pessoas-com-deficiencia-da-camara;Comissão de Defesa dos Direitos das Pessoas com Deficiência da Câmara;br-p-cd-160575;Erika Kokay;Suplente;2026-02-03;eleito;;;não;https://dadosabertos.camara.leg.br/api/v2/deputados/160575
br-comissao-de-defesa-dos-direitos-das-pessoas-com-deficiencia-da-camara;Comissão de Defesa dos Direitos das Pessoas com Deficiência da Câmara;br-p-cd-74371;Rubens Otoni;Suplente;2026-02-03;eleito;;;não;https://dadosabertos.camara.leg.br/api/v2/deputados/74371
br-comissao-de-defesa-dos-direitos-das-pessoas-com-deficiencia-da-camara;Comissão de Defesa dos Direitos das Pessoas com Deficiência da Câmara;br-p-cd-220547;Marcos Pollon;Suplente;2026-02-03;eleito;;;não;https://dadosabertos.camara.leg.br/api/v2/deputados/220547
br-comissao-de-defesa-dos-direitos-das-pessoas-com-deficiencia-da-camara;Comissão de Defesa dos Direitos das Pessoas com Deficiência da Câmara;br-p-cd-204540;Maria Rosas;Suplente;2026-03-04;eleito;;;não;https://dadosabertos.camara.leg.br/api/v2/deputados/204540
br-comissao-de-defesa-dos-direitos-das-pessoas-com-deficiencia-da-camara;Comissão de Defesa dos Direitos das Pessoas com Deficiência da Câmara;br-p-cd-220597;Thiago Flores;Suplente;2026-03-06;eleito;;;não;https://dadosabertos.camara.leg.br/api/v2/deputados/220597
br-comissao-de-defesa-dos-direitos-das-pessoas-com-deficiencia-da-camara;Comissão de Defesa dos Direitos das Pessoas com Deficiência da Câmara;br-p-cd-220640;Juliana Cardoso;Suplente;2026-04-17;eleito;;;não;https://dadosabertos.camara.leg.br/api/v2/deputados/220640
br-comissao-de-defesa-dos-direitos-das-pessoas-com-deficiencia-da-camara;Comissão de Defesa dos Direitos das Pessoas com Deficiência da Câmara;br-p-cd-220674;Dra. Alessandra Haber;Suplente;2026-05-06;eleito;;;não;https://dadosabertos.camara.leg.br/api/v2/deputados/220674
br-comissao-da-amazonia-e-dos-povos-originarios-e-tradicionais-da-camara;Comissão da Amazônia e dos Povos Originários e Tradicionais da Câmara;br-p-cd-220640;Juliana Cardoso;Presidente;2026-02-04;eleito;;;não;https://dadosabertos.camara.leg.br/api/v2/deputados/220640
br-comissao-da-amazonia-e-dos-povos-originarios-e-tradicionais-da-camara;Comissão da Amazônia e dos Povos Originários e Tradicionais da Câmara;br-p-cd-204495;Airton Faleiro;1º Vice-Presidente;2026-02-10;eleito;;;não;https://dadosabertos.camara.leg.br/api/v2/deputados/204495
br-comissao-da-amazonia-e-dos-povos-originarios-e-tradicionais-da-camara;Comissão da Amazônia e dos Povos Originários e Tradicionais da Câmara;br-p-cd-74171;Chico Alencar;2º Vice-Presidente;2026-02-10;eleito;;;não;https://dadosabertos.camara.leg.br/api/v2/deputados/74171
br-comissao-da-amazonia-e-dos-povos-originarios-e-tradicionais-da-camara;Comissão da Amazônia e dos Povos Originários e Tradicionais da Câmara;br-p-cd-220573;Dorinaldo Malafaia;3º Vice-Presidente;2026-02-10;eleito;;;não;https://dadosabertos.camara.leg.br/api/v2/deputados/220573
br-comissao-da-amazonia-e-dos-povos-originarios-e-tradicionais-da-camara;Comissão da Amazônia e dos Povos Originários e Tradicionais da Câmara;br-p-cd-221148;Alfredinho;Titular;2026-02-05;eleito;;;não;https://dadosabertos.camara.leg.br/api/v2/deputados/221148
br-comissao-da-amazonia-e-dos-povos-originarios-e-tradicionais-da-camara;Comissão da Amazônia e dos Povos Originários e Tradicionais da Câmara;br-p-cd-220671;Dilvanda Faro;Titular;2026-02-09;eleito;;;não;https://dadosabertos.camara.leg.br/api/v2/deputados/220671
br-comissao-da-amazonia-e-dos-povos-originarios-e-tradicionais-da-camara;Comissão da Amazônia e dos Povos Originários e Tradicionais da Câmara;br-p-cd-220629;Dandara;Titular;2026-02-10;eleito;;;não;https://dadosabertos.camara.leg.br/api/v2/deputados/220629
br-comissao-da-amazonia-e-dos-povos-originarios-e-tradicionais-da-camara;Comissão da Amazônia e dos Povos Originários e Tradicionais da Câmara;br-p-cd-204378;Coronel Chrisóstomo;Titular;2026-03-04;eleito;;;não;https://dadosabertos.camara.leg.br/api/v2/deputados/204378
br-comissao-da-amazonia-e-dos-povos-originarios-e-tradicionais-da-camara;Comissão da Amazônia e dos Povos Originários e Tradicionais da Câmara;br-p-cd-220643;Sônia Guajajara;Titular;2026-04-06;eleito;;;não;https://dadosabertos.camara.leg.br/api/v2/deputados/220643
br-comissao-da-amazonia-e-dos-povos-originarios-e-tradicionais-da-camara;Comissão da Amazônia e dos Povos Originários e Tradicionais da Câmara;br-p-cd-206018;Célia Xakriabá;Titular;2026-04-22;eleito;;;não;https://dadosabertos.camara.leg.br/api/v2/deputados/206018
br-comissao-da-amazonia-e-dos-povos-originarios-e-tradicionais-da-camara;Comissão da Amazônia e dos Povos Originários e Tradicionais da Câmara;br-p-cd-74075;Elcione Barbalho;Suplente;2026-02-04;eleito;;;não;https://dadosabertos.camara.leg.br/api/v2/deputados/74075
br-comissao-da-amazonia-e-dos-povos-originarios-e-tradicionais-da-camara;Comissão da Amazônia e dos Povos Originários e Tradicionais da Câmara;br-p-cd-104552;Socorro Neri;Suplente;2026-02-04;eleito;;;não;https://dadosabertos.camara.leg.br/api/v2/deputados/104552
br-comissao-da-amazonia-e-dos-povos-originarios-e-tradicionais-da-camara;Comissão da Amazônia e dos Povos Originários e Tradicionais da Câmara;br-p-cd-220592;Zezinho Barbary;Suplente;2026-02-04;eleito;;;não;https://dadosabertos.camara.leg.br/api/v2/deputados/220592
br-comissao-da-amazonia-e-dos-povos-originarios-e-tradicionais-da-camara;Comissão da Amazônia e dos Povos Originários e Tradicionais da Câmara;br-p-cd-220539;Defensor Stélio Dener;Suplente;2026-02-04;eleito;;;não;https://dadosabertos.camara.leg.br/api/v2/deputados/220539
br-comissao-da-amazonia-e-dos-povos-originarios-e-tradicionais-da-camara;Comissão da Amazônia e dos Povos Originários e Tradicionais da Câmara;br-p-cd-204492;Paulo Guedes;Suplente;2026-02-04;eleito;;;não;https://dadosabertos.camara.leg.br/api/v2/deputados/204492
br-comissao-da-amazonia-e-dos-povos-originarios-e-tradicionais-da-camara;Comissão da Amazônia e dos Povos Originários e Tradicionais da Câmara;br-p-cd-220554;Alexandre Lindenmeyer;Suplente;2026-02-04;eleito;;;não;https://dadosabertos.camara.leg.br/api/v2/deputados/220554
br-comissao-da-amazonia-e-dos-povos-originarios-e-tradicionais-da-camara;Comissão da Amazônia e dos Povos Originários e Tradicionais da Câmara;br-p-cd-220591;Meire Serafim;Suplente;2026-02-23;eleito;;;não;https://dadosabertos.camara.leg.br/api/v2/deputados/220591
br-comissao-da-amazonia-e-dos-povos-originarios-e-tradicionais-da-camara;Comissão da Amazônia e dos Povos Originários e Tradicionais da Câmara;br-p-cd-141533;Rodrigo Rollemberg;Suplente;2026-05-12;eleito;;;não;https://dadosabertos.camara.leg.br/api/v2/deputados/141533
br-comissao-de-relacoes-exteriores-e-de-defesa-nacional-da-camara;Comissão de Relações Exteriores e de Defesa Nacional da Câmara;br-p-cd-204526;Luiz Philippe de Orleans e Bragança;Presidente;2026-02-03;eleito;;;não;https://dadosabertos.camara.leg.br/api/v2/deputados/204526
br-comissao-de-relacoes-exteriores-e-de-defesa-nacional-da-camara;Comissão de Relações Exteriores e de Defesa Nacional da Câmara;br-p-cd-204473;General Girão;1º Vice-Presidente;2026-03-04;eleito;;;não;https://dadosabertos.camara.leg.br/api/v2/deputados/204473
br-comissao-de-relacoes-exteriores-e-de-defesa-nacional-da-camara;Comissão de Relações Exteriores e de Defesa Nacional da Câmara;br-p-cd-156190;Marcel van Hattem;2º Vice-Presidente;2026-03-04;eleito;;;não;https://dadosabertos.camara.leg.br/api/v2/deputados/156190
br-comissao-de-relacoes-exteriores-e-de-defesa-nacional-da-camara;Comissão de Relações Exteriores e de Defesa Nacional da Câmara;br-p-cd-178871;Evair Vieira de Melo;3º Vice-Presidente;2026-03-04;eleito;;;não;https://dadosabertos.camara.leg.br/api/v2/deputados/178871
br-comissao-de-relacoes-exteriores-e-de-defesa-nacional-da-camara;Comissão de Relações Exteriores e de Defesa Nacional da Câmara;br-p-cd-74090;Átila Lins;Titular;2026-02-03;eleito;;;não;https://dadosabertos.camara.leg.br/api/v2/deputados/74090
br-comissao-de-relacoes-exteriores-e-de-defesa-nacional-da-camara;Comissão de Relações Exteriores e de Defesa Nacional da Câmara;br-p-cd-74537;Claudio Cajado;Titular;2026-02-03;eleito;;;não;https://dadosabertos.camara.leg.br/api/v2/deputados/74537
br-comissao-de-relacoes-exteriores-e-de-defesa-nacional-da-camara;Comissão de Relações Exteriores e de Defesa Nacional da Câmara;br-p-cd-73441;Celso Russomanno;Titular;2026-02-03;eleito;;;não;https://dadosabertos.camara.leg.br/api/v2/deputados/73441
br-comissao-de-relacoes-exteriores-e-de-defesa-nacional-da-camara;Comissão de Relações Exteriores e de Defesa Nacional da Câmara;br-p-cd-73768;Dilceu Sperafico;Titular;2026-02-03;eleito;;;não;https://dadosabertos.camara.leg.br/api/v2/deputados/73768
br-comissao-de-relacoes-exteriores-e-de-defesa-nacional-da-camara;Comissão de Relações Exteriores e de Defesa Nacional da Câmara;br-p-cd-74554;José Rocha;Titular;2026-02-03;eleito;;;não;https://dadosabertos.camara.leg.br/api/v2/deputados/74554
br-comissao-de-relacoes-exteriores-e-de-defesa-nacional-da-camara;Comissão de Relações Exteriores e de Defesa Nacional da Câmara;br-p-cd-150418;Márcio Marinho;Titular;2026-02-03;eleito;;;não;https://dadosabertos.camara.leg.br/api/v2/deputados/150418
br-comissao-de-relacoes-exteriores-e-de-defesa-nacional-da-camara;Comissão de Relações Exteriores e de Defesa Nacional da Câmara;br-p-cd-92776;Stefano Aguiar;Titular;2026-02-03;eleito;;;não;https://dadosabertos.camara.leg.br/api/v2/deputados/92776
br-comissao-de-relacoes-exteriores-e-de-defesa-nacional-da-camara;Comissão de Relações Exteriores e de Defesa Nacional da Câmara;br-p-cd-74646;Aécio Neves;Titular;2026-02-03;eleito;;;não;https://dadosabertos.camara.leg.br/api/v2/deputados/74646
br-comissao-de-relacoes-exteriores-e-de-defesa-nacional-da-camara;Comissão de Relações Exteriores e de Defesa Nacional da Câmara;br-p-cd-160548;Jonas Donizette;Titular;2026-02-03;eleito;;;não;https://dadosabertos.camara.leg.br/api/v2/deputados/160548
br-comissao-de-relacoes-exteriores-e-de-defesa-nacional-da-camara;Comissão de Relações Exteriores e de Defesa Nacional da Câmara;br-p-cd-178975;Baleia Rossi;Titular;2026-02-03;eleito;;;não;https://dadosabertos.camara.leg.br/api/v2/deputados/178975
br-comissao-de-relacoes-exteriores-e-de-defesa-nacional-da-camara;Comissão de Relações Exteriores e de Defesa Nacional da Câmara;br-p-cd-220599;Marcelo Crivella;Titular;2026-02-03;eleito;;;não;https://dadosabertos.camara.leg.br/api/v2/deputados/220599
br-comissao-de-relacoes-exteriores-e-de-defesa-nacional-da-camara;Comissão de Relações Exteriores e de Defesa Nacional da Câmara;br-p-cd-220655;Mario Frias;Titular;2026-02-03;eleito;;;não;https://dadosabertos.camara.leg.br/api/v2/deputados/220655
br-comissao-de-relacoes-exteriores-e-de-defesa-nacional-da-camara;Comissão de Relações Exteriores e de Defesa Nacional da Câmara;br-p-cd-73433;Arlindo Chinaglia;Titular;2026-02-03;eleito;;;não;https://dadosabertos.camara.leg.br/api/v2/deputados/73433
br-comissao-de-relacoes-exteriores-e-de-defesa-nacional-da-camara;Comissão de Relações Exteriores e de Defesa Nacional da Câmara;br-p-cd-141398;Carlos Zarattini;Titular;2026-02-03;eleito;;;não;https://dadosabertos.camara.leg.br/api/v2/deputados/141398
br-comissao-de-relacoes-exteriores-e-de-defesa-nacional-da-camara;Comissão de Relações Exteriores e de Defesa Nacional da Câmara;br-p-cd-191923;Flávio Nogueira;Titular;2026-02-03;eleito;;;não;https://dadosabertos.camara.leg.br/api/v2/deputados/191923
br-comissao-de-relacoes-exteriores-e-de-defesa-nacional-da-camara;Comissão de Relações Exteriores e de Defesa Nacional da Câmara;br-p-cd-204411;Filipe Barros;Titular;2026-02-03;eleito;;;não;https://dadosabertos.camara.leg.br/api/v2/deputados/204411
br-comissao-de-relacoes-exteriores-e-de-defesa-nacional-da-camara;Comissão de Relações Exteriores e de Defesa Nacional da Câmara;br-p-cd-74273;Jefferson Campos;Titular;2026-02-03;eleito;;;não;https://dadosabertos.camara.leg.br/api/v2/deputados/74273
br-comissao-de-relacoes-exteriores-e-de-defesa-nacional-da-camara;Comissão de Relações Exteriores e de Defesa Nacional da Câmara;br-p-cd-160600;Arthur Oliveira Maia;Titular;2026-02-03;eleito;;;não;https://dadosabertos.camara.leg.br/api/v2/deputados/160600
br-comissao-de-relacoes-exteriores-e-de-defesa-nacional-da-camara;Comissão de Relações Exteriores e de Defesa Nacional da Câmara;br-p-cd-220564;Yandra Moura;Titular;2026-02-03;eleito;;;não;https://dadosabertos.camara.leg.br/api/v2/deputados/220564
br-comissao-de-relacoes-exteriores-e-de-defesa-nacional-da-camara;Comissão de Relações Exteriores e de Defesa Nacional da Câmara;br-p-cd-160640;Eros Biondini;Titular;2026-02-03;eleito;;;não;https://dadosabertos.camara.leg.br/api/v2/deputados/160640
br-comissao-de-relacoes-exteriores-e-de-defesa-nacional-da-camara;Comissão de Relações Exteriores e de Defesa Nacional da Câmara;br-p-cd-178876;Célio Silveira;Titular;2026-02-11;eleito;;;não;https://dadosabertos.camara.leg.br/api/v2/deputados/178876
br-comissao-de-relacoes-exteriores-e-de-defesa-nacional-da-camara;Comissão de Relações Exteriores e de Defesa Nacional da Câmara;br-p-cd-141555;Vinicius Carvalho;Titular;2026-03-17;eleito;;;não;https://dadosabertos.camara.leg.br/api/v2/deputados/141555
br-comissao-de-relacoes-exteriores-e-de-defesa-nacional-da-camara;Comissão de Relações Exteriores e de Defesa Nacional da Câmara;br-p-cd-165470;Rodrigo Valadares;Titular;2026-04-07;eleito;;;não;https://dadosabertos.camara.leg.br/api/v2/deputados/165470
br-comissao-de-relacoes-exteriores-e-de-defesa-nacional-da-camara;Comissão de Relações Exteriores e de Defesa Nacional da Câmara;br-p-cd-220637;Marina Silva;Titular;2026-04-22;eleito;;;não;https://dadosabertos.camara.leg.br/api/v2/deputados/220637
br-comissao-de-relacoes-exteriores-e-de-defesa-nacional-da-camara;Comissão de Relações Exteriores e de Defesa Nacional da Câmara;br-p-cd-204394;Gervásio Maia;Titular;2026-04-22;eleito;;;não;https://dadosabertos.camara.leg.br/api/v2/deputados/204394
br-comissao-de-relacoes-exteriores-e-de-defesa-nacional-da-camara;Comissão de Relações Exteriores e de Defesa Nacional da Câmara;br-p-cd-220566;Lêda Borges;Titular;2026-04-22;eleito;;;não;https://dadosabertos.camara.leg.br/api/v2/deputados/220566
br-comissao-de-relacoes-exteriores-e-de-defesa-nacional-da-camara;Comissão de Relações Exteriores e de Defesa Nacional da Câmara;br-p-cd-160642;Pastor Eurico;Titular;2026-04-22;eleito;;;não;https://dadosabertos.camara.leg.br/api/v2/deputados/160642
br-comissao-de-relacoes-exteriores-e-de-defesa-nacional-da-camara;Comissão de Relações Exteriores e de Defesa Nacional da Câmara;br-p-cd-220642;Delegado Bruno Lima;Titular;2026-06-09;eleito;;;não;https://dadosabertos.camara.leg.br/api/v2/deputados/220642
br-comissao-de-relacoes-exteriores-e-de-defesa-nacional-da-camara;Comissão de Relações Exteriores e de Defesa Nacional da Câmara;br-p-cd-220590;Coronel Ulysses;Suplente;2026-02-03;eleito;;;não;https://dadosabertos.camara.leg.br/api/v2/deputados/220590
br-comissao-de-relacoes-exteriores-e-de-defesa-nacional-da-camara;Comissão de Relações Exteriores e de Defesa Nacional da Câmara;br-p-cd-162332;Luiz Nishimori;Suplente;2026-02-03;eleito;;;não;https://dadosabertos.camara.leg.br/api/v2/deputados/162332
br-comissao-de-relacoes-exteriores-e-de-defesa-nacional-da-camara;Comissão de Relações Exteriores e de Defesa Nacional da Câmara;br-p-cd-220633;Ricardo Salles;Suplente;2026-02-03;eleito;;;não;https://dadosabertos.camara.leg.br/api/v2/deputados/220633
br-comissao-de-relacoes-exteriores-e-de-defesa-nacional-da-camara;Comissão de Relações Exteriores e de Defesa Nacional da Câmara;br-p-cd-204444;Helio Lopes;Suplente;2026-02-03;eleito;;;não;https://dadosabertos.camara.leg.br/api/v2/deputados/204444
br-comissao-de-relacoes-exteriores-e-de-defesa-nacional-da-camara;Comissão de Relações Exteriores e de Defesa Nacional da Câmara;br-p-cd-73778;Luiz Carlos Hauly;Suplente;2026-02-03;eleito;;;não;https://dadosabertos.camara.leg.br/api/v2/deputados/73778
br-comissao-de-relacoes-exteriores-e-de-defesa-nacional-da-camara;Comissão de Relações Exteriores e de Defesa Nacional da Câmara;br-p-cd-213762;Carla Dickson;Suplente;2026-02-03;eleito;;;não;https://dadosabertos.camara.leg.br/api/v2/deputados/213762
br-comissao-de-relacoes-exteriores-e-de-defesa-nacional-da-camara;Comissão de Relações Exteriores e de Defesa Nacional da Câmara;br-p-cd-204404;Lucas Redecker;Suplente;2026-02-03;eleito;;;não;https://dadosabertos.camara.leg.br/api/v2/deputados/204404
br-comissao-de-relacoes-exteriores-e-de-defesa-nacional-da-camara;Comissão de Relações Exteriores e de Defesa Nacional da Câmara;br-p-cd-220568;Gustavo Gayer;Suplente;2026-02-03;eleito;;;não;https://dadosabertos.camara.leg.br/api/v2/deputados/220568
br-comissao-de-relacoes-exteriores-e-de-defesa-nacional-da-camara;Comissão de Relações Exteriores e de Defesa Nacional da Câmara;br-p-cd-220557;Daniela Reinehr;Suplente;2026-02-03;eleito;;;não;https://dadosabertos.camara.leg.br/api/v2/deputados/220557
br-comissao-de-relacoes-exteriores-e-de-defesa-nacional-da-camara;Comissão de Relações Exteriores e de Defesa Nacional da Câmara;br-p-cd-73604;Rui Falcão;Suplente;2026-02-03;eleito;;;não;https://dadosabertos.camara.leg.br/api/v2/deputados/73604
br-comissao-de-relacoes-exteriores-e-de-defesa-nacional-da-camara;Comissão de Relações Exteriores e de Defesa Nacional da Câmara;br-p-cd-220712;Fausto Jr.;Suplente;2026-02-03;eleito;;;não;https://dadosabertos.camara.leg.br/api/v2/deputados/220712
br-comissao-de-relacoes-exteriores-e-de-defesa-nacional-da-camara;Comissão de Relações Exteriores e de Defesa Nacional da Câmara;br-p-cd-178835;Afonso Motta;Suplente;2026-02-03;eleito;;;não;https://dadosabertos.camara.leg.br/api/v2/deputados/178835
br-comissao-de-relacoes-exteriores-e-de-defesa-nacional-da-camara;Comissão de Relações Exteriores e de Defesa Nacional da Câmara;br-p-cd-221328;Adilson Barroso;Suplente;2026-02-03;eleito;;;não;https://dadosabertos.camara.leg.br/api/v2/deputados/221328
br-comissao-de-relacoes-exteriores-e-de-defesa-nacional-da-camara;Comissão de Relações Exteriores e de Defesa Nacional da Câmara;br-p-cd-204387;Sargento Fahur;Suplente;2026-02-03;eleito;;;não;https://dadosabertos.camara.leg.br/api/v2/deputados/204387
br-comissao-de-relacoes-exteriores-e-de-defesa-nacional-da-camara;Comissão de Relações Exteriores e de Defesa Nacional da Câmara;br-p-cd-205550;Jorge Braz;Suplente;2026-02-03;eleito;;;não;https://dadosabertos.camara.leg.br/api/v2/deputados/205550
br-comissao-de-relacoes-exteriores-e-de-defesa-nacional-da-camara;Comissão de Relações Exteriores e de Defesa Nacional da Câmara;br-p-cd-220538;Albuquerque;Suplente;2026-02-03;eleito;;;não;https://dadosabertos.camara.leg.br/api/v2/deputados/220538
br-comissao-de-relacoes-exteriores-e-de-defesa-nacional-da-camara;Comissão de Relações Exteriores e de Defesa Nacional da Câmara;br-p-cd-160592;Zeca Dirceu;Suplente;2026-02-03;eleito;;;não;https://dadosabertos.camara.leg.br/api/v2/deputados/160592
br-comissao-de-relacoes-exteriores-e-de-defesa-nacional-da-camara;Comissão de Relações Exteriores e de Defesa Nacional da Câmara;br-p-cd-204501;Alencar Santana;Suplente;2026-02-03;eleito;;;não;https://dadosabertos.camara.leg.br/api/v2/deputados/204501
br-comissao-de-relacoes-exteriores-e-de-defesa-nacional-da-camara;Comissão de Relações Exteriores e de Defesa Nacional da Câmara;br-p-cd-220700;Florentino Neto;Suplente;2026-02-03;eleito;;;não;https://dadosabertos.camara.leg.br/api/v2/deputados/220700
br-comissao-de-relacoes-exteriores-e-de-defesa-nacional-da-camara;Comissão de Relações Exteriores e de Defesa Nacional da Câmara;br-p-cd-171786;Miguel Ângelo;Suplente;2026-02-03;eleito;;;não;https://dadosabertos.camara.leg.br/api/v2/deputados/171786
br-comissao-de-relacoes-exteriores-e-de-defesa-nacional-da-camara;Comissão de Relações Exteriores e de Defesa Nacional da Câmara;br-p-cd-220583;Delegado Fabio Costa;Suplente;2026-02-03;eleito;;;não;https://dadosabertos.camara.leg.br/api/v2/deputados/220583
br-comissao-de-relacoes-exteriores-e-de-defesa-nacional-da-camara;Comissão de Relações Exteriores e de Defesa Nacional da Câmara;br-p-cd-160601;Pr. Marco Feliciano;Suplente;2026-02-03;eleito;;;não;https://dadosabertos.camara.leg.br/api/v2/deputados/160601
br-comissao-de-relacoes-exteriores-e-de-defesa-nacional-da-camara;Comissão de Relações Exteriores e de Defesa Nacional da Câmara;br-p-cd-220554;Alexandre Lindenmeyer;Suplente;2026-03-25;eleito;;;não;https://dadosabertos.camara.leg.br/api/v2/deputados/220554
br-comissao-de-relacoes-exteriores-e-de-defesa-nacional-da-camara;Comissão de Relações Exteriores e de Defesa Nacional da Câmara;br-p-cd-220664;Guilherme Uchoa;Suplente;2026-04-17;eleito;;;não;https://dadosabertos.camara.leg.br/api/v2/deputados/220664
br-comissao-de-relacoes-exteriores-e-de-defesa-nacional-da-camara;Comissão de Relações Exteriores e de Defesa Nacional da Câmara;br-p-cd-66828;Fausto Pinato;Suplente;2026-04-22;eleito;;;não;https://dadosabertos.camara.leg.br/api/v2/deputados/66828
br-comissao-de-relacoes-exteriores-e-de-defesa-nacional-da-camara;Comissão de Relações Exteriores e de Defesa Nacional da Câmara;br-p-cd-220576;Alfredo Gaspar;Suplente;2026-04-23;eleito;;;não;https://dadosabertos.camara.leg.br/api/v2/deputados/220576
br-comissao-de-relacoes-exteriores-e-de-defesa-nacional-da-camara;Comissão de Relações Exteriores e de Defesa Nacional da Câmara;br-p-cd-220574;Cabo Gilberto Silva;Suplente;2026-07-01;eleito;;;não;https://dadosabertos.camara.leg.br/api/v2/deputados/220574
br-comissao-de-relacoes-exteriores-e-de-defesa-nacional-da-camara;Comissão de Relações Exteriores e de Defesa Nacional da Câmara;br-p-cd-220611;General Pazuello;Suplente;2026-08-12;eleito;;;não;https://dadosabertos.camara.leg.br/api/v2/deputados/220611
br-comissao-de-relacoes-exteriores-e-de-defesa-nacional-da-camara;Comissão de Relações Exteriores e de Defesa Nacional da Câmara;br-p-cd-204535;Sâmia Bomfim;Suplente;2026-08-17;eleito;;;não;https://dadosabertos.camara.leg.br/api/v2/deputados/204535
br-comissao-de-saude-da-camara;Comissão de Saúde da Câmara;br-p-cd-160673;Giovani Cherini;Presidente;2026-02-04;eleito;;;não;https://dadosabertos.camara.leg.br/api/v2/deputados/160673
br-comissao-de-saude-da-camara;Comissão de Saúde da Câmara;br-p-cd-220620;Rosângela Reis;1º Vice-Presidente;2026-03-11;eleito;;;não;https://dadosabertos.camara.leg.br/api/v2/deputados/220620
br-comissao-de-saude-da-camara;Comissão de Saúde da Câmara;br-p-cd-220626;Rafael Simoes;3º Vice-Presidente;2026-03-11;eleito;;;não;https://dadosabertos.camara.leg.br/api/v2/deputados/220626
br-comissao-de-saude-da-camara;Comissão de Saúde da Câmara;br-p-cd-204406;Pedro Westphalen;2º Vice-Presidente;2026-03-18;eleito;;;não;https://dadosabertos.camara.leg.br/api/v2/deputados/204406
br-comissao-de-saude-da-camara;Comissão de Saúde da Câmara;br-p-cd-204423;André Ferreira;Titular;2026-02-03;eleito;;;não;https://dadosabertos.camara.leg.br/api/v2/deputados/204423
br-comissao-de-saude-da-camara;Comissão de Saúde da Câmara;br-p-cd-204539;Hercílio Coelho Diniz;Titular;2026-02-03;eleito;;;não;https://dadosabertos.camara.leg.br/api/v2/deputados/204539
br-comissao-de-saude-da-camara;Comissão de Saúde da Câmara;br-p-cd-220570;Dr. Ismael Alexandrino;Titular;2026-02-03;eleito;;;não;https://dadosabertos.camara.leg.br/api/v2/deputados/220570
br-comissao-de-saude-da-camara;Comissão de Saúde da Câmara;br-p-cd-160598;Flávia Morais;Titular;2026-02-03;eleito;;;não;https://dadosabertos.camara.leg.br/api/v2/deputados/160598
br-comissao-de-saude-da-camara;Comissão de Saúde da Câmara;br-p-cd-178876;Célio Silveira;Titular;2026-02-03;eleito;;;não;https://dadosabertos.camara.leg.br/api/v2/deputados/178876
br-comissao-de-saude-da-camara;Comissão de Saúde da Câmara;br-p-cd-204351;Dr. Luiz Ovando;Titular;2026-02-03;eleito;;;não;https://dadosabertos.camara.leg.br/api/v2/deputados/204351
br-comissao-de-saude-da-camara;Comissão de Saúde da Câmara;br-p-cd-204360;Silvia Cristina;Titular;2026-02-03;eleito;;;não;https://dadosabertos.camara.leg.br/api/v2/deputados/204360
br-comissao-de-saude-da-camara;Comissão de Saúde da Câmara;br-p-cd-204518;Dr. Frederico;Titular;2026-02-03;eleito;;;não;https://dadosabertos.camara.leg.br/api/v2/deputados/204518
br-comissao-de-saude-da-camara;Comissão de Saúde da Câmara;br-p-cd-204489;Robério Monteiro;Titular;2026-02-03;eleito;;;não;https://dadosabertos.camara.leg.br/api/v2/deputados/204489
br-comissao-de-saude-da-camara;Comissão de Saúde da Câmara;br-p-cd-220573;Dorinaldo Malafaia;Titular;2026-02-03;eleito;;;não;https://dadosabertos.camara.leg.br/api/v2/deputados/220573
br-comissao-de-saude-da-camara;Comissão de Saúde da Câmara;br-p-cd-220544;Antonio Andrade;Titular;2026-02-03;eleito;;;não;https://dadosabertos.camara.leg.br/api/v2/deputados/220544
br-comissao-de-saude-da-camara;Comissão de Saúde da Câmara;br-p-cd-220613;Roberto Monteiro Pai;Titular;2026-02-03;eleito;;;não;https://dadosabertos.camara.leg.br/api/v2/deputados/220613
br-comissao-de-saude-da-camara;Comissão de Saúde da Câmara;br-p-cd-175765;Ribamar Silva;Titular;2026-02-03;eleito;;;não;https://dadosabertos.camara.leg.br/api/v2/deputados/175765
br-comissao-de-saude-da-camara;Comissão de Saúde da Câmara;br-p-cd-74848;Jandira Feghali;Titular;2026-02-03;eleito;;;não;https://dadosabertos.camara.leg.br/api/v2/deputados/74848
br-comissao-de-saude-da-camara;Comissão de Saúde da Câmara;br-p-cd-160556;Padre João;Titular;2026-02-03;eleito;;;não;https://dadosabertos.camara.leg.br/api/v2/deputados/160556
br-comissao-de-saude-da-camara;Comissão de Saúde da Câmara;br-p-cd-178857;Jorge Solla;Titular;2026-02-03;eleito;;;não;https://dadosabertos.camara.leg.br/api/v2/deputados/178857
br-comissao-de-saude-da-camara;Comissão de Saúde da Câmara;br-p-cd-204528;Adriana Ventura;Titular;2026-02-03;eleito;;;não;https://dadosabertos.camara.leg.br/api/v2/deputados/204528
br-comissao-de-saude-da-camara;Comissão de Saúde da Câmara;br-p-cd-220556;Ana Paula Lima;Titular;2026-02-03;eleito;;;não;https://dadosabertos.camara.leg.br/api/v2/deputados/220556
br-comissao-de-saude-da-camara;Comissão de Saúde da Câmara;br-p-cd-220688;Dr. Francisco;Titular;2026-02-03;eleito;;;não;https://dadosabertos.camara.leg.br/api/v2/deputados/220688
br-comissao-de-saude-da-camara;Comissão de Saúde da Câmara;br-p-cd-220632;Ana Pimentel;Titular;2026-02-03;eleito;;;não;https://dadosabertos.camara.leg.br/api/v2/deputados/220632
br-comissao-de-saude-da-camara;Comissão de Saúde da Câmara;br-p-cd-73692;Osmar Terra;Titular;2026-02-03;eleito;;;não;https://dadosabertos.camara.leg.br/api/v2/deputados/73692
br-comissao-de-saude-da-camara;Comissão de Saúde da Câmara;br-p-cd-160591;Vinicius Gurgel;Titular;2026-02-03;eleito;;;não;https://dadosabertos.camara.leg.br/api/v2/deputados/160591
br-comissao-de-saude-da-camara;Comissão de Saúde da Câmara;br-p-cd-141421;Eduardo da Fonte;Titular;2026-02-03;eleito;;;não;https://dadosabertos.camara.leg.br/api/v2/deputados/141421
br-comissao-de-saude-da-camara;Comissão de Saúde da Câmara;br-p-cd-160517;Paulo Folletto;Titular;2026-02-03;eleito;;;não;https://dadosabertos.camara.leg.br/api/v2/deputados/160517
br-comissao-de-saude-da-camara;Comissão de Saúde da Câmara;br-p-cd-220640;Juliana Cardoso;Titular;2026-02-03;eleito;;;não;https://dadosabertos.camara.leg.br/api/v2/deputados/220640
br-comissao-de-saude-da-camara;Comissão de Saúde da Câmara;br-p-cd-178993;Carlos Henrique Gaguim;Titular;2026-02-03;eleito;;;não;https://dadosabertos.camara.leg.br/api/v2/deputados/178993
br-comissao-de-saude-da-camara;Comissão de Saúde da Câmara;br-p-cd-230765;Enfermeira Rejane;Titular;2026-02-11;eleito;;;não;https://dadosabertos.camara.leg.br/api/v2/deputados/230765
br-comissao-de-saude-da-camara;Comissão de Saúde da Câmara;br-p-cd-220670;Iza Arruda;Titular;2026-03-04;eleito;;;não;https://dadosabertos.camara.leg.br/api/v2/deputados/220670
br-comissao-de-saude-da-camara;Comissão de Saúde da Câmara;br-p-cd-204391;José Nelto;Titular;2026-03-11;eleito;;;não;https://dadosabertos.camara.leg.br/api/v2/deputados/204391
br-comissao-de-saude-da-camara;Comissão de Saúde da Câmara;br-p-cd-204412;Dr. Zacharias Calil;Titular;2026-03-16;eleito;;;não;https://dadosabertos.camara.leg.br/api/v2/deputados/204412
br-comissao-de-saude-da-camara;Comissão de Saúde da Câmara;br-p-cd-220698;Beto Preto;Titular;2026-04-17;eleito;;;não;https://dadosabertos.camara.leg.br/api/v2/deputados/220698
br-comissao-de-saude-da-camara;Comissão de Saúde da Câmara;br-p-cd-220610;Dr. Fernando Máximo;Titular;2026-04-17;eleito;;;não;https://dadosabertos.camara.leg.br/api/v2/deputados/220610
br-comissao-de-saude-da-camara;Comissão de Saúde da Câmara;br-p-cd-74374;Geraldo Resende;Titular;2026-04-17;eleito;;;não;https://dadosabertos.camara.leg.br/api/v2/deputados/74374
br-comissao-de-saude-da-camara;Comissão de Saúde da Câmara;br-p-cd-204508;Igor Timo;Titular;2026-04-17;eleito;;;não;https://dadosabertos.camara.leg.br/api/v2/deputados/204508
br-comissao-de-saude-da-camara;Comissão de Saúde da Câmara;br-p-cd-210989;Bruno Farias;Titular;2026-04-17;eleito;;;não;https://dadosabertos.camara.leg.br/api/v2/deputados/210989
br-comissao-de-saude-da-camara;Comissão de Saúde da Câmara;br-p-cd-220617;Murillo Gouvea;Titular;2026-04-17;eleito;;;não;https://dadosabertos.camara.leg.br/api/v2/deputados/220617
br-comissao-de-saude-da-camara;Comissão de Saúde da Câmara;br-p-cd-220674;Dra. Alessandra Haber;Titular;2026-04-17;eleito;;;não;https://dadosabertos.camara.leg.br/api/v2/deputados/220674
br-comissao-de-saude-da-camara;Comissão de Saúde da Câmara;br-p-cd-220560;Thiago de Joaldo;Titular;2026-04-22;eleito;;;não;https://dadosabertos.camara.leg.br/api/v2/deputados/220560
br-comissao-de-saude-da-camara;Comissão de Saúde da Câmara;br-p-cd-236375;Marcos Braz;Titular;2026-06-01;eleito;;;não;https://dadosabertos.camara.leg.br/api/v2/deputados/236375
br-comissao-de-saude-da-camara;Comissão de Saúde da Câmara;br-p-cd-204473;General Girão;Titular;2026-06-09;eleito;;;não;https://dadosabertos.camara.leg.br/api/v2/deputados/204473
br-comissao-de-saude-da-camara;Comissão de Saúde da Câmara;br-p-cd-220630;Pedro Aihara;Titular;2026-06-10;eleito;;;não;https://dadosabertos.camara.leg.br/api/v2/deputados/220630
br-comissao-de-saude-da-camara;Comissão de Saúde da Câmara;br-p-cd-220589;Eduardo Velloso;Titular;2026-06-17;eleito;;;não;https://dadosabertos.camara.leg.br/api/v2/deputados/220589
br-comissao-de-saude-da-camara;Comissão de Saúde da Câmara;br-p-cd-194260;Nivaldo Albuquerque;Titular;2026-07-13;eleito;;;não;https://dadosabertos.camara.leg.br/api/v2/deputados/194260
br-comissao-de-saude-da-camara;Comissão de Saúde da Câmara;br-p-cd-226075;Priscila Costa;Titular;2026-08-12;eleito;;;não;https://dadosabertos.camara.leg.br/api/v2/deputados/226075
br-comissao-de-saude-da-camara;Comissão de Saúde da Câmara;br-p-cd-213762;Carla Dickson;Titular;2026-09-02;eleito;;;não;https://dadosabertos.camara.leg.br/api/v2/deputados/213762
br-comissao-de-saude-da-camara;Comissão de Saúde da Câmara;br-p-cd-233594;Rafael Fera;Suplente;2026-02-03;eleito;;;não;https://dadosabertos.camara.leg.br/api/v2/deputados/233594
br-comissao-de-saude-da-camara;Comissão de Saúde da Câmara;br-p-cd-204517;Zé Vitor;Suplente;2026-02-03;eleito;;;não;https://dadosabertos.camara.leg.br/api/v2/deputados/204517
br-comissao-de-saude-da-camara;Comissão de Saúde da Câmara;br-p-cd-178985;Miguel Lombardi;Suplente;2026-02-03;eleito;;;não;https://dadosabertos.camara.leg.br/api/v2/deputados/178985
br-comissao-de-saude-da-camara;Comissão de Saúde da Câmara;br-p-cd-227991;Dr Flávio;Suplente;2026-02-03;eleito;;;não;https://dadosabertos.camara.leg.br/api/v2/deputados/227991
br-comissao-de-saude-da-camara;Comissão de Saúde da Câmara;br-p-cd-88256;Clodoaldo Magalhães;Suplente;2026-02-03;eleito;;;não;https://dadosabertos.camara.leg.br/api/v2/deputados/88256
br-comissao-de-saude-da-camara;Comissão de Saúde da Câmara;br-p-cd-204396;Vermelho;Suplente;2026-02-03;eleito;;;não;https://dadosabertos.camara.leg.br/api/v2/deputados/204396
br-comissao-de-saude-da-camara;Comissão de Saúde da Câmara;br-p-cd-73486;Pompeo de Mattos;Suplente;2026-02-03;eleito;;;não;https://dadosabertos.camara.leg.br/api/v2/deputados/73486
br-comissao-de-saude-da-camara;Comissão de Saúde da Câmara;br-p-cd-220545;Filipe Martins;Suplente;2026-02-03;eleito;;;não;https://dadosabertos.camara.leg.br/api/v2/deputados/220545
br-comissao-de-saude-da-camara;Comissão de Saúde da Câmara;br-p-cd-204553;Pastor Sargento Isidório;Suplente;2026-02-03;eleito;;;não;https://dadosabertos.camara.leg.br/api/v2/deputados/204553
br-comissao-de-saude-da-camara;Comissão de Saúde da Câmara;br-p-cd-178931;Luciano Ducci;Suplente;2026-02-03;eleito;;;não;https://dadosabertos.camara.leg.br/api/v2/deputados/178931
br-comissao-de-saude-da-camara;Comissão de Saúde da Câmara;br-p-cd-136811;Afonso Hamm;Suplente;2026-02-03;eleito;;;não;https://dadosabertos.camara.leg.br/api/v2/deputados/136811
br-comissao-de-saude-da-camara;Comissão de Saúde da Câmara;br-p-cd-161550;Emidinho Madeira;Suplente;2026-02-03;eleito;;;não;https://dadosabertos.camara.leg.br/api/v2/deputados/161550
br-comissao-de-saude-da-camara;Comissão de Saúde da Câmara;br-p-cd-204512;Delegado Marcelo Freitas;Suplente;2026-02-03;eleito;;;não;https://dadosabertos.camara.leg.br/api/v2/deputados/204512
br-comissao-de-saude-da-camara;Comissão de Saúde da Câmara;br-p-cd-160512;Aureo Ribeiro;Suplente;2026-02-03;eleito;;;não;https://dadosabertos.camara.leg.br/api/v2/deputados/160512
br-comissao-de-saude-da-camara;Comissão de Saúde da Câmara;br-p-cd-220604;Marcos Tavares;Suplente;2026-02-03;eleito;;;não;https://dadosabertos.camara.leg.br/api/v2/deputados/220604
br-comissao-de-saude-da-camara;Comissão de Saúde da Câmara;br-p-cd-204540;Maria Rosas;Suplente;2026-02-03;eleito;;;não;https://dadosabertos.camara.leg.br/api/v2/deputados/204540
br-comissao-de-saude-da-camara;Comissão de Saúde da Câmara;br-p-cd-220661;Matheus Noronha;Suplente;2026-02-03;eleito;;;não;https://dadosabertos.camara.leg.br/api/v2/deputados/220661
br-comissao-de-saude-da-camara;Comissão de Saúde da Câmara;br-p-cd-73433;Arlindo Chinaglia;Suplente;2026-02-03;eleito;;;não;https://dadosabertos.camara.leg.br/api/v2/deputados/73433
br-comissao-de-saude-da-camara;Comissão de Saúde da Câmara;br-p-cd-74057;Alice Portugal;Suplente;2026-02-03;eleito;;;não;https://dadosabertos.camara.leg.br/api/v2/deputados/74057
br-comissao-de-saude-da-camara;Comissão de Saúde da Câmara;br-p-cd-160592;Zeca Dirceu;Suplente;2026-02-03;eleito;;;não;https://dadosabertos.camara.leg.br/api/v2/deputados/160592
br-comissao-de-saude-da-camara;Comissão de Saúde da Câmara;br-p-cd-178895;Misael Varella;Suplente;2026-02-03;eleito;;;não;https://dadosabertos.camara.leg.br/api/v2/deputados/178895
br-comissao-de-saude-da-camara;Comissão de Saúde da Câmara;br-p-cd-191923;Flávio Nogueira;Suplente;2026-02-03;eleito;;;não;https://dadosabertos.camara.leg.br/api/v2/deputados/191923
br-comissao-de-saude-da-camara;Comissão de Saúde da Câmara;br-p-cd-73788;Ricardo Barros;Suplente;2026-02-03;eleito;;;não;https://dadosabertos.camara.leg.br/api/v2/deputados/73788
br-comissao-de-saude-da-camara;Comissão de Saúde da Câmara;br-p-cd-220602;Dimas Gadelha;Suplente;2026-02-03;eleito;;;não;https://dadosabertos.camara.leg.br/api/v2/deputados/220602
br-comissao-de-saude-da-camara;Comissão de Saúde da Câmara;br-p-cd-220700;Florentino Neto;Suplente;2026-02-03;eleito;;;não;https://dadosabertos.camara.leg.br/api/v2/deputados/220700
br-comissao-de-saude-da-camara;Comissão de Saúde da Câmara;br-p-cd-204485;Luiz Carlos Motta;Suplente;2026-02-03;eleito;;;não;https://dadosabertos.camara.leg.br/api/v2/deputados/204485
br-comissao-de-saude-da-camara;Comissão de Saúde da Câmara;br-p-cd-204524;Pinheirinho;Suplente;2026-02-03;eleito;;;não;https://dadosabertos.camara.leg.br/api/v2/deputados/204524
br-comissao-de-saude-da-camara;Comissão de Saúde da Câmara;br-p-cd-220694;Ricardo Maia;Suplente;2026-02-04;eleito;;;não;https://dadosabertos.camara.leg.br/api/v2/deputados/220694
br-comissao-de-saude-da-camara;Comissão de Saúde da Câmara;br-p-cd-220695;Rogéria Santos;Suplente;2026-02-11;eleito;;;não;https://dadosabertos.camara.leg.br/api/v2/deputados/220695
br-comissao-de-saude-da-camara;Comissão de Saúde da Câmara;br-p-cd-204436;Isnaldo Bulhões Jr.;Suplente;2026-03-04;eleito;;;não;https://dadosabertos.camara.leg.br/api/v2/deputados/204436
br-comissao-de-saude-da-camara;Comissão de Saúde da Câmara;br-p-cd-220591;Meire Serafim;Suplente;2026-03-19;eleito;;;não;https://dadosabertos.camara.leg.br/api/v2/deputados/220591
br-comissao-de-saude-da-camara;Comissão de Saúde da Câmara;br-p-cd-220644;Rosangela Moro;Suplente;2026-04-06;eleito;;;não;https://dadosabertos.camara.leg.br/api/v2/deputados/220644
br-comissao-de-saude-da-camara;Comissão de Saúde da Câmara;br-p-cd-220614;Dr. Daniel Soranz;Suplente;2026-04-07;eleito;;;não;https://dadosabertos.camara.leg.br/api/v2/deputados/220614
br-comissao-de-saude-da-camara;Comissão de Saúde da Câmara;br-p-cd-160518;Weliton Prado;Suplente;2026-04-17;eleito;;;não;https://dadosabertos.camara.leg.br/api/v2/deputados/160518
br-comissao-de-saude-da-camara;Comissão de Saúde da Câmara;br-p-cd-178886;Juscelino Filho;Suplente;2026-04-17;eleito;;;não;https://dadosabertos.camara.leg.br/api/v2/deputados/178886
br-comissao-de-saude-da-camara;Comissão de Saúde da Câmara;br-p-cd-220656;Fernanda Pessoa;Suplente;2026-04-17;eleito;;;não;https://dadosabertos.camara.leg.br/api/v2/deputados/220656
br-comissao-de-saude-da-camara;Comissão de Saúde da Câmara;br-p-cd-221329;Ricardo Abrão;Suplente;2026-04-17;eleito;;;não;https://dadosabertos.camara.leg.br/api/v2/deputados/221329
br-comissao-de-saude-da-camara;Comissão de Saúde da Câmara;br-p-cd-220540;Duda Ramos;Suplente;2026-04-22;eleito;;;não;https://dadosabertos.camara.leg.br/api/v2/deputados/220540
br-comissao-de-saude-da-camara;Comissão de Saúde da Câmara;br-p-cd-220582;Daniel Barbosa;Suplente;2026-04-22;eleito;;;não;https://dadosabertos.camara.leg.br/api/v2/deputados/220582
br-comissao-de-saude-da-camara;Comissão de Saúde da Câmara;br-p-cd-178966;Geovania de Sá;Suplente;2026-04-22;eleito;;;não;https://dadosabertos.camara.leg.br/api/v2/deputados/178966
br-comissao-de-saude-da-camara;Comissão de Saúde da Câmara;br-p-cd-178929;Diego Garcia;Suplente;2026-04-22;eleito;;;não;https://dadosabertos.camara.leg.br/api/v2/deputados/178929
br-comissao-de-saude-da-camara;Comissão de Saúde da Câmara;br-p-cd-220715;Amom Mandel;Suplente;2026-04-22;eleito;;;não;https://dadosabertos.camara.leg.br/api/v2/deputados/220715
br-comissao-de-saude-da-camara;Comissão de Saúde da Câmara;br-p-cd-204486;Mauro Benevides Filho;Suplente;2026-04-22;eleito;;;não;https://dadosabertos.camara.leg.br/api/v2/deputados/204486
br-comissao-de-saude-da-camara;Comissão de Saúde da Câmara;br-p-cd-220559;Julia Zanatta;Suplente;2026-04-23;eleito;;;não;https://dadosabertos.camara.leg.br/api/v2/deputados/220559
br-comissao-de-saude-da-camara;Comissão de Saúde da Câmara;br-p-cd-220603;Dani Cunha;Suplente;2026-04-23;eleito;;;não;https://dadosabertos.camara.leg.br/api/v2/deputados/220603
br-comissao-de-saude-da-camara;Comissão de Saúde da Câmara;br-p-cd-220572;Marussa Boldrin;Suplente;2026-04-24;eleito;;;não;https://dadosabertos.camara.leg.br/api/v2/deputados/220572
br-comissao-de-saude-da-camara;Comissão de Saúde da Câmara;br-p-cd-178945;Rosangela Gomes;Suplente;2026-06-02;eleito;;;não;https://dadosabertos.camara.leg.br/api/v2/deputados/178945
br-comissao-de-saude-da-camara;Comissão de Saúde da Câmara;br-p-cd-204481;Dr. Jaziel;Suplente;2026-06-11;eleito;;;não;https://dadosabertos.camara.leg.br/api/v2/deputados/204481
br-comissao-de-saude-da-camara;Comissão de Saúde da Câmara;br-p-cd-220673;Delegado Caveira;Suplente;2026-06-17;eleito;;;não;https://dadosabertos.camara.leg.br/api/v2/deputados/220673
br-comissao-de-saude-da-camara;Comissão de Saúde da Câmara;br-p-cd-66828;Fausto Pinato;Suplente;2026-07-07;eleito;;;não;https://dadosabertos.camara.leg.br/api/v2/deputados/66828
br-comissao-de-seguranca-publica-e-combate-ao-crime-organizado-da-camara;Comissão de Segurança Pública e Combate ao Crime Organizado da Câmara;br-p-cd-220666;Coronel Meira;Presidente;2026-02-03;eleito;;;não;https://dadosabertos.camara.leg.br/api/v2/deputados/220666
br-comissao-de-seguranca-publica-e-combate-ao-crime-organizado-da-camara;Comissão de Segurança Pública e Combate ao Crime Organizado da Câmara;br-p-cd-220618;Sargento Portugal;1º Vice-Presidente;2026-02-24;eleito;;;não;https://dadosabertos.camara.leg.br/api/v2/deputados/220618
br-comissao-de-seguranca-publica-e-combate-ao-crime-organizado-da-camara;Comissão de Segurança Pública e Combate ao Crime Organizado da Câmara;br-p-cd-220690;Capitão Alden;2º Vice-Presidente;2026-02-24;eleito;;;não;https://dadosabertos.camara.leg.br/api/v2/deputados/220690
br-comissao-de-seguranca-publica-e-combate-ao-crime-organizado-da-camara;Comissão de Segurança Pública e Combate ao Crime Organizado da Câmara;br-p-cd-220625;Delegada Ione;3º Vice-Presidente;2026-02-24;eleito;;;não;https://dadosabertos.camara.leg.br/api/v2/deputados/220625
br-comissao-de-seguranca-publica-e-combate-ao-crime-organizado-da-camara;Comissão de Segurança Pública e Combate ao Crime Organizado da Câmara;br-p-cd-160599;Dimas Fabiano;Titular;2026-02-03;eleito;;;não;https://dadosabertos.camara.leg.br/api/v2/deputados/160599
br-comissao-de-seguranca-publica-e-combate-ao-crime-organizado-da-camara;Comissão de Segurança Pública e Combate ao Crime Organizado da Câmara;br-p-cd-220568;Gustavo Gayer;Titular;2026-02-03;eleito;;;não;https://dadosabertos.camara.leg.br/api/v2/deputados/220568
br-comissao-de-seguranca-publica-e-combate-ao-crime-organizado-da-camara;Comissão de Segurança Pública e Combate ao Crime Organizado da Câmara;br-p-cd-220694;Ricardo Maia;Titular;2026-02-03;eleito;;;não;https://dadosabertos.camara.leg.br/api/v2/deputados/220694
br-comissao-de-seguranca-publica-e-combate-ao-crime-organizado-da-camara;Comissão de Segurança Pública e Combate ao Crime Organizado da Câmara;br-p-cd-220590;Coronel Ulysses;Titular;2026-02-03;eleito;;;não;https://dadosabertos.camara.leg.br/api/v2/deputados/220590
br-comissao-de-seguranca-publica-e-combate-ao-crime-organizado-da-camara;Comissão de Segurança Pública e Combate ao Crime Organizado da Câmara;br-p-cd-220621;Sargento Gonçalves;Titular;2026-02-03;eleito;;;não;https://dadosabertos.camara.leg.br/api/v2/deputados/220621
br-comissao-de-seguranca-publica-e-combate-ao-crime-organizado-da-camara;Comissão de Segurança Pública e Combate ao Crime Organizado da Câmara;br-p-cd-74161;Reginaldo Lopes;Titular;2026-02-03;eleito;;;não;https://dadosabertos.camara.leg.br/api/v2/deputados/74161
br-comissao-de-seguranca-publica-e-combate-ao-crime-organizado-da-camara;Comissão de Segurança Pública e Combate ao Crime Organizado da Câmara;br-p-cd-178881;Aluisio Mendes;Titular;2026-02-03;eleito;;;não;https://dadosabertos.camara.leg.br/api/v2/deputados/178881
br-comissao-de-seguranca-publica-e-combate-ao-crime-organizado-da-camara;Comissão de Segurança Pública e Combate ao Crime Organizado da Câmara;br-p-cd-204387;Sargento Fahur;Titular;2026-02-03;eleito;;;não;https://dadosabertos.camara.leg.br/api/v2/deputados/204387
br-comissao-de-seguranca-publica-e-combate-ao-crime-organizado-da-camara;Comissão de Segurança Pública e Combate ao Crime Organizado da Câmara;br-p-cd-204416;Sanderson;Titular;2026-02-03;eleito;;;não;https://dadosabertos.camara.leg.br/api/v2/deputados/204416
br-comissao-de-seguranca-publica-e-combate-ao-crime-organizado-da-camara;Comissão de Segurança Pública e Combate ao Crime Organizado da Câmara;br-p-cd-220565;Delegada Adriana Accorsi;Titular;2026-02-03;eleito;;;não;https://dadosabertos.camara.leg.br/api/v2/deputados/220565
br-comissao-de-seguranca-publica-e-combate-ao-crime-organizado-da-camara;Comissão de Segurança Pública e Combate ao Crime Organizado da Câmara;br-p-cd-220649;Delegado da Cunha;Titular;2026-02-03;eleito;;;não;https://dadosabertos.camara.leg.br/api/v2/deputados/220649
br-comissao-de-seguranca-publica-e-combate-ao-crime-organizado-da-camara;Comissão de Segurança Pública e Combate ao Crime Organizado da Câmara;br-p-cd-220583;Delegado Fabio Costa;Titular;2026-02-03;eleito;;;não;https://dadosabertos.camara.leg.br/api/v2/deputados/220583
br-comissao-de-seguranca-publica-e-combate-ao-crime-organizado-da-camara;Comissão de Segurança Pública e Combate ao Crime Organizado da Câmara;br-p-cd-220663;Eriberto Medeiros;Titular;2026-02-03;eleito;;;não;https://dadosabertos.camara.leg.br/api/v2/deputados/220663
br-comissao-de-seguranca-publica-e-combate-ao-crime-organizado-da-camara;Comissão de Segurança Pública e Combate ao Crime Organizado da Câmara;br-p-cd-73579;Alberto Fraga;Titular;2026-02-03;eleito;;;não;https://dadosabertos.camara.leg.br/api/v2/deputados/73579
br-comissao-de-seguranca-publica-e-combate-ao-crime-organizado-da-camara;Comissão de Segurança Pública e Combate ao Crime Organizado da Câmara;br-p-cd-191923;Flávio Nogueira;Titular;2026-02-03;eleito;;;não;https://dadosabertos.camara.leg.br/api/v2/deputados/191923
br-comissao-de-seguranca-publica-e-combate-ao-crime-organizado-da-camara;Comissão de Segurança Pública e Combate ao Crime Organizado da Câmara;br-p-cd-220673;Delegado Caveira;Titular;2026-02-03;eleito;;;não;https://dadosabertos.camara.leg.br/api/v2/deputados/220673
br-comissao-de-seguranca-publica-e-combate-ao-crime-organizado-da-camara;Comissão de Segurança Pública e Combate ao Crime Organizado da Câmara;br-p-cd-220615;Pastor Henrique Vieira;Titular;2026-02-03;eleito;;;não;https://dadosabertos.camara.leg.br/api/v2/deputados/220615
br-comissao-de-seguranca-publica-e-combate-ao-crime-organizado-da-camara;Comissão de Segurança Pública e Combate ao Crime Organizado da Câmara;br-p-cd-220654;Delegado Paulo Bilynskyj;Titular;2026-02-03;eleito;;;não;https://dadosabertos.camara.leg.br/api/v2/deputados/220654
br-comissao-de-seguranca-publica-e-combate-ao-crime-organizado-da-camara;Comissão de Segurança Pública e Combate ao Crime Organizado da Câmara;br-p-cd-220613;Roberto Monteiro Pai;Titular;2026-02-03;eleito;;;não;https://dadosabertos.camara.leg.br/api/v2/deputados/220613
br-comissao-de-seguranca-publica-e-combate-ao-crime-organizado-da-camara;Comissão de Segurança Pública e Combate ao Crime Organizado da Câmara;br-p-cd-123756;Antônia Lúcia;Titular;2026-02-03;eleito;;;não;https://dadosabertos.camara.leg.br/api/v2/deputados/123756
br-comissao-de-seguranca-publica-e-combate-ao-crime-organizado-da-camara;Comissão de Segurança Pública e Combate ao Crime Organizado da Câmara;br-p-cd-204531;Guilherme Derrite;Titular;2026-02-03;eleito;;;não;https://dadosabertos.camara.leg.br/api/v2/deputados/204531
br-comissao-de-seguranca-publica-e-combate-ao-crime-organizado-da-camara;Comissão de Segurança Pública e Combate ao Crime Organizado da Câmara;br-p-cd-74262;Carlos Sampaio;Titular;2026-02-03;eleito;;;não;https://dadosabertos.camara.leg.br/api/v2/deputados/74262
br-comissao-de-seguranca-publica-e-combate-ao-crime-organizado-da-camara;Comissão de Segurança Pública e Combate ao Crime Organizado da Câmara;br-p-cd-220554;Alexandre Lindenmeyer;Titular;2026-02-03;eleito;;;não;https://dadosabertos.camara.leg.br/api/v2/deputados/220554
br-comissao-de-seguranca-publica-e-combate-ao-crime-organizado-da-camara;Comissão de Segurança Pública e Combate ao Crime Organizado da Câmara;br-p-cd-178829;Capitão Augusto;Titular;2026-02-03;eleito;;;não;https://dadosabertos.camara.leg.br/api/v2/deputados/178829
br-comissao-de-seguranca-publica-e-combate-ao-crime-organizado-da-camara;Comissão de Segurança Pública e Combate ao Crime Organizado da Câmara;br-p-cd-220530;Messias Donato;Titular;2026-02-03;eleito;;;não;https://dadosabertos.camara.leg.br/api/v2/deputados/220530
br-comissao-de-seguranca-publica-e-combate-ao-crime-organizado-da-camara;Comissão de Segurança Pública e Combate ao Crime Organizado da Câmara;br-p-cd-122158;Pedro Paulo;Titular;2026-02-03;eleito;;;não;https://dadosabertos.camara.leg.br/api/v2/deputados/122158
br-comissao-de-seguranca-publica-e-combate-ao-crime-organizado-da-camara;Comissão de Segurança Pública e Combate ao Crime Organizado da Câmara;br-p-cd-204501;Alencar Santana;Titular;2026-02-03;eleito;;;não;https://dadosabertos.camara.leg.br/api/v2/deputados/204501
br-comissao-de-seguranca-publica-e-combate-ao-crime-organizado-da-camara;Comissão de Segurança Pública e Combate ao Crime Organizado da Câmara;br-p-cd-204479;Nicoletti;Titular;2026-04-07;eleito;;;não;https://dadosabertos.camara.leg.br/api/v2/deputados/204479
br-comissao-de-seguranca-publica-e-combate-ao-crime-organizado-da-camara;Comissão de Segurança Pública e Combate ao Crime Organizado da Câmara;br-p-cd-220630;Pedro Aihara;Titular;2026-04-24;eleito;;;não;https://dadosabertos.camara.leg.br/api/v2/deputados/220630
br-comissao-de-seguranca-publica-e-combate-ao-crime-organizado-da-camara;Comissão de Segurança Pública e Combate ao Crime Organizado da Câmara;br-p-cd-220570;Dr. Ismael Alexandrino;Suplente;2026-02-03;eleito;;;não;https://dadosabertos.camara.leg.br/api/v2/deputados/220570
br-comissao-de-seguranca-publica-e-combate-ao-crime-organizado-da-camara;Comissão de Segurança Pública e Combate ao Crime Organizado da Câmara;br-p-cd-220547;Marcos Pollon;Suplente;2026-02-03;eleito;;;não;https://dadosabertos.camara.leg.br/api/v2/deputados/220547
br-comissao-de-seguranca-publica-e-combate-ao-crime-organizado-da-camara;Comissão de Segurança Pública e Combate ao Crime Organizado da Câmara;br-p-cd-220611;General Pazuello;Suplente;2026-02-03;eleito;;;não;https://dadosabertos.camara.leg.br/api/v2/deputados/220611
br-comissao-de-seguranca-publica-e-combate-ao-crime-organizado-da-camara;Comissão de Segurança Pública e Combate ao Crime Organizado da Câmara;br-p-cd-220552;Zucco;Suplente;2026-02-03;eleito;;;não;https://dadosabertos.camara.leg.br/api/v2/deputados/220552
br-comissao-de-seguranca-publica-e-combate-ao-crime-organizado-da-camara;Comissão de Segurança Pública e Combate ao Crime Organizado da Câmara;br-p-cd-73692;Osmar Terra;Suplente;2026-02-03;eleito;;;não;https://dadosabertos.camara.leg.br/api/v2/deputados/73692
br-comissao-de-seguranca-publica-e-combate-ao-crime-organizado-da-camara;Comissão de Segurança Pública e Combate ao Crime Organizado da Câmara;br-p-cd-230767;Rodrigo da Zaeli;Suplente;2026-02-03;eleito;;;não;https://dadosabertos.camara.leg.br/api/v2/deputados/230767
br-comissao-de-seguranca-publica-e-combate-ao-crime-organizado-da-camara;Comissão de Segurança Pública e Combate ao Crime Organizado da Câmara;br-p-cd-220667;Pedro Campos;Suplente;2026-02-03;eleito;;;não;https://dadosabertos.camara.leg.br/api/v2/deputados/220667
br-comissao-de-seguranca-publica-e-combate-ao-crime-organizado-da-camara;Comissão de Segurança Pública e Combate ao Crime Organizado da Câmara;br-p-cd-204520;Junio Amaral;Suplente;2026-02-03;eleito;;;não;https://dadosabertos.camara.leg.br/api/v2/deputados/204520
br-comissao-de-seguranca-publica-e-combate-ao-crime-organizado-da-camara;Comissão de Segurança Pública e Combate ao Crime Organizado da Câmara;br-p-cd-220623;Duda Salabert;Suplente;2026-02-03;eleito;;;não;https://dadosabertos.camara.leg.br/api/v2/deputados/220623
br-comissao-de-seguranca-publica-e-combate-ao-crime-organizado-da-camara;Comissão de Segurança Pública e Combate ao Crime Organizado da Câmara;br-p-cd-220701;Delegado Matheus Laiola;Suplente;2026-02-03;eleito;;;não;https://dadosabertos.camara.leg.br/api/v2/deputados/220701
br-comissao-de-seguranca-publica-e-combate-ao-crime-organizado-da-camara;Comissão de Segurança Pública e Combate ao Crime Organizado da Câmara;br-p-cd-220704;Carol Dartora;Suplente;2026-02-03;eleito;;;não;https://dadosabertos.camara.leg.br/api/v2/deputados/220704
br-comissao-de-seguranca-publica-e-combate-ao-crime-organizado-da-camara;Comissão de Segurança Pública e Combate ao Crime Organizado da Câmara;br-p-cd-178871;Evair Vieira de Melo;Suplente;2026-02-03;eleito;;;não;https://dadosabertos.camara.leg.br/api/v2/deputados/178871
br-comissao-de-seguranca-publica-e-combate-ao-crime-organizado-da-camara;Comissão de Segurança Pública e Combate ao Crime Organizado da Câmara;br-p-cd-220642;Delegado Bruno Lima;Suplente;2026-02-03;eleito;;;não;https://dadosabertos.camara.leg.br/api/v2/deputados/220642
br-comissao-de-seguranca-publica-e-combate-ao-crime-organizado-da-camara;Comissão de Segurança Pública e Combate ao Crime Organizado da Câmara;br-p-cd-220585;Mersinho Lucena;Suplente;2026-02-03;eleito;;;não;https://dadosabertos.camara.leg.br/api/v2/deputados/220585
br-comissao-de-seguranca-publica-e-combate-ao-crime-organizado-da-camara;Comissão de Segurança Pública e Combate ao Crime Organizado da Câmara;br-p-cd-220574;Cabo Gilberto Silva;Suplente;2026-02-03;eleito;;;não;https://dadosabertos.camara.leg.br/api/v2/deputados/220574
br-comissao-de-seguranca-publica-e-combate-ao-crime-organizado-da-camara;Comissão de Segurança Pública e Combate ao Crime Organizado da Câmara;br-p-cd-204572;Capitão Alberto Neto;Suplente;2026-02-03;eleito;;;não;https://dadosabertos.camara.leg.br/api/v2/deputados/204572
br-comissao-de-seguranca-publica-e-combate-ao-crime-organizado-da-camara;Comissão de Segurança Pública e Combate ao Crime Organizado da Câmara;br-p-cd-204559;Zé Neto;Suplente;2026-02-03;eleito;;;não;https://dadosabertos.camara.leg.br/api/v2/deputados/204559
br-comissao-de-seguranca-publica-e-combate-ao-crime-organizado-da-camara;Comissão de Segurança Pública e Combate ao Crime Organizado da Câmara;br-p-cd-204473;General Girão;Suplente;2026-02-03;eleito;;;não;https://dadosabertos.camara.leg.br/api/v2/deputados/204473
br-comissao-de-seguranca-publica-e-combate-ao-crime-organizado-da-camara;Comissão de Segurança Pública e Combate ao Crime Organizado da Câmara;br-p-cd-220526;Gilvan da Federal;Suplente;2026-02-03;eleito;;;não;https://dadosabertos.camara.leg.br/api/v2/deputados/220526
br-comissao-de-seguranca-publica-e-combate-ao-crime-organizado-da-camara;Comissão de Segurança Pública e Combate ao Crime Organizado da Câmara;br-p-cd-220546;Rodolfo Nogueira;Suplente;2026-02-03;eleito;;;não;https://dadosabertos.camara.leg.br/api/v2/deputados/220546
br-comissao-de-seguranca-publica-e-combate-ao-crime-organizado-da-camara;Comissão de Segurança Pública e Combate ao Crime Organizado da Câmara;br-p-cd-204456;Gutemberg Reis;Suplente;2026-02-04;eleito;;;não;https://dadosabertos.camara.leg.br/api/v2/deputados/204456
br-comissao-de-seguranca-publica-e-combate-ao-crime-organizado-da-camara;Comissão de Segurança Pública e Combate ao Crime Organizado da Câmara;br-p-cd-220538;Albuquerque;Suplente;2026-02-04;eleito;;;não;https://dadosabertos.camara.leg.br/api/v2/deputados/220538
br-comissao-de-seguranca-publica-e-combate-ao-crime-organizado-da-camara;Comissão de Segurança Pública e Combate ao Crime Organizado da Câmara;br-p-cd-220657;André Fernandes;Suplente;2026-02-05;eleito;;;não;https://dadosabertos.camara.leg.br/api/v2/deputados/220657
br-comissao-de-seguranca-publica-e-combate-ao-crime-organizado-da-camara;Comissão de Segurança Pública e Combate ao Crime Organizado da Câmara;br-p-cd-160545;Alexandre Leite;Suplente;2026-03-18;eleito;;;não;https://dadosabertos.camara.leg.br/api/v2/deputados/160545
br-comissao-de-seguranca-publica-e-combate-ao-crime-organizado-da-camara;Comissão de Segurança Pública e Combate ao Crime Organizado da Câmara;br-p-cd-204355;da Vitoria;Suplente;2026-04-17;eleito;;;não;https://dadosabertos.camara.leg.br/api/v2/deputados/204355
br-comissao-de-seguranca-publica-e-combate-ao-crime-organizado-da-camara;Comissão de Segurança Pública e Combate ao Crime Organizado da Câmara;br-p-cd-160642;Pastor Eurico;Suplente;2026-04-22;eleito;;;não;https://dadosabertos.camara.leg.br/api/v2/deputados/160642
br-comissao-de-seguranca-publica-e-combate-ao-crime-organizado-da-camara;Comissão de Segurança Pública e Combate ao Crime Organizado da Câmara;br-p-cd-220594;Coronel Assis;Suplente;2026-04-24;eleito;;;não;https://dadosabertos.camara.leg.br/api/v2/deputados/220594
br-comissao-de-seguranca-publica-e-combate-ao-crime-organizado-da-camara;Comissão de Segurança Pública e Combate ao Crime Organizado da Câmara;br-p-cd-220652;Delegado Palumbo;Suplente;2026-04-27;eleito;;;não;https://dadosabertos.camara.leg.br/api/v2/deputados/220652
br-comissao-de-seguranca-publica-e-combate-ao-crime-organizado-da-camara;Comissão de Segurança Pública e Combate ao Crime Organizado da Câmara;br-p-cd-178947;Sóstenes Cavalcante;Suplente;2026-05-15;eleito;;;não;https://dadosabertos.camara.leg.br/api/v2/deputados/178947
br-comissao-de-seguranca-publica-e-combate-ao-crime-organizado-da-camara;Comissão de Segurança Pública e Combate ao Crime Organizado da Câmara;br-p-cd-74428;Mendonça Filho;Suplente;2026-06-09;eleito;;;não;https://dadosabertos.camara.leg.br/api/v2/deputados/74428
br-comissao-de-seguranca-publica-e-combate-ao-crime-organizado-da-camara;Comissão de Segurança Pública e Combate ao Crime Organizado da Câmara;br-p-cd-204464;Talíria Petrone;Suplente;2026-09-01;eleito;;;não;https://dadosabertos.camara.leg.br/api/v2/deputados/204464
br-comissao-de-seguranca-publica-e-combate-ao-crime-organizado-da-camara;Comissão de Segurança Pública e Combate ao Crime Organizado da Câmara;br-p-cd-156190;Marcel van Hattem;Suplente;2026-09-03;eleito;;;não;https://dadosabertos.camara.leg.br/api/v2/deputados/156190
br-comissao-de-trabalho-da-camara;Comissão de Trabalho da Câmara;br-p-cd-220604;Marcos Tavares;Presidente;2026-05-13;eleito;;;não;https://dadosabertos.camara.leg.br/api/v2/deputados/220604
br-comissao-de-trabalho-da-camara;Comissão de Trabalho da Câmara;br-p-cd-160538;Bohn Gass;1º Vice-Presidente;2026-02-25;eleito;;;não;https://dadosabertos.camara.leg.br/api/v2/deputados/160538
br-comissao-de-trabalho-da-camara;Comissão de Trabalho da Câmara;br-p-cd-160641;Professora Marcivania;2º Vice-Presidente;2026-02-25;eleito;;;não;https://dadosabertos.camara.leg.br/api/v2/deputados/160641
br-comissao-de-trabalho-da-camara;Comissão de Trabalho da Câmara;br-p-cd-178966;Geovania de Sá;3º Vice-Presidente;2026-02-25;eleito;;;não;https://dadosabertos.camara.leg.br/api/v2/deputados/178966
br-comissao-de-trabalho-da-camara;Comissão de Trabalho da Câmara;br-p-cd-220607;Max Lemos;Titular;2026-02-03;eleito;;;não;https://dadosabertos.camara.leg.br/api/v2/deputados/220607
br-comissao-de-trabalho-da-camara;Comissão de Trabalho da Câmara;br-p-cd-74156;Leonardo Monteiro;Titular;2026-02-03;eleito;;;não;https://dadosabertos.camara.leg.br/api/v2/deputados/74156
br-comissao-de-trabalho-da-camara;Comissão de Trabalho da Câmara;br-p-cd-133439;André Figueiredo;Titular;2026-02-03;eleito;;;não;https://dadosabertos.camara.leg.br/api/v2/deputados/133439
br-comissao-de-trabalho-da-camara;Comissão de Trabalho da Câmara;br-p-cd-204485;Luiz Carlos Motta;Titular;2026-02-03;eleito;;;não;https://dadosabertos.camara.leg.br/api/v2/deputados/204485
br-comissao-de-trabalho-da-camara;Comissão de Trabalho da Câmara;br-p-cd-230768;Zé Adriano;Titular;2026-02-03;eleito;;;não;https://dadosabertos.camara.leg.br/api/v2/deputados/230768
br-comissao-de-trabalho-da-camara;Comissão de Trabalho da Câmara;br-p-cd-204515;André Janones;Titular;2026-02-03;eleito;;;não;https://dadosabertos.camara.leg.br/api/v2/deputados/204515
br-comissao-de-trabalho-da-camara;Comissão de Trabalho da Câmara;br-p-cd-221148;Alfredinho;Titular;2026-02-09;eleito;;;não;https://dadosabertos.camara.leg.br/api/v2/deputados/221148
br-comissao-de-trabalho-da-camara;Comissão de Trabalho da Câmara;br-p-cd-178829;Capitão Augusto;Titular;2026-02-10;eleito;;;não;https://dadosabertos.camara.leg.br/api/v2/deputados/178829
br-comissao-de-trabalho-da-camara;Comissão de Trabalho da Câmara;br-p-cd-220606;Reimont;Titular;2026-03-17;eleito;;;não;https://dadosabertos.camara.leg.br/api/v2/deputados/220606
br-comissao-de-trabalho-da-camara;Comissão de Trabalho da Câmara;br-p-cd-204425;Silvio Costa Filho;Titular;2026-04-27;eleito;;;não;https://dadosabertos.camara.leg.br/api/v2/deputados/204425
br-comissao-de-trabalho-da-camara;Comissão de Trabalho da Câmara;br-p-cd-220645;Erika Hilton;Suplente;2026-02-03;eleito;;;não;https://dadosabertos.camara.leg.br/api/v2/deputados/220645
br-comissao-de-trabalho-da-camara;Comissão de Trabalho da Câmara;br-p-cd-220658;Luiz Gastão;Suplente;2026-02-03;eleito;;;não;https://dadosabertos.camara.leg.br/api/v2/deputados/220658
br-comissao-de-trabalho-da-camara;Comissão de Trabalho da Câmara;br-p-cd-160600;Arthur Oliveira Maia;Suplente;2026-02-03;eleito;;;não;https://dadosabertos.camara.leg.br/api/v2/deputados/160600
br-comissao-de-trabalho-da-camara;Comissão de Trabalho da Câmara;br-p-cd-141518;Paulinho da Força;Suplente;2026-02-03;eleito;;;não;https://dadosabertos.camara.leg.br/api/v2/deputados/141518
br-comissao-de-trabalho-da-camara;Comissão de Trabalho da Câmara;br-p-cd-160598;Flávia Morais;Suplente;2026-02-03;eleito;;;não;https://dadosabertos.camara.leg.br/api/v2/deputados/160598
br-comissao-de-trabalho-da-camara;Comissão de Trabalho da Câmara;br-p-cd-204416;Sanderson;Suplente;2026-02-03;eleito;;;não;https://dadosabertos.camara.leg.br/api/v2/deputados/204416
br-comissao-de-trabalho-da-camara;Comissão de Trabalho da Câmara;br-p-cd-220662;Lucas Ramos;Suplente;2026-02-03;eleito;;;não;https://dadosabertos.camara.leg.br/api/v2/deputados/220662
br-comissao-de-trabalho-da-camara;Comissão de Trabalho da Câmara;br-p-cd-175765;Ribamar Silva;Suplente;2026-02-03;eleito;;;não;https://dadosabertos.camara.leg.br/api/v2/deputados/175765
br-comissao-de-trabalho-da-camara;Comissão de Trabalho da Câmara;br-p-cd-160575;Erika Kokay;Suplente;2026-02-03;eleito;;;não;https://dadosabertos.camara.leg.br/api/v2/deputados/160575
br-comissao-de-trabalho-da-camara;Comissão de Trabalho da Câmara;br-p-cd-157130;Túlio Gadêlha;Suplente;2026-02-03;eleito;;;não;https://dadosabertos.camara.leg.br/api/v2/deputados/157130
br-comissao-de-trabalho-da-camara;Comissão de Trabalho da Câmara;br-p-cd-204495;Airton Faleiro;Suplente;2026-02-03;eleito;;;não;https://dadosabertos.camara.leg.br/api/v2/deputados/204495
br-comissao-de-trabalho-da-camara;Comissão de Trabalho da Câmara;br-p-cd-220555;Daiana Santos;Suplente;2026-02-03;eleito;;;não;https://dadosabertos.camara.leg.br/api/v2/deputados/220555
br-comissao-de-trabalho-da-camara;Comissão de Trabalho da Câmara;br-p-cd-220695;Rogéria Santos;Suplente;2026-02-03;eleito;;;não;https://dadosabertos.camara.leg.br/api/v2/deputados/220695
br-comissao-de-trabalho-da-camara;Comissão de Trabalho da Câmara;br-p-cd-220650;Paulo Alexandre Barbosa;Suplente;2026-02-03;eleito;;;não;https://dadosabertos.camara.leg.br/api/v2/deputados/220650
br-comissao-de-trabalho-da-camara;Comissão de Trabalho da Câmara;br-p-cd-220690;Capitão Alden;Suplente;2026-02-03;eleito;;;não;https://dadosabertos.camara.leg.br/api/v2/deputados/220690
br-comissao-de-trabalho-da-camara;Comissão de Trabalho da Câmara;br-p-cd-220554;Alexandre Lindenmeyer;Suplente;2026-02-05;eleito;;;não;https://dadosabertos.camara.leg.br/api/v2/deputados/220554
br-comissao-de-trabalho-da-camara;Comissão de Trabalho da Câmara;br-p-cd-74060;Daniel Almeida;Suplente;2026-02-09;eleito;;;não;https://dadosabertos.camara.leg.br/api/v2/deputados/74060
br-comissao-de-trabalho-da-camara;Comissão de Trabalho da Câmara;br-p-cd-178946;Soraya Santos;Suplente;2026-02-11;eleito;;;não;https://dadosabertos.camara.leg.br/api/v2/deputados/178946
br-comissao-de-trabalho-da-camara;Comissão de Trabalho da Câmara;br-p-cd-141555;Vinicius Carvalho;Suplente;2026-02-24;eleito;;;não;https://dadosabertos.camara.leg.br/api/v2/deputados/141555
br-comissao-de-trabalho-da-camara;Comissão de Trabalho da Câmara;br-p-cd-220540;Duda Ramos;Suplente;2026-05-04;eleito;;;não;https://dadosabertos.camara.leg.br/api/v2/deputados/220540
br-comissao-de-trabalho-da-camara;Comissão de Trabalho da Câmara;br-p-cd-220574;Cabo Gilberto Silva;Suplente;2026-05-19;eleito;;;não;https://dadosabertos.camara.leg.br/api/v2/deputados/220574
br-comissao-de-turismo-da-camara;Comissão de Turismo da Câmara;br-p-cd-220557;Daniela Reinehr;Presidente;2026-02-04;eleito;;;não;https://dadosabertos.camara.leg.br/api/v2/deputados/220557
br-comissao-de-turismo-da-camara;Comissão de Turismo da Câmara;br-p-cd-107970;Ana Paula Leão;1º Vice-Presidente;2026-03-04;eleito;;;não;https://dadosabertos.camara.leg.br/api/v2/deputados/107970
br-comissao-de-turismo-da-camara;Comissão de Turismo da Câmara;br-p-cd-213762;Carla Dickson;2º Vice-Presidente;2026-03-04;eleito;;;não;https://dadosabertos.camara.leg.br/api/v2/deputados/213762
br-comissao-de-turismo-da-camara;Comissão de Turismo da Câmara;br-p-cd-204388;Bibo Nunes;3º Vice-Presidente;2026-03-04;eleito;;;não;https://dadosabertos.camara.leg.br/api/v2/deputados/204388
br-comissao-de-turismo-da-camara;Comissão de Turismo da Câmara;br-p-cd-204408;Gustinho Ribeiro;Titular;2026-02-03;eleito;;;não;https://dadosabertos.camara.leg.br/api/v2/deputados/204408
br-comissao-de-turismo-da-camara;Comissão de Turismo da Câmara;br-p-cd-220585;Mersinho Lucena;Titular;2026-02-03;eleito;;;não;https://dadosabertos.camara.leg.br/api/v2/deputados/220585
br-comissao-de-turismo-da-camara;Comissão de Turismo da Câmara;br-p-cd-141464;José Airton Félix Cirilo;Titular;2026-02-03;eleito;;;não;https://dadosabertos.camara.leg.br/api/v2/deputados/141464
br-comissao-de-turismo-da-camara;Comissão de Turismo da Câmara;br-p-cd-204492;Paulo Guedes;Titular;2026-02-03;eleito;;;não;https://dadosabertos.camara.leg.br/api/v2/deputados/204492
br-comissao-de-turismo-da-camara;Comissão de Turismo da Câmara;br-p-cd-179000;Marcelo Álvaro Antônio;Titular;2026-02-03;eleito;;;não;https://dadosabertos.camara.leg.br/api/v2/deputados/179000
br-comissao-de-turismo-da-camara;Comissão de Turismo da Câmara;br-p-cd-220624;Robinson Faria;Titular;2026-02-03;eleito;;;não;https://dadosabertos.camara.leg.br/api/v2/deputados/220624
br-comissao-de-turismo-da-camara;Comissão de Turismo da Câmara;br-p-cd-74084;Raimundo Santos;Titular;2026-02-03;eleito;;;não;https://dadosabertos.camara.leg.br/api/v2/deputados/74084
br-comissao-de-turismo-da-camara;Comissão de Turismo da Câmara;br-p-cd-74467;Damião Feliciano;Titular;2026-02-03;eleito;;;não;https://dadosabertos.camara.leg.br/api/v2/deputados/74467
br-comissao-de-turismo-da-camara;Comissão de Turismo da Câmara;br-p-cd-73486;Pompeo de Mattos;Titular;2026-02-03;eleito;;;não;https://dadosabertos.camara.leg.br/api/v2/deputados/73486
br-comissao-de-turismo-da-camara;Comissão de Turismo da Câmara;br-p-cd-214694;Jorge Goetten;Titular;2026-02-03;eleito;;;não;https://dadosabertos.camara.leg.br/api/v2/deputados/214694
br-comissao-de-turismo-da-camara;Comissão de Turismo da Câmara;br-p-cd-69871;Bacelar;Titular;2026-02-24;eleito;;;não;https://dadosabertos.camara.leg.br/api/v2/deputados/69871
br-comissao-de-turismo-da-camara;Comissão de Turismo da Câmara;br-p-cd-220713;Saullo Vianna;Titular;2026-03-11;eleito;;;não;https://dadosabertos.camara.leg.br/api/v2/deputados/220713
br-comissao-de-turismo-da-camara;Comissão de Turismo da Câmara;br-p-cd-204541;Eduardo Bismarck;Titular;2026-04-17;eleito;;;não;https://dadosabertos.camara.leg.br/api/v2/deputados/204541
br-comissao-de-turismo-da-camara;Comissão de Turismo da Câmara;br-p-cd-178993;Carlos Henrique Gaguim;Titular;2026-04-28;eleito;;;não;https://dadosabertos.camara.leg.br/api/v2/deputados/178993
br-comissao-de-turismo-da-camara;Comissão de Turismo da Câmara;br-p-cd-221329;Ricardo Abrão;Titular;2026-04-28;eleito;;;não;https://dadosabertos.camara.leg.br/api/v2/deputados/221329
br-comissao-de-turismo-da-camara;Comissão de Turismo da Câmara;br-p-cd-166402;Magda Mofatto;Titular;2026-04-29;eleito;;;não;https://dadosabertos.camara.leg.br/api/v2/deputados/166402
br-comissao-de-turismo-da-camara;Comissão de Turismo da Câmara;br-p-cd-204512;Delegado Marcelo Freitas;Suplente;2026-02-03;eleito;;;não;https://dadosabertos.camara.leg.br/api/v2/deputados/204512
br-comissao-de-turismo-da-camara;Comissão de Turismo da Câmara;br-p-cd-220595;Coronel Fernanda;Suplente;2026-02-03;eleito;;;não;https://dadosabertos.camara.leg.br/api/v2/deputados/220595
br-comissao-de-turismo-da-camara;Comissão de Turismo da Câmara;br-p-cd-133439;André Figueiredo;Suplente;2026-02-03;eleito;;;não;https://dadosabertos.camara.leg.br/api/v2/deputados/133439
br-comissao-de-turismo-da-camara;Comissão de Turismo da Câmara;br-p-cd-72442;Felipe Carreras;Suplente;2026-02-03;eleito;;;não;https://dadosabertos.camara.leg.br/api/v2/deputados/72442
br-comissao-de-turismo-da-camara;Comissão de Turismo da Câmara;br-p-cd-204409;Daniel Trzeciak;Suplente;2026-02-03;eleito;;;não;https://dadosabertos.camara.leg.br/api/v2/deputados/204409
br-comissao-de-turismo-da-camara;Comissão de Turismo da Câmara;br-p-cd-220693;Roberta Roma;Suplente;2026-02-03;eleito;;;não;https://dadosabertos.camara.leg.br/api/v2/deputados/220693
br-comissao-de-turismo-da-camara;Comissão de Turismo da Câmara;br-p-cd-74060;Daniel Almeida;Suplente;2026-02-03;eleito;;;não;https://dadosabertos.camara.leg.br/api/v2/deputados/74060
br-comissao-de-turismo-da-camara;Comissão de Turismo da Câmara;br-p-cd-171623;Fabio Reis;Suplente;2026-02-03;eleito;;;não;https://dadosabertos.camara.leg.br/api/v2/deputados/171623
br-comissao-de-turismo-da-camara;Comissão de Turismo da Câmara;br-p-cd-204351;Dr. Luiz Ovando;Suplente;2026-02-04;eleito;;;não;https://dadosabertos.camara.leg.br/api/v2/deputados/204351
br-comissao-de-turismo-da-camara;Comissão de Turismo da Câmara;br-p-cd-66385;Julio Arcoverde;Suplente;2026-02-05;eleito;;;não;https://dadosabertos.camara.leg.br/api/v2/deputados/66385
br-comissao-de-turismo-da-camara;Comissão de Turismo da Câmara;br-p-cd-220554;Alexandre Lindenmeyer;Suplente;2026-02-24;eleito;;;não;https://dadosabertos.camara.leg.br/api/v2/deputados/220554
br-comissao-de-turismo-da-camara;Comissão de Turismo da Câmara;br-p-cd-220685;Paulo Litro;Suplente;2026-04-17;eleito;;;não;https://dadosabertos.camara.leg.br/api/v2/deputados/220685
br-comissao-de-turismo-da-camara;Comissão de Turismo da Câmara;br-p-cd-220651;Simone Marquetto;Suplente;2026-04-22;eleito;;;não;https://dadosabertos.camara.leg.br/api/v2/deputados/220651
br-comissao-de-turismo-da-camara;Comissão de Turismo da Câmara;br-p-cd-220654;Delegado Paulo Bilynskyj;Suplente;2026-04-23;eleito;;;não;https://dadosabertos.camara.leg.br/api/v2/deputados/220654
br-comissao-de-turismo-da-camara;Comissão de Turismo da Câmara;br-p-cd-204396;Vermelho;Suplente;2026-04-23;eleito;;;não;https://dadosabertos.camara.leg.br/api/v2/deputados/204396
br-comissao-de-turismo-da-camara;Comissão de Turismo da Câmara;br-p-cd-204498;Olival Marques;Suplente;2026-04-28;eleito;;;não;https://dadosabertos.camara.leg.br/api/v2/deputados/204498
br-comissao-de-turismo-da-camara;Comissão de Turismo da Câmara;br-p-cd-220591;Meire Serafim;Suplente;2026-05-07;eleito;;;não;https://dadosabertos.camara.leg.br/api/v2/deputados/220591
br-comissao-de-turismo-da-camara;Comissão de Turismo da Câmara;br-p-cd-220660;Yury do Paredão;Suplente;2026-06-12;eleito;;;não;https://dadosabertos.camara.leg.br/api/v2/deputados/220660
br-comissao-de-turismo-da-camara;Comissão de Turismo da Câmara;br-p-cd-236518;Santin Roveda;Suplente;2026-07-07;eleito;;;não;https://dadosabertos.camara.leg.br/api/v2/deputados/236518
br-comissao-de-viacao-e-transportes-da-camara;Comissão de Viação e Transportes da Câmara;br-p-cd-74537;Claudio Cajado;Presidente;2026-02-03;eleito;;;não;https://dadosabertos.camara.leg.br/api/v2/deputados/74537
br-comissao-de-viacao-e-transportes-da-camara;Comissão de Viação e Transportes da Câmara;br-p-cd-220702;Geraldo Mendes;1º Vice-Presidente;2026-03-04;eleito;;;não;https://dadosabertos.camara.leg.br/api/v2/deputados/220702
br-comissao-de-viacao-e-transportes-da-camara;Comissão de Viação e Transportes da Câmara;br-p-cd-204525;Rosana Valle;2º Vice-Presidente;2026-03-04;eleito;;;não;https://dadosabertos.camara.leg.br/api/v2/deputados/204525
br-comissao-de-viacao-e-transportes-da-camara;Comissão de Viação e Transportes da Câmara;br-p-cd-220650;Paulo Alexandre Barbosa;3º Vice-Presidente;2026-05-20;eleito;;;não;https://dadosabertos.camara.leg.br/api/v2/deputados/220650
br-comissao-de-viacao-e-transportes-da-camara;Comissão de Viação e Transportes da Câmara;br-p-cd-204549;AJ Albuquerque;Titular;2026-02-03;eleito;;;não;https://dadosabertos.camara.leg.br/api/v2/deputados/204549
br-comissao-de-viacao-e-transportes-da-camara;Comissão de Viação e Transportes da Câmara;br-p-cd-233594;Rafael Fera;Titular;2026-02-03;eleito;;;não;https://dadosabertos.camara.leg.br/api/v2/deputados/233594
br-comissao-de-viacao-e-transportes-da-camara;Comissão de Viação e Transportes da Câmara;br-p-cd-220647;Mauricio Neves;Titular;2026-02-03;eleito;;;não;https://dadosabertos.camara.leg.br/api/v2/deputados/220647
br-comissao-de-viacao-e-transportes-da-camara;Comissão de Viação e Transportes da Câmara;br-p-cd-160552;Danrlei de Deus Hinterholz;Titular;2026-02-03;eleito;;;não;https://dadosabertos.camara.leg.br/api/v2/deputados/160552
br-comissao-de-viacao-e-transportes-da-camara;Comissão de Viação e Transportes da Câmara;br-p-cd-141485;Luiz Carlos Busato;Titular;2026-02-03;eleito;;;não;https://dadosabertos.camara.leg.br/api/v2/deputados/141485
br-comissao-de-viacao-e-transportes-da-camara;Comissão de Viação e Transportes da Câmara;br-p-cd-220612;Bebeto;Titular;2026-02-03;eleito;;;não;https://dadosabertos.camara.leg.br/api/v2/deputados/220612
br-comissao-de-viacao-e-transportes-da-camara;Comissão de Viação e Transportes da Câmara;br-p-cd-220703;Neto Carletto;Titular;2026-02-03;eleito;;;não;https://dadosabertos.camara.leg.br/api/v2/deputados/220703
br-comissao-de-viacao-e-transportes-da-camara;Comissão de Viação e Transportes da Câmara;br-p-cd-204491;Gilberto Abramo;Titular;2026-02-03;eleito;;;não;https://dadosabertos.camara.leg.br/api/v2/deputados/204491
br-comissao-de-viacao-e-transportes-da-camara;Comissão de Viação e Transportes da Câmara;br-p-cd-74371;Rubens Otoni;Titular;2026-02-03;eleito;;;não;https://dadosabertos.camara.leg.br/api/v2/deputados/74371
br-comissao-de-viacao-e-transportes-da-camara;Comissão de Viação e Transportes da Câmara;br-p-cd-220553;Denise Pessôa;Titular;2026-02-03;eleito;;;não;https://dadosabertos.camara.leg.br/api/v2/deputados/220553
br-comissao-de-viacao-e-transportes-da-camara;Comissão de Viação e Transportes da Câmara;br-p-cd-162067;Kiko Celeguim;Titular;2026-02-03;eleito;;;não;https://dadosabertos.camara.leg.br/api/v2/deputados/162067
br-comissao-de-viacao-e-transportes-da-camara;Comissão de Viação e Transportes da Câmara;br-p-cd-191923;Flávio Nogueira;Titular;2026-02-03;eleito;;;não;https://dadosabertos.camara.leg.br/api/v2/deputados/191923
br-comissao-de-viacao-e-transportes-da-camara;Comissão de Viação e Transportes da Câmara;br-p-cd-204456;Gutemberg Reis;Titular;2026-02-03;eleito;;;não;https://dadosabertos.camara.leg.br/api/v2/deputados/204456
br-comissao-de-viacao-e-transportes-da-camara;Comissão de Viação e Transportes da Câmara;br-p-cd-160588;Diego Andrade;Titular;2026-02-03;eleito;;;não;https://dadosabertos.camara.leg.br/api/v2/deputados/160588
br-comissao-de-viacao-e-transportes-da-camara;Comissão de Viação e Transportes da Câmara;br-p-cd-204457;Juninho do Pneu;Titular;2026-04-17;eleito;;;não;https://dadosabertos.camara.leg.br/api/v2/deputados/204457
br-comissao-de-viacao-e-transportes-da-camara;Comissão de Viação e Transportes da Câmara;br-p-cd-141487;Luiz Fernando Faria;Titular;2026-04-17;eleito;;;não;https://dadosabertos.camara.leg.br/api/v2/deputados/141487
br-comissao-de-viacao-e-transportes-da-camara;Comissão de Viação e Transportes da Câmara;br-p-cd-220537;Helena Lima;Titular;2026-04-17;eleito;;;não;https://dadosabertos.camara.leg.br/api/v2/deputados/220537
br-comissao-de-viacao-e-transportes-da-camara;Comissão de Viação e Transportes da Câmara;br-p-cd-220664;Guilherme Uchoa;Titular;2026-04-22;eleito;;;não;https://dadosabertos.camara.leg.br/api/v2/deputados/220664
br-comissao-de-viacao-e-transportes-da-camara;Comissão de Viação e Transportes da Câmara;br-p-cd-154178;Milton Vieira;Titular;2026-04-22;eleito;;;não;https://dadosabertos.camara.leg.br/api/v2/deputados/154178
br-comissao-de-viacao-e-transportes-da-camara;Comissão de Viação e Transportes da Câmara;br-p-cd-160548;Jonas Donizette;Titular;2026-04-22;eleito;;;não;https://dadosabertos.camara.leg.br/api/v2/deputados/160548
br-comissao-de-viacao-e-transportes-da-camara;Comissão de Viação e Transportes da Câmara;br-p-cd-204479;Nicoletti;Titular;2026-05-27;eleito;;;não;https://dadosabertos.camara.leg.br/api/v2/deputados/204479
br-comissao-de-viacao-e-transportes-da-camara;Comissão de Viação e Transportes da Câmara;br-p-cd-204391;José Nelto;Suplente;2026-02-03;eleito;;;não;https://dadosabertos.camara.leg.br/api/v2/deputados/204391
br-comissao-de-viacao-e-transportes-da-camara;Comissão de Viação e Transportes da Câmara;br-p-cd-74253;Julio Lopes;Suplente;2026-02-03;eleito;;;não;https://dadosabertos.camara.leg.br/api/v2/deputados/74253
br-comissao-de-viacao-e-transportes-da-camara;Comissão de Viação e Transportes da Câmara;br-p-cd-141450;Hugo Leal;Suplente;2026-02-03;eleito;;;não;https://dadosabertos.camara.leg.br/api/v2/deputados/141450
br-comissao-de-viacao-e-transportes-da-camara;Comissão de Viação e Transportes da Câmara;br-p-cd-137070;Vicentinho Júnior;Suplente;2026-02-03;eleito;;;não;https://dadosabertos.camara.leg.br/api/v2/deputados/137070
br-comissao-de-viacao-e-transportes-da-camara;Comissão de Viação e Transportes da Câmara;br-p-cd-136811;Afonso Hamm;Suplente;2026-02-03;eleito;;;não;https://dadosabertos.camara.leg.br/api/v2/deputados/136811
br-comissao-de-viacao-e-transportes-da-camara;Comissão de Viação e Transportes da Câmara;br-p-cd-220687;Márcio Honaiser;Suplente;2026-02-03;eleito;;;não;https://dadosabertos.camara.leg.br/api/v2/deputados/220687
br-comissao-de-viacao-e-transportes-da-camara;Comissão de Viação e Transportes da Câmara;br-p-cd-220692;Dal Barreto;Suplente;2026-02-03;eleito;;;não;https://dadosabertos.camara.leg.br/api/v2/deputados/220692
br-comissao-de-viacao-e-transportes-da-camara;Comissão de Viação e Transportes da Câmara;br-p-cd-220558;Zé Trovão;Suplente;2026-02-03;eleito;;;não;https://dadosabertos.camara.leg.br/api/v2/deputados/220558
br-comissao-de-viacao-e-transportes-da-camara;Comissão de Viação e Transportes da Câmara;br-p-cd-220708;Gabriel Nunes;Suplente;2026-02-03;eleito;;;não;https://dadosabertos.camara.leg.br/api/v2/deputados/220708
br-comissao-de-viacao-e-transportes-da-camara;Comissão de Viação e Transportes da Câmara;br-p-cd-220543;Ricardo Ayres;Suplente;2026-02-03;eleito;;;não;https://dadosabertos.camara.leg.br/api/v2/deputados/220543
br-comissao-de-viacao-e-transportes-da-camara;Comissão de Viação e Transportes da Câmara;br-p-cd-220604;Marcos Tavares;Suplente;2026-02-03;eleito;;;não;https://dadosabertos.camara.leg.br/api/v2/deputados/220604
br-comissao-de-viacao-e-transportes-da-camara;Comissão de Viação e Transportes da Câmara;br-p-cd-204559;Zé Neto;Suplente;2026-02-03;eleito;;;não;https://dadosabertos.camara.leg.br/api/v2/deputados/204559
br-comissao-de-viacao-e-transportes-da-camara;Comissão de Viação e Transportes da Câmara;br-p-cd-204492;Paulo Guedes;Suplente;2026-02-03;eleito;;;não;https://dadosabertos.camara.leg.br/api/v2/deputados/204492
br-comissao-de-viacao-e-transportes-da-camara;Comissão de Viação e Transportes da Câmara;br-p-cd-204504;Cezinha de Madureira;Suplente;2026-02-03;eleito;;;não;https://dadosabertos.camara.leg.br/api/v2/deputados/204504
br-comissao-de-viacao-e-transportes-da-camara;Comissão de Viação e Transportes da Câmara;br-p-cd-220554;Alexandre Lindenmeyer;Suplente;2026-02-03;eleito;;;não;https://dadosabertos.camara.leg.br/api/v2/deputados/220554
br-comissao-de-viacao-e-transportes-da-camara;Comissão de Viação e Transportes da Câmara;br-p-cd-204355;da Vitoria;Suplente;2026-02-04;eleito;;;não;https://dadosabertos.camara.leg.br/api/v2/deputados/204355
br-comissao-de-viacao-e-transportes-da-camara;Comissão de Viação e Transportes da Câmara;br-p-cd-178985;Miguel Lombardi;Suplente;2026-02-04;eleito;;;não;https://dadosabertos.camara.leg.br/api/v2/deputados/178985
br-comissao-de-viacao-e-transportes-da-camara;Comissão de Viação e Transportes da Câmara;br-p-cd-178962;Carlos Gomes;Suplente;2026-02-09;eleito;;;não;https://dadosabertos.camara.leg.br/api/v2/deputados/178962
br-comissao-de-viacao-e-transportes-da-camara;Comissão de Viação e Transportes da Câmara;br-p-cd-198197;Greyce Elias;Suplente;2026-03-19;eleito;;;não;https://dadosabertos.camara.leg.br/api/v2/deputados/198197
br-comissao-de-viacao-e-transportes-da-camara;Comissão de Viação e Transportes da Câmara;br-p-cd-178943;Marcos Soares;Suplente;2026-04-17;eleito;;;não;https://dadosabertos.camara.leg.br/api/v2/deputados/178943
br-comissao-de-viacao-e-transportes-da-camara;Comissão de Viação e Transportes da Câmara;br-p-cd-220672;Henderson Pinto;Suplente;2026-04-17;eleito;;;não;https://dadosabertos.camara.leg.br/api/v2/deputados/220672
br-comissao-de-viacao-e-transportes-da-camara;Comissão de Viação e Transportes da Câmara;br-p-cd-220698;Beto Preto;Suplente;2026-04-22;eleito;;;não;https://dadosabertos.camara.leg.br/api/v2/deputados/220698
br-comissao-de-viacao-e-transportes-da-camara;Comissão de Viação e Transportes da Câmara;br-p-cd-220566;Lêda Borges;Suplente;2026-04-22;eleito;;;não;https://dadosabertos.camara.leg.br/api/v2/deputados/220566
br-comissao-de-viacao-e-transportes-da-camara;Comissão de Viação e Transportes da Câmara;br-p-cd-220638;Antonio Carlos Rodrigues;Suplente;2026-05-06;eleito;;;não;https://dadosabertos.camara.leg.br/api/v2/deputados/220638
br-comissao-de-viacao-e-transportes-da-camara;Comissão de Viação e Transportes da Câmara;br-p-cd-220608;Cristiane Lopes;Suplente;2026-05-06;eleito;;;não;https://dadosabertos.camara.leg.br/api/v2/deputados/220608
br-comissao-de-viacao-e-transportes-da-camara;Comissão de Viação e Transportes da Câmara;br-p-cd-141456;Jilmar Tatto;Suplente;2026-05-19;eleito;;;não;https://dadosabertos.camara.leg.br/api/v2/deputados/141456
br-comissao-de-viacao-e-transportes-da-camara;Comissão de Viação e Transportes da Câmara;br-p-cd-220574;Cabo Gilberto Silva;Suplente;2026-05-27;eleito;;;não;https://dadosabertos.camara.leg.br/api/v2/deputados/220574
br-comissao-de-viacao-e-transportes-da-camara;Comissão de Viação e Transportes da Câmara;br-p-cd-204541;Eduardo Bismarck;Suplente;2026-06-11;eleito;;;não;https://dadosabertos.camara.leg.br/api/v2/deputados/204541
br-comissao-mista-de-controle-das-atividades-de-inteligencia;Comissão Mista de Controle das Atividades de Inteligência;br-p-sf-5985;Nelsinho Trad;Presidente;;eleito;;;não;https://www.congressonacional.leg.br/comissoes
br-comissao-mista-de-controle-das-atividades-de-inteligencia;Comissão Mista de Controle das Atividades de Inteligência;br-p-cd-204526;Luiz Philippe de Orleans e Bragança;Vice-Presidente;;eleito;;;não;https://www.congressonacional.leg.br/comissoes
br-comissao-mista-de-controle-das-atividades-de-inteligencia;Comissão Mista de Controle das Atividades de Inteligência;br-p-sf-5748;Veneziano Vital do Rêgo;Titular;;eleito;;;não;https://www.congressonacional.leg.br/comissoes
br-comissao-mista-de-controle-das-atividades-de-inteligencia;Comissão Mista de Controle das Atividades de Inteligência;br-p-sf-4694;Rogerio Marinho;Titular;;eleito;;;não;https://www.congressonacional.leg.br/comissoes
br-comissao-mista-de-controle-das-atividades-de-inteligencia;Comissão Mista de Controle das Atividades de Inteligência;br-p-sf-6341;Hamilton Mourão;Titular;;eleito;;;não;https://www.congressonacional.leg.br/comissoes
br-comissao-mista-de-controle-das-atividades-de-inteligencia;Comissão Mista de Controle das Atividades de Inteligência;br-p-sf-4994;Eduardo Braga;Titular;;eleito;;;não;https://www.congressonacional.leg.br/comissoes
br-comissao-mista-de-controle-das-atividades-de-inteligencia;Comissão Mista de Controle das Atividades de Inteligência;br-p-sf-22;Esperidião Amin;Titular;;eleito;;;não;https://www.congressonacional.leg.br/comissoes
br-comissao-mista-de-controle-das-atividades-de-inteligencia;Comissão Mista de Controle das Atividades de Inteligência;br-p-cd-204425;Silvio Costa Filho;Titular;;eleito;;;não;https://www.congressonacional.leg.br/comissoes
br-comissao-mista-de-controle-das-atividades-de-inteligencia;Comissão Mista de Controle das Atividades de Inteligência;br-p-cd-220568;Gustavo Gayer;Titular;;eleito;;;não;https://www.congressonacional.leg.br/comissoes
br-comissao-mista-de-controle-das-atividades-de-inteligencia;Comissão Mista de Controle das Atividades de Inteligência;br-p-cd-204473;General Girão;Titular;;eleito;;;não;https://www.congressonacional.leg.br/comissoes
br-comissao-mista-de-controle-das-atividades-de-inteligencia;Comissão Mista de Controle das Atividades de Inteligência;br-p-cd-178858;Mário Negromonte Jr.;Titular;;eleito;;;não;https://www.congressonacional.leg.br/comissoes
br-comissao-mista-de-controle-das-atividades-de-inteligencia;Comissão Mista de Controle das Atividades de Inteligência;br-p-cd-156190;Marcel van Hattem;Titular;;eleito;;;não;https://www.congressonacional.leg.br/comissoes
br-secretaria-federal-de-controle-interno-secretario;Secretário Federal de Controle Interno da Controladoria-Geral da União;br-p-ronald-da-silva-balbe;Ronald da Silva Balbe;;;nomeado;Presidente da República;;não;https://www.gov.br/cgu/pt-br/acesso-a-informacao/institucional/quem-e-quem/secretaria-federal-de-controle-interno
br-secretaria-nacional-de-transparencia-e-acesso-a-informacao-secretario;Secretária Nacional de Transparência e Acesso à Informação da Controladoria-Geral da União;br-p-livia-oliveira-sobota;Livia Oliveira Sobota;;;nomeado;Presidente da República;;não;https://www.gov.br/cgu/pt-br/acesso-a-informacao/institucional/quem-e-quem/secretaria-nacional-de-transparencia-e-acesso-a-informacao
br-secretaria-de-integridade-privada-secretario;Secretário de Integridade Privada da Controladoria-Geral da União;br-p-marcelo-pontes-vianna;Marcelo Pontes Vianna;;;nomeado;Presidente da República;;não;https://www.gov.br/cgu/pt-br/acesso-a-informacao/institucional/quem-e-quem/secretaria-de-integridade-privada
br-secretaria-executiva-agricultura-secretario;Secretário-Executivo do Ministério da Agricultura e Pecuária;br-p-cleber-oliveira-soares;Cleber Oliveira Soares;;;nomeado;Presidente da República;;não;https://www.gov.br/agricultura/pt-br/acesso-a-informacao/institucional/quem-e-quem-novo/se/secretaria-executiva-staff
br-secretaria-de-comercio-e-relacoes-internacionais-secretario;Secretário de Comércio e Relações Internacionais do Ministério da Agricultura e Pecuária;br-p-augusto-luis-billi;Augusto Luis Billi;;;nomeado;Presidente da República;;não;https://www.gov.br/agricultura/pt-br/acesso-a-informacao/institucional/quem-e-quem-novo/scri/staff-e-gabinete
br-secretaria-de-defesa-agropecuaria-secretario;Secretário de Defesa Agropecuária do Ministério da Agricultura e Pecuária;br-p-carlos-goulart;Carlos Goulart;;;nomeado;Presidente da República;;não;https://www.gov.br/agricultura/pt-br/acesso-a-informacao/institucional/quem-e-quem-novo/sda/secretaria-de-defesa-agropecuaria-staff-e-gabinete-1
br-secretaria-de-desenvolvimento-rural-secretario;Secretário de Desenvolvimento Rural do Ministério da Agricultura e Pecuária;br-p-clecivaldo-de-sousa-ribeiro;Clecivaldo de Sousa Ribeiro;;;nomeado;Presidente da República;;não;https://www.gov.br/agricultura/pt-br/acesso-a-informacao/institucional/quem-e-quem-novo/sdr/staff-e-gabinete
br-secretaria-de-politica-agricola-secretario;Secretário de Política Agrícola do Ministério da Agricultura e Pecuária;br-p-guilherme-campos-junior;Guilherme Campos Júnior;;;nomeado;Presidente da República;;não;https://www.gov.br/agricultura/pt-br/acesso-a-informacao/institucional/quem-e-quem-novo/spa/staff-e-gabinete
br-secretaria-executiva-ciencia-e-tecnologia-secretario;Secretário-Executivo do Ministério da Ciência, Tecnologia e Inovação;br-p-luis-manuel-rebelo-fernandes;Luis Manuel Rebelo Fernandes;;;nomeado;Presidente da República;;não;https://www.gov.br/mcti/pt-br/composicao/sexec_c/quem-e-quem
br-secretaria-de-ciencia-e-tecnologia-para-transformacao-digital-secretario;Secretário de Ciência e Tecnologia para Transformação Digital do Ministério da Ciência, Tecnologia e Inovação;br-p-henrique-de-oliveira-miguel;Henrique de Oliveira Miguel;;;nomeado;Presidente da República;;não;https://www.gov.br/mcti/pt-br/composicao/setad_c/quem-e-quem/quem
br-secretaria-de-politicas-e-programas-estrategicos-secretario;Secretária de Políticas e Programas Estratégicos do Ministério da Ciência, Tecnologia e Inovação;br-p-andrea-brito-latge;Andrea Brito Latgé;;;nomeado;Presidente da República;;não;https://www.gov.br/mcti/pt-br/composicao
br-secretaria-executiva-cultura-secretario;Secretário-Executivo do Ministério da Cultura;br-p-marcio-tavares-dos-santos;Márcio Tavares Dos Santos;;;nomeado;Presidente da República;;não;https://www.gov.br/cultura/pt-br/acesso-a-informacao/institucional/quem-e-quem
br-secretaria-de-articulacao-federativa-e-comites-de-cultura-secretario;Secretária de Articulação Federativa e Comitês de Cultura do Ministério da Cultura;br-p-roberta-cristina-martins;Roberta Cristina Martins;;;nomeado;Presidente da República;;não;https://www.gov.br/cultura/pt-br/acesso-a-informacao/institucional/quem-e-quem
br-secretaria-de-cidadania-e-diversidade-cultural-secretario;Secretária de Cidadania e Diversidade Cultural do Ministério da Cultura;br-p-marcia-helena-goncalves-rollemberg;Márcia Helena Gonçalves Rollemberg;;;nomeado;Presidente da República;;não;https://www.gov.br/cultura/pt-br/acesso-a-informacao/institucional/quem-e-quem
br-secretaria-de-direitos-autorais-e-intelectuais-secretario;Secretária de Direitos Autorais e Intelectuais do Ministério da Cultura;br-p-marcos-alves-de-souza;Marcos Alves de Souza;;;nomeado;Presidente da República;;não;https://www.gov.br/cultura/pt-br/acesso-a-informacao/institucional/quem-e-quem
br-secretaria-de-economia-criativa-secretario;Secretária de Economia Criativa do Ministério da Cultura;br-p-claudia-sousa-leitao;Claudia Sousa Leitão;;;nomeado;Presidente da República;;não;https://www.gov.br/cultura/pt-br/acesso-a-informacao/institucional/quem-e-quem
br-secretaria-de-fomento-e-incentivo-a-cultura-secretario;Secretária de Fomento e Incentivo à Cultura do Ministério da Cultura;br-p-thiago-rocha-leandro;Thiago Rocha Leandro;;;nomeado;Presidente da República;;não;https://www.gov.br/cultura/pt-br/acesso-a-informacao/institucional/quem-e-quem
br-secretaria-de-formacao-artistica-e-cultural-livro-e-leitura-secretario;Secretária de Formação Artística e Cultural, Livro e Leitura do Ministério da Cultura;br-p-fabiano-dos-santos-piuba;Fabiano dos Santos Piúba;;;nomeado;Presidente da República;;não;https://www.gov.br/cultura/pt-br/acesso-a-informacao/institucional/quem-e-quem
br-secretaria-do-audiovisual-secretario;Secretária do Audiovisual do Ministério da Cultura;br-p-joelma-oliveira-gonzaga;Joelma Oliveira Gonzaga;;;nomeado;Presidente da República;;não;https://www.gov.br/cultura/pt-br/acesso-a-informacao/institucional/quem-e-quem
br-secretaria-de-controle-interno-defesa-secretario;Secretário de Controle Interno do Ministério da Defesa;br-p-gilson-alves-de-almeida-junior;Gilson Alves de Almeida Júnior;;;nomeado;Presidente da República;;não;https://www.gov.br/defesa/pt-br/composicao/quem-e-quem
br-secretaria-geral-secretario;Secretária-Geral do Ministério da Defesa;br-p-cinara-wagner-fredo;Cinara Wagner Fredo;;;nomeado;Presidente da República;;não;https://www.gov.br/defesa/pt-br/composicao/quem-e-quem
br-secretaria-executiva-educacao-secretario;Secretário-Executivo do Ministério da Educação;br-p-rodolfo-de-carvalho-cabral;Rodolfo de Carvalho Cabral;;;nomeado;Presidente da República;;não;https://www.gov.br/mec/pt-br/composicao
br-secretaria-de-articulacao-intersetorial-e-com-os-sistemas-de-ensino-secretario;Secretário de Articulação Intersetorial e com os Sistemas de Ensino do Ministério da Educação;br-p-gregorio-durlo-grisa;Gregório Durlo Grisa;;;nomeado;Presidente da República;;não;https://www.gov.br/mec/pt-br/composicao
br-secretaria-de-educacao-basica-secretario;Secretária de Educação Básica do Ministério da Educação;br-p-katia-helena-serafina-cruz-schweickardt;Kátia Helena Serafina Cruz Schweickardt;;;nomeado;Presidente da República;;não;https://www.gov.br/mec/pt-br/composicao
br-secretaria-de-educacao-continuada-alfabetizacao-de-jovens-e-adultos-diversidade-e-inclusao-secretario;Secretária de Educação Continuada, Alfabetização de Jovens e Adultos, Diversidade e Inclusão do Ministério da Educação;br-p-zara-figueiredo;Zara Figueiredo;;;nomeado;Presidente da República;;não;https://www.gov.br/mec/pt-br/composicao
br-secretaria-de-educacao-profissional-e-tecnologica-secretario;Secretário de Educação Profissional e Tecnológica do Ministério da Educação;br-p-marcelo-bregagnoli;Marcelo Bregagnoli;;;nomeado;Presidente da República;;não;https://www.gov.br/mec/pt-br/composicao
br-secretaria-de-educacao-superior-secretario;Secretário de Educação Superior do Ministério da Educação;br-p-marcus-vinicius-david;Marcus Vinicius David;;;nomeado;Presidente da República;;não;https://www.gov.br/mec/pt-br/composicao
br-secretaria-de-gestao-da-informacao-inovacao-e-avaliacao-de-politicas-educacionais-secretario;Secretário de Gestão da Informação, Inovação e Avaliação de Políticas Educacionais do Ministério da Educação;br-p-evanio-antonio-de-araujo-junior;Evânio Antônio de Araújo Júnior;;;nomeado;Presidente da República;;não;https://www.gov.br/mec/pt-br/composicao
br-secretaria-de-regulacao-e-supervisao-da-educacao-superior-secretario;Secretária de Regulação e Supervisão da Educação Superior do Ministério da Educação;br-p-marta-wendel-abramo;Marta Wendel Abramo;;;nomeado;Presidente da República;;não;https://www.gov.br/mec/pt-br/composicao
br-secretaria-executiva-fazenda-secretario;Secretário-Executivo do Ministério da Fazenda;br-p-rogerio-ceron-de-oliveira;Rogério Ceron de Oliveira;;;nomeado;Presidente da República;;não;https://www.gov.br/fazenda/pt-br/composicao/quem-e-quem
br-secretaria-extraordinaria-do-mercado-de-carbono-secretario;Secretária Extraordinária do Mercado de Carbono do Ministério da Fazenda;br-p-cristina-froes-de-borja-reis;Cristina Fróes de Borja Reis;;;nomeado;Presidente da República;;não;https://www.gov.br/fazenda/pt-br/composicao/quem-e-quem
br-secretaria-de-assuntos-internacionais-secretario;Secretário de Assuntos Internacionais do Ministério da Fazenda;br-p-mathias-jourdain-de-alencastro;Mathias Jourdain de Alencastro;;;nomeado;Presidente da República;;não;https://www.gov.br/fazenda/pt-br/composicao/quem-e-quem
br-secretaria-de-politica-economica-secretario;Secretária de Política Econômica do Ministério da Fazenda;br-p-debora-freire;Débora Freire;;;nomeado;Presidente da República;;não;https://www.gov.br/fazenda/pt-br/composicao/quem-e-quem
br-secretaria-de-premios-e-apostas-secretario;Secretário de Prêmios e Apostas do Ministério da Fazenda;br-p-daniele-correa-cardoso;Daniele Correa Cardoso;;;nomeado;Presidente da República;;não;https://www.gov.br/fazenda/pt-br/composicao/quem-e-quem
br-secretaria-de-reformas-economicas-secretario;Secretário de Reformas Econômicas do Ministério da Fazenda;br-p-regis-dudena;Regis Dudena;;;nomeado;Presidente da República;;não;https://www.gov.br/fazenda/pt-br/composicao/quem-e-quem
br-secretaria-executiva-gestao-secretario;Secretário-Executivo do Ministério da Gestão e da Inovação em Serviços Públicos;br-p-cilair-rodrigues-de-abreu;Cilair Rodrigues de Abreu;;;nomeado;Presidente da República;;não;https://www.gov.br/gestao/pt-br/composicao/quem-e-quem/ministra-e-orgaos-de-assistencia-direta
br-secretaria-extraordinaria-para-a-transformacao-do-estado-secretario;Secretário Extraordinário para a Transformação do Estado do Ministério da Gestão e da Inovação em Serviços Públicos;br-p-francisco-gaetani;Francisco Gaetani;;;nomeado;Presidente da República;;não;https://www.gov.br/gestao/pt-br/composicao/quem-e-quem/secretaria-extraordinaria-para-a-transformacao-do-estado-sete
br-secretaria-de-coordenacao-e-governanca-das-empresas-estatais-secretario;Secretária de Coordenação e Governança das Empresas Estatais do Ministério da Gestão e da Inovação em Serviços Públicos;br-p-elisa-vieira-leonel;Elisa Vieira Leonel;;;nomeado;Presidente da República;;não;https://www.gov.br/gestao/pt-br/composicao/quem-e-quem/secretaria-de-coordenacao-e-governanca-das-empresas-estatais-sest
br-secretaria-de-gestao-de-pessoas-secretario;Secretário de Gestão de Pessoas do Ministério da Gestão e da Inovação em Serviços Públicos;br-p-jose-celso-cardoso-jr;José Celso Cardoso Jr;;;nomeado;Presidente da República;;não;https://www.gov.br/gestao/pt-br/composicao/quem-e-quem/secretaria-de-gestao-de-pessoas-sgp
br-secretaria-de-gestao-e-inovacao-secretario;Secretário de Gestão e Inovação do Ministério da Gestão e da Inovação em Serviços Públicos;br-p-roberto-seara-machado-pojo-rego;Roberto Seara Machado Pojo Rego;;;nomeado;Presidente da República;;não;https://www.gov.br/gestao/pt-br/composicao/quem-e-quem/secretaria-de-gestao-e-inovacao-seges
br-secretaria-de-governo-digital-secretario;Secretário de Governo Digital do Ministério da Gestão e da Inovação em Serviços Públicos;br-p-rogerio-souza-mascarenhas;Rogério Souza Mascarenhas;;;nomeado;Presidente da República;;não;https://www.gov.br/gestao/pt-br/composicao/quem-e-quem/secretaria-de-governo-digital-sgd
br-secretaria-de-relacoes-de-trabalho-secretario;Secretário de Relações de Trabalho do Ministério da Gestão e da Inovação em Serviços Públicos;br-p-jose-lopez-feijoo;Jose Lopez Feijóo;;;nomeado;Presidente da República;;não;https://www.gov.br/gestao/pt-br/composicao/quem-e-quem/secretaria-de-relacoes-de-trabalho-srt
br-secretaria-de-servicos-compartilhados-secretario;Secretária de Serviços Compartilhados do Ministério da Gestão e da Inovação em Serviços Públicos;br-p-isabela-gomes-gebrim;Isabela Gomes Gebrim;;;nomeado;Presidente da República;;não;https://www.gov.br/gestao/pt-br/composicao/quem-e-quem/secretaria-de-servicos-compartilhados-ssc
br-secretaria-do-patrimonio-da-uniao-secretario;Secretária do Patrimônio da União do Ministério da Gestão e da Inovação em Serviços Públicos;br-p-carolina-gabas-stuchi;Carolina Gabas Stuchi;;;nomeado;Presidente da República;;não;https://www.gov.br/gestao/pt-br/composicao/quem-e-quem/secretaria-do-patrimonio-da-uniao-spu
br-secretaria-executiva-igualdade-racial-secretario;Secretária-Executiva do Ministério da Igualdade Racial;br-p-barbara-oliveira-souza;Bárbara Oliveira Souza;;;nomeado;Presidente da República;;não;https://www.gov.br/igualdaderacial/pt-br/composicao/quem-e-quem
br-secretaria-de-polit-p-quilombolas-povos-e-comunidades-tradic-de-mat-africana-povos-de-terreiros-e-ciganos-secretario;Secretário de Polít. p/ Quilombolas, Povos e Comunidades Tradic de Mat. Africana, Povos de Terreiros e Ciganos do Ministério da Igualdade Racial;br-p-ronaldo-dos-santos;Ronaldo dos Santos;;;nomeado;Presidente da República;;não;https://www.gov.br/igualdaderacial/pt-br/composicao/quem-e-quem
br-secretaria-de-politicas-de-acoes-afirmativas-combate-e-superacao-do-racismo-secretario;Secretário de Políticas de Ações Afirmativas, Combate e Superação do Racismo do Ministério da Igualdade Racial;br-p-tiago-santana-da-conceicao;Tiago Santana da Conceição;;;nomeado;Presidente da República;;não;https://www.gov.br/igualdaderacial/pt-br/composicao/quem-e-quem
br-secretaria-executiva-integracao-secretario;Secretário-Executivo do Ministério da Integração e do Desenvolvimento Regional;br-p-valder-ribeiro-de-moura;Valder Ribeiro de Moura;;;nomeado;Presidente da República;;não;https://www.gov.br/mdr/pt-br/acesso-a-informacao/institucional/quem-e-quem
br-secretaria-nacional-de-fundos-e-instrumentos-financeiros-secretario;Secretário Nacional de Fundos e Instrumentos Financeiros do Ministério da Integração e do Desenvolvimento Regional;br-p-eduardo-correa-tavares;Eduardo Corrêa Tavares;;;nomeado;Presidente da República;;não;https://www.gov.br/mdr/pt-br/acesso-a-informacao/institucional/quem-e-quem
br-secretaria-nacional-de-politicas-de-desenvolvimento-regional-e-territorial-secretario;Secretário Nacional de Políticas de Desenvolvimento Regional e Territorial do Ministério da Integração e do Desenvolvimento Regional;br-p-edgar-batista-de-azevedo-caetano;Edgar Batista de Azevedo Caetano;;;nomeado;Presidente da República;;não;https://www.gov.br/mdr/pt-br/acesso-a-informacao/institucional/quem-e-quem
br-secretaria-nacional-de-protecao-e-defesa-civil-secretario;Secretário Nacional de Proteção e Defesa Civil do Ministério da Integração e do Desenvolvimento Regional;br-p-wolnei-wolff-barreiros;Wolnei Wolff Barreiros;;;nomeado;Presidente da República;;não;https://www.gov.br/mdr/pt-br/acesso-a-informacao/institucional/quem-e-quem
br-secretaria-nacional-de-seguranca-hidrica-secretario;Secretário Nacional de Segurança Hídrica do Ministério da Integração e do Desenvolvimento Regional;br-p-giuseppe-serra-seca-vieira;Giuseppe Serra Seca Vieira;;;nomeado;Presidente da República;;não;https://www.gov.br/mdr/pt-br/acesso-a-informacao/institucional/quem-e-quem
br-secretaria-executiva-justica-secretario;Secretário-Executivo do Ministério da Justiça e Segurança Pública;br-p-ademar-borges-de-sousa-filho;Ademar Borges de Sousa Filho;;;nomeado;Presidente da República;;não;https://www.gov.br/mj/pt-br/acesso-a-informacao/institucional/sumario/quemequem/secretaria-executiva
br-secretaria-nacional-de-acesso-a-justica-secretario;Secretária Nacional de Acesso à Justiça do Ministério da Justiça e Segurança Pública;br-p-sheila-santana-de-carvalho;Sheila Santana de Carvalho;;;nomeado;Presidente da República;;não;https://www.gov.br/mj/pt-br/acesso-a-informacao/institucional/sumario/quemequem/secretaria-de-acesso-a-justica
br-secretaria-nacional-de-assuntos-legislativos-secretario;Secretário Nacional de Assuntos Legislativos do Ministério da Justiça e Segurança Pública;br-p-paulo-eduardo-garrido-modesto;Paulo Eduardo Garrido Modesto;;;nomeado;Presidente da República;;não;https://www.gov.br/mj/pt-br/acesso-a-informacao/institucional/sumario/quemequem/secretaria-nacional-de-assuntos-legislativos
br-secretaria-nacional-de-direitos-digitais-secretario;Secretário Nacional de Direitos Digitais do Ministério da Justiça e Segurança Pública;br-p-victor-oliveira-fernandes;Victor Oliveira Fernandes;;;nomeado;Presidente da República;;não;https://www.gov.br/mj/pt-br/acesso-a-informacao/institucional/sumario/quemequem/secretaria-direitos-digitais
br-secretaria-nacional-de-justica-secretario;Secretária Nacional de Justiça do Ministério da Justiça e Segurança Pública;br-p-maria-rosa-guimaraes-loula;Maria Rosa Guimarães Loula;;;nomeado;Presidente da República;;não;https://www.gov.br/mj/pt-br/acesso-a-informacao/institucional/sumario/quemequem/secretaria-nacional-de-justica
br-secretaria-nacional-de-politicas-sobre-drogas-e-gestao-de-ativos-secretario;Secretária Nacional de Políticas sobre Drogas e Gestão de Ativos do Ministério da Justiça e Segurança Pública;br-p-marta-rodriguez-de-assis-machado;Marta Rodriguez de Assis Machado;;;nomeado;Presidente da República;;não;https://www.gov.br/mj/pt-br/acesso-a-informacao/institucional/sumario/quemequem/secretaria-nacional-de-politicas-sobre-drogas
br-secretaria-nacional-de-seguranca-publica-secretario;Secretário Nacional de Segurança Pública do Ministério da Justiça e Segurança Pública;br-p-francisco-lucas-costa-veloso;Francisco Lucas Costa Veloso;;;nomeado;Presidente da República;;não;https://www.gov.br/mj/pt-br/acesso-a-informacao/institucional/sumario/quemequem/secretaria-nacional-de-seguranca-publica
br-secretaria-nacional-do-consumidor-secretario;Secretário Nacional do Consumidor do Ministério da Justiça e Segurança Pública;br-p-ricardo-morishita-wada;Ricardo Morishita Wada;;;nomeado;Presidente da República;;não;https://www.gov.br/mj/pt-br/acesso-a-informacao/institucional/sumario/quemequem/secretaria-nacional-do-consumidor
br-secretaria-executiva-pesca-secretario;Secretário-Executivo do Ministério da Pesca e Aquicultura;br-p-lazaro-medeiros-viana-da-costa;Lázaro Medeiros Viana da Costa;;;nomeado;Presidente da República;;não;https://www.gov.br/mpa/pt-br/acesso-a-informacao/institucional/quem-e-quem-3/secretaria-executiva/gabinete
br-secretaria-nacional-de-aquicultura-secretario;Secretária Nacional de Aquicultura do Ministério da Pesca e Aquicultura;br-p-fernanda-gomes-de-paula;Fernanda Gomes de Paula;;;nomeado;Presidente da República;;não;https://www.gov.br/mpa/pt-br/acesso-a-informacao/institucional/quem-e-quem-3/secretaria-nacional-de-aquicultura/gabinete
br-secretaria-nacional-de-pesca-industrial-amadora-e-esportiva-secretario;Secretário Nacional de Pesca Industrial, Amadora e Esportiva do Ministério da Pesca e Aquicultura;br-p-carlos-mello;Carlos Mello;;;nomeado;Presidente da República;;não;https://www.gov.br/mpa/pt-br/acesso-a-informacao/institucional/quem-e-quem-3/secretaria-nacional-de-pesca-industrial-amadora-e-esportiva/gabinete
br-secretaria-nacional-de-registro-monitoramento-e-pesquisa-da-pesca-e-aquicultura-secretario;Secretária Nacional de Registro, Monitoramento e Pesquisa da Pesca e Aquicultura do Ministério da Pesca e Aquicultura;br-p-carolina-rodrigues-da-costa-doria;Carolina Rodrigues da Costa Doria;;;nomeado;Presidente da República;;não;https://www.gov.br/mpa/pt-br/acesso-a-informacao/institucional/quem-e-quem-3/secretaria-nacional-de-registro-monitoramento-e-pesquisa-da-pesca-e-aquicultura/gabinete
br-secretaria-executiva-previdencia-secretario;Secretário-Executivo do Ministério da Previdência Social;br-p-felipe-cavalcante-e-silva;Felipe Cavalcante e Silva;;;nomeado;Presidente da República;;não;https://www.gov.br/previdencia/pt-br/composicao/quem-e-quem
br-secretaria-de-regime-geral-de-previdencia-social-secretario;Secretário de Regime Geral de Previdência Social do Ministério da Previdência Social;br-p-benedito-adalberto-brunca;Benedito Adalberto Brunca;;;nomeado;Presidente da República;;não;https://www.gov.br/previdencia/pt-br/composicao/quem-e-quem
br-secretaria-de-regime-proprio-e-complementar-secretario;Secretário de Regime Próprio e Complementar do Ministério da Previdência Social;br-p-paulo-roberto-dos-santos-pinto;Paulo Roberto dos Santos Pinto;;;nomeado;Presidente da República;;não;https://www.gov.br/previdencia/pt-br/composicao/quem-e-quem
br-secretaria-executiva-saude-secretario;Secretário-Executivo do Ministério da Saúde;br-p-adriano-massuda;Adriano Massuda;;;nomeado;Presidente da República;;não;https://www.gov.br/saude/pt-br/composicao/quem-e-quem
br-secretaria-de-atencao-especializada-a-saude-secretario;Secretário de Atenção Especializada à Saúde do Ministério da Saúde;br-p-mozart-julio-tabosa-sales;Mozart Julio Tabosa Sales;;;nomeado;Presidente da República;;não;https://www.gov.br/saude/pt-br/composicao/quem-e-quem
br-secretaria-de-atencao-primaria-a-saude-secretario;Secretária de Atenção Primária à Saúde do Ministério da Saúde;br-p-ana-luiza-ferreira-rodrigues-caldas;Ana Luiza Ferreira Rodrigues Caldas;;;nomeado;Presidente da República;;não;https://www.gov.br/saude/pt-br/composicao/quem-e-quem
br-secretaria-de-ciencia-tecnologia-e-inovacao-em-saude-secretario;Secretária de Ciência, Tecnologia e Inovação em Saúde do Ministério da Saúde;br-p-fernanda-de-negri;Fernanda De Negri;;;nomeado;Presidente da República;;não;https://www.gov.br/saude/pt-br/composicao/quem-e-quem
br-secretaria-de-gestao-do-trabalho-e-da-educacao-na-saude-secretario;Secretário de Gestão do Trabalho e da Educação na Saúde do Ministério da Saúde;br-p-felipe-proenco-de-oliveira;Felipe Proenço De Oliveira;;;nomeado;Presidente da República;;não;https://www.gov.br/saude/pt-br/composicao/quem-e-quem
br-secretaria-de-informacao-e-saude-digital-secretario;Secretária de Informação e Saúde Digital do Ministério da Saúde;br-p-maria-aparecida-cina-da-silva;Maria Aparecida Cina da Silva;;;nomeado;Presidente da República;;não;https://www.gov.br/saude/pt-br/composicao/quem-e-quem
br-secretaria-de-saude-indigena-secretario;Secretária de Saúde Indígena do Ministério da Saúde;br-p-maria-lucilene-martins-santos;Maria Lucilene Martins Santos;;;nomeado;Presidente da República;;não;https://www.gov.br/saude/pt-br/composicao/quem-e-quem
br-secretaria-de-vigilancia-em-saude-e-ambiente-secretario;Secretário de Vigilância em Saúde e Ambiente do Ministério da Saúde;br-p-fabiano-geraldo-pimenta-junior;Fabiano Geraldo Pimenta Junior;;;nomeado;Presidente da República;;não;https://www.gov.br/saude/pt-br/composicao/quem-e-quem
br-secretaria-executiva-cidades-secretario;Secretária-Executiva do Ministério das Cidades;br-p-mirna-quindere-belmino-chaves;Mirna Quinderé Belmino Chaves;;;nomeado;Presidente da República;;não;https://www.gov.br/cidades/pt-br/acesso-a-informacao/institucional/quem-e-quem
br-secretaria-nacional-de-desenvolvimento-urbano-e-metropolitano-secretario;Secretário Nacional de Desenvolvimento Urbano e Metropolitano do Ministério das Cidades;br-p-carlos-roberto-queiroz-tome-junior;Carlos Roberto Queiroz Tomé Junior;;;nomeado;Presidente da República;;não;https://www.gov.br/cidades/pt-br/acesso-a-informacao/institucional/quem-e-quem
br-secretaria-nacional-de-habitacao-secretario;Secretário Nacional de Habitação do Ministério das Cidades;br-p-augusto-henrique-alves-rabelo;Augusto Henrique Alves Rabelo;;;nomeado;Presidente da República;;não;https://www.gov.br/cidades/pt-br/acesso-a-informacao/institucional/quem-e-quem
br-secretaria-nacional-de-mobilidade-urbana-secretario;Secretário Nacional de Mobilidade Urbana do Ministério das Cidades;br-p-marcos-daniel-souza-dos-santos;Marcos Daniel Souza dos Santos;;;nomeado;Presidente da República;;não;https://www.gov.br/cidades/pt-br/acesso-a-informacao/institucional/quem-e-quem
br-secretaria-nacional-de-periferias-secretario;Secretário Nacional de Periferias do Ministério das Cidades;br-p-vitor-araripe-freire-pacheco;Vitor Araripe Freire Pacheco;;;nomeado;Presidente da República;;não;https://www.gov.br/cidades/pt-br/acesso-a-informacao/institucional/quem-e-quem
br-secretaria-nacional-de-saneamento-ambiental-secretario;Secretário Nacional de Saneamento Ambiental do Ministério das Cidades;br-p-marcio-leao-coelho;Márcio Leão Coelho;;;nomeado;Presidente da República;;não;https://www.gov.br/cidades/pt-br/acesso-a-informacao/institucional/quem-e-quem
br-secretaria-executiva-comunicacoes-secretario;Secretária-Executiva do Ministério das Comunicações;br-p-sonia-faustino-mendes;Sônia Faustino Mendes;;;nomeado;Presidente da República;;não;https://www.gov.br/mcom/pt-br/acesso-a-informacao/institucional/quem-e-quem
br-secretaria-de-radiodifusao-secretario;Secretário de Radiodifusão do Ministério das Comunicações;br-p-wilson-diniz-wellisch;Wilson Diniz Wellisch;;;nomeado;Presidente da República;;não;https://www.gov.br/mcom/pt-br/acesso-a-informacao/institucional/quem-e-quem
br-secretaria-de-telecomunicacoes-secretario;Secretário de Telecomunicações do Ministério das Comunicações;br-p-hermano-barros-tercius;Hermano Barros Tercius;;;nomeado;Presidente da República;;não;https://www.gov.br/mcom/pt-br/acesso-a-informacao/institucional/quem-e-quem
br-secretaria-executiva-mulheres-secretario;Secretária-Executiva do Ministério das Mulheres;br-p-eutalia-barbosa-rodrigues-naves;Eutália Barbosa Rodrigues Naves;;;nomeado;Presidente da República;;não;https://www.gov.br/mulheres/pt-br/composicao/secretaria-executiva/eutalia-barbosa-rodrigues-naves
br-secretaria-nacional-de-articulacao-intersetorial-e-interfederativa-e-participacao-politica-secretario;Secretária Nacional de Articulação Intersetorial e Interfederativa e Participação Política do Ministério das Mulheres;br-p-sandra-kennedy-viana;Sandra Kennedy Viana;;;nomeado;Presidente da República;;não;https://www.gov.br/mulheres/pt-br/composicao/secretaria-nacional-de-articulacao-institucional-acoes-tematicas-e-participacao-politica/sandra-kennedy-viana
br-secretaria-nacional-de-autonomia-economica-e-politica-de-cuidados-secretario;Secretária Nacional de Autonomia Econômica e Política de Cuidados do Ministério das Mulheres;br-p-joana-celia-dos-passos;Joana Célia dos Passos;;;nomeado;Presidente da República;;não;https://www.gov.br/mulheres/pt-br/composicao/secretaria-nacional-de-autonomia-economica/joana-celia-dos-passos
br-secretaria-de-controle-interno-itamaraty-secretario;Secretário de Controle Interno do Ministério das Relações Exteriores;br-p-carlos-henrique-moojen-de-abreu-e-silva;Carlos Henrique Moojen de Abreu e Silva;;;nomeado;Presidente da República;;não;https://www.gov.br/mre/pt-br/composicao/quem-e-quem
br-secretaria-geral-das-relacoes-exteriores-secretario;Secretária-Geral das Relações Exteriores do Ministério das Relações Exteriores;br-p-maria-laura-da-rocha;Maria Laura da Rocha;;;nomeado;Presidente da República;;não;https://www.gov.br/mre/pt-br/composicao/quem-e-quem
br-secretaria-executiva-minas-e-energia-secretario;Secretário-Executivo do Ministério de Minas e Energia;br-p-gustavo-cerqueira-ataide;Gustavo Cerqueira Ataide;;;nomeado;Presidente da República;;não;https://www.gov.br/mme/pt-br/composicao/quem-e-quem
br-secretaria-nacional-de-energia-eletrica-secretario;Secretário Nacional de Energia Elétrica do Ministério de Minas e Energia;br-p-joao-daniel-de-andrade-cascalho;João Daniel de Andrade Cascalho;;;nomeado;Presidente da República;;não;https://www.gov.br/mme/pt-br/composicao/quem-e-quem
br-secretaria-nacional-de-petroleo-gas-natural-e-biocombustiveis-secretario;Secretário Nacional de Petróleo, Gás Natural e Biocombustíveis do Ministério de Minas e Energia;br-p-renato-cabral-dias-dutra;Renato Cabral Dias Dutra;;;nomeado;Presidente da República;;não;https://www.gov.br/mme/pt-br/composicao/quem-e-quem
br-secretaria-nacional-de-transicao-energetica-e-planejamento-secretario;Secretária Nacional de Transição Energética e Planejamento do Ministério de Minas e Energia;br-p-mariana-de-assis-especie;Mariana de Assis Especie;;2026-06-29;nomeado;Lula;;não;https://www.gov.br/mme/pt-br/composicao/quem-e-quem
br-secretaria-executiva-portos-e-aeroportos-secretario;Secretária-Executiva do Ministério de Portos e Aeroportos;br-p-thairyne-jessica-martins-de-oliveira;Thairyne Jessica Martins de Oliveira;;2026-06-30;nomeado;Lula;;não;https://www.gov.br/portos-e-aeroportos/pt-br/composicao/secretaria-executiva-subsecretaria-de-gestao-e-administracao/fabio-lavor-teixeira
br-secretaria-nacional-de-aviacao-civil-secretario;Secretário Nacional de Aviação Civil do Ministério de Portos e Aeroportos;br-p-daniel-ramos-longo;Daniel Ramos Longo;;;nomeado;Presidente da República;;não;https://www.gov.br/portos-e-aeroportos/pt-br/composicao/secretaria-nacional-de-aviacao-civil/daniel-ramos-longo
br-secretaria-nacional-de-hidrovias-e-navegacao-secretario;Secretário Nacional de Hidrovias e Navegação do Ministério de Portos e Aeroportos;br-p-otto-luiz-burlier-da-silveira-filho;Otto Luiz Burlier da Silveira Filho;;;nomeado;Presidente da República;;não;https://www.gov.br/portos-e-aeroportos/pt-br/composicao/secretaria-nacional-de-hidrovias-e-navegacao/otto-luiz-burlier-da-silveira-filho
br-secretaria-nacional-de-portos-secretario;Secretário Nacional de Portos do Ministério de Portos e Aeroportos;br-p-alex-sandro-de-avila;Alex Sandro de Avila;;;nomeado;Presidente da República;;não;https://www.gov.br/portos-e-aeroportos/pt-br/composicao/secretaria-nacional-de-portos/alex-sandro-de-avila
br-secretaria-executiva-desenvolvimento-agrario-secretario;Secretário-Executivo do Ministério do Desenvolvimento Agrário e Agricultura Familiar;br-p-eric-sousa-moura;Eric Sousa Moura;;;nomeado;Presidente da República;;não;https://www.gov.br/mda/pt-br/acesso-a-informacao/institucional/quem-e-quem/secretaria-executiva
br-secretaria-de-abastecimento-cooperativismo-e-soberania-alimentar-secretario;Secretária de Abastecimento, Cooperativismo e Soberania Alimentar do Ministério do Desenvolvimento Agrário e Agricultura Familiar;br-p-ana-terra-reis;Ana Terra Reis;;;nomeado;Presidente da República;;não;https://www.gov.br/mda/pt-br/acesso-a-informacao/institucional/quem-e-quem/secretaria-de-abastecimento-cooperativismo-e-soberania-alimentar
br-secretaria-de-agricultura-familiar-e-agroecologia-secretario;Secretário de Agricultura Familiar e Agroecologia do Ministério do Desenvolvimento Agrário e Agricultura Familiar;br-p-vanderley-ziger;Vanderley Ziger;;;nomeado;Presidente da República;;não;https://www.gov.br/mda/pt-br/acesso-a-informacao/institucional/quem-e-quem/secretaria-de-agricultura-familiar-e-agroecologia
br-secretaria-de-governanca-fundiaria-desenvolvimento-territorial-e-socioambiental-secretario;Secretário de Governança Fundiária, Desenvolvimento Territorial e Socioambiental do Ministério do Desenvolvimento Agrário e Agricultura Familiar;br-p-moises-savian;Moisés Savian;;;nomeado;Presidente da República;;não;https://www.gov.br/mda/pt-br/acesso-a-informacao/institucional/quem-e-quem/secretaria-de-governanca-fundiaria-desenvolvimento-territorial-e-socioambiental
br-secretaria-de-territorios-e-sistemas-produtivos-quilombolas-e-tradicionais-secretario;Secretário de Territórios e Sistemas Produtivos Quilombolas e Tradicionais do Ministério do Desenvolvimento Agrário e Agricultura Familiar;br-p-edmilton-cerqueira;Edmilton Cerqueira;;;nomeado;Presidente da República;;não;https://www.gov.br/mda/pt-br/acesso-a-informacao/institucional/quem-e-quem/secretaria-de-territorios-e-sistemas-produtivos-quilombolas-e-tradicionais
br-secretaria-executiva-industria-e-comercio-secretario;Secretário-Executivo do Ministério do Desenvolvimento, Indústria, Comércio e Serviços;br-p-rodrigo-zerbone-loureiro;Rodrigo Zerbone Loureiro;;;nomeado;Presidente da República;;não;https://www.gov.br/mdic/pt-br/composicao/quem-e-quem
br-secretaria-de-competitividade-e-politica-regulatoria-secretario;Secretário de Competitividade e Política Regulatória do Ministério do Desenvolvimento, Indústria, Comércio e Serviços;br-p-pedro-ivo;Pedro Ivo;;;nomeado;Presidente da República;;não;https://www.gov.br/mdic/pt-br/composicao/scpr
br-secretaria-de-comercio-exterior-secretario;Secretária de Comércio Exterior do Ministério do Desenvolvimento, Indústria, Comércio e Serviços;br-p-tatiana-lacerda-prazeres;Tatiana Lacerda Prazeres;;;nomeado;Presidente da República;;não;https://www.gov.br/mdic/pt-br/composicao/quem-e-quem
br-secretaria-de-desenvolvimento-industrial-inovacao-comercio-e-servicos-secretario;Secretário de Desenvolvimento Industrial, Inovação, Comércio e Serviços do Ministério do Desenvolvimento, Indústria, Comércio e Serviços;br-p-uallace-moreira-lima;Uallace Moreira Lima;;;nomeado;Presidente da República;;não;https://www.gov.br/mdic/pt-br/composicao/quem-e-quem
br-secretaria-de-economia-verde-descarbonizacao-e-bioindustria-secretario;Secretária de Economia Verde, Descarbonização e Bioindústria do Ministério do Desenvolvimento, Indústria, Comércio e Serviços;br-p-julia-cortez-da-cunha-cruz;Julia Cortez da Cunha Cruz;;;nomeado;Presidente da República;;não;https://www.gov.br/mdic/pt-br/composicao/quem-e-quem
br-secretaria-executiva-desenvolvimento-social-secretario;Secretário-Executivo do Ministério do Desenvolvimento e Assistência Social, Família e Combate à Fome;br-p-osmar-ribeiro-de-almeida-junior;Osmar Ribeiro de Almeida Júnior;;;nomeado;Presidente da República;;não;https://www.gov.br/mds/pt-br/composicao/quem-e-quem
br-secretaria-extraordinaria-de-combate-a-pobreza-e-a-fome-secretario;Secretária Extraordinária de Combate à Pobreza e à Fome do Ministério do Desenvolvimento e Assistência Social, Família e Combate à Fome;br-p-valeria-torres-amaral-burity;Valéria Torres Amaral Burity;;;nomeado;Presidente da República;;não;https://www.gov.br/mds/pt-br/composicao/quem-e-quem
br-secretaria-nacional-da-politica-de-cuidados-e-familia-secretario;Secretário Nacional da Política de Cuidados e Família do Ministério do Desenvolvimento e Assistência Social, Família e Combate à Fome;br-p-lais-wendel-abramo;Laís Wendel Abramo;;;nomeado;Presidente da República;;não;https://www.gov.br/mds/pt-br/composicao/quem-e-quem
br-secretaria-nacional-de-assistencia-social-secretario;Secretário Nacional de Assistência Social do Ministério do Desenvolvimento e Assistência Social, Família e Combate à Fome;br-p-rosilene-cristina-rocha;Rosilene Cristina Rocha;;;nomeado;Presidente da República;;não;https://www.gov.br/mds/pt-br/composicao/quem-e-quem
br-secretaria-nacional-de-beneficios-assistenciais-secretario;Secretário Nacional de Benefícios Assistenciais do Ministério do Desenvolvimento e Assistência Social, Família e Combate à Fome;br-p-amarildo-baesso;Amarildo Baesso;;;nomeado;Presidente da República;;não;https://www.gov.br/mds/pt-br/composicao/quem-e-quem
br-secretaria-nacional-de-integracao-e-articulacao-de-plataformas-sociais-eletronicas-secretario;Secretária Nacional de Integração e Articulação de Plataformas Sociais Eletrônicas do Ministério do Desenvolvimento e Assistência Social, Família e Combate à Fome;br-p-analucia-faggion-alonso;Analúcia Faggion Alonso;;;nomeado;Presidente da República;;não;https://www.gov.br/mds/pt-br/composicao/quem-e-quem
br-secretaria-nacional-de-renda-de-cidadania-secretario;Secretário Nacional de Renda de Cidadania do Ministério do Desenvolvimento e Assistência Social, Família e Combate à Fome;br-p-eliane-aquino-custodio;Eliane Aquino Custodio;;;nomeado;Presidente da República;;não;https://www.gov.br/mds/pt-br/composicao/quem-e-quem
br-secretaria-nacional-de-seguranca-alimentar-e-nutricional-secretario;Secretário Nacional de Segurança Alimentar e Nutricional do Ministério do Desenvolvimento e Assistência Social, Família e Combate à Fome;br-p-lilian-dos-santos-rahal;Lilian dos Santos Rahal;;;nomeado;Presidente da República;;não;https://www.gov.br/mds/pt-br/composicao/quem-e-quem
br-secretaria-de-avaliacao-gestao-da-informacao-e-cadastro-unico-secretario;Secretário de Avaliação, Gestão da Informação e Cadastro Único do Ministério do Desenvolvimento e Assistência Social, Família e Combate à Fome;br-p-rafael-guerreiro-osorio;Rafael Guerreiro Osório;;;nomeado;Presidente da República;;não;https://www.gov.br/mds/pt-br/composicao/quem-e-quem
br-secretaria-de-inclusao-socioeconomica-secretario;Secretário de Inclusão Socioeconômica do Ministério do Desenvolvimento e Assistência Social, Família e Combate à Fome;br-p-luiz-carlos-everton-de-farias;Luiz Carlos Everton de Farias;;;nomeado;Presidente da República;;não;https://www.gov.br/mds/pt-br/composicao/quem-e-quem
br-secretaria-executiva-esporte-secretario;Secretário-Executivo do Ministério do Esporte;br-p-ivo-de-almeida-ico-filho;Ivo de Almeida Icó Filho;;;nomeado;Presidente da República;;não;https://www.gov.br/esporte/pt-br/composicao/secretaria-executiva/a-secretaria/ivo-de-almeida-ico-filho
br-secretaria-extraordinaria-da-copa-do-mundo-de-futebol-feminino-2027-secretario;Secretária Extraordinária da Copa do Mundo de Futebol Feminino 2027 do Ministério do Esporte;br-p-juliana-picoli-agatte;Juliana Picoli Agatte;;;nomeado;Presidente da República;;não;https://www.gov.br/esporte/pt-br/composicao/secretaria-extraordinaria-para-a-copa-do-mundo-de-futebol-feminino/julliana-picoli-agatte
br-secretaria-nacional-de-apostas-esportivas-e-de-desenvolvimento-economico-do-esporte-secretario;Secretário Nacional de Apostas Esportivas e de Desenvolvimento Econômico do Esporte do Ministério do Esporte;br-p-giovanni-rocco-neto;Giovanni Rocco Neto;;;nomeado;Presidente da República;;não;https://www.gov.br/esporte/pt-br/composicao/secretaria-nacional-de-apostas-esportivas-e-de-desenvolvimento-economico-do-esporte/Giovanni%20Rocco%20Neto
br-secretaria-nacional-de-esporte-amador-educacao-lazer-e-inclusao-social-secretario;Secretária Nacional de Esporte Amador, Educação, Lazer e Inclusão Social do Ministério do Esporte;br-p-ludmila-ferreira-martins-costa-abadia;Ludmila Ferreira Martins Costa Abadia;;;nomeado;Presidente da República;;não;https://www.gov.br/esporte/pt-br/composicao/secretaria-nacional-de-esporte-amador-educacao-lazer-e-inclusao-social/ludmila-ferreira-martins-costa-abadia
br-secretaria-nacional-de-excelencia-esportiva-secretario;Secretária Nacional de Excelência Esportiva do Ministério do Esporte;br-p-iziane-castro-marques-de-oliveira;Iziane Castro Marques de Oliveira;;;nomeado;Presidente da República;;não;https://www.gov.br/esporte/pt-br/composicao/Secretaria-Nacional-de-Excelencia-Esportiva/Iziane-Castro-Marques
br-secretaria-nacional-de-futebol-e-defesa-dos-direitos-do-torcedor-secretario;Secretário Nacional de Futebol e Defesa dos Direitos do Torcedor do Ministério do Esporte;br-p-patrick-correa;Patrick Corrêa;;;nomeado;Presidente da República;;não;https://www.gov.br/esporte/pt-br/composicao/secretaria-nacional-de-futebol-e-defesa-dos-direitos-do-torcedor/patrick-correa
br-secretaria-nacional-de-paradesporto-secretario;Secretário Nacional de Paradesporto do Ministério do Esporte;br-p-fabio-augusto-lima-de-araujo;Fabio Augusto Lima de Araujo;;;nomeado;Presidente da República;;não;https://www.gov.br/esporte/pt-br/composicao/secretaria-nacional-de-paradesporto/fabio-augusto-lima-de-araujo
br-secretaria-executiva-meio-ambiente-secretario;Secretária-Executiva do Ministério do Meio Ambiente e Mudança do Clima;br-p-anna-flavia-de-senna-franco;Anna Flávia de Senna Franco;;;nomeado;Presidente da República;;não;https://www.gov.br/mma/pt-br/composicao/secex/quem-e-quem
br-secretaria-extraordinaria-de-controle-do-desmatamento-e-ordenamento-ambiental-territorial-secretario;Secretário Extraordinário de Controle do Desmatamento e Ordenamento Ambiental Territorial do Ministério do Meio Ambiente e Mudança do Clima;br-p-andre-rodolfo-de-lima;André Rodolfo de Lima;;;nomeado;Presidente da República;;não;https://www.gov.br/mma/pt-br/composicao/secd/quem-e-quem
br-secretaria-nacional-de-biodiversidade-florestas-e-direitos-animais-secretario;Secretária Nacional de Biodiversidade, Florestas e Direitos Animais do Ministério do Meio Ambiente e Mudança do Clima;br-p-rita-de-cassia-guimaraes-mesquita;Rita de Cássia Guimarães Mesquita;;;nomeado;Presidente da República;;não;https://www.gov.br/mma/pt-br/composicao/sbio/quem-e-quem
br-secretaria-nacional-de-bioeconomia-secretario;Secretária Nacional de Bioeconomia do Ministério do Meio Ambiente e Mudança do Clima;br-p-carina-mendonca-pimenta;Carina Mendonça Pimenta;;;nomeado;Presidente da República;;não;https://www.gov.br/mma/pt-br/composicao/sbc/quem-e-quem
br-secretaria-nacional-de-meio-ambiente-urbano-recursos-hidricos-e-qualidade-ambiental-secretario;Secretário Nacional de Meio Ambiente Urbano, Recursos Hídricos e Qualidade Ambiental do Ministério do Meio Ambiente e Mudança do Clima;br-p-adalberto-felicio-maluf-filho;Adalberto Felício Maluf Filho;;;nomeado;Presidente da República;;não;https://www.gov.br/mma/pt-br/composicao/sqa/quem-e-quem
br-secretaria-nacional-de-mudanca-do-clima-secretario;Secretário Nacional de Mudança do Clima do Ministério do Meio Ambiente e Mudança do Clima;br-p-aloisio-lopes-pereira-de-melo;Aloisio Lopes Pereira de Melo;;;nomeado;Presidente da República;;não;https://www.gov.br/mma/pt-br/composicao/smc/quem-e-quem
br-secretaria-nacional-de-povos-e-comunidades-tradicionais-e-desenvolvimento-rural-sustentavel-secretario;Secretária Nacional de Povos e Comunidades Tradicionais e Desenvolvimento Rural Sustentável do Ministério do Meio Ambiente e Mudança do Clima;br-p-edel-nazare-santiago-de-moraes;Edel Nazaré Santiago de Moraes;;;nomeado;Presidente da República;;não;https://www.gov.br/mma/pt-br/composicao/snpct/quem-e-quem
br-secretaria-executiva-planejamento-secretario;Secretário-Executivo do Ministério do Planejamento e Orçamento;br-p-guilherme-santos-mello;Guilherme Santos Mello;;;nomeado;Presidente da República;;não;https://www.gov.br/planejamento/pt-br/composicao/secretaria-executiva/gustavo-jose-de-guimaraes-e-souza
br-secretaria-nacional-de-planejamento-secretario;Secretária Nacional de Planejamento do Ministério do Planejamento e Orçamento;br-p-tatiana-lemos-sandim;Tatiana Lemos Sandim;;;nomeado;Presidente da República;;não;https://www.gov.br/planejamento/pt-br/composicao/secretaria-nacional-de-planejamento/tatiana-lemos-sandim
br-secretaria-de-articulacao-institucional-secretario;Secretário de Articulação Institucional do Ministério do Planejamento e Orçamento;br-p-wagner-artur-de-oliveira-cabral;Wagner Artur de Oliveira Cabral;;;nomeado;Presidente da República;;não;https://www.gov.br/planejamento/pt-br/composicao/secretaria-de-articulacao-institucional/wagner-artur-de-oliveira-cabral
br-secretaria-de-assuntos-internacionais-e-desenvolvimento-secretario;Secretário de Assuntos Internacionais e Desenvolvimento do Ministério do Planejamento e Orçamento;br-p-antonio-negromonte-nascimento-junior;Antônio Negromonte Nascimento Junior;;;nomeado;Presidente da República;;não;https://www.gov.br/planejamento/pt-br/composicao/secretaria-de-assuntos-internacionais-e-desenvolvimento/antonio-negromonte-nascimento-junior-1
br-secretaria-de-monitoramento-e-avaliacao-de-politicas-publicas-secretario;Secretário de Monitoramento e Avaliação de Políticas Públicas do Ministério do Planejamento e Orçamento;br-p-otavio-augusto-ferreira-ventura;Otávio Augusto Ferreira Ventura;;;nomeado;Presidente da República;;não;https://www.gov.br/planejamento/pt-br/composicao/secretaria-de-monitoramento-e-avaliacao-de-politicas-publicas-e-assuntos-economicos/otavio-augusto-ferreira-ventura
br-secretaria-de-orcamento-federal-secretario;Secretário de Orçamento Federal do Ministério do Planejamento e Orçamento;br-p-clayton-luiz-montes;Clayton Luiz Montes;;;nomeado;Presidente da República;;não;https://www.gov.br/planejamento/pt-br/composicao/secretaria-de-orcamento-federal/clayton-luiz-montes
br-secretaria-executiva-trabalho-secretario;Secretário-Executivo do Ministério do Trabalho e Emprego;br-p-francisco-macena-da-silva;Francisco Macena da Silva;;;nomeado;Presidente da República;;não;https://www.gov.br/trabalho-e-emprego/pt-br/composicao/quem-e-quem
br-secretaria-nacional-de-qualificacao-emprego-e-juventude-secretario;Secretário Nacional de Qualificação, Emprego e Juventude do Ministério do Trabalho e Emprego;br-p-henrique-eduardo-medeiros-aquino;Henrique Eduardo Medeiros Aquino;;;nomeado;Presidente da República;;não;https://www.gov.br/trabalho-e-emprego/pt-br/composicao/quem-e-quem
br-secretaria-de-inspecao-do-trabalho-secretario;Secretário de Inspeção do Trabalho do Ministério do Trabalho e Emprego;br-p-luiz-henrique-ramos-lopes;Luiz Henrique Ramos Lopes;;;nomeado;Presidente da República;;sim;https://www.gov.br/trabalho-e-emprego/pt-br/composicao/quem-e-quem
br-secretaria-de-protecao-ao-trabalhador-secretario;Secretário de Proteção ao Trabalhador do Ministério do Trabalho e Emprego;br-p-carlos-augusto-simoes-goncalves-junior;Carlos Augusto Simões Gonçalves Junior;;;nomeado;Presidente da República;;não;https://www.gov.br/trabalho-e-emprego/pt-br/composicao/quem-e-quem
br-secretaria-de-relacoes-do-trabalho-secretario;Secretário de Relações do Trabalho do Ministério do Trabalho e Emprego;br-p-marcos-perioto;Marcos Perioto;;;nomeado;Presidente da República;;não;https://www.gov.br/trabalho-e-emprego/pt-br/composicao/quem-e-quem
br-secretaria-nacional-de-infraestrutura-credito-e-investimentos-no-turismo-secretario;Secretário Nacional de Infraestrutura, Crédito e Investimentos no Turismo do Ministério do Turismo;br-p-carlos-henrique-menezes-sobral;Carlos Henrique Menezes Sobral;;;nomeado;Presidente da República;;não;https://www.gov.br/turismo/pt-br/composicao/secretaria-nacional-de-infraestrutura-turistica-1
br-secretaria-nacional-de-politicas-de-turismo-secretario;Secretário Nacional de Políticas de Turismo do Ministério do Turismo;br-p-augusto-lira-da-rocha;Augusto Lira da Rocha;;;nomeado;Presidente da República;;não;https://www.gov.br/turismo/pt-br/composicao/secretaria-nacional-de-desenvolvimento-e-competitividade-do-turismo-1
br-secretaria-executiva-direitos-humanos-secretario;Secretária-Executiva do Ministério dos Direitos Humanos e da Cidadania;br-p-caroline-dias-dos-reis;Caroline Dias dos Reis;;;nomeado;Presidente da República;;não;https://www.gov.br/mdh/pt-br/composicao/quem-e-quem
br-secretaria-nacional-de-promocao-e-defesa-dos-direitos-humanos-secretario;Secretária Nacional de Promoção e Defesa dos Direitos Humanos do Ministério dos Direitos Humanos e da Cidadania;br-p-tassiana-cunha-carvalho;Tassiana Cunha Carvalho;;;nomeado;Presidente da República;;não;https://www.gov.br/mdh/pt-br/composicao/quem-e-quem
br-secretaria-nacional-dos-direitos-da-pessoa-idosa-secretario;Secretário Nacional dos Direitos da Pessoa Idosa do Ministério dos Direitos Humanos e da Cidadania;br-p-alexandre-da-silva;Alexandre da Silva;;;nomeado;Presidente da República;;não;https://www.gov.br/mdh/pt-br/composicao/quem-e-quem
br-secretaria-nacional-dos-direitos-da-pessoa-com-deficiencia-secretario;Secretária Nacional dos Direitos da Pessoa com Deficiência do Ministério dos Direitos Humanos e da Cidadania;br-p-isadora-rodrigues-nascimento-santos;Isadora Rodrigues Nascimento Santos;;;nomeado;Presidente da República;;não;https://www.gov.br/mdh/pt-br/composicao/quem-e-quem
br-secretaria-nacional-dos-direitos-das-pessoas-lgbtqia-secretario;Secretária Nacional dos Direitos das Pessoas LGBTQIA+ do Ministério dos Direitos Humanos e da Cidadania;br-p-symmy-larrat-brito-de-carvalho;Symmy Larrat Brito de Carvalho;;;nomeado;Presidente da República;;não;https://www.gov.br/mdh/pt-br/composicao/quem-e-quem
br-secretaria-executiva-povos-indigenas-secretario;Secretário-Executivo do Ministério dos Povos Indígenas;br-p-marcos-vesolosquzki;Marcos Vesolosquzki;;;nomeado;Presidente da República;;não;https://www.gov.br/povosindigenas/pt-br/composicao/ministro-e-orgaos-de-assistencia-direta/secretaria-executiva/marcos-kaingang
br-secretaria-nacional-de-articulacao-e-promocao-de-direitos-indigenas-secretario;Secretária Nacional de Articulação e Promoção de Direitos Indígenas do Ministério dos Povos Indígenas;br-p-giovana-cruz-mandulao;Giovana Cruz Mandulão;;;nomeado;Presidente da República;;não;https://www.gov.br/povosindigenas/pt-br/composicao/secretaria-de-articulacao-e-promocao-de-direitos-indigenas/giovana-cruz-mandulao
br-secretaria-nacional-de-direitos-territoriais-indigenas-secretario;Secretária Nacional de Direitos Territoriais Indígenas do Ministério dos Povos Indígenas;br-p-edilena-krikati;Edilena Krikati;;;nomeado;Presidente da República;;não;https://www.gov.br/povosindigenas/pt-br/composicao/secretaria-de-direitos-ambientais-e-territoriais-indigenas/edilena-krikati
br-secretaria-nacional-de-gestao-ambiental-e-territorial-indigena-secretario;Secretária Nacional de Gestão Ambiental e Territorial Indígena do Ministério dos Povos Indígenas;br-p-ceica-pitaguary;Ceiça Pitaguary;;;nomeado;Presidente da República;;não;https://www.gov.br/povosindigenas/pt-br/composicao/secretaria-de-gestao-ambiental-e-territorial-indigena/ceica-pitaguary
br-secretaria-executiva-transportes-secretario;Secretário-Executivo do Ministério dos Transportes;br-p-bruno-leitao-praxedes;Bruno Leitão Praxedes;;;nomeado;Presidente da República;;não;https://www.gov.br/transportes/pt-br/composicao/quem-e-quem
br-secretaria-nacional-de-transporte-ferroviario-secretario;Secretário Nacional de Transporte Ferroviário do Ministério dos Transportes;br-p-leonardo-cezar-ribeiro;Leonardo Cezar Ribeiro;;;nomeado;Presidente da República;;não;https://www.gov.br/transportes/pt-br/composicao/quem-e-quem
br-secretaria-nacional-de-transporte-rodoviario-secretario;Secretária Nacional de Transporte Rodoviário do Ministério dos Transportes;br-p-viviane-esse;Viviane Esse;;;nomeado;Presidente da República;;não;https://www.gov.br/transportes/pt-br/composicao/quem-e-quem
br-secretaria-nacional-de-transito-secretario;Secretário Nacional de Trânsito do Ministério dos Transportes;br-p-adrualdo-de-lima-catao;Adrualdo de Lima Catão;;;nomeado;Presidente da República;;não;https://www.gov.br/transportes/pt-br/composicao/quem-e-quem
br-secretaria-executiva-cc-pr-secretario;Secretária-Executiva da Casa Civil da Presidência da República;br-p-francisca-lucileide-de-carvalho;Francisca Lucileide de Carvalho;;;nomeado;Presidente da República;;não;https://www.gov.br/casacivil/pt-br/composicao/secretaria-executiva/quem-e-quem-1
br-secretaria-especial-de-analise-governamental-secretario;Secretária Especial de Análise Governamental da Casa Civil da Presidência da República;br-p-danielle-cancela-cronemberger;Danielle Cancela Cronemberger;;;nomeado;Presidente da República;;não;https://www.gov.br/casacivil/pt-br/composicao/secretaria_especial_de_analise_governamental/quem-e-quem-1
br-secretaria-especial-do-programa-de-aceleracao-do-crescimento-secretario;Secretário Especial do Programa de Aceleração do Crescimento da Casa Civil da Presidência da República;br-p-roberto-nami-garibe-filho;Roberto Nami Garibe Filho;;;nomeado;Presidente da República;;não;https://www.gov.br/casacivil/pt-br/composicao/secretaria-especial-do-programa-de-aceleracao-do-crescimento/quem-e-quem
br-secretaria-especial-do-programa-de-parcerias-de-investimentos-secretario;Secretário Especial do Programa de Parcerias de Investimentos da Casa Civil da Presidência da República;br-p-marcus-benicio-foltz-cavalcanti;Marcus Benicio Foltz Cavalcanti;;;nomeado;Presidente da República;;não;https://www.gov.br/casacivil/pt-br/composicao/secretaria-especial-para-o-programa-de-parcerias-e-investimentos/quem-e-quem-1
br-secretaria-especial-para-assuntos-juridicos-secretario;Secretário Especial para Assuntos Jurídicos da Casa Civil da Presidência da República;br-p-marcelo-weick-pogliese;Marcelo Weick Pogliese;;;nomeado;Presidente da República;;não;https://www.gov.br/casacivil/pt-br/composicao/secretaria-especial-para-assunto-juridicos/quem-e-quem
br-secretaria-executiva-gsi-pr-secretario;Secretário-Executivo do Gabinete de Segurança Institucional da Presidência da República;br-p-washington-rocha-triani;Washington Rocha Triani;;;nomeado;Presidente da República;;não;https://www.gov.br/gsi/pt-br/acesso-a-informacao/institucional/principais-cargos-e-respectivos-ocupantes
br-secretaria-de-coordenacao-e-assuntos-aeroespaciais-secretario;Secretário de Coordenação e Assuntos Aeroespaciais do Gabinete de Segurança Institucional da Presidência da República;br-p-marcos-aurelio-vilela-valenca;Marcos Aurelio Vilela Valenca;;;nomeado;Presidente da República;;não;https://www.gov.br/gsi/pt-br/acesso-a-informacao/institucional/principais-cargos-e-respectivos-ocupantes
br-secretaria-de-seguranca-presidencial-secretario;Secretário de Segurança Presidencial do Gabinete de Segurança Institucional da Presidência da República;br-p-ricardo-santos-taranto;Ricardo Santos Taranto;;;nomeado;Presidente da República;;não;https://www.gov.br/gsi/pt-br/acesso-a-informacao/institucional/principais-cargos-e-respectivos-ocupantes
br-secretaria-de-seguranca-da-informacao-e-cibernetica-secretario;Secretário de Segurança da Informação e Cibernética do Gabinete de Segurança Institucional da Presidência da República;br-p-andre-luiz-bandeira-molina;André Luiz Bandeira Molina;;;nomeado;Presidente da República;;não;https://www.gov.br/gsi/pt-br/acesso-a-informacao/institucional/principais-cargos-e-respectivos-ocupantes
br-secretaria-executiva-secom-pr-secretario;Secretária-Executiva da Secretaria de Comunicação Social da Presidência da República;br-p-samara-mariana-de-castro;Samara Mariana de Castro;;2026-07-22;nomeado;Lula;;não;https://www.gov.br/secom/pt-br/acesso-a-informacao/institucional/quem-e-quem
br-secretaria-de-comunicacao-institucional-secretario;Secretária de Comunicação Institucional da Secretaria de Comunicação Social da Presidência da República;br-p-danutta-de-a-rodrigues;Danutta de A. Rodrigues;;;nomeado;Presidente da República;;não;https://www.gov.br/secom/pt-br/acesso-a-informacao/institucional/quem-e-quem
br-secretaria-de-imprensa-secretario;Secretário de Imprensa da Secretaria de Comunicação Social da Presidência da República;br-p-laercio-portela-delgado;Laércio Portela Delgado;;;nomeado;Presidente da República;;não;https://www.gov.br/secom/pt-br/acesso-a-informacao/institucional/quem-e-quem
br-secretaria-de-politicas-digitais-secretario;Secretário de Políticas Digitais da Secretaria de Comunicação Social da Presidência da República;br-p-joao-caldeira-brant-monteiro-de-castro;João Caldeira Brant Monteiro de Castro;;;nomeado;Presidente da República;;não;https://www.gov.br/secom/pt-br/acesso-a-informacao/institucional/quem-e-quem
br-secretaria-de-producao-e-divulgacao-de-conteudo-audiovisual-secretario;Secretária de Produção e Divulgação de Conteúdo Audiovisual da Secretaria de Comunicação Social da Presidência da República;br-p-mariana-gurgel-zoccoli;Mariana Gurgel Zoccoli;;;nomeado;Presidente da República;;não;https://www.gov.br/secom/pt-br/acesso-a-informacao/institucional/quem-e-quem
br-secretaria-de-publicidade-e-patrocinios-secretario;Secretária de Publicidade e Patrocínios da Secretaria de Comunicação Social da Presidência da República;br-p-samantha-marchiori-rodrigues-ribeiro;Samantha Marchiori Rodrigues Ribeiro;;;nomeado;Presidente da República;;não;https://www.gov.br/secom/pt-br/acesso-a-informacao/institucional/quem-e-quem
br-secretaria-executiva-sri-pr-secretario;Secretário-Executivo da Secretaria de Relações Institucionais da Presidência da República;br-p-marcelo-almeida-cunha-costa;Marcelo Almeida Cunha Costa;;;nomeado;Presidente da República;;não;https://www.gov.br/sri/pt-br/composicao/secretaria-executiva/quem-e-quem
br-secretaria-especial-de-acompanhamento-governamental-secretario;Secretário Especial de Acompanhamento Governamental da Secretaria de Relações Institucionais da Presidência da República;br-p-andre-de-oliveira-bucar;André de Oliveira Bucar;;;nomeado;Presidente da República;;não;https://www.gov.br/sri/pt-br/composicao/secretaria-especial-de-articulacao-social/quem-e-quem
br-secretaria-especial-de-assuntos-federativos-secretario;Secretário Especial de Assuntos Federativos da Secretaria de Relações Institucionais da Presidência da República;br-p-jose-ilario-goncalves-marques;José Ilário Gonçalves Marques;;;nomeado;Presidente da República;;não;https://www.gov.br/sri/pt-br/composicao/secretaria-especial-de-assuntos-federativos/quem-e-quem
br-secretaria-especial-de-assuntos-parlamentares-secretario;Secretário Especial de Assuntos Parlamentares da Secretaria de Relações Institucionais da Presidência da República;br-p-gerson-luis-bittencourt;Gerson Luis Bittencourt;;;nomeado;Presidente da República;;não;https://www.gov.br/sri/pt-br/composicao/secretaria-especial-de-assuntos-parlamentares/quem-e-quem
br-secretaria-executiva-sg-secretario;Secretário-Executivo da Secretaria-Geral da Presidência da República;br-p-josue-augusto-do-amaral-rocha;Josué Augusto do Amaral Rocha;;;nomeado;Presidente da República;;não;https://www.gov.br/secretariageral/pt-br/acesso-a-informacao/institucional/quem-e-quem-cargos
br-secretaria-nacional-de-dialogos-sociais-e-articulacao-de-politicas-publicas-secretario;Secretário Nacional de Diálogos Sociais e Articulação de Políticas Públicas da Secretaria-Geral da Presidência da República;br-p-kelli-cristine-de-oliveira-mafort;Kelli Cristine de Oliveira Mafort;;;nomeado;Presidente da República;;não;https://www.gov.br/secretariageral/pt-br/acesso-a-informacao/institucional/quem-e-quem-cargos
br-secretaria-nacional-de-juventude-secretario;Secretária Nacional de Juventude da Secretaria-Geral da Presidência da República;br-p-vitoria-genuino-de-morais-silva;Vitória Genuino de Morais Silva;;;nomeado;Presidente da República;;não;https://www.gov.br/secretariageral/pt-br/acesso-a-informacao/institucional/quem-e-quem-cargos
br-secretaria-nacional-de-participacao-social-secretario;Secretária Nacional de Participação Social da Secretaria-Geral da Presidência da República;br-p-izadora-gama-brito;Izadora Gama Brito;;;nomeado;Presidente da República;;não;https://www.gov.br/secretariageral/pt-br/acesso-a-informacao/institucional/quem-e-quem-cargos
br-secretaria-nacional-de-relacoes-politico-sociais-secretario;Secretário Nacional de Relações Político-Sociais da Secretaria-Geral da Presidência da República;br-p-wagner-caetano-alves-de-oliveira;Wagner Caetano Alves de Oliveira;;;nomeado;Presidente da República;;não;https://www.gov.br/secretariageral/pt-br/acesso-a-informacao/institucional/quem-e-quem-cargos
