id;nome;partido;uf;cargos
br-p-luiz-inacio-lula-da-silva;Luiz Inácio Lula da Silva;;;Presidente da República
br-p-geraldo-alckmin;Geraldo Alckmin;;;Vice-Presidente da República
br-p-cd-160674;Hugo Motta;REPUBLIC;PB;Presidente da Câmara dos Deputados | Deputado Federal | Mesa Diretora da Câmara dos Deputados
br-p-cd-178937;Altineu Côrtes;PL;RJ;Deputado Federal | Mesa Diretora da Câmara dos Deputados
br-p-cd-178854;Elmar Nascimento;UNIÃO;BA;Deputado Federal | Mesa Diretora da Câmara dos Deputados
br-p-cd-204426;Carlos Veras;PT;PE;Deputado Federal | Mesa Diretora da Câmara dos Deputados
br-p-cd-220669;Lula da Fonte;PP;PE;Deputado Federal | Mesa Diretora da Câmara dos Deputados
br-p-cd-220561;Delegada Katarina;PSD;SE;Deputado Federal | Mesa Diretora da Câmara dos Deputados
br-p-cd-178933;Sergio Souza;MDB;PR;Deputado Federal | Mesa Diretora da Câmara dos Deputados | Comissão de Agricultura, Pecuária, Abastecimento e Desenvolvimento Rural da Câmara
br-p-sf-3830;Davi Alcolumbre;UNIÃO;AP;Presidente do Senado Federal | Senador da República | Mesa do Senado Federal
br-p-sf-3777;Eduardo Gomes;PL;TO;Senador da República | Mesa do Senado Federal | Comissão Mista de Planos, Orçamentos Públicos e Fiscalização | Comissão de Comunicação e Direito Digital do Senado | Comissão de Desenvolvimento Regional e Turismo do Senado | Comissão de Constituição, Justiça e Cidadania do Senado | Comissão de Assuntos Econômicos do Senado | Comissão de Esporte do Senado | Comissão de Meio Ambiente do Senado
br-p-sf-5008;Humberto Costa;PT;PE;Senador da República | Mesa do Senado Federal | Comissão de Relações Exteriores e Defesa Nacional do Senado | Comissão de Assuntos Sociais do Senado | Comissão de Defesa da Democracia do Senado | Comissão de Direitos Humanos e Legislação Participativa do Senado | Comissão de Constituição, Justiça e Cidadania do Senado | Comissão Mista de Planos, Orçamentos Públicos e Fiscalização | Comissão de Educação e Cultura do Senado
br-p-sf-5998;Daniella Ribeiro;PP;PB;Senador da República | Mesa do Senado Federal | Comissão de Assuntos Sociais do Senado | Comissão de Comunicação e Direito Digital do Senado | Comissão de Ciência, Tecnologia, Inovação e Informática do Senado | Comissão de Assuntos Econômicos do Senado | Comissão de Educação e Cultura do Senado
br-p-sf-475;Confúcio Moura;MDB;RO;Senador da República | Mesa do Senado Federal | Comissão de Ciência, Tecnologia, Inovação e Informática do Senado | Comissão de Educação e Cultura do Senado | Comissão de Esporte do Senado | Comissão de Meio Ambiente do Senado | Comissão de Agricultura e Reforma Agrária do Senado | Comissão de Serviços de Infraestrutura do Senado
br-p-sf-6358;Ana Paula Lobato;PSB;MA;Mesa do Senado Federal
br-p-sf-4811;Laércio Oliveira;PP;SE;Senador da República | Comissão de Assuntos Econômicos do Senado | Mesa do Senado Federal | Comissão de Constituição, Justiça e Cidadania do Senado | Comissão de Serviços de Infraestrutura do Senado | Comissão de Desenvolvimento Regional e Turismo do Senado | Comissão de Educação e Cultura do Senado | Comissão de Relações Exteriores e Defesa Nacional do Senado | Comissão de Direitos Humanos e Legislação Participativa do Senado | Comissão de Transparência, Governança, Fiscalização e Controle e Defesa do Consumidor do Senado
br-p-cd-92102;Leur Lomanto Júnior;UNIÃO;BA;Deputado Federal | Comissão de Constituição e Justiça e de Cidadania da Câmara | Comissão do Esporte da Câmara
br-p-cd-141531;Rodrigo de Castro;UNIÃO;MG;Deputado Federal | Comissão de Constituição e Justiça e de Cidadania da Câmara | Comissão de Minas e Energia da Câmara
br-p-cd-66385;Julio Arcoverde;PP;PI;Deputado Federal | Comissão de Constituição e Justiça e de Cidadania da Câmara | Comissão de Desenvolvimento Urbano da Câmara | Comissão de Fiscalização Financeira e Controle da Câmara | Comissão de Turismo da Câmara
br-p-cd-209787;Nikolas Ferreira;PL;MG;Deputado Federal | Comissão de Constituição e Justiça e de Cidadania da Câmara | Comissão de Educação da Câmara | Comissão de Fiscalização Financeira e Controle da Câmara
br-p-cd-178860;Paulo Azi;UNIÃO;BA;Deputado Federal | Comissão de Constituição e Justiça e de Cidadania da Câmara | Comissão de Cultura da Câmara
br-p-cd-204572;Capitão Alberto Neto;PL;AM;Deputado Federal | Comissão de Constituição e Justiça e de Cidadania da Câmara | Comissão de Comunicação da Câmara | Comissão de Educação da Câmara | Comissão de Segurança Pública e Combate ao Crime Organizado da Câmara
br-p-cd-74075;Elcione Barbalho;MDB;PA;Deputado Federal | Comissão de Constituição e Justiça e de Cidadania da Câmara | Comissão de Meio Ambiente e Desenvolvimento Sustentável da Câmara | Comissão da Amazônia e dos Povos Originários e Tradicionais da Câmara
br-p-cd-74574;Paulo Magalhães;PSD;BA;Deputado Federal | Comissão de Constituição e Justiça e de Cidadania da Câmara | Comissão de Agricultura, Pecuária, Abastecimento e Desenvolvimento Rural da Câmara | Comissão de Comunicação da Câmara | Comissão de Minas e Energia da Câmara
br-p-cd-160666;Félix Mendonça Júnior;PDT;BA;Deputado Federal | Comissão de Constituição e Justiça e de Cidadania da Câmara | Comissão Mista de Planos, Orçamentos Públicos e Fiscalização | Comissão de Agricultura, Pecuária, Abastecimento e Desenvolvimento Rural da Câmara
br-p-cd-143632;Domingos Neto;PSD;CE;Deputado Federal | Comissão Mista de Planos, Orçamentos Públicos e Fiscalização | Comissão de Constituição e Justiça e de Cidadania da Câmara | Comissão de Finanças e Tributação da Câmara
br-p-cd-160527;Aguinaldo Ribeiro;PP;PB;Deputado Federal | Comissão de Constituição e Justiça e de Cidadania da Câmara | Comissão de Finanças e Tributação da Câmara
br-p-cd-178972;Alex Manente;CIDADANIA;SP;Deputado Federal | Comissão de Constituição e Justiça e de Cidadania da Câmara | Comissão de Comunicação da Câmara
br-p-cd-178881;Aluisio Mendes;REPUBLIC;MA;Deputado Federal | Comissão de Constituição e Justiça e de Cidadania da Câmara | Comissão de Segurança Pública e Combate ao Crime Organizado da Câmara | Comissão de Fiscalização Financeira e Controle da Câmara
br-p-cd-139285;Lídice da Mata;PSB;BA;Deputado Federal | Comissão de Constituição e Justiça e de Cidadania da Câmara | Comissão de Cultura da Câmara | Comissão de Educação da Câmara
br-p-cd-91228;Waldemar Oliveira;AVANTE;PE;Deputado Federal | Comissão de Constituição e Justiça e de Cidadania da Câmara | Comissão de Administração e Serviço Público da Câmara
br-p-cd-220588;Roberto Duarte;REPUBLIC;AC;Deputado Federal | Comissão de Constituição e Justiça e de Cidadania da Câmara | Comissão Mista de Planos, Orçamentos Públicos e Fiscalização | Comissão de Agricultura, Pecuária, Abastecimento e Desenvolvimento Rural da Câmara
br-p-cd-220599;Marcelo Crivella;REPUBLIC;RJ;Deputado Federal | Comissão de Constituição e Justiça e de Cidadania da Câmara | Comissão de Relações Exteriores e de Defesa Nacional da Câmara | Comissão de Finanças e Tributação da Câmara | Comissão de Direitos Humanos, Minorias e Igualdade Racial da Câmara
br-p-cd-220543;Ricardo Ayres;REPUBLIC;TO;Deputado Federal | Comissão de Constituição e Justiça e de Cidadania da Câmara | Comissão de Viação e Transportes da Câmara
br-p-cd-74160;Patrus Ananias;PT;MG;Deputado Federal | Comissão de Constituição e Justiça e de Cidadania da Câmara | Comissão de Educação da Câmara
br-p-cd-74041;Luiz Couto;PT;PB;Deputado Federal | Comissão de Constituição e Justiça e de Cidadania da Câmara | Comissão de Direitos Humanos, Minorias e Igualdade Racial da Câmara | Comissão de Defesa dos Direitos da Pessoa Idosa da Câmara
br-p-cd-74398;Maria do Rosário;PT;RS;Deputado Federal | Comissão de Constituição e Justiça e de Cidadania da Câmara | Comissão de Ciência, Tecnologia e Inovação da Câmara | Comissão de Educação da Câmara | Comissão de Defesa dos Direitos da Pessoa Idosa da Câmara
br-p-cd-178987;Orlando Silva;PCdoB;SP;Deputado Federal | Comissão de Constituição e Justiça e de Cidadania da Câmara | Comissão de Comunicação da Câmara | Comissão de Direitos Humanos, Minorias e Igualdade Racial da Câmara
br-p-cd-178908;Delegado Éder Mauro;PL;PA;Deputado Federal | Comissão de Constituição e Justiça e de Cidadania da Câmara | Comissão de Defesa dos Direitos da Mulher da Câmara | Comissão de Direitos Humanos, Minorias e Igualdade Racial da Câmara
br-p-cd-178887;Rubens Pereira Júnior;PT;MA;Deputado Federal | Comissão de Constituição e Justiça e de Cidadania da Câmara
br-p-cd-73801;Renildo Calheiros;PCdoB;PE;Deputado Federal | Comissão de Constituição e Justiça e de Cidadania da Câmara | Comissão do Esporte da Câmara
br-p-cd-204374;Bia Kicis;PL;DF;Deputado Federal | Comissão de Constituição e Justiça e de Cidadania da Câmara | Comissão de Comunicação da Câmara | Comissão de Cultura da Câmara | Comissão de Desenvolvimento Econômico da Câmara | Comissão de Fiscalização Financeira e Controle da Câmara
br-p-cd-204460;Carlos Jordy;PL;RJ;Deputado Federal | Comissão de Constituição e Justiça e de Cidadania da Câmara | Comissão de Fiscalização Financeira e Controle da Câmara | Comissão de Minas e Energia da Câmara
br-p-cd-178873;Helder Salomão;PT;ES;Deputado Federal | Comissão de Constituição e Justiça e de Cidadania da Câmara | Comissão de Desenvolvimento Econômico da Câmara
br-p-cd-220555;Daiana Santos;PCdoB;RS;Deputado Federal | Comissão de Constituição e Justiça e de Cidadania da Câmara | Comissão de Ciência, Tecnologia e Inovação da Câmara | Comissão de Direitos Humanos, Minorias e Igualdade Racial da Câmara | Comissão de Trabalho da Câmara
br-p-cd-153423;Renilce Nicodemos;MDB;PA;Deputado Federal | Comissão de Constituição e Justiça e de Cidadania da Câmara | Comissão Mista de Planos, Orçamentos Públicos e Fiscalização | Comissão de Integração Nacional e Desenvolvimento Regional da Câmara
br-p-cd-220558;Zé Trovão;PL;SC;Deputado Federal | Comissão de Constituição e Justiça e de Cidadania da Câmara | Comissão de Viação e Transportes da Câmara
br-p-cd-160601;Pr. Marco Feliciano;PL;SP;Deputado Federal | Comissão de Constituição e Justiça e de Cidadania da Câmara | Comissão de Direitos Humanos, Minorias e Igualdade Racial da Câmara | Comissão de Educação da Câmara | Comissão de Relações Exteriores e de Defesa Nacional da Câmara
br-p-cd-74454;Eunício Oliveira;MDB;CE;Deputado Federal | Comissão de Constituição e Justiça e de Cidadania da Câmara | Comissão de Agricultura, Pecuária, Abastecimento e Desenvolvimento Rural da Câmara
br-p-cd-178835;Afonso Motta;PDT;RS;Deputado Federal | Comissão de Constituição e Justiça e de Cidadania da Câmara | Comissão de Agricultura, Pecuária, Abastecimento e Desenvolvimento Rural da Câmara | Comissão de Relações Exteriores e de Defesa Nacional da Câmara
br-p-cd-160600;Arthur Oliveira Maia;UNIÃO;BA;Deputado Federal | Comissão de Constituição e Justiça e de Cidadania da Câmara | Comissão Mista de Planos, Orçamentos Públicos e Fiscalização | Comissão de Relações Exteriores e de Defesa Nacional da Câmara | Comissão de Trabalho da Câmara
br-p-cd-204472;José Medeiros;PL;MT;Deputado Federal | Comissão de Constituição e Justiça e de Cidadania da Câmara | Comissão de Agricultura, Pecuária, Abastecimento e Desenvolvimento Rural da Câmara
br-p-cd-178934;Toninho Wandscheer;PP;PR;Deputado Federal | Comissão de Constituição e Justiça e de Cidadania da Câmara | Comissão de Desenvolvimento Urbano da Câmara
br-p-cd-220546;Rodolfo Nogueira;PL;MS;Deputado Federal | Comissão de Constituição e Justiça e de Cidadania da Câmara | Comissão de Agricultura, Pecuária, Abastecimento e Desenvolvimento Rural da Câmara | Comissão de Meio Ambiente e Desenvolvimento Sustentável da Câmara | Comissão de Segurança Pública e Combate ao Crime Organizado da Câmara
br-p-cd-160758;Domingos Sávio;PL;MG;Deputado Federal | Comissão de Constituição e Justiça e de Cidadania da Câmara | Comissão Mista de Planos, Orçamentos Públicos e Fiscalização | Comissão de Agricultura, Pecuária, Abastecimento e Desenvolvimento Rural da Câmara
br-p-cd-204535;Sâmia Bomfim;PSOL;SP;Deputado Federal | Comissão de Constituição e Justiça e de Cidadania da Câmara | Comissão de Administração e Serviço Público da Câmara | Comissão de Legislação Participativa da Câmara | Comissão de Meio Ambiente e Desenvolvimento Sustentável da Câmara | Comissão de Defesa dos Direitos da Mulher da Câmara | Comissão de Cultura da Câmara | Comissão de Educação da Câmara | Comissão de Relações Exteriores e de Defesa Nacional da Câmara
br-p-cd-204501;Alencar Santana;PT;SP;Deputado Federal | Comissão de Constituição e Justiça e de Cidadania da Câmara | Comissão de Comunicação da Câmara | Comissão de Segurança Pública e Combate ao Crime Organizado da Câmara | Comissão de Finanças e Tributação da Câmara | Comissão de Relações Exteriores e de Defesa Nacional da Câmara
br-p-cd-204379;Acácio Favacho;MDB;AP;Deputado Federal | Comissão de Constituição e Justiça e de Cidadania da Câmara | Comissão de Meio Ambiente e Desenvolvimento Sustentável da Câmara
br-p-cd-74554;José Rocha;UNIÃO;BA;Deputado Federal | Comissão de Constituição e Justiça e de Cidadania da Câmara | Comissão de Relações Exteriores e de Defesa Nacional da Câmara | Comissão de Educação da Câmara
br-p-cd-220590;Coronel Ulysses;UNIÃO;AC;Deputado Federal | Comissão de Constituição e Justiça e de Cidadania da Câmara | Comissão de Segurança Pública e Combate ao Crime Organizado da Câmara | Comissão do Esporte da Câmara | Comissão de Relações Exteriores e de Defesa Nacional da Câmara
br-p-cd-204398;Felipe Francischini;PODE;PR;Deputado Federal | Comissão de Constituição e Justiça e de Cidadania da Câmara | Comissão de Fiscalização Financeira e Controle da Câmara
br-p-cd-141488;Paulo Teixeira;PT;SP;Deputado Federal | Comissão de Constituição e Justiça e de Cidadania da Câmara | Comissão de Agricultura, Pecuária, Abastecimento e Desenvolvimento Rural da Câmara
br-p-cd-178905;Fabio Garcia;UNIÃO;MT;Deputado Federal | Comissão de Constituição e Justiça e de Cidadania da Câmara
br-p-cd-204404;Lucas Redecker;PSD;RS;Deputado Federal | Comissão de Constituição e Justiça e de Cidadania da Câmara | Comissão de Relações Exteriores e de Defesa Nacional da Câmara
br-p-cd-220684;Tião Medeiros;PP;PR;Deputado Federal | Comissão de Constituição e Justiça e de Cidadania da Câmara | Comissão de Meio Ambiente e Desenvolvimento Sustentável da Câmara | Comissão de Agricultura, Pecuária, Abastecimento e Desenvolvimento Rural da Câmara
br-p-cd-178943;Marcos Soares;PSDB;RJ;Deputado Federal | Comissão de Constituição e Justiça e de Cidadania da Câmara | Comissão de Viação e Transportes da Câmara
br-p-cd-204355;da Vitoria;PP;ES;Deputado Federal | Comissão de Constituição e Justiça e de Cidadania da Câmara | Comissão de Finanças e Tributação da Câmara | Comissão de Segurança Pública e Combate ao Crime Organizado da Câmara | Comissão de Viação e Transportes da Câmara
br-p-cd-220637;Marina Silva;REDE;SP;Deputado Federal | Comissão de Constituição e Justiça e de Cidadania da Câmara | Comissão de Meio Ambiente e Desenvolvimento Sustentável da Câmara | Comissão de Relações Exteriores e de Defesa Nacional da Câmara
br-p-cd-66828;Fausto Pinato;UNIÃO;SP;Deputado Federal | Comissão de Constituição e Justiça e de Cidadania da Câmara | Comissão de Finanças e Tributação da Câmara | Comissão de Ciência, Tecnologia e Inovação da Câmara | Comissão de Relações Exteriores e de Defesa Nacional da Câmara | Comissão de Saúde da Câmara
br-p-cd-204474;Juarez Costa;REPUBLIC;MT;Deputado Federal | Comissão de Constituição e Justiça e de Cidadania da Câmara | Comissão de Agricultura, Pecuária, Abastecimento e Desenvolvimento Rural da Câmara
br-p-cd-220539;Defensor Stélio Dener;UNIÃO;RR;Deputado Federal | Comissão de Constituição e Justiça e de Cidadania da Câmara | Comissão de Cultura da Câmara | Comissão do Esporte da Câmara | Comissão da Amazônia e dos Povos Originários e Tradicionais da Câmara
br-p-cd-157130;Túlio Gadêlha;PSD;PE;Deputado Federal | Comissão de Constituição e Justiça e de Cidadania da Câmara | Comissão de Cultura da Câmara | Comissão de Educação da Câmara | Comissão de Trabalho da Câmara
br-p-cd-220576;Alfredo Gaspar;PL;AL;Deputado Federal | Comissão de Constituição e Justiça e de Cidadania da Câmara | Comissão de Finanças e Tributação da Câmara | Comissão de Relações Exteriores e de Defesa Nacional da Câmara
br-p-cd-220594;Coronel Assis;PL;MT;Deputado Federal | Comissão de Constituição e Justiça e de Cidadania da Câmara | Comissão de Segurança Pública e Combate ao Crime Organizado da Câmara
br-p-cd-220585;Mersinho Lucena;PSD;PB;Deputado Federal | Comissão de Constituição e Justiça e de Cidadania da Câmara | Comissão de Turismo da Câmara | Comissão de Cultura da Câmara | Comissão de Segurança Pública e Combate ao Crime Organizado da Câmara
br-p-cd-220648;Marangoni;PODE;SP;Deputado Federal | Comissão de Constituição e Justiça e de Cidadania da Câmara | Comissão de Finanças e Tributação da Câmara
br-p-cd-204566;Marreca Filho;PRD;MA;Deputado Federal | Comissão de Constituição e Justiça e de Cidadania da Câmara | Comissão Mista de Planos, Orçamentos Públicos e Fiscalização
br-p-cd-72442;Felipe Carreras;PSB;PE;Deputado Federal | Comissão de Constituição e Justiça e de Cidadania da Câmara | Comissão de Desenvolvimento Econômico da Câmara | Comissão de Defesa do Consumidor da Câmara | Comissão de Turismo da Câmara
br-p-cd-178963;Covatti Filho;PP;RS;Deputado Federal | Comissão de Constituição e Justiça e de Cidadania da Câmara | Comissão de Indústria, Comércio e Serviços da Câmara | Comissão de Meio Ambiente e Desenvolvimento Sustentável da Câmara
br-p-cd-220547;Marcos Pollon;PL;MS;Deputado Federal | Comissão de Constituição e Justiça e de Cidadania da Câmara | Comissão de Defesa dos Direitos das Pessoas com Deficiência da Câmara | Comissão de Segurança Pública e Combate ao Crime Organizado da Câmara
br-p-cd-141485;Luiz Carlos Busato;UNIÃO;RS;Deputado Federal | Comissão de Desenvolvimento Econômico da Câmara | Comissão de Viação e Transportes da Câmara | Comissão de Constituição e Justiça e de Cidadania da Câmara
br-p-cd-220573;Dorinaldo Malafaia;PDT;AP;Deputado Federal | Comissão da Amazônia e dos Povos Originários e Tradicionais da Câmara | Comissão de Saúde da Câmara | Comissão de Constituição e Justiça e de Cidadania da Câmara | Comissão de Desenvolvimento Urbano da Câmara
br-p-cd-220569;Silvye Alves;UNIÃO;GO;Deputado Federal | Comissão de Defesa dos Direitos da Mulher da Câmara | Comissão de Constituição e Justiça e de Cidadania da Câmara | Comissão de Comunicação da Câmara
br-p-cd-220583;Delegado Fabio Costa;PP;AL;Deputado Federal | Comissão de Segurança Pública e Combate ao Crime Organizado da Câmara | Comissão de Constituição e Justiça e de Cidadania da Câmara | Comissão do Esporte da Câmara | Comissão de Relações Exteriores e de Defesa Nacional da Câmara
br-p-cd-204367;Daniel Freitas;PL;SC;Deputado Federal | Comissão de Constituição e Justiça e de Cidadania da Câmara | Comissão de Ciência, Tecnologia e Inovação da Câmara | Comissão do Esporte da Câmara
br-p-cd-204427;Fernando Rodolfo;PRD;PE;Deputado Federal | Comissão de Constituição e Justiça e de Cidadania da Câmara | Comissão de Comunicação da Câmara
br-p-cd-204531;Guilherme Derrite;PP;SP;Deputado Federal | Comissão de Segurança Pública e Combate ao Crime Organizado da Câmara | Comissão de Constituição e Justiça e de Cidadania da Câmara
br-p-cd-220626;Rafael Simoes;UNIÃO;MG;Deputado Federal | Comissão de Saúde da Câmara | Comissão de Constituição e Justiça e de Cidadania da Câmara | Comissão de Agricultura, Pecuária, Abastecimento e Desenvolvimento Rural da Câmara
br-p-cd-73768;Dilceu Sperafico;PP;PR;Deputado Federal | Comissão de Agricultura, Pecuária, Abastecimento e Desenvolvimento Rural da Câmara | Comissão de Relações Exteriores e de Defesa Nacional da Câmara | Comissão de Constituição e Justiça e de Cidadania da Câmara
br-p-cd-74856;Laura Carneiro;PSD;RJ;Deputado Federal | Comissão de Defesa dos Direitos da Mulher da Câmara | Comissão do Esporte da Câmara | Comissão de Previdência, Assistência Social, Infância, Adolescência e Família da Câmara | Comissão de Constituição e Justiça e de Cidadania da Câmara | Comissão de Finanças e Tributação da Câmara
br-p-cd-160512;Aureo Ribeiro;SOLIDARI;RJ;Deputado Federal | Comissão de Defesa dos Direitos da Pessoa Idosa da Câmara | Comissão de Integração Nacional e Desenvolvimento Regional da Câmara | Comissão de Minas e Energia da Câmara | Comissão de Defesa dos Direitos das Pessoas com Deficiência da Câmara | Comissão de Constituição e Justiça e de Cidadania da Câmara | Comissão de Finanças e Tributação da Câmara | Comissão de Agricultura, Pecuária, Abastecimento e Desenvolvimento Rural da Câmara | Comissão de Cultura da Câmara | Comissão de Defesa do Consumidor da Câmara | Comissão de Fiscalização Financeira e Controle da Câmara | Comissão de Saúde da Câmara
br-p-cd-204494;Fred Costa;PRD;MG;Deputado Federal | Comissão de Legislação Participativa da Câmara | Comissão de Meio Ambiente e Desenvolvimento Sustentável da Câmara | Comissão de Constituição e Justiça e de Cidadania da Câmara
br-p-cd-220658;Luiz Gastão;PSD;CE;Deputado Federal | Comissão de Minas e Energia da Câmara | Comissão de Administração e Serviço Público da Câmara | Comissão de Desenvolvimento Econômico da Câmara | Comissão de Constituição e Justiça e de Cidadania da Câmara | Comissão de Fiscalização Financeira e Controle da Câmara | Comissão de Trabalho da Câmara
br-p-cd-220703;Neto Carletto;AVANTE;BA;Deputado Federal | Comissão de Administração e Serviço Público da Câmara | Comissão Mista de Planos, Orçamentos Públicos e Fiscalização | Comissão de Viação e Transportes da Câmara | Comissão de Constituição e Justiça e de Cidadania da Câmara
br-p-cd-220586;Rafael Brito;MDB;AL;Deputado Federal | Comissão de Educação da Câmara | Comissão de Constituição e Justiça e de Cidadania da Câmara
br-p-cd-220618;Sargento Portugal;PODE;RJ;Deputado Federal | Comissão de Segurança Pública e Combate ao Crime Organizado da Câmara | Comissão de Constituição e Justiça e de Cidadania da Câmara
br-p-cd-74262;Carlos Sampaio;PSD;SP;Deputado Federal | Comissão de Segurança Pública e Combate ao Crime Organizado da Câmara | Comissão de Constituição e Justiça e de Cidadania da Câmara | Comissão de Defesa do Consumidor da Câmara
br-p-cd-74057;Alice Portugal;PCdoB;BA;Deputado Federal | Comissão de Direitos Humanos, Minorias e Igualdade Racial da Câmara | Comissão de Administração e Serviço Público da Câmara | Comissão de Educação da Câmara | Comissão de Constituição e Justiça e de Cidadania da Câmara | Comissão de Cultura da Câmara | Comissão de Saúde da Câmara
br-p-cd-141450;Hugo Leal;PSD;RJ;Deputado Federal | Comissão Mista de Planos, Orçamentos Públicos e Fiscalização | Comissão do Esporte da Câmara | Comissão de Minas e Energia da Câmara | Comissão de Constituição e Justiça e de Cidadania da Câmara | Comissão de Agricultura, Pecuária, Abastecimento e Desenvolvimento Rural da Câmara | Comissão de Viação e Transportes da Câmara
br-p-cd-160575;Erika Kokay;PT;DF;Deputado Federal | Comissão de Direitos Humanos, Minorias e Igualdade Racial da Câmara | Comissão de Constituição e Justiça e de Cidadania da Câmara | Comissão de Finanças e Tributação da Câmara | Comissão de Administração e Serviço Público da Câmara | Comissão de Cultura da Câmara | Comissão de Legislação Participativa da Câmara | Comissão de Defesa dos Direitos da Mulher da Câmara | Comissão de Defesa dos Direitos das Pessoas com Deficiência da Câmara | Comissão de Trabalho da Câmara
br-p-cd-178986;Nilto Tatto;PT;SP;Deputado Federal | Comissão de Meio Ambiente e Desenvolvimento Sustentável da Câmara | Comissão de Constituição e Justiça e de Cidadania da Câmara | Comissão de Defesa do Consumidor da Câmara
br-p-cd-204462;Chris Tonietto;PL;RJ;Deputado Federal | Comissão de Defesa dos Direitos da Mulher da Câmara | Comissão de Previdência, Assistência Social, Infância, Adolescência e Família da Câmara | Comissão de Constituição e Justiça e de Cidadania da Câmara | Comissão de Direitos Humanos, Minorias e Igualdade Racial da Câmara | Comissão de Educação da Câmara
br-p-cd-191923;Flávio Nogueira;PT;PI;Deputado Federal | Comissão de Comunicação da Câmara | Comissão de Relações Exteriores e de Defesa Nacional da Câmara | Comissão de Segurança Pública e Combate ao Crime Organizado da Câmara | Comissão de Viação e Transportes da Câmara | Comissão de Constituição e Justiça e de Cidadania da Câmara | Comissão de Educação da Câmara | Comissão de Saúde da Câmara
br-p-cd-220556;Ana Paula Lima;PT;SC;Deputado Federal | Comissão de Saúde da Câmara | Comissão de Constituição e Justiça e de Cidadania da Câmara | Comissão de Previdência, Assistência Social, Infância, Adolescência e Família da Câmara
br-p-cd-220595;Coronel Fernanda;PL;MT;Deputado Federal | Comissão de Agricultura, Pecuária, Abastecimento e Desenvolvimento Rural da Câmara | Comissão de Constituição e Justiça e de Cidadania da Câmara | Comissão de Turismo da Câmara
br-p-cd-162067;Kiko Celeguim;PT;SP;Deputado Federal | Comissão de Viação e Transportes da Câmara | Comissão de Constituição e Justiça e de Cidadania da Câmara | Comissão de Defesa do Consumidor da Câmara
br-p-cd-220654;Delegado Paulo Bilynskyj;PL;SP;Deputado Federal | Comissão de Comunicação da Câmara | Comissão de Cultura da Câmara | Comissão de Educação da Câmara | Comissão de Segurança Pública e Combate ao Crime Organizado da Câmara | Comissão de Constituição e Justiça e de Cidadania da Câmara | Comissão de Direitos Humanos, Minorias e Igualdade Racial da Câmara | Comissão de Turismo da Câmara
br-p-cd-141516;Paulo Abi-Ackel;PSDB;MG;Deputado Federal | Comissão de Minas e Energia da Câmara | Comissão de Constituição e Justiça e de Cidadania da Câmara
br-p-cd-204506;Marcos Pereira;REPUBLIC;SP;Deputado Federal | Comissão de Constituição e Justiça e de Cidadania da Câmara
br-p-cd-178829;Capitão Augusto;PL;SP;Deputado Federal | Comissão do Esporte da Câmara | Comissão de Defesa dos Direitos da Pessoa Idosa da Câmara | Comissão de Segurança Pública e Combate ao Crime Organizado da Câmara | Comissão de Trabalho da Câmara | Comissão de Constituição e Justiça e de Cidadania da Câmara | Comissão de Cultura da Câmara
br-p-cd-204534;Tabata Amaral;PSB;SP;Deputado Federal | Comissão de Educação da Câmara | Comissão de Meio Ambiente e Desenvolvimento Sustentável da Câmara | Comissão de Constituição e Justiça e de Cidadania da Câmara
br-p-cd-220532;Rafael Prudente;MDB;DF;Deputado Federal | Comissão de Constituição e Justiça e de Cidadania da Câmara | Comissão de Indústria, Comércio e Serviços da Câmara
br-p-cd-171786;Miguel Ângelo;PT;MG;Deputado Federal | Comissão de Constituição e Justiça e de Cidadania da Câmara | Comissão de Relações Exteriores e de Defesa Nacional da Câmara
br-p-cd-204372;Julio Cesar Ribeiro;REPUBLIC;DF;Deputado Federal | Comissão de Comunicação da Câmara | Comissão de Ciência, Tecnologia e Inovação da Câmara | Comissão do Esporte da Câmara | Comissão de Constituição e Justiça e de Cidadania da Câmara | Comissão de Educação da Câmara
br-p-cd-220559;Julia Zanatta;PL;SC;Deputado Federal | Comissão de Defesa dos Direitos da Mulher da Câmara | Comissão de Constituição e Justiça e de Cidadania da Câmara | Comissão de Defesa do Consumidor da Câmara | Comissão de Previdência, Assistência Social, Infância, Adolescência e Família da Câmara | Comissão de Saúde da Câmara
br-p-cd-74161;Reginaldo Lopes;PT;MG;Deputado Federal | Comissão de Segurança Pública e Combate ao Crime Organizado da Câmara | Comissão de Constituição e Justiça e de Cidadania da Câmara | Comissão de Educação da Câmara
br-p-cd-221338;Professora Luciene Cavalcante;PSOL;SP;Deputado Federal | Comissão de Administração e Serviço Público da Câmara | Comissão de Educação da Câmara | Comissão de Defesa dos Direitos da Mulher da Câmara | Comissão de Constituição e Justiça e de Cidadania da Câmara | Comissão de Finanças e Tributação da Câmara | Comissão Mista de Planos, Orçamentos Públicos e Fiscalização | Comissão de Ciência, Tecnologia e Inovação da Câmara
br-p-cd-204369;Caroline de Toni;PL;SC;Deputado Federal | Comissão de Agricultura, Pecuária, Abastecimento e Desenvolvimento Rural da Câmara | Comissão de Constituição e Justiça e de Cidadania da Câmara
br-p-cd-74858;Lindbergh Farias;PT;RJ;Deputado Federal | Comissão Mista de Planos, Orçamentos Públicos e Fiscalização | Comissão de Constituição e Justiça e de Cidadania da Câmara
br-p-cd-220609;Maurício Carvalho;UNIÃO;RO;Deputado Federal | Comissão de Educação da Câmara | Comissão de Constituição e Justiça e de Cidadania da Câmara
br-p-cd-204479;Nicoletti;PL;RR;Deputado Federal | Comissão de Segurança Pública e Combate ao Crime Organizado da Câmara | Comissão de Viação e Transportes da Câmara | Comissão de Constituição e Justiça e de Cidadania da Câmara | Comissão do Esporte da Câmara
br-p-cd-141408;Cleber Verde;MDB;MA;Deputado Federal | Comissão de Comunicação da Câmara | Comissão Mista de Planos, Orçamentos Públicos e Fiscalização | Comissão de Constituição e Justiça e de Cidadania da Câmara | Comissão de Finanças e Tributação da Câmara | Comissão de Minas e Energia da Câmara
br-p-cd-204360;Silvia Cristina;PP;RO;Deputado Federal | Comissão de Defesa dos Direitos das Pessoas com Deficiência da Câmara | Comissão de Saúde da Câmara | Comissão de Constituição e Justiça e de Cidadania da Câmara | Comissão de Educação da Câmara | Comissão de Integração Nacional e Desenvolvimento Regional da Câmara | Comissão de Previdência, Assistência Social, Infância, Adolescência e Família da Câmara
br-p-cd-62881;Danilo Forte;PP;CE;Deputado Federal | Comissão de Minas e Energia da Câmara | Comissão de Constituição e Justiça e de Cidadania da Câmara
br-p-cd-220597;Thiago Flores;UNIÃO;RO;Deputado Federal | Comissão de Constituição e Justiça e de Cidadania da Câmara | Comissão de Agricultura, Pecuária, Abastecimento e Desenvolvimento Rural da Câmara | Comissão de Desenvolvimento Urbano da Câmara | Comissão de Defesa dos Direitos das Pessoas com Deficiência da Câmara
br-p-cd-220649;Delegado da Cunha;UNIÃO;SP;Deputado Federal | Comissão de Segurança Pública e Combate ao Crime Organizado da Câmara | Comissão de Constituição e Justiça e de Cidadania da Câmara | Comissão do Esporte da Câmara | Comissão de Legislação Participativa da Câmara
br-p-cd-178946;Soraya Santos;PL;RJ;Deputado Federal | Comissão de Educação da Câmara | Comissão de Defesa dos Direitos das Pessoas com Deficiência da Câmara | Comissão de Constituição e Justiça e de Cidadania da Câmara | Comissão de Trabalho da Câmara
br-p-cd-178929;Diego Garcia;UNIÃO;PR;Deputado Federal | Comissão de Educação da Câmara | Comissão de Cultura da Câmara | Comissão de Constituição e Justiça e de Cidadania da Câmara | Comissão do Esporte da Câmara | Comissão de Defesa dos Direitos da Mulher da Câmara | Comissão de Saúde da Câmara
br-p-cd-204436;Isnaldo Bulhões Jr.;MDB;AL;Deputado Federal | Comissão de Constituição e Justiça e de Cidadania da Câmara | Comissão de Saúde da Câmara
br-p-cd-220691;Diego Coronel;REPUBLIC;BA;Deputado Federal | Comissão de Minas e Energia da Câmara | Comissão de Constituição e Justiça e de Cidadania da Câmara | Comissão de Finanças e Tributação da Câmara | Comissão de Defesa dos Direitos das Pessoas com Deficiência da Câmara
br-p-cd-204485;Luiz Carlos Motta;PL;SP;Deputado Federal | Comissão de Trabalho da Câmara | Comissão de Constituição e Justiça e de Cidadania da Câmara | Comissão de Educação da Câmara | Comissão de Saúde da Câmara
br-p-cd-98057;Lafayette de Andrada;PL;MG;Deputado Federal | Comissão de Desenvolvimento Econômico da Câmara | Comissão de Fiscalização Financeira e Controle da Câmara | Comissão de Constituição e Justiça e de Cidadania da Câmara | Comissão Mista de Planos, Orçamentos Públicos e Fiscalização | Comissão de Minas e Energia da Câmara
br-p-cd-204395;Pedro Lupion;REPUBLIC;PR;Deputado Federal | Comissão de Agricultura, Pecuária, Abastecimento e Desenvolvimento Rural da Câmara | Comissão de Constituição e Justiça e de Cidadania da Câmara | Comissão de Finanças e Tributação da Câmara
br-p-cd-204557;Sidney Leite;PSD;AM;Deputado Federal | Comissão de Agricultura, Pecuária, Abastecimento e Desenvolvimento Rural da Câmara | Comissão de Constituição e Justiça e de Cidadania da Câmara | Comissão de Finanças e Tributação da Câmara | Comissão de Educação da Câmara | Comissão de Minas e Energia da Câmara
br-p-cd-220685;Paulo Litro;UNIÃO;PR;Deputado Federal | Comissão de Agricultura, Pecuária, Abastecimento e Desenvolvimento Rural da Câmara | Comissão de Constituição e Justiça e de Cidadania da Câmara | Comissão de Comunicação da Câmara | Comissão de Turismo da Câmara
br-p-cd-123086;Átila Lira;PP;PI;Deputado Federal | Comissão de Ciência, Tecnologia e Inovação da Câmara | Comissão de Constituição e Justiça e de Cidadania da Câmara | Comissão Mista de Planos, Orçamentos Públicos e Fiscalização | Comissão de Educação da Câmara
br-p-cd-220668;Maria Arraes;PSB;PE;Deputado Federal | Comissão de Constituição e Justiça e de Cidadania da Câmara | Comissão de Defesa dos Direitos da Mulher da Câmara
br-p-cd-204481;Dr. Jaziel;PL;CE;Deputado Federal | Comissão de Educação da Câmara | Comissão de Constituição e Justiça e de Cidadania da Câmara | Comissão de Saúde da Câmara
br-p-cd-204541;Eduardo Bismarck;PV;CE;Deputado Federal | Comissão de Indústria, Comércio e Serviços da Câmara | Comissão de Turismo da Câmara | Comissão de Constituição e Justiça e de Cidadania da Câmara | Comissão de Viação e Transportes da Câmara
br-p-cd-220686;Duarte Jr.;AVANTE;MA;Deputado Federal | Comissão de Constituição e Justiça e de Cidadania da Câmara | Comissão de Defesa do Consumidor da Câmara
br-p-cd-204464;Talíria Petrone;PSOL;RJ;Deputado Federal | Comissão de Direitos Humanos, Minorias e Igualdade Racial da Câmara | Comissão de Constituição e Justiça e de Cidadania da Câmara | Comissão de Desenvolvimento Urbano da Câmara | Comissão de Educação da Câmara | Comissão de Legislação Participativa da Câmara | Comissão de Defesa dos Direitos da Mulher da Câmara | Comissão de Segurança Pública e Combate ao Crime Organizado da Câmara
br-p-cd-178947;Sóstenes Cavalcante;PL;RJ;Deputado Federal | Comissão de Constituição e Justiça e de Cidadania da Câmara | Comissão de Segurança Pública e Combate ao Crime Organizado da Câmara
br-p-cd-204512;Delegado Marcelo Freitas;UNIÃO;MG;Deputado Federal | Comissão de Constituição e Justiça e de Cidadania da Câmara | Comissão de Integração Nacional e Desenvolvimento Regional da Câmara | Comissão de Meio Ambiente e Desenvolvimento Sustentável da Câmara | Comissão de Saúde da Câmara | Comissão de Turismo da Câmara
br-p-cd-220529;Gilson Daniel;PODE;ES;Deputado Federal | Comissão de Comunicação da Câmara | Comissão de Integração Nacional e Desenvolvimento Regional da Câmara | Comissão de Minas e Energia da Câmara | Comissão de Constituição e Justiça e de Cidadania da Câmara | Comissão de Desenvolvimento Econômico da Câmara | Comissão de Meio Ambiente e Desenvolvimento Sustentável da Câmara
br-p-cd-178884;Hildo Rocha;MDB;MA;Deputado Federal | Comissão de Finanças e Tributação da Câmara | Comissão de Constituição e Justiça e de Cidadania da Câmara | Comissão de Desenvolvimento Urbano da Câmara | Comissão de Fiscalização Financeira e Controle da Câmara
br-p-cd-73486;Pompeo de Mattos;PDT;RS;Deputado Federal | Comissão de Turismo da Câmara | Comissão de Constituição e Justiça e de Cidadania da Câmara | Comissão de Saúde da Câmara
br-p-cd-188097;Merlong Solano;PT;PI;Deputado Federal | Comissão de Finanças e Tributação da Câmara
br-p-cd-204492;Paulo Guedes;PT;MG;Deputado Federal | Comissão de Finanças e Tributação da Câmara | Comissão de Integração Nacional e Desenvolvimento Regional da Câmara | Comissão de Turismo da Câmara | Comissão de Minas e Energia da Câmara | Comissão da Amazônia e dos Povos Originários e Tradicionais da Câmara | Comissão de Viação e Transportes da Câmara
br-p-cd-204396;Vermelho;PL;PR;Deputado Federal | Comissão de Finanças e Tributação da Câmara | Comissão Mista de Planos, Orçamentos Públicos e Fiscalização | Comissão de Saúde da Câmara | Comissão de Turismo da Câmara
br-p-cd-204480;Rogério Correia;PT;MG;Deputado Federal | Comissão de Finanças e Tributação da Câmara | Comissão de Educação da Câmara
br-p-cd-220700;Florentino Neto;PT;PI;Deputado Federal | Comissão de Finanças e Tributação da Câmara | Comissão de Relações Exteriores e de Defesa Nacional da Câmara | Comissão de Saúde da Câmara
br-p-cd-73778;Luiz Carlos Hauly;PODE;PR;Deputado Federal | Comissão de Finanças e Tributação da Câmara | Comissão de Relações Exteriores e de Defesa Nacional da Câmara
br-p-cd-74317;Júlio Cesar;PSD;PI;Deputado Federal | Comissão de Finanças e Tributação da Câmara | Comissão de Agricultura, Pecuária, Abastecimento e Desenvolvimento Rural da Câmara
br-p-cd-122158;Pedro Paulo;PSD;RJ;Deputado Federal | Comissão de Finanças e Tributação da Câmara | Comissão de Segurança Pública e Combate ao Crime Organizado da Câmara
br-p-cd-178858;Mário Negromonte Jr.;PSB;BA;Deputado Federal | Comissão de Finanças e Tributação da Câmara | Comissão Mista de Controle das Atividades de Inteligência | Comissão de Minas e Energia da Câmara
br-p-cd-178983;Marcio Alvino;PL;SP;Deputado Federal | Comissão de Finanças e Tributação da Câmara | Comissão Mista de Planos, Orçamentos Públicos e Fiscalização | Comissão de Defesa dos Direitos das Pessoas com Deficiência da Câmara
br-p-cd-204559;Zé Neto;PT;BA;Deputado Federal | Comissão de Finanças e Tributação da Câmara | Comissão de Desenvolvimento Econômico da Câmara | Comissão de Agricultura, Pecuária, Abastecimento e Desenvolvimento Rural da Câmara | Comissão de Segurança Pública e Combate ao Crime Organizado da Câmara | Comissão de Viação e Transportes da Câmara
br-p-cd-220714;Adail Filho;MDB;AM;Deputado Federal | Comissão de Finanças e Tributação da Câmara
br-p-cd-220653;Fábio Teruel;MDB;SP;Deputado Federal | Comissão de Finanças e Tributação da Câmara | Comissão de Comunicação da Câmara | Comissão de Defesa do Consumidor da Câmara
br-p-cd-141464;José Airton Félix Cirilo;PT;CE;Deputado Federal | Comissão de Finanças e Tributação da Câmara | Comissão de Turismo da Câmara
br-p-cd-220548;Camila Jara;PT;MS;Deputado Federal | Comissão de Finanças e Tributação da Câmara
br-p-cd-92699;Fernando Monteiro;PSD;PE;Deputado Federal | Comissão de Finanças e Tributação da Câmara | Comissão de Desenvolvimento Urbano da Câmara
br-p-cd-74090;Átila Lins;PSD;AM;Deputado Federal | Comissão de Finanças e Tributação da Câmara | Comissão Mista de Planos, Orçamentos Públicos e Fiscalização | Comissão de Relações Exteriores e de Defesa Nacional da Câmara | Comissão de Educação da Câmara | Comissão de Integração Nacional e Desenvolvimento Regional da Câmara
br-p-cd-220712;Fausto Jr.;UNIÃO;AM;Deputado Federal | Comissão de Finanças e Tributação da Câmara | Comissão de Defesa do Consumidor da Câmara | Comissão de Integração Nacional e Desenvolvimento Regional da Câmara | Comissão de Relações Exteriores e de Defesa Nacional da Câmara
br-p-cd-204416;Sanderson;PL;RS;Deputado Federal | Comissão de Finanças e Tributação da Câmara | Comissão de Segurança Pública e Combate ao Crime Organizado da Câmara | Comissão de Trabalho da Câmara
br-p-cd-204536;Kim Kataguiri;MISSÃO;SP;Deputado Federal | Comissão de Finanças e Tributação da Câmara | Comissão de Administração e Serviço Público da Câmara
br-p-cd-220603;Dani Cunha;PL;RJ;Deputado Federal | Comissão de Finanças e Tributação da Câmara | Comissão de Comunicação da Câmara | Comissão de Saúde da Câmara
br-p-cd-198783;Emanuel Pinheiro Neto;PSD;MT;Deputado Federal | Comissão de Finanças e Tributação da Câmara
br-p-cd-204486;Mauro Benevides Filho;UNIÃO;CE;Deputado Federal | Comissão de Finanças e Tributação da Câmara | Comissão Mista de Planos, Orçamentos Públicos e Fiscalização | Comissão de Saúde da Câmara
br-p-cd-115200;Raniery Paulino;REPUBLIC;PB;Deputado Federal | Comissão de Finanças e Tributação da Câmara | Comissão de Defesa dos Direitos das Pessoas com Deficiência da Câmara | Comissão de Agricultura, Pecuária, Abastecimento e Desenvolvimento Rural da Câmara
br-p-cd-154700;Paulo Soares;PODE;SP;Deputado Federal | Comissão de Finanças e Tributação da Câmara | Comissão de Administração e Serviço Público da Câmara | Comissão de Integração Nacional e Desenvolvimento Regional da Câmara
br-p-cd-220690;Capitão Alden;PL;BA;Deputado Federal | Comissão de Segurança Pública e Combate ao Crime Organizado da Câmara | Comissão de Finanças e Tributação da Câmara | Comissão de Administração e Serviço Público da Câmara | Comissão de Trabalho da Câmara
br-p-cd-178896;Newton Cardoso Jr;MDB;MG;Deputado Federal | Comissão de Finanças e Tributação da Câmara
br-p-cd-74043;Wellington Roberto;PSD;PB;Deputado Federal | Comissão de Fiscalização Financeira e Controle da Câmara | Comissão de Finanças e Tributação da Câmara | Comissão de Integração Nacional e Desenvolvimento Regional da Câmara
br-p-cd-204550;Júnior Mano;PSB;CE;Deputado Federal | Comissão de Minas e Energia da Câmara | Comissão de Finanças e Tributação da Câmara
br-p-cd-204491;Gilberto Abramo;REPUBLIC;MG;Deputado Federal | Comissão de Viação e Transportes da Câmara | Comissão de Finanças e Tributação da Câmara
br-p-cd-74646;Aécio Neves;PSDB;MG;Deputado Federal | Comissão de Relações Exteriores e de Defesa Nacional da Câmara | Comissão de Finanças e Tributação da Câmara
br-p-cd-141456;Jilmar Tatto;PT;SP;Deputado Federal | Comissão Mista de Planos, Orçamentos Públicos e Fiscalização | Comissão de Comunicação da Câmara | Comissão de Fiscalização Financeira e Controle da Câmara | Comissão de Finanças e Tributação da Câmara | Comissão de Desenvolvimento Urbano da Câmara | Comissão de Viação e Transportes da Câmara
br-p-cd-220604;Marcos Tavares;PDT;RJ;Deputado Federal | Comissão de Trabalho da Câmara | Comissão de Comunicação da Câmara | Comissão de Defesa dos Direitos da Pessoa Idosa da Câmara | Comissão de Finanças e Tributação da Câmara | Comissão do Esporte da Câmara | Comissão de Fiscalização Financeira e Controle da Câmara | Comissão de Minas e Energia da Câmara | Comissão de Saúde da Câmara | Comissão de Viação e Transportes da Câmara
br-p-cd-220578;Josenildo;PDT;AP;Deputado Federal | Comissão de Indústria, Comércio e Serviços da Câmara | Comissão de Finanças e Tributação da Câmara | Comissão de Ciência, Tecnologia e Inovação da Câmara | Comissão de Fiscalização Financeira e Controle da Câmara
br-p-cd-204517;Zé Vitor;PL;MG;Deputado Federal | Comissão Mista de Planos, Orçamentos Públicos e Fiscalização | Comissão de Meio Ambiente e Desenvolvimento Sustentável da Câmara | Comissão de Finanças e Tributação da Câmara | Comissão de Saúde da Câmara
br-p-cd-230767;Rodrigo da Zaeli;PL;MT;Deputado Federal | Comissão de Agricultura, Pecuária, Abastecimento e Desenvolvimento Rural da Câmara | Comissão de Desenvolvimento Econômico da Câmara | Comissão de Finanças e Tributação da Câmara | Comissão de Comunicação da Câmara | Comissão de Ciência, Tecnologia e Inovação da Câmara | Comissão de Minas e Energia da Câmara | Comissão de Segurança Pública e Combate ao Crime Organizado da Câmara
br-p-cd-104552;Socorro Neri;PP;AC;Deputado Federal | Comissão de Defesa dos Direitos da Mulher da Câmara | Comissão de Educação da Câmara | Comissão de Meio Ambiente e Desenvolvimento Sustentável da Câmara | Comissão de Finanças e Tributação da Câmara | Comissão de Integração Nacional e Desenvolvimento Regional da Câmara | Comissão da Amazônia e dos Povos Originários e Tradicionais da Câmara
br-p-cd-220632;Ana Pimentel;PT;MG;Deputado Federal | Comissão de Legislação Participativa da Câmara | Comissão de Saúde da Câmara | Comissão de Finanças e Tributação da Câmara
br-p-cd-204497;Júnior Ferrari;PSD;PA;Deputado Federal | Comissão de Minas e Energia da Câmara | Comissão de Finanças e Tributação da Câmara
br-p-cd-143084;Tiago Dimas;PODE;TO;Deputado Federal | Comissão Mista de Planos, Orçamentos Públicos e Fiscalização | Comissão de Defesa do Consumidor da Câmara | Comissão de Finanças e Tributação da Câmara | Comissão de Direitos Humanos, Minorias e Igualdade Racial da Câmara | Comissão de Minas e Energia da Câmara
br-p-cd-141555;Vinicius Carvalho;PL;SP;Deputado Federal | Comissão de Defesa do Consumidor da Câmara | Comissão de Relações Exteriores e de Defesa Nacional da Câmara | Comissão de Finanças e Tributação da Câmara | Comissão Mista de Planos, Orçamentos Públicos e Fiscalização | Comissão de Trabalho da Câmara
br-p-cd-204540;Maria Rosas;REPUBLIC;SP;Deputado Federal | Comissão de Comunicação da Câmara | Comissão de Educação da Câmara | Comissão de Finanças e Tributação da Câmara | Comissão de Defesa dos Direitos das Pessoas com Deficiência da Câmara | Comissão de Saúde da Câmara
br-p-cd-74156;Leonardo Monteiro;PT;MG;Deputado Federal | Comissão de Legislação Participativa da Câmara | Comissão de Trabalho da Câmara | Comissão de Finanças e Tributação da Câmara | Comissão de Meio Ambiente e Desenvolvimento Sustentável da Câmara
br-p-cd-160161;Marcelo Queiroz;PSDB;RJ;Deputado Federal | Comissão de Indústria, Comércio e Serviços da Câmara | Comissão de Legislação Participativa da Câmara | Comissão de Finanças e Tributação da Câmara | Comissão Mista de Planos, Orçamentos Públicos e Fiscalização
br-p-cd-220640;Juliana Cardoso;PT;SP;Deputado Federal | Comissão da Amazônia e dos Povos Originários e Tradicionais da Câmara | Comissão de Saúde da Câmara | Comissão de Finanças e Tributação da Câmara | Comissão de Cultura da Câmara | Comissão de Defesa dos Direitos da Mulher da Câmara | Comissão de Defesa dos Direitos das Pessoas com Deficiência da Câmara
br-p-cd-220672;Henderson Pinto;UNIÃO;PA;Deputado Federal | Comissão de Agricultura, Pecuária, Abastecimento e Desenvolvimento Rural da Câmara | Comissão de Finanças e Tributação da Câmara | Comissão de Desenvolvimento Econômico da Câmara | Comissão de Viação e Transportes da Câmara
br-p-cd-220607;Max Lemos;UNIÃO;RJ;Deputado Federal | Comissão de Defesa dos Direitos das Pessoas com Deficiência da Câmara | Comissão de Trabalho da Câmara | Comissão de Finanças e Tributação da Câmara | Comissão Mista de Planos, Orçamentos Públicos e Fiscalização | Comissão de Desenvolvimento Urbano da Câmara | Comissão de Minas e Energia da Câmara
br-p-cd-221329;Ricardo Abrão;PSDB;RJ;Deputado Federal | Comissão de Minas e Energia da Câmara | Comissão de Turismo da Câmara | Comissão de Finanças e Tributação da Câmara | Comissão de Ciência, Tecnologia e Inovação da Câmara | Comissão de Defesa dos Direitos da Pessoa Idosa da Câmara | Comissão de Saúde da Câmara
br-p-cd-220650;Paulo Alexandre Barbosa;PSD;SP;Deputado Federal | Comissão de Viação e Transportes da Câmara | Comissão de Defesa dos Direitos das Pessoas com Deficiência da Câmara | Comissão de Finanças e Tributação da Câmara | Comissão de Trabalho da Câmara
br-p-cd-220572;Marussa Boldrin;REPUBLIC;GO;Deputado Federal | Comissão de Agricultura, Pecuária, Abastecimento e Desenvolvimento Rural da Câmara | Comissão de Finanças e Tributação da Câmara | Comissão Mista de Planos, Orçamentos Públicos e Fiscalização | Comissão de Saúde da Câmara
br-p-cd-220574;Cabo Gilberto Silva;PL;PB;Deputado Federal | Comissão de Agricultura, Pecuária, Abastecimento e Desenvolvimento Rural da Câmara | Comissão de Finanças e Tributação da Câmara | Comissão de Administração e Serviço Público da Câmara | Comissão de Ciência, Tecnologia e Inovação da Câmara | Comissão de Cultura da Câmara | Comissão de Defesa do Consumidor da Câmara | Comissão de Direitos Humanos, Minorias e Igualdade Racial da Câmara | Comissão de Educação da Câmara | Comissão do Esporte da Câmara | Comissão de Fiscalização Financeira e Controle da Câmara | Comissão de Indústria, Comércio e Serviços da Câmara | Comissão de Legislação Participativa da Câmara | Comissão de Minas e Energia da Câmara | Comissão de Relações Exteriores e de Defesa Nacional da Câmara | Comissão de Segurança Pública e Combate ao Crime Organizado da Câmara | Comissão de Trabalho da Câmara | Comissão de Viação e Transportes da Câmara
br-p-cd-74428;Mendonça Filho;PL;PE;Deputado Federal | Comissão de Desenvolvimento Econômico da Câmara | Comissão de Minas e Energia da Câmara | Comissão de Finanças e Tributação da Câmara | Comissão de Educação da Câmara | Comissão de Segurança Pública e Combate ao Crime Organizado da Câmara
br-p-cd-160559;Alceu Moreira;MDB;RS;Deputado Federal | Comissão de Minas e Energia da Câmara | Comissão de Finanças e Tributação da Câmara | Comissão de Agricultura, Pecuária, Abastecimento e Desenvolvimento Rural da Câmara
br-p-cd-226075;Priscila Costa;PL;CE;Deputado Federal | Comissão de Defesa dos Direitos da Mulher da Câmara | Comissão de Saúde da Câmara | Comissão de Finanças e Tributação da Câmara | Comissão de Educação da Câmara | Comissão de Previdência, Assistência Social, Infância, Adolescência e Família da Câmara
br-p-cd-160556;Padre João;PT;MG;Deputado Federal | Comissão de Saúde da Câmara | Comissão de Finanças e Tributação da Câmara | Comissão de Agricultura, Pecuária, Abastecimento e Desenvolvimento Rural da Câmara | Comissão de Direitos Humanos, Minorias e Igualdade Racial da Câmara | Comissão de Fiscalização Financeira e Controle da Câmara | Comissão de Integração Nacional e Desenvolvimento Regional da Câmara | Comissão de Minas e Energia da Câmara
br-p-sf-5523;Otto Alencar;PSD;BA;Senador da República | Comissão de Constituição, Justiça e Cidadania do Senado | Comissão de Serviços de Infraestrutura do Senado | Comissão de Meio Ambiente do Senado | Comissão de Transparência, Governança, Fiscalização e Controle e Defesa do Consumidor do Senado | Comissão de Assuntos Econômicos do Senado | Comissão de Assuntos Sociais do Senado
br-p-sf-5899;Vanderlan Cardoso;PSD;GO;Senador da República | Comissão de Constituição, Justiça e Cidadania do Senado | Comissão de Assuntos Econômicos do Senado | Comissão de Comunicação e Direito Digital do Senado | Comissão de Ciência, Tecnologia, Inovação e Informática do Senado | Comissão de Educação e Cultura do Senado | Comissão de Agricultura e Reforma Agrária do Senado | Comissão de Segurança Pública do Senado | Comissão de Transparência, Governança, Fiscalização e Controle e Defesa do Consumidor do Senado | Comissão de Serviços de Infraestrutura do Senado | Comissão de Direitos Humanos e Legislação Participativa do Senado | Comissão de Meio Ambiente do Senado
br-p-sf-4994;Eduardo Braga;MDB;AM;Senador da República | Comissão de Constituição, Justiça e Cidadania do Senado | Comissão de Assuntos Econômicos do Senado | Comissão de Serviços de Infraestrutura do Senado | Comissão Mista de Planos, Orçamentos Públicos e Fiscalização | Comissão de Assuntos Sociais do Senado | Comissão de Direitos Humanos e Legislação Participativa do Senado | Comissão Mista de Controle das Atividades de Inteligência | Comissão de Desenvolvimento Regional e Turismo do Senado | Comissão de Educação e Cultura do Senado | Comissão de Segurança Pública do Senado | Comissão de Transparência, Governança, Fiscalização e Controle e Defesa do Consumidor do Senado
br-p-sf-70;Renan Calheiros;MDB;AL;Senador da República | Comissão de Assuntos Econômicos do Senado | Comissão de Constituição, Justiça e Cidadania do Senado | Comissão de Relações Exteriores e Defesa Nacional do Senado | Comissão de Defesa da Democracia do Senado | Comissão de Transparência, Governança, Fiscalização e Controle e Defesa do Consumidor do Senado | Comissão de Serviços de Infraestrutura do Senado | Comissão de Assuntos Sociais do Senado | Comissão de Segurança Pública do Senado
br-p-sf-35;Jader Barbalho;MDB;PA;Senador da República | Comissão de Constituição, Justiça e Cidadania do Senado | Comissão de Agricultura e Reforma Agrária do Senado | Comissão de Assuntos Econômicos do Senado | Comissão de Serviços de Infraestrutura do Senado | Comissão de Comunicação e Direito Digital do Senado
br-p-sf-5748;Veneziano Vital do Rêgo;MDB;PB;Senador da República | Comissão de Educação e Cultura do Senado | Comissão de Constituição, Justiça e Cidadania do Senado | Comissão de Serviços de Infraestrutura do Senado | Comissão Mista de Controle das Atividades de Inteligência | Comissão de Assuntos Econômicos do Senado | Comissão de Relações Exteriores e Defesa Nacional do Senado | Comissão de Assuntos Sociais do Senado
br-p-sf-5988;Soraya Thronicke;PSB;MS;Senador da República | Comissão de Constituição, Justiça e Cidadania do Senado | Comissão de Serviços de Infraestrutura do Senado | Comissão de Assuntos Econômicos do Senado | Comissão de Assuntos Sociais do Senado | Comissão de Agricultura e Reforma Agrária do Senado
br-p-sf-5386;Professora Dorinha Seabra;UNIÃO;TO;Senador da República | Comissão de Desenvolvimento Regional e Turismo do Senado | Comissão de Constituição, Justiça e Cidadania do Senado | Comissão de Assuntos Econômicos do Senado | Comissão de Serviços de Infraestrutura do Senado | Comissão de Assuntos Sociais do Senado | Comissão de Comunicação e Direito Digital do Senado | Comissão de Educação e Cultura do Senado | Comissão de Relações Exteriores e Defesa Nacional do Senado | Comissão de Direitos Humanos e Legislação Participativa do Senado | Comissão de Agricultura e Reforma Agrária do Senado | Comissão de Segurança Pública do Senado
br-p-sf-5959;Styvenson Valentim;PODE;RN;Senador da República | Comissão de Constituição, Justiça e Cidadania do Senado | Comissão de Segurança Pública do Senado | Comissão de Transparência, Governança, Fiscalização e Controle e Defesa do Consumidor do Senado | Comissão Mista de Planos, Orçamentos Públicos e Fiscalização | Comissão de Assuntos Sociais do Senado | Comissão de Comunicação e Direito Digital do Senado | Comissão de Direitos Humanos e Legislação Participativa do Senado | Comissão de Meio Ambiente do Senado | Comissão de Agricultura e Reforma Agrária do Senado
br-p-sf-5924;Oriovisto Guimarães;PSDB;PR;Senador da República | Comissão de Constituição, Justiça e Cidadania do Senado | Comissão de Ciência, Tecnologia, Inovação e Informática do Senado | Comissão de Assuntos Econômicos do Senado | Comissão de Transparência, Governança, Fiscalização e Controle e Defesa do Consumidor do Senado
br-p-sf-4531;Jayme Campos;UNIÃO;MT;Senador da República | Comissão de Constituição, Justiça e Cidadania do Senado | Comissão de Serviços de Infraestrutura do Senado | Comissão Mista de Planos, Orçamentos Públicos e Fiscalização | Comissão de Assuntos Sociais do Senado | Comissão de Meio Ambiente do Senado | Comissão de Agricultura e Reforma Agrária do Senado
br-p-sf-5525;Omar Aziz;PSD;AM;Senador da República | Comissão de Constituição, Justiça e Cidadania do Senado | Comissão de Transparência, Governança, Fiscalização e Controle e Defesa do Consumidor do Senado | Comissão de Assuntos Econômicos do Senado | Comissão de Segurança Pública do Senado
br-p-sf-5718;Eliziane Gama;PSD;MA;Senador da República | Comissão de Constituição, Justiça e Cidadania do Senado | Comissão de Defesa da Democracia do Senado | Comissão de Desenvolvimento Regional e Turismo do Senado | Comissão de Meio Ambiente do Senado | Comissão de Direitos Humanos e Legislação Participativa do Senado | Comissão de Agricultura e Reforma Agrária do Senado
br-p-sf-5732;Rodrigo Pacheco;PSB;MG;Senador da República | Comissão de Constituição, Justiça e Cidadania do Senado | Comissão de Relações Exteriores e Defesa Nacional do Senado | Comissão de Defesa da Democracia do Senado
br-p-sf-6359;Lourdinha Pereira;PSB;MA;Senador da República | Comissão de Constituição, Justiça e Cidadania do Senado | Comissão de Assuntos Sociais do Senado | Comissão de Direitos Humanos e Legislação Participativa do Senado | Comissão de Segurança Pública do Senado | Comissão de Transparência, Governança, Fiscalização e Controle e Defesa do Consumidor do Senado | Comissão de Desenvolvimento Regional e Turismo do Senado | Comissão de Educação e Cultura do Senado
br-p-sf-6342;Jorge Seif;PL;SC;Senador da República | Comissão de Constituição, Justiça e Cidadania do Senado | Comissão de Assuntos Econômicos do Senado | Comissão de Relações Exteriores e Defesa Nacional do Senado | Comissão de Desenvolvimento Regional e Turismo do Senado | Comissão de Segurança Pública do Senado | Comissão de Transparência, Governança, Fiscalização e Controle e Defesa do Consumidor do Senado | Comissão de Serviços de Infraestrutura do Senado | Comissão de Ciência, Tecnologia, Inovação e Informática do Senado | Comissão de Direitos Humanos e Legislação Participativa do Senado | Comissão de Meio Ambiente do Senado
br-p-sf-6340;Jaime Bagattoli;PL;RO;Senador da República | Comissão de Constituição, Justiça e Cidadania do Senado | Comissão de Relações Exteriores e Defesa Nacional do Senado | Comissão de Serviços de Infraestrutura do Senado | Comissão de Direitos Humanos e Legislação Participativa do Senado | Comissão de Meio Ambiente do Senado | Comissão de Agricultura e Reforma Agrária do Senado | Comissão de Assuntos Econômicos do Senado | Comissão de Assuntos Sociais do Senado
br-p-sf-631;Magno Malta;PL;ES;Senador da República | Comissão de Constituição, Justiça e Cidadania do Senado | Comissão de Direitos Humanos e Legislação Participativa do Senado | Comissão de Educação e Cultura do Senado | Comissão de Segurança Pública do Senado | Comissão de Assuntos Econômicos do Senado | Comissão de Assuntos Sociais do Senado
br-p-sf-5793;Dr. Hiran;PP;RR;Senador da República | Comissão de Transparência, Governança, Fiscalização e Controle e Defesa do Consumidor do Senado | Comissão de Constituição, Justiça e Cidadania do Senado | Comissão de Assuntos Sociais do Senado | Comissão de Ciência, Tecnologia, Inovação e Informática do Senado | Comissão de Direitos Humanos e Legislação Participativa do Senado | Comissão de Relações Exteriores e Defesa Nacional do Senado | Comissão Mista de Planos, Orçamentos Públicos e Fiscalização | Comissão de Comunicação e Direito Digital do Senado | Comissão de Desenvolvimento Regional e Turismo do Senado | Comissão de Educação e Cultura do Senado
br-p-sf-4694;Rogerio Marinho;PL;RN;Senador da República | Comissão de Constituição, Justiça e Cidadania do Senado | Comissão de Assuntos Econômicos do Senado | Comissão de Segurança Pública do Senado | Comissão Mista de Controle das Atividades de Inteligência | Comissão de Serviços de Infraestrutura do Senado | Comissão de Assuntos Sociais do Senado | Comissão de Comunicação e Direito Digital do Senado | Comissão de Desenvolvimento Regional e Turismo do Senado | Comissão de Educação e Cultura do Senado | Comissão de Meio Ambiente do Senado | Comissão de Agricultura e Reforma Agrária do Senado | Comissão de Transparência, Governança, Fiscalização e Controle e Defesa do Consumidor do Senado
br-p-sf-5352;Rogério Carvalho;PT;SE;Senador da República | Comissão de Constituição, Justiça e Cidadania do Senado | Comissão de Assuntos Econômicos do Senado | Comissão de Serviços de Infraestrutura do Senado | Comissão Mista de Planos, Orçamentos Públicos e Fiscalização | Comissão de Comunicação e Direito Digital do Senado | Comissão de Ciência, Tecnologia, Inovação e Informática do Senado | Comissão de Direitos Humanos e Legislação Participativa do Senado | Comissão de Transparência, Governança, Fiscalização e Controle e Defesa do Consumidor do Senado | Comissão de Relações Exteriores e Defesa Nacional do Senado | Comissão de Desenvolvimento Regional e Turismo do Senado | Comissão de Meio Ambiente do Senado | Comissão de Segurança Pública do Senado
br-p-sf-5953;Fabiano Contarato;PT;ES;Senador da República | Comissão de Meio Ambiente do Senado | Comissão de Constituição, Justiça e Cidadania do Senado | Comissão de Relações Exteriores e Defesa Nacional do Senado | Comissão de Assuntos Sociais do Senado | Comissão de Comunicação e Direito Digital do Senado | Comissão de Defesa da Democracia do Senado | Comissão de Direitos Humanos e Legislação Participativa do Senado | Comissão de Segurança Pública do Senado | Comissão de Serviços de Infraestrutura do Senado
br-p-sf-6336;Camilo Santana;PT;CE;Senador da República | Comissão de Educação e Cultura do Senado | Comissão de Constituição, Justiça e Cidadania do Senado | Comissão de Assuntos Econômicos do Senado | Comissão de Desenvolvimento Regional e Turismo do Senado | Comissão de Meio Ambiente do Senado
br-p-sf-5411;Weverton;PDT;MA;Senador da República | Comissão de Constituição, Justiça e Cidadania do Senado | Comissão de Serviços de Infraestrutura do Senado | Comissão de Agricultura e Reforma Agrária do Senado | Comissão de Assuntos Econômicos do Senado | Comissão de Ciência, Tecnologia, Inovação e Informática do Senado | Comissão de Direitos Humanos e Legislação Participativa do Senado
br-p-sf-5736;Tereza Cristina;PP;MS;Senador da República | Comissão de Relações Exteriores e Defesa Nacional do Senado | Comissão de Constituição, Justiça e Cidadania do Senado | Comissão Mista de Planos, Orçamentos Públicos e Fiscalização | Comissão de Meio Ambiente do Senado | Comissão de Assuntos Econômicos do Senado | Comissão de Serviços de Infraestrutura do Senado | Comissão de Agricultura e Reforma Agrária do Senado
br-p-sf-6341;Hamilton Mourão;REPUBLICANOS;RS;Senador da República | Comissão de Ciência, Tecnologia, Inovação e Informática do Senado | Comissão de Constituição, Justiça e Cidadania do Senado | Comissão de Assuntos Econômicos do Senado | Comissão de Relações Exteriores e Defesa Nacional do Senado | Comissão de Comunicação e Direito Digital do Senado | Comissão de Segurança Pública do Senado | Comissão Mista de Controle das Atividades de Inteligência | Comissão Mista de Planos, Orçamentos Públicos e Fiscalização | Comissão de Defesa da Democracia do Senado | Comissão de Agricultura e Reforma Agrária do Senado
br-p-sf-742;Marcelo Castro;MDB;PI;Senador da República | Comissão de Assuntos Sociais do Senado | Comissão de Desenvolvimento Regional e Turismo do Senado | Comissão de Constituição, Justiça e Cidadania do Senado | Comissão Mista de Planos, Orçamentos Públicos e Fiscalização | Comissão de Educação e Cultura do Senado
br-p-sf-5672;Alan Rick;REPUBLICANOS;AC;Senador da República | Comissão de Assuntos Econômicos do Senado | Comissão Mista de Planos, Orçamentos Públicos e Fiscalização | Comissão de Educação e Cultura do Senado | Comissão de Agricultura e Reforma Agrária do Senado | Comissão de Constituição, Justiça e Cidadania do Senado | Comissão de Relações Exteriores e Defesa Nacional do Senado | Comissão de Assuntos Sociais do Senado | Comissão de Desenvolvimento Regional e Turismo do Senado | Comissão de Esporte do Senado
br-p-sf-5982;Alessandro Vieira;MDB;SE;Senador da República | Comissão de Assuntos Econômicos do Senado | Comissão de Comunicação e Direito Digital do Senado | Comissão de Educação e Cultura do Senado | Comissão de Segurança Pública do Senado | Comissão de Transparência, Governança, Fiscalização e Controle e Defesa do Consumidor do Senado | Comissão de Constituição, Justiça e Cidadania do Senado | Comissão de Assuntos Sociais do Senado | Comissão de Ciência, Tecnologia, Inovação e Informática do Senado | Comissão de Direitos Humanos e Legislação Participativa do Senado | Comissão de Desenvolvimento Regional e Turismo do Senado | Comissão de Meio Ambiente do Senado
br-p-sf-6008;Giordano;PODE;SP;Senador da República | Comissão Mista de Planos, Orçamentos Públicos e Fiscalização | Comissão de Direitos Humanos e Legislação Participativa do Senado | Comissão de Meio Ambiente do Senado | Comissão de Constituição, Justiça e Cidadania do Senado | Comissão de Assuntos Econômicos do Senado
br-p-sf-3806;Zequinha Marinho;PODE;PA;Senador da República | Comissão de Agricultura e Reforma Agrária do Senado | Comissão de Meio Ambiente do Senado | Comissão de Constituição, Justiça e Cidadania do Senado | Comissão de Serviços de Infraestrutura do Senado | Comissão de Direitos Humanos e Legislação Participativa do Senado | Comissão de Desenvolvimento Regional e Turismo do Senado | Comissão de Transparência, Governança, Fiscalização e Controle e Defesa do Consumidor do Senado
br-p-sf-5502;Plínio Valério;PSDB;AM;Senador da República | Comissão de Assuntos Econômicos do Senado | Comissão de Serviços de Infraestrutura do Senado | Comissão de Assuntos Sociais do Senado | Comissão de Comunicação e Direito Digital do Senado | Comissão de Direitos Humanos e Legislação Participativa do Senado | Comissão de Desenvolvimento Regional e Turismo do Senado | Comissão de Educação e Cultura do Senado | Comissão de Esporte do Senado | Comissão de Meio Ambiente do Senado | Comissão de Constituição, Justiça e Cidadania do Senado
br-p-sf-5906;Dra. Eudócia;PSDB;AL;Senador da República | Comissão de Assuntos Sociais do Senado | Comissão de Comunicação e Direito Digital do Senado | Comissão de Ciência, Tecnologia, Inovação e Informática do Senado | Comissão de Constituição, Justiça e Cidadania do Senado | Comissão de Assuntos Econômicos do Senado | Comissão de Relações Exteriores e Defesa Nacional do Senado | Comissão de Serviços de Infraestrutura do Senado | Comissão de Educação e Cultura do Senado
br-p-sf-4642;Efraim Filho;PL;PB;Senador da República | Comissão de Relações Exteriores e Defesa Nacional do Senado | Comissão de Assuntos Sociais do Senado | Comissão de Ciência, Tecnologia, Inovação e Informática do Senado | Comissão de Desenvolvimento Regional e Turismo do Senado | Comissão de Esporte do Senado | Comissão de Constituição, Justiça e Cidadania do Senado | Comissão de Assuntos Econômicos do Senado | Comissão de Serviços de Infraestrutura do Senado | Comissão de Comunicação e Direito Digital do Senado | Comissão de Meio Ambiente do Senado | Comissão de Segurança Pública do Senado | Comissão de Transparência, Governança, Fiscalização e Controle e Defesa do Consumidor do Senado
br-p-sf-5973;Cid Gomes;PSB;CE;Senador da República | Comissão de Serviços de Infraestrutura do Senado | Comissão de Comunicação e Direito Digital do Senado | Comissão de Direitos Humanos e Legislação Participativa do Senado | Comissão de Educação e Cultura do Senado | Comissão de Meio Ambiente do Senado | Comissão de Transparência, Governança, Fiscalização e Controle e Defesa do Consumidor do Senado | Comissão de Constituição, Justiça e Cidadania do Senado | Comissão de Assuntos Econômicos do Senado | Comissão de Relações Exteriores e Defesa Nacional do Senado | Comissão de Ciência, Tecnologia, Inovação e Informática do Senado | Comissão de Desenvolvimento Regional e Turismo do Senado
br-p-sf-5783;Zenaide Maia;PSD;RN;Senador da República | Comissão de Assuntos Sociais do Senado | Comissão de Educação e Cultura do Senado | Comissão de Constituição, Justiça e Cidadania do Senado | Comissão Mista de Planos, Orçamentos Públicos e Fiscalização | Comissão de Desenvolvimento Regional e Turismo do Senado
br-p-sf-5385;Irajá;PSD;TO;Senador da República | Comissão de Assuntos Econômicos do Senado | Comissão de Serviços de Infraestrutura do Senado | Comissão de Constituição, Justiça e Cidadania do Senado | Comissão de Relações Exteriores e Defesa Nacional do Senado | Comissão de Meio Ambiente do Senado
br-p-sf-4560;Sérgio Petecão;PSD;AC;Senador da República | Comissão de Assuntos Econômicos do Senado | Comissão de Assuntos Sociais do Senado | Comissão de Comunicação e Direito Digital do Senado | Comissão de Esporte do Senado | Comissão de Agricultura e Reforma Agrária do Senado | Comissão de Constituição, Justiça e Cidadania do Senado | Comissão de Relações Exteriores e Defesa Nacional do Senado | Comissão de Ciência, Tecnologia, Inovação e Informática do Senado | Comissão de Educação e Cultura do Senado | Comissão de Segurança Pública do Senado
br-p-sf-5376;Mara Gabrilli;PSD;SP;Senador da República | Comissão de Direitos Humanos e Legislação Participativa do Senado | Comissão de Relações Exteriores e Defesa Nacional do Senado | Comissão de Assuntos Sociais do Senado | Comissão de Esporte do Senado | Comissão de Constituição, Justiça e Cidadania do Senado | Comissão de Meio Ambiente do Senado | Comissão de Transparência, Governança, Fiscalização e Controle e Defesa do Consumidor do Senado
br-p-sf-6338;Teresa Leitão;PT;PE;Senador da República | Comissão Mista de Planos, Orçamentos Públicos e Fiscalização | Comissão de Ciência, Tecnologia, Inovação e Informática do Senado | Comissão de Educação e Cultura do Senado | Comissão de Esporte do Senado | Comissão de Constituição, Justiça e Cidadania do Senado | Comissão de Assuntos Econômicos do Senado | Comissão de Assuntos Sociais do Senado | Comissão de Direitos Humanos e Legislação Participativa do Senado | Comissão de Transparência, Governança, Fiscalização e Controle e Defesa do Consumidor do Senado
br-p-sf-5936;Carlos Portinho;PL;RJ;Senador da República | Comissão Mista de Planos, Orçamentos Públicos e Fiscalização | Comissão de Constituição, Justiça e Cidadania do Senado | Comissão de Relações Exteriores e Defesa Nacional do Senado | Comissão de Comunicação e Direito Digital do Senado | Comissão de Ciência, Tecnologia, Inovação e Informática do Senado | Comissão de Educação e Cultura do Senado | Comissão de Esporte do Senado | Comissão de Segurança Pública do Senado
br-p-sf-4770;Izalci Lucas;PL;DF;Senador da República | Comissão de Assuntos Econômicos do Senado | Comissão de Ciência, Tecnologia, Inovação e Informática do Senado | Comissão de Educação e Cultura do Senado | Comissão de Constituição, Justiça e Cidadania do Senado | Comissão de Transparência, Governança, Fiscalização e Controle e Defesa do Consumidor do Senado
br-p-sf-5894;Flávio Bolsonaro;PL;RJ;Senador da República | Comissão de Segurança Pública do Senado | Comissão de Desenvolvimento Regional e Turismo do Senado | Comissão de Transparência, Governança, Fiscalização e Controle e Defesa do Consumidor do Senado | Comissão de Constituição, Justiça e Cidadania do Senado | Comissão de Direitos Humanos e Legislação Participativa do Senado
br-p-sf-5974;Sargento Reginauro;PSDB;CE;Senador da República | Comissão de Constituição, Justiça e Cidadania do Senado | Comissão de Direitos Humanos e Legislação Participativa do Senado | Comissão de Segurança Pública do Senado
br-p-sf-5012;Randolfe Rodrigues;PT;AP;Senador da República | Comissão de Assuntos Econômicos do Senado | Comissão de Relações Exteriores e Defesa Nacional do Senado | Comissão de Constituição, Justiça e Cidadania do Senado | Comissão de Serviços de Infraestrutura do Senado | Comissão de Ciência, Tecnologia, Inovação e Informática do Senado | Comissão de Transparência, Governança, Fiscalização e Controle e Defesa do Consumidor do Senado
br-p-sf-581;Jaques Wagner;PT;BA;Senador da República | Comissão de Constituição, Justiça e Cidadania do Senado | Comissão de Assuntos Econômicos do Senado | Comissão de Relações Exteriores e Defesa Nacional do Senado | Comissão de Meio Ambiente do Senado | Comissão de Segurança Pública do Senado
br-p-sf-5979;Leila Barros;PDT;DF;Senador da República | Comissão de Esporte do Senado | Comissão de Meio Ambiente do Senado | Comissão de Assuntos Econômicos do Senado | Comissão de Constituição, Justiça e Cidadania do Senado | Comissão Mista de Planos, Orçamentos Públicos e Fiscalização | Comissão de Assuntos Sociais do Senado | Comissão de Educação e Cultura do Senado
br-p-sf-22;Esperidião Amin;PP;SC;Senador da República | Comissão de Relações Exteriores e Defesa Nacional do Senado | Comissão de Serviços de Infraestrutura do Senado | Comissão de Comunicação e Direito Digital do Senado | Comissão de Segurança Pública do Senado | Comissão Mista de Controle das Atividades de Inteligência | Comissão de Constituição, Justiça e Cidadania do Senado | Comissão de Assuntos Econômicos do Senado | Comissão de Assuntos Sociais do Senado | Comissão de Ciência, Tecnologia, Inovação e Informática do Senado | Comissão de Educação e Cultura do Senado | Comissão de Esporte do Senado
br-p-sf-6335;Damares Alves;REPUBLICANOS;DF;Senador da República | Comissão de Direitos Humanos e Legislação Participativa do Senado | Comissão de Educação e Cultura do Senado | Comissão de Constituição, Justiça e Cidadania do Senado | Comissão de Assuntos Econômicos do Senado | Comissão de Assuntos Sociais do Senado | Comissão de Comunicação e Direito Digital do Senado | Comissão de Ciência, Tecnologia, Inovação e Informática do Senado | Comissão de Segurança Pública do Senado | Comissão de Transparência, Governança, Fiscalização e Controle e Defesa do Consumidor do Senado
br-p-sf-5207;Renan Filho;MDB;AL;Senador da República | Comissão de Assuntos Econômicos do Senado
br-p-sf-6295;Carlos Fávaro;PSD;MT;Senador da República | Comissão de Assuntos Econômicos do Senado | Comissão Mista de Planos, Orçamentos Públicos e Fiscalização | Comissão de Agricultura e Reforma Agrária do Senado | Comissão de Serviços de Infraestrutura do Senado
br-p-sf-5990;Carlos Viana;PSD;MG;Senador da República | Comissão de Assuntos Econômicos do Senado | Comissão de Serviços de Infraestrutura do Senado | Comissão de Segurança Pública do Senado | Comissão de Transparência, Governança, Fiscalização e Controle e Defesa do Consumidor do Senado | Comissão de Relações Exteriores e Defesa Nacional do Senado | Comissão de Assuntos Sociais do Senado
br-p-sf-5926;Lucas Barreto;PSD;AP;Senador da República | Comissão de Assuntos Econômicos do Senado | Comissão Mista de Planos, Orçamentos Públicos e Fiscalização | Comissão de Serviços de Infraestrutura do Senado | Comissão de Assuntos Sociais do Senado | Comissão de Ciência, Tecnologia, Inovação e Informática do Senado
br-p-sf-5070;Wilder Morais;PL;GO;Senador da República | Comissão de Assuntos Econômicos do Senado | Comissão de Serviços de Infraestrutura do Senado | Comissão de Assuntos Sociais do Senado | Comissão de Desenvolvimento Regional e Turismo do Senado | Comissão de Agricultura e Reforma Agrária do Senado | Comissão de Segurança Pública do Senado
br-p-sf-1173;Wellington Fagundes;PL;MT;Senador da República | Comissão de Assuntos Econômicos do Senado | Comissão de Relações Exteriores e Defesa Nacional do Senado | Comissão de Serviços de Infraestrutura do Senado | Comissão de Defesa da Democracia do Senado | Comissão de Educação e Cultura do Senado | Comissão de Meio Ambiente do Senado | Comissão de Agricultura e Reforma Agrária do Senado | Comissão de Ciência, Tecnologia, Inovação e Informática do Senado
br-p-sf-739;Ciro Nogueira;PP;PI;Senador da República | Comissão de Assuntos Econômicos do Senado
br-p-sf-5967;Angelo Coronel;REPUBLICANOS;BA;Senador da República | Comissão de Assuntos Econômicos do Senado | Comissão de Desenvolvimento Regional e Turismo do Senado | Comissão de Segurança Pública do Senado | Comissão de Relações Exteriores e Defesa Nacional do Senado | Comissão de Serviços de Infraestrutura do Senado | Comissão de Assuntos Sociais do Senado | Comissão de Meio Ambiente do Senado | Comissão de Agricultura e Reforma Agrária do Senado
br-p-sf-285;Marcio Bittar;PL;AC;Senador da República | Comissão de Segurança Pública do Senado | Comissão de Assuntos Econômicos do Senado | Comissão de Direitos Humanos e Legislação Participativa do Senado | Comissão de Meio Ambiente do Senado | Comissão de Transparência, Governança, Fiscalização e Controle e Defesa do Consumidor do Senado
br-p-sf-5985;Nelsinho Trad;PSD;MS;Senador da República | Comissão de Relações Exteriores e Defesa Nacional do Senado | Comissão Mista de Controle das Atividades de Inteligência | Comissão de Assuntos Econômicos do Senado | Comissão de Serviços de Infraestrutura do Senado | Comissão de Assuntos Sociais do Senado | Comissão de Ciência, Tecnologia, Inovação e Informática do Senado | Comissão de Desenvolvimento Regional e Turismo do Senado | Comissão de Educação e Cultura do Senado | Comissão de Meio Ambiente do Senado
br-p-sf-5917;Fernando Dueire;PSD;PE;Senador da República | Comissão de Relações Exteriores e Defesa Nacional do Senado | Comissão de Assuntos Econômicos do Senado | Comissão de Serviços de Infraestrutura do Senado | Comissão de Assuntos Sociais do Senado | Comissão de Educação e Cultura do Senado
br-p-sf-5976;Eduardo Girão;;;Comissão de Assuntos Sociais do Senado | Comissão de Esporte do Senado | Comissão de Transparência, Governança, Fiscalização e Controle e Defesa do Consumidor do Senado | Comissão de Assuntos Econômicos do Senado | Comissão de Comunicação e Direito Digital do Senado
br-p-sf-825;Paulo Paim;PT;RS;Senador da República | Comissão de Educação e Cultura do Senado | Comissão de Assuntos Econômicos do Senado | Comissão de Assuntos Sociais do Senado | Comissão de Ciência, Tecnologia, Inovação e Informática do Senado | Comissão de Direitos Humanos e Legislação Participativa do Senado
br-p-sf-1186;Luis Carlos Heinze;PP;RS;Senador da República | Comissão de Defesa da Democracia do Senado | Comissão de Agricultura e Reforma Agrária do Senado | Comissão de Assuntos Econômicos do Senado | Comissão de Relações Exteriores e Defesa Nacional do Senado | Comissão de Serviços de Infraestrutura do Senado | Comissão de Meio Ambiente do Senado | Comissão de Segurança Pública do Senado
br-p-sf-6331;Sergio Moro;PL;PR;Senador da República | Comissão de Segurança Pública do Senado | Comissão de Relações Exteriores e Defesa Nacional do Senado | Comissão de Direitos Humanos e Legislação Participativa do Senado | Comissão de Transparência, Governança, Fiscalização e Controle e Defesa do Consumidor do Senado | Comissão de Serviços de Infraestrutura do Senado
br-p-sf-470;Chico Rodrigues;PSB;RR;Senador da República | Comissão de Esporte do Senado | Comissão de Relações Exteriores e Defesa Nacional do Senado | Comissão de Ciência, Tecnologia, Inovação e Informática do Senado | Comissão de Desenvolvimento Regional e Turismo do Senado | Comissão de Serviços de Infraestrutura do Senado | Comissão Mista de Planos, Orçamentos Públicos e Fiscalização | Comissão de Agricultura e Reforma Agrária do Senado | Comissão de Segurança Pública do Senado
br-p-sf-6009;Astronauta Marcos Pontes;PL;SP;Senador da República | Comissão de Relações Exteriores e Defesa Nacional do Senado | Comissão de Comunicação e Direito Digital do Senado | Comissão de Ciência, Tecnologia, Inovação e Informática do Senado | Comissão de Direitos Humanos e Legislação Participativa do Senado | Comissão de Educação e Cultura do Senado | Comissão de Serviços de Infraestrutura do Senado | Comissão de Assuntos Sociais do Senado | Comissão de Desenvolvimento Regional e Turismo do Senado | Comissão de Segurança Pública do Senado
br-p-sf-6010;Ivete da Silveira;MDB;SC;Senador da República | Comissão de Ciência, Tecnologia, Inovação e Informática do Senado | Comissão de Direitos Humanos e Legislação Participativa do Senado | Comissão de Desenvolvimento Regional e Turismo do Senado | Comissão de Segurança Pública do Senado | Comissão de Relações Exteriores e Defesa Nacional do Senado | Comissão de Educação e Cultura do Senado
br-p-sf-5942;Marcos do Val;AVANTE;ES;Senador da República | Comissão de Comunicação e Direito Digital do Senado | Comissão de Ciência, Tecnologia, Inovação e Informática do Senado | Comissão de Defesa da Democracia do Senado | Comissão de Direitos Humanos e Legislação Participativa do Senado | Comissão de Segurança Pública do Senado | Comissão de Relações Exteriores e Defesa Nacional do Senado
br-p-sf-5422;Marcos Rogério;PL;RO;Senador da República | Comissão de Serviços de Infraestrutura do Senado | Comissão de Direitos Humanos e Legislação Participativa do Senado | Comissão de Meio Ambiente do Senado | Comissão de Agricultura e Reforma Agrária do Senado | Comissão de Relações Exteriores e Defesa Nacional do Senado | Comissão de Segurança Pública do Senado | Comissão de Transparência, Governança, Fiscalização e Controle e Defesa do Consumidor do Senado
br-p-sf-4639;Beto Faro;PT;PA;Senador da República | Comissão de Serviços de Infraestrutura do Senado | Comissão de Ciência, Tecnologia, Inovação e Informática do Senado | Comissão de Desenvolvimento Regional e Turismo do Senado | Comissão de Meio Ambiente do Senado | Comissão de Agricultura e Reforma Agrária do Senado | Comissão de Transparência, Governança, Fiscalização e Controle e Defesa do Consumidor do Senado | Comissão de Relações Exteriores e Defesa Nacional do Senado
br-p-sf-5895;Jorge Kajuru;PSB;GO;Senador da República | Comissão de Serviços de Infraestrutura do Senado | Comissão de Segurança Pública do Senado | Comissão de Esporte do Senado
br-p-sf-6337;Cleitinho;REPUBLICANOS;MG;Senador da República | Comissão de Serviços de Infraestrutura do Senado | Comissão de Transparência, Governança, Fiscalização e Controle e Defesa do Consumidor do Senado
br-p-cd-204508;Igor Timo;UNIÃO;MG;Deputado Federal | Comissão Mista de Planos, Orçamentos Públicos e Fiscalização | Comissão de Saúde da Câmara
br-p-cd-141421;Eduardo da Fonte;PP;PE;Deputado Federal | Comissão Mista de Planos, Orçamentos Públicos e Fiscalização | Comissão de Saúde da Câmara
br-p-cd-73788;Ricardo Barros;PP;PR;Deputado Federal | Comissão Mista de Planos, Orçamentos Públicos e Fiscalização | Comissão de Ciência, Tecnologia e Inovação da Câmara | Comissão de Saúde da Câmara
br-p-cd-204549;AJ Albuquerque;PP;CE;Deputado Federal | Comissão Mista de Planos, Orçamentos Públicos e Fiscalização | Comissão de Viação e Transportes da Câmara | Comissão de Educação da Câmara
br-p-cd-178962;Carlos Gomes;REPUBLICANOS;RS;Deputado Federal | Comissão Mista de Planos, Orçamentos Públicos e Fiscalização | Comissão de Meio Ambiente e Desenvolvimento Sustentável da Câmara | Comissão de Desenvolvimento Urbano da Câmara | Comissão de Viação e Transportes da Câmara
br-p-cd-178945;Rosangela Gomes;REPUBLICANOS;RJ;Deputado Federal | Comissão Mista de Planos, Orçamentos Públicos e Fiscalização | Comissão de Previdência, Assistência Social, Infância, Adolescência e Família da Câmara | Comissão de Saúde da Câmara
br-p-cd-220683;Beto Richa;PSDB;PR;Deputado Federal | Comissão de Indústria, Comércio e Serviços da Câmara | Comissão Mista de Planos, Orçamentos Públicos e Fiscalização
br-p-cd-179000;Marcelo Álvaro Antônio;PL;MG;Deputado Federal | Comissão Mista de Planos, Orçamentos Públicos e Fiscalização | Comissão de Desenvolvimento Urbano da Câmara | Comissão de Turismo da Câmara
br-p-cd-220628;Mauricio do Vôlei;PL;MG;Deputado Federal | Comissão Mista de Planos, Orçamentos Públicos e Fiscalização | Comissão do Esporte da Câmara
br-p-cd-220682;Tadeu Veneri;PT;PR;Deputado Federal | Comissão de Direitos Humanos, Minorias e Igualdade Racial da Câmara | Comissão Mista de Planos, Orçamentos Públicos e Fiscalização | Comissão de Fiscalização Financeira e Controle da Câmara | Comissão de Educação da Câmara
br-p-cd-74295;Inácio Arruda;PCdoB;CE;Deputado Federal | Comissão Mista de Planos, Orçamentos Públicos e Fiscalização | Comissão de Desenvolvimento Urbano da Câmara | Comissão de Ciência, Tecnologia e Inovação da Câmara
br-p-cd-74158;Mário Heringer;PDT;MG;Deputado Federal | Comissão Mista de Planos, Orçamentos Públicos e Fiscalização | Comissão de Meio Ambiente e Desenvolvimento Sustentável da Câmara
br-p-cd-220662;Lucas Ramos;PSB;PE;Deputado Federal | Comissão Mista de Planos, Orçamentos Públicos e Fiscalização | Comissão de Comunicação da Câmara | Comissão de Indústria, Comércio e Serviços da Câmara | Comissão de Ciência, Tecnologia e Inovação da Câmara | Comissão de Trabalho da Câmara
br-p-cd-156190;Marcel van Hattem;NOVO;RS;Deputado Federal | Comissão de Relações Exteriores e de Defesa Nacional da Câmara | Comissão Mista de Planos, Orçamentos Públicos e Fiscalização | Comissão Mista de Controle das Atividades de Inteligência | Comissão de Segurança Pública e Combate ao Crime Organizado da Câmara
br-p-cd-160632;Zé Silva;UNIÃO;MG;Deputado Federal | Comissão de Agricultura, Pecuária, Abastecimento e Desenvolvimento Rural da Câmara | Comissão de Meio Ambiente e Desenvolvimento Sustentável da Câmara | Comissão Mista de Planos, Orçamentos Públicos e Fiscalização | Comissão de Comunicação da Câmara
br-p-cd-141459;João Maia;PP;RN;Deputado Federal | Comissão de Integração Nacional e Desenvolvimento Regional da Câmara | Comissão Mista de Planos, Orçamentos Públicos e Fiscalização | Comissão de Agricultura, Pecuária, Abastecimento e Desenvolvimento Rural da Câmara | Comissão de Administração e Serviço Público da Câmara
br-p-cd-220624;Robinson Faria;PP;RN;Deputado Federal | Comissão de Turismo da Câmara | Comissão Mista de Planos, Orçamentos Públicos e Fiscalização
br-p-cd-220571;Daniel Agrobom;PSD;GO;Deputado Federal | Comissão de Agricultura, Pecuária, Abastecimento e Desenvolvimento Rural da Câmara | Comissão de Defesa dos Direitos da Pessoa Idosa da Câmara | Comissão Mista de Planos, Orçamentos Públicos e Fiscalização | Comissão de Indústria, Comércio e Serviços da Câmara | Comissão de Integração Nacional e Desenvolvimento Regional da Câmara
br-p-cd-150418;Márcio Marinho;REPUBLICANOS;BA;Deputado Federal | Comissão de Minas e Energia da Câmara | Comissão de Relações Exteriores e de Defesa Nacional da Câmara | Comissão Mista de Planos, Orçamentos Públicos e Fiscalização | Comissão de Comunicação da Câmara | Comissão de Ciência, Tecnologia e Inovação da Câmara | Comissão de Defesa do Consumidor da Câmara
br-p-cd-220694;Ricardo Maia;MDB;BA;Deputado Federal | Comissão de Segurança Pública e Combate ao Crime Organizado da Câmara | Comissão Mista de Planos, Orçamentos Públicos e Fiscalização | Comissão de Saúde da Câmara
br-p-cd-204419;Glaustin da Fokus;PODE;GO;Deputado Federal | Comissão de Direitos Humanos, Minorias e Igualdade Racial da Câmara | Comissão Mista de Planos, Orçamentos Públicos e Fiscalização
br-p-cd-198197;Greyce Elias;PL;MG;Deputado Federal | Comissão de Minas e Energia da Câmara | Comissão Mista de Planos, Orçamentos Públicos e Fiscalização | Comissão de Educação da Câmara | Comissão de Viação e Transportes da Câmara
br-p-cd-178954;Lucio Mosquini;PL;RO;Deputado Federal | Comissão de Agricultura, Pecuária, Abastecimento e Desenvolvimento Rural da Câmara | Comissão Mista de Planos, Orçamentos Públicos e Fiscalização
br-p-cd-220553;Denise Pessôa;PT;RS;Deputado Federal | Comissão de Cultura da Câmara | Comissão de Viação e Transportes da Câmara | Comissão Mista de Planos, Orçamentos Públicos e Fiscalização | Comissão de Administração e Serviço Público da Câmara | Comissão de Desenvolvimento Urbano da Câmara
br-p-cd-160592;Zeca Dirceu;PT;PR;Deputado Federal | Comissão de Educação da Câmara | Comissão Mista de Planos, Orçamentos Públicos e Fiscalização | Comissão de Relações Exteriores e de Defesa Nacional da Câmara | Comissão de Saúde da Câmara
br-p-cd-178970;João Daniel;PT;SE;Deputado Federal | Comissão de Agricultura, Pecuária, Abastecimento e Desenvolvimento Rural da Câmara | Comissão de Legislação Participativa da Câmara | Comissão Mista de Planos, Orçamentos Públicos e Fiscalização | Comissão de Integração Nacional e Desenvolvimento Regional da Câmara
br-p-cd-220602;Dimas Gadelha;PT;RJ;Deputado Federal | Comissão de Fiscalização Financeira e Controle da Câmara | Comissão de Comunicação da Câmara | Comissão Mista de Planos, Orçamentos Públicos e Fiscalização | Comissão de Saúde da Câmara
br-p-cd-69871;Bacelar;PV;BA;Deputado Federal | Comissão de Turismo da Câmara | Comissão Mista de Planos, Orçamentos Públicos e Fiscalização
br-p-cd-178931;Luciano Ducci;PSB;PR;Deputado Federal | Comissão de Agricultura, Pecuária, Abastecimento e Desenvolvimento Rural da Câmara | Comissão Mista de Planos, Orçamentos Públicos e Fiscalização | Comissão de Saúde da Câmara
br-p-cd-204455;Luiz Lima;NOVO;RJ;Deputado Federal | Comissão do Esporte da Câmara | Comissão Mista de Planos, Orçamentos Públicos e Fiscalização | Comissão de Educação da Câmara
br-p-andre-carlos-alves-de-paula-filho;André Carlos Alves de Paula Filho;;;Ministro de Estado da Agricultura e Pecuária
br-p-antonio-vladimir-moura-lima;Antonio Vladimir Moura Lima;;;Ministro de Estado das Cidades
br-p-luciana-barbosa-de-oliveira-santos;Luciana Barbosa de Oliveira Santos;;;Ministro de Estado da Ciência, Tecnologia e Inovação
br-p-frederico-de-siqueira-filho;Frederico de Siqueira Filho;;;Ministro de Estado das Comunicações
br-p-margareth-menezes-da-purificacao-costa;Margareth Menezes da Purificação Costa;;;Ministro de Estado da Cultura
br-p-jose-mucio-monteiro-filho;José Mucio Monteiro Filho;;;Ministro de Estado da Defesa
br-p-fernanda-machiaveli-morao-de-oliveira;Fernanda Machiaveli Morão de Oliveira;;;Ministro de Estado do Desenvolvimento Agrário e Agricultura Familiar
br-p-jose-wellington-barroso-de-araujo-dias;José Wellington Barroso de Araujo Dias;;;Ministro de Estado do Desenvolvimento e Assistência Social, Família e Combate à Fome
br-p-marcio-fernando-elias-rosa;Márcio Fernando Elias Rosa;;;Ministro de Estado do Desenvolvimento, Indústria, Comércio e Serviços
br-p-janine-mello-dos-santos;Janine Mello dos Santos;;;Ministro de Estado dos Direitos Humanos e da Cidadania
br-p-leonardo-osvaldo-barchini-rosa;Leonardo Osvaldo Barchini Rosa;;;Ministro de Estado da Educação
br-p-paulo-henrique-rodrigues-pereira;Paulo Henrique Rodrigues Pereira;;;Ministro de Estado do Empreendedorismo, da Microempresa e da Empresa de Pequeno Porte
br-p-paulo-henrique-perna-cordeiro;Paulo Henrique Perna Cordeiro;;;Ministro de Estado do Esporte
br-p-dario-carnevalli-durigan;Dario Carnevalli Durigan;;;Ministro de Estado da Fazenda
br-p-esther-dweck;Esther Dweck;;;Ministro de Estado da Gestão e da Inovação em Serviços Públicos
br-p-rachel-barros-de-oliveira;Rachel Barros de Oliveira;;;Ministro de Estado da Igualdade Racial
br-p-antonio-waldez-goes-da-silva;Antônio Waldez Góes da Silva;;;Ministro de Estado da Integração e do Desenvolvimento Regional
br-p-wellington-cesar-lima-e-silva;Wellington César Lima e Silva;;;Ministro de Estado da Justiça e Segurança Pública
br-p-joao-paulo-ribeiro-capobianco;João Paulo Ribeiro Capobianco;;;Ministro de Estado do Meio Ambiente e Mudança do Clima
br-p-alexandre-silveira-de-oliveira;Alexandre Silveira de Oliveira;;;Ministro de Estado de Minas e Energia
br-p-marcia-helena-carvalho-lopes;Márcia Helena Carvalho Lopes;;;Ministro de Estado das Mulheres
br-p-rivetla-edipo-araujo-cruz;Rivetla Edipo Araujo Cruz;;;Ministro de Estado da Pesca e Aquicultura
br-p-bruno-moretti;Bruno Moretti;;;Ministro de Estado do Planejamento e Orçamento
br-p-tome-monteiro-da-franca;Tomé Monteiro da Franca;;;Ministro de Estado de Portos e Aeroportos
br-p-luiz-henrique-eloy-amado;Luiz Henrique Eloy Amado;;;Ministro de Estado dos Povos Indígenas
br-p-wolney-queiroz-maciel;Wolney Queiroz Maciel;;;Ministro de Estado da Previdência Social
br-p-mauro-luiz-iecker-vieira;Mauro Luiz Iecker Vieira;;;Ministro de Estado das Relações Exteriores
br-p-alexandre-rocha-santos-padilha;Alexandre Rocha Santos Padilha;;;Ministro de Estado da Saúde
br-p-luiz-marinho;Luiz Marinho;;;Ministro de Estado do Trabalho e Emprego
br-p-george-santoro;George Santoro;;;Ministro de Estado dos Transportes
br-p-gustavo-costa-feliciano;Gustavo Costa Feliciano;;;Ministro de Estado do Turismo
br-p-vinicius-marques-de-carvalho;Vinícius Marques de Carvalho;;;Ministro de Estado da Controladoria-Geral da União
br-p-miriam-belchior;Miriam Belchior;;;Ministro de Estado Chefe da Casa Civil
br-p-guilherme-castro-boulos;Guilherme Castro Boulos;;;Ministro de Estado Chefe da Secretaria-Geral da Presidência
br-p-jose-nobre-guimaraes;José Nobre Guimarães;;;Ministro de Estado Chefe da Secretaria de Relações Institucionais
br-p-sidonio-palmeira;Sidônio Palmeira;;;Ministro de Estado Chefe da Secretaria de Comunicação Social
br-p-marcos-antonio-amaro-dos-santos;Marcos Antonio Amaro dos Santos;;;Ministro de Estado Chefe do Gabinete de Segurança Institucional
br-p-jorge-rodrigo-araujo-messias;Jorge Rodrigo Araújo Messias;;;Advogado-Geral da União
br-p-dou-carlos-manuel-baigorri;Carlos Manuel Baigorri;;;Conselheiro da Anatel | Presidente da Anatel
br-p-wp-vicente-bandeira-de-aquino-neto;Vicente Bandeira de Aquino Neto;;;Conselheiro da Anatel
br-p-wp-artur-coimbra-de-oliveira;Artur Coimbra de Oliveira;;;Conselheiro da Anatel
br-p-wp-alexandre-reis-siqueira-freire;Alexandre Reis Siqueira Freire;;;Conselheiro da Anatel
br-p-sandoval-de-araujo-feitosa-neto;Sandoval de Araújo Feitosa Neto;;;Diretor-Geral da Aneel
br-p-agnes-maria-de-aragao-da-costa;Agnes Maria de Aragão da Costa;;;Diretor da Aneel
br-p-gentil-nogueira-de-sa-junior;Gentil Nogueira de Sá Júnior;;;Diretor da Aneel
br-p-willamy-moreira-frota;Willamy Moreira Frota;;;Diretor da Aneel
br-p-ludimila-lima-da-silva;Ludimila Lima da Silva;;;Diretor da Aneel
br-p-artur-watt-neto;Artur Watt Neto;;;Diretor-Geral da ANP
br-p-symone-christine-de-santana-araujo;Symone Christine de Santana Araújo;;;Diretor da ANP
br-p-daniel-maia-vieira;Daniel Maia Vieira;;;Diretor da ANP
br-p-fernando-moura-alves;Fernando Moura Alves;;;Diretor da ANP
br-p-pietro-mendes;Pietro Mendes;;;Diretor da ANP
br-p-mauro-henrique-moreira-sousa;Mauro Henrique Moreira Sousa;;;Diretor-Geral da ANM
br-p-caio-mario-trivellato-seabra-filho;Caio Mário Trivellato Seabra Filho;;;Diretor da ANM
br-p-jose-fernando-gomes-junior;José Fernando Gomes Júnior;;;Diretor da ANM
br-p-luiz-paniago-neves;Luiz Paniago Neves;;;Diretor da ANM
br-p-fabio-fernando-borges;Fábio Fernando Borges;;;Diretor da ANM
br-p-leandro-pinheiro-safatle;Leandro Pinheiro Safatle;;;Diretor-Presidente da Anvisa
br-p-daniela-marreco-cerqueira;Daniela Marreco Cerqueira;;;Diretor da Anvisa
br-p-daniel-meirelles-fernandes-pereira;Daniel Meirelles Fernandes Pereira;;;Diretor da Anvisa
br-p-thiago-lopes-cardoso-campos;Thiago Lopes Cardoso Campos;;;Diretor da Anvisa
br-p-wadih-nemer-damous-filho;Wadih Nemer Damous Filho;;;Diretor-Presidente da ANS
br-p-lenise-barcellos-de-mello-secchin;Lenise Barcellos de Mello Secchin;;;Diretor da ANS
br-p-eliane-aparecida-de-castro-medeiros;Eliane Aparecida de Castro Medeiros;;;Diretor da ANS
br-p-carla-de-figueiredo-soares;Carla de Figueiredo Soares;;;Diretor da ANS
br-p-francisco-jose-d-angelo-pinto;Francisco José D'Angelo Pinto;;;Diretor da ANS
br-p-ana-paula-fioreza;Ana Paula Fioreza;;;Diretor-Presidente da ANA
br-p-larissa-oliveira-rego;Larissa Oliveira Rêgo;;;Diretor da ANA
br-p-cristiane-collet-battiston;Cristiane Collet Battiston;;;Diretor da ANA
br-p-leonardo-goes-silva;Leonardo Góes Silva;;;Diretor da ANA
br-p-guilherme-theo-rodrigues-da-rocha-sampaio;Guilherme Theo Rodrigues da Rocha Sampaio;;;Diretor-Geral da ANTT
br-p-lucas-asfor-rocha-lima;Lucas Asfor Rocha Lima;;;Diretor da ANTT
br-p-alex-antonio-de-azevedo-cruz;Alex Antonio de Azevedo Cruz;;;Diretor da ANTT
br-p-felipe-fernandes-queiroz;Felipe Fernandes Queiroz;;;Diretor da ANTT
br-p-marcelo-cardoso-fonseca;Marcelo Cardoso Fonseca;;;Diretor da ANTT
br-p-frederico-carvalho-dias;Frederico Carvalho Dias;;;Diretor-Geral da Antaq
br-p-alexandre-palmieri-florambel;Alexandre Palmieri Florambel;;;Diretor da Antaq
br-p-wilson-pereira-de-lima-filho;Wilson Pereira de Lima Filho;;;Diretor da Antaq
br-p-alber-furtado-de-vasconcelos-neto;Alber Furtado de Vasconcelos Neto;;;Diretor da Antaq
br-p-caio-cesar-farias-leoncio;Caio César Farias Leôncio;;;Diretor da Antaq
br-p-tiago-chagas-faierstein;Tiago Chagas Faierstein;;;Diretor-Presidente da Anac
br-p-rui-chagas-mesquita;Rui Chagas Mesquita;;;Diretor da Anac
br-p-antonio-mathias-nogueira-moreira;Antonio Mathias Nogueira Moreira;;;Diretor da Anac
br-p-roberto-jose-silveira-honorato;Roberto José Silveira Honorato;;;Diretor da Anac
br-p-claudio-beschizza-ianelli;Cláudio Beschizza Ianelli;;;Diretor da Anac
br-p-alex-braga-muniz;Alex Braga Muniz;;;Diretor-Presidente da Ancine
br-p-paulo-xavier-alcoforado;Paulo Xavier Alcoforado;;;Diretor da Ancine
br-p-patricia-barcelos;Patrícia Barcelos;;;Diretor da Ancine
br-p-leandro-de-sousa-mendes;Leandro de Sousa Mendes;;;Diretor da Ancine
br-p-gabriel-galipolo;Gabriel Galípolo;;;Presidente do Banco Central do Brasil
br-p-wp-rodrigo-alves-teixeira;Rodrigo Alves Teixeira;;;Diretor do Banco Central do Brasil
br-p-wp-paulo-picchetti;Paulo Picchetti;;;Diretor do Banco Central do Brasil
br-p-wp-ailton-de-aquino-santos;Ailton de Aquino Santos;;;Diretor do Banco Central do Brasil
br-p-wp-nilton-jos-schneider-david;Nilton José Schneider David;;;Diretor do Banco Central do Brasil
br-p-wp-gilneu-francisco-astolfi-vivan;Gilneu Francisco Astolfi Vivan;;;Diretor do Banco Central do Brasil
br-p-wp-izabela-moreira-correa;Izabela Moreira Correa;;;Diretor do Banco Central do Brasil
br-p-otto-eduardo-fonseca-de-albuquerque-lobo;Otto Eduardo Fonseca de Albuquerque Lobo;;;Presidente da CVM
br-p-joao-carlos-de-andrade-uzeda-accioly;João Carlos de Andrade Uzeda Accioly;;;Diretor da CVM
br-p-marina-palma-copola;Marina Palma Copola;;;Diretor da CVM
br-p-igor-muniz;Igor Muniz;;;Diretor da CVM
br-p-diogo-thomson-de-andrade;Diogo Thomson de Andrade;;;Presidente do Cade | Conselheiro do Tribunal do Cade
br-p-carlos-jacques-vieira-gomes;Carlos Jacques Vieira Gomes;;;Conselheiro do Tribunal do Cade
br-p-camila-cabral-pires-alves;Camila Cabral Pires Alves;;;Conselheiro do Tribunal do Cade
br-p-jose-levi-mello-do-amaral-junior;José Levi Mello do Amaral Júnior;;;Conselheiro do Tribunal do Cade
br-p-waldemar-goncalves-ortunho-junior;Waldemar Gonçalves Ortunho Junior;;;Diretor-Presidente da ANPD
br-p-lorena-giuberti-coutinho;Lorena Giuberti Coutinho;;;Diretor da ANPD
br-p-dou-alessandro-serafin-octaviani-luis;Alessandro Serafin Octaviani Luis;;;Superintendente da Susep
br-p-dou-ana-cristina-viana-silveira;Ana Cristina Viana Silveira;;;Presidente do INSS
br-p-dou-jair-schmitt;Jair Schmitt;;;Presidente do Ibama
br-p-dou-mauro-oliveira-pires;Mauro Oliveira Pires;;;Presidente do ICMBio
br-p-dou-lucia-alberta-andrade-bare;Lucia Alberta Andrade Baré;;;Presidente da Funai
br-p-dou-cesar-fernando-schiavon-aldrighi;César Fernando Schiavon Aldrighi;;;Presidente do Incra
br-p-dou-manuel-fernando-palacios-da-cunha-e-melo;Manuel Fernando Palacios da Cunha e Melo;;;Presidente do Inep
br-p-dou-fernanda-mara-de-oliveira-macedo-carneiro-pacobahyba;Fernanda Mara de Oliveira Macedo Carneiro Pacobahyba;;;Presidente do FNDE
br-p-denise-pires-de-carvalho;Denise Pires de Carvalho;;;Presidente da Capes
br-p-dou-olival-freire-junior;Olival Freire Júnior;;;Presidente do CNPq
br-p-marcio-pochmann;Marcio Pochmann;;;Presidente do IBGE
br-p-dou-luciana-mendes-santos-servo;Luciana Mendes Santos Servo;;;Presidente do Ipea
br-p-wp-betania-lemos;Betânia Lemos;;;Presidente da Enap
br-p-dou-deyvesson-gusmao;Deyvesson Gusmão;;;Presidente do Iphan
br-p-dou-leonardo-lessa;Leonardo Lessa;;;Presidente da Funarte
br-p-dou-marco-americo-lucchesi;Marco Americo Lucchesi;;;Presidente da Fundação Biblioteca Nacional
br-p-dou-joao-jorge-santos-rodrigues;João Jorge Santos Rodrigues;;;Presidente da Fundação Cultural Palmares
br-p-lenildo-dias-de-moraes;Lenildo Dias de Moraes;;;Presidente da Funasa
br-p-dou-fernando-marcondes-de-araujo-leao;Fernando Marcondes de Araújo Leão;;;Diretor-Geral do DNOCS
br-p-dou-fabricio-de-oliveira-galvao;Fabricio de Oliveira Galvão;;;Diretor-Geral do DNIT
br-p-dou-julio-cesar-castelo-branco-reis-moreira;Julio Cesar Castelo Branco Reis Moreira;;;Presidente do INPI
br-p-dou-marcio-andre-oliveira-brito;Marcio Andre Oliveira Brito;;;Presidente do Inmetro
br-p-ricardo-pena-pinheiro;Ricardo Pena Pinheiro;;;Diretor-Superintendente da Previc
br-p-dou-marco-antonio-chamon;Marco Antonio Chamon;;;Presidente da AEB
br-p-dou-francisco-rondinelli-junior;Francisco Rondinelli Júnior;;;Presidente da CNEN
br-p-dou-enylson-flavio-martinez-camolesi;Enylson Flávio Martinez Camolesi;;;Diretor-Presidente do ITI
br-p-jose-raphael-lopes-mendes-de-azeredo;José Raphael Lopes Mendes de Azeredo;;;Presidente da Funag
br-p-francisco-ferreira-alexandre;Francisco Ferreira Alexandre;;;Superintendente da Sudene
br-p-paulo-rocha;Paulo Rocha;;;Superintendente da Sudam
br-p-luciana-de-sousa-barros;Luciana de Sousa Barros;;;Superintendente da Sudeco
br-p-dou-mario-santos-moreira;Mario Santos Moreira;;;Presidente da Fiocruz
br-p-wp-magda-maria-de-regina-chambriard;Magda Maria de Regina Chambriard;;;Presidente da Petrobras
br-p-wp-tarciana-medeiros;Tarciana Medeiros;;;Presidente do Banco do Brasil
br-p-dou-carlos-antonio-vieira-fernandes;Carlos Antônio Vieira Fernandes;;;Presidente da Caixa
br-p-wp-aloizio-mercadante;Aloizio Mercadante;;;Presidente do BNDES
br-p-wp-emmanoel-schmidt-rondon;Emmanoel Schmidt Rondon;;;Presidente dos Correios
br-p-wp-antonia-pellegrino;Antonia Pellegrino;;;Diretor-Presidente da EBC
br-p-wp-silvia-massruha;Silvia Massruhá;;;Presidente da Embrapa
br-p-wp-edegar-pretto;Edegar Pretto;;;Presidente da Conab
br-p-dou-wilton-itaiguara-goncalves-mota;Wilton Itaiguara Gonçalves Mota;;;Diretor-Presidente do Serpro
br-p-wp-rodrigo-assumpcao;Rodrigo Assumpção;;;Presidente da Dataprev
br-p-wp-marcelo-andrade-moreira-pinto;Marcelo Andrade Moreira Pinto;;;Presidente da Codevasf
br-p-wp-rogerio-amado-barzellay;Rogério Amado Barzellay;;;Presidente da Infraero
br-p-wp-andre-leandro-magalhaes;André Leandro Magalhães;;;Presidente da Telebras
br-p-dou-thiago-guilherme-ferreira-prado;Thiago Guilherme Ferreira Prado;;;Presidente da EPE
br-p-luiz-antonio-rodrigues-elias;Luiz Antonio Rodrigues Elias;;;Presidente da Finep
br-p-ademar-arthur-chioro-dos-reis;Ademar Arthur Chioro dos Reis;;;Presidente da Ebserh
br-p-sergio-perini-rodrigues;Sérgio Perini Rodrigues;;;Presidente da Casa da Moeda
br-p-robinson-sakiyama-barreirinhas;Robinson Sakiyama Barreirinhas;;;Secretário Especial da Receita Federal do Brasil
br-p-dou-daniel-cardoso-leal;Daniel Cardoso Leal;;;Secretário do Tesouro Nacional
br-p-andrei-augusto-passos-rodrigues;Andrei Augusto Passos Rodrigues;;;Diretor-Geral da Polícia Federal
br-p-antonio-fernando-souza-oliveira;Antônio Fernando Souza Oliveira;;;Diretor-Geral da Polícia Rodoviária Federal
br-p-luiz-fernando-correa;Luiz Fernando Corrêa;;;Diretor-Geral da Abin
br-p-marcos-sampaio-olsen;Marcos Sampaio Olsen;;;Comandante da Marinha
br-p-tomas-miguel-mine-ribeiro-paiva;Tomás Miguel Miné Ribeiro Paiva;;;Comandante do Exército
br-p-marcelo-kanitz-damasceno;Marcelo Kanitz Damasceno;;;Comandante da Aeronáutica
br-p-cd-221328;Adilson Barroso;PL;SP;Deputado Federal | Comissão de Agricultura, Pecuária, Abastecimento e Desenvolvimento Rural da Câmara | Comissão de Relações Exteriores e de Defesa Nacional da Câmara
br-p-cd-204560;Adolfo Viana;PSDB;BA;Deputado Federal
br-p-cd-204528;Adriana Ventura;NOVO;SP;Deputado Federal | Comissão de Saúde da Câmara | Comissão de Desenvolvimento Econômico da Câmara | Comissão de Educação da Câmara | Comissão de Fiscalização Financeira e Controle da Câmara | Comissão de Indústria, Comércio e Serviços da Câmara
br-p-cd-121948;Adriano do Baldy;PP;GO;Deputado Federal | Comissão de Desenvolvimento Urbano da Câmara | Comissão de Agricultura, Pecuária, Abastecimento e Desenvolvimento Rural da Câmara | Comissão de Minas e Energia da Câmara
br-p-cd-160508;Afonso Florence;PT;BA;Deputado Federal
br-p-cd-136811;Afonso Hamm;PP;RS;Deputado Federal | Comissão de Agricultura, Pecuária, Abastecimento e Desenvolvimento Rural da Câmara | Comissão de Ciência, Tecnologia e Inovação da Câmara | Comissão do Esporte da Câmara | Comissão de Saúde da Câmara | Comissão de Viação e Transportes da Câmara
br-p-cd-204495;Airton Faleiro;PT;PA;Deputado Federal | Comissão da Amazônia e dos Povos Originários e Tradicionais da Câmara | Comissão de Minas e Energia da Câmara | Comissão de Agricultura, Pecuária, Abastecimento e Desenvolvimento Rural da Câmara | Comissão do Esporte da Câmara | Comissão de Trabalho da Câmara
br-p-cd-73579;Alberto Fraga;PL;DF;Deputado Federal | Comissão de Segurança Pública e Combate ao Crime Organizado da Câmara | Comissão de Agricultura, Pecuária, Abastecimento e Desenvolvimento Rural da Câmara | Comissão de Defesa do Consumidor da Câmara
br-p-cd-220538;Albuquerque;REPUBLICANOS;RR;Deputado Federal | Comissão de Agricultura, Pecuária, Abastecimento e Desenvolvimento Rural da Câmara | Comissão de Relações Exteriores e de Defesa Nacional da Câmara | Comissão de Segurança Pública e Combate ao Crime Organizado da Câmara
br-p-cd-220542;Alexandre Guimarães;MDB;TO;Deputado Federal | Comissão de Agricultura, Pecuária, Abastecimento e Desenvolvimento Rural da Câmara
br-p-cd-160545;Alexandre Leite;UNIÃO;SP;Deputado Federal | Comissão do Esporte da Câmara | Comissão de Segurança Pública e Combate ao Crime Organizado da Câmara
br-p-cd-220554;Alexandre Lindenmeyer;PT;RS;Deputado Federal | Comissão de Fiscalização Financeira e Controle da Câmara | Comissão de Administração e Serviço Público da Câmara | Comissão de Comunicação da Câmara | Comissão de Defesa dos Direitos da Pessoa Idosa da Câmara | Comissão de Segurança Pública e Combate ao Crime Organizado da Câmara | Comissão de Indústria, Comércio e Serviços da Câmara | Comissão da Amazônia e dos Povos Originários e Tradicionais da Câmara | Comissão de Relações Exteriores e de Defesa Nacional da Câmara | Comissão de Trabalho da Câmara | Comissão de Turismo da Câmara | Comissão de Viação e Transportes da Câmara
br-p-cd-221148;Alfredinho;PT;SP;Deputado Federal | Comissão de Cultura da Câmara | Comissão da Amazônia e dos Povos Originários e Tradicionais da Câmara | Comissão de Trabalho da Câmara
br-p-cd-178927;Aliel Machado;PV;PR;Deputado Federal | Comissão de Indústria, Comércio e Serviços da Câmara
br-p-cd-204353;Aline Gurgel;UNIÃO;AP;Deputado Federal
br-p-cd-220707;Amanda Gentil;PP;MA;Deputado Federal | Comissão de Defesa dos Direitos da Mulher da Câmara | Comissão de Previdência, Assistência Social, Infância, Adolescência e Família da Câmara | Comissão de Ciência, Tecnologia e Inovação da Câmara
br-p-cd-204356;Amaro Neto;PP;ES;Deputado Federal | Comissão de Comunicação da Câmara | Comissão de Ciência, Tecnologia e Inovação da Câmara
br-p-cd-220715;Amom Mandel;REPUBLICANOS;AM;Deputado Federal | Comissão de Integração Nacional e Desenvolvimento Regional da Câmara | Comissão de Ciência, Tecnologia e Inovação da Câmara | Comissão de Meio Ambiente e Desenvolvimento Sustentável da Câmara | Comissão de Defesa dos Direitos das Pessoas com Deficiência da Câmara | Comissão de Saúde da Câmara
br-p-cd-107970;Ana Paula Leão;PP;MG;Deputado Federal | Comissão de Turismo da Câmara | Comissão de Agricultura, Pecuária, Abastecimento e Desenvolvimento Rural da Câmara | Comissão de Defesa dos Direitos da Mulher da Câmara
br-p-cd-178831;André Abdon;PP;AP;Deputado Federal | Comissão de Agricultura, Pecuária, Abastecimento e Desenvolvimento Rural da Câmara | Comissão de Minas e Energia da Câmara
br-p-cd-220657;André Fernandes;PL;CE;Deputado Federal | Comissão de Segurança Pública e Combate ao Crime Organizado da Câmara
br-p-cd-204423;André Ferreira;PL;PE;Deputado Federal | Comissão de Saúde da Câmara
br-p-cd-133439;André Figueiredo;PDT;CE;Deputado Federal | Comissão de Comunicação da Câmara | Comissão do Esporte da Câmara | Comissão de Trabalho da Câmara | Comissão de Administração e Serviço Público da Câmara | Comissão de Ciência, Tecnologia e Inovação da Câmara | Comissão de Turismo da Câmara
br-p-cd-178882;André Fufuca;PP;MA;Deputado Federal | Comissão do Esporte da Câmara
br-p-cd-204515;André Janones;REDE;MG;Deputado Federal | Comissão de Trabalho da Câmara
br-p-cd-220676;Andreia Siqueira;PSB;PA;Deputado Federal | Comissão de Previdência, Assistência Social, Infância, Adolescência e Família da Câmara | Comissão de Defesa dos Direitos das Pessoas com Deficiência da Câmara
br-p-cd-123756;Antônia Lúcia;MDB;AC;Deputado Federal | Comissão de Desenvolvimento Econômico da Câmara | Comissão de Educação da Câmara | Comissão de Segurança Pública e Combate ao Crime Organizado da Câmara
br-p-cd-220544;Antonio Andrade;PSDB;TO;Deputado Federal | Comissão de Saúde da Câmara
br-p-cd-160553;Antonio Brito;PSD;BA;Deputado Federal
br-p-cd-220638;Antonio Carlos Rodrigues;PODE;SP;Deputado Federal | Comissão de Fiscalização Financeira e Controle da Câmara | Comissão de Viação e Transportes da Câmara
br-p-cd-220675;Antônio Doido;MDB;PA;Deputado Federal | Comissão de Desenvolvimento Urbano da Câmara
br-p-cd-220549;Any Ortiz;PP;RS;Deputado Federal | Comissão de Comunicação da Câmara | Comissão de Indústria, Comércio e Serviços da Câmara | Comissão de Desenvolvimento Econômico da Câmara | Comissão de Defesa dos Direitos da Mulher da Câmara
br-p-cd-73433;Arlindo Chinaglia;PT;SP;Deputado Federal | Comissão de Relações Exteriores e de Defesa Nacional da Câmara | Comissão de Desenvolvimento Econômico da Câmara | Comissão de Saúde da Câmara
br-p-cd-141391;Arnaldo Jardim;CIDADANIA;SP;Deputado Federal | Comissão de Desenvolvimento Econômico da Câmara | Comissão de Minas e Energia da Câmara | Comissão de Ciência, Tecnologia e Inovação da Câmara | Comissão de Desenvolvimento Urbano da Câmara
br-p-cd-160541;Arthur Lira;PP;AL;Deputado Federal
br-p-cd-160665;Augusto Coutinho;REPUBLICANOS;PE;Deputado Federal | Comissão de Indústria, Comércio e Serviços da Câmara | Comissão de Desenvolvimento Econômico da Câmara | Comissão de Minas e Energia da Câmara
br-p-cd-178975;Baleia Rossi;MDB;SP;Deputado Federal | Comissão de Relações Exteriores e de Defesa Nacional da Câmara
br-p-cd-220605;Bandeira de Mello;PV;RJ;Deputado Federal | Comissão do Esporte da Câmara | Comissão de Minas e Energia da Câmara
br-p-cd-220612;Bebeto;PP;RJ;Deputado Federal | Comissão de Viação e Transportes da Câmara | Comissão de Ciência, Tecnologia e Inovação da Câmara | Comissão de Minas e Energia da Câmara
br-p-cd-73701;Benedita da Silva;PT;RJ;Deputado Federal | Comissão de Cultura da Câmara | Comissão de Previdência, Assistência Social, Infância, Adolescência e Família da Câmara | Comissão de Defesa dos Direitos da Mulher da Câmara
br-p-cd-109429;Benes Leocádio;UNIÃO;RN;Deputado Federal | Comissão de Educação da Câmara | Comissão de Integração Nacional e Desenvolvimento Regional da Câmara | Comissão de Agricultura, Pecuária, Abastecimento e Desenvolvimento Rural da Câmara
br-p-cd-204358;Beto Pereira;REPUBLICANOS;MS;Deputado Federal | Comissão de Minas e Energia da Câmara | Comissão do Esporte da Câmara
br-p-cd-220698;Beto Preto;PSD;PR;Deputado Federal | Comissão de Saúde da Câmara | Comissão de Viação e Transportes da Câmara
br-p-cd-204388;Bibo Nunes;PL;RS;Deputado Federal | Comissão de Turismo da Câmara | Comissão de Ciência, Tecnologia e Inovação da Câmara | Comissão de Comunicação da Câmara
br-p-cd-160538;Bohn Gass;PT;RS;Deputado Federal | Comissão de Trabalho da Câmara | Comissão de Agricultura, Pecuária, Abastecimento e Desenvolvimento Rural da Câmara | Comissão de Meio Ambiente e Desenvolvimento Sustentável da Câmara
br-p-cd-210989;Bruno Farias;REPUBLICANOS;MG;Deputado Federal | Comissão de Administração e Serviço Público da Câmara | Comissão de Saúde da Câmara
br-p-cd-220635;Bruno Ganem;PODE;SP;Deputado Federal | Comissão de Previdência, Assistência Social, Infância, Adolescência e Família da Câmara | Comissão de Meio Ambiente e Desenvolvimento Sustentável da Câmara
br-p-cd-213762;Carla Dickson;PL;RN;Deputado Federal | Comissão de Turismo da Câmara | Comissão de Defesa dos Direitos da Mulher da Câmara | Comissão de Saúde da Câmara | Comissão de Relações Exteriores e de Defesa Nacional da Câmara
br-p-cd-204361;Carlos Chiodini;MDB;SC;Deputado Federal | Comissão de Ciência, Tecnologia e Inovação da Câmara
br-p-cd-178993;Carlos Henrique Gaguim;UNIÃO;TO;Deputado Federal | Comissão de Integração Nacional e Desenvolvimento Regional da Câmara | Comissão de Saúde da Câmara | Comissão de Turismo da Câmara | Comissão de Ciência, Tecnologia e Inovação da Câmara | Comissão de Defesa do Consumidor da Câmara | Comissão de Meio Ambiente e Desenvolvimento Sustentável da Câmara
br-p-cd-141398;Carlos Zarattini;PT;SP;Deputado Federal | Comissão de Relações Exteriores e de Defesa Nacional da Câmara | Comissão de Minas e Energia da Câmara
br-p-cd-220704;Carol Dartora;PT;PR;Deputado Federal | Comissão de Cultura da Câmara | Comissão de Educação da Câmara | Comissão de Defesa dos Direitos da Mulher da Câmara | Comissão de Segurança Pública e Combate ao Crime Organizado da Câmara
br-p-cd-220699;Castro Neto;MDB;PI;Deputado Federal | Comissão de Indústria, Comércio e Serviços da Câmara | Comissão de Defesa dos Direitos da Pessoa Idosa da Câmara | Comissão de Cultura da Câmara | Comissão de Previdência, Assistência Social, Infância, Adolescência e Família da Câmara
br-p-cd-206018;Célia Xakriabá;PSOL;MG;Deputado Federal | Comissão de Cultura da Câmara | Comissão de Direitos Humanos, Minorias e Igualdade Racial da Câmara | Comissão de Defesa dos Direitos da Mulher da Câmara | Comissão da Amazônia e dos Povos Originários e Tradicionais da Câmara | Comissão de Meio Ambiente e Desenvolvimento Sustentável da Câmara
br-p-cd-178876;Célio Silveira;MDB;GO;Deputado Federal | Comissão de Relações Exteriores e de Defesa Nacional da Câmara | Comissão de Saúde da Câmara
br-p-cd-204488;Célio Studart;PSD;CE;Deputado Federal | Comissão de Meio Ambiente e Desenvolvimento Sustentável da Câmara
br-p-cd-73441;Celso Russomanno;REPUBLICANOS;SP;Deputado Federal | Comissão de Defesa do Consumidor da Câmara | Comissão de Relações Exteriores e de Defesa Nacional da Câmara
br-p-cd-204496;Celso Sabino;PDT;PA;Deputado Federal
br-p-cd-204504;Cezinha de Madureira;PL;SP;Deputado Federal | Comissão de Comunicação da Câmara | Comissão de Viação e Transportes da Câmara
br-p-cd-205476;Charles Fernandes;PSD;BA;Deputado Federal | Comissão de Defesa do Consumidor da Câmara
br-p-cd-74171;Chico Alencar;PSOL;RJ;Deputado Federal | Comissão da Amazônia e dos Povos Originários e Tradicionais da Câmara | Comissão de Meio Ambiente e Desenvolvimento Sustentável da Câmara
br-p-cd-220665;Clarissa Tércio;PP;PE;Deputado Federal | Comissão de Direitos Humanos, Minorias e Igualdade Racial da Câmara | Comissão de Defesa dos Direitos da Mulher da Câmara | Comissão de Previdência, Assistência Social, Infância, Adolescência e Família da Câmara | Comissão de Defesa dos Direitos das Pessoas com Deficiência da Câmara
br-p-cd-74537;Claudio Cajado;PP;BA;Deputado Federal | Comissão de Viação e Transportes da Câmara | Comissão de Relações Exteriores e de Defesa Nacional da Câmara | Comissão de Agricultura, Pecuária, Abastecimento e Desenvolvimento Rural da Câmara
br-p-cd-88256;Clodoaldo Magalhães;PV;PE;Deputado Federal | Comissão de Defesa do Consumidor da Câmara | Comissão de Saúde da Câmara
br-p-cd-98148;Cobalchini;MDB;SC;Deputado Federal | Comissão de Meio Ambiente e Desenvolvimento Sustentável da Câmara
br-p-cd-204378;Coronel Chrisóstomo;PL;RO;Deputado Federal | Comissão de Minas e Energia da Câmara | Comissão da Amazônia e dos Povos Originários e Tradicionais da Câmara | Comissão de Agricultura, Pecuária, Abastecimento e Desenvolvimento Rural da Câmara | Comissão de Integração Nacional e Desenvolvimento Regional da Câmara | Comissão de Meio Ambiente e Desenvolvimento Sustentável da Câmara
br-p-cd-220666;Coronel Meira;PL;PE;Deputado Federal | Comissão de Segurança Pública e Combate ao Crime Organizado da Câmara | Comissão de Agricultura, Pecuária, Abastecimento e Desenvolvimento Rural da Câmara | Comissão de Ciência, Tecnologia e Inovação da Câmara | Comissão de Minas e Energia da Câmara
br-p-cd-220608;Cristiane Lopes;PODE;RO;Deputado Federal | Comissão de Agricultura, Pecuária, Abastecimento e Desenvolvimento Rural da Câmara | Comissão de Previdência, Assistência Social, Infância, Adolescência e Família da Câmara | Comissão de Viação e Transportes da Câmara
br-p-cd-141411;Dagoberto Nogueira;PP;MS;Deputado Federal | Comissão de Educação da Câmara | Comissão de Agricultura, Pecuária, Abastecimento e Desenvolvimento Rural da Câmara | Comissão de Minas e Energia da Câmara
br-p-cd-220692;Dal Barreto;UNIÃO;BA;Deputado Federal | Comissão de Minas e Energia da Câmara | Comissão de Viação e Transportes da Câmara
br-p-cd-74467;Damião Feliciano;UNIÃO;PB;Deputado Federal | Comissão de Educação da Câmara | Comissão de Turismo da Câmara
br-p-cd-220629;Dandara;PT;MG;Deputado Federal | Comissão de Educação da Câmara | Comissão da Amazônia e dos Povos Originários e Tradicionais da Câmara | Comissão de Fiscalização Financeira e Controle da Câmara
br-p-cd-74060;Daniel Almeida;PCdoB;BA;Deputado Federal | Comissão de Defesa do Consumidor da Câmara | Comissão de Trabalho da Câmara | Comissão de Turismo da Câmara
br-p-cd-220582;Daniel Barbosa;PP;AL;Deputado Federal | Comissão de Educação da Câmara | Comissão de Saúde da Câmara
br-p-cd-204409;Daniel Trzeciak;PSDB;RS;Deputado Federal | Comissão do Esporte da Câmara | Comissão de Fiscalização Financeira e Controle da Câmara | Comissão de Defesa dos Direitos das Pessoas com Deficiência da Câmara | Comissão de Turismo da Câmara
br-p-cd-204459;Daniela do Waguinho;REPUBLICANOS;RJ;Deputado Federal | Comissão de Defesa dos Direitos da Pessoa Idosa da Câmara | Comissão de Agricultura, Pecuária, Abastecimento e Desenvolvimento Rural da Câmara | Comissão de Previdência, Assistência Social, Infância, Adolescência e Família da Câmara
br-p-cd-220557;Daniela Reinehr;PL;SC;Deputado Federal | Comissão de Turismo da Câmara | Comissão de Integração Nacional e Desenvolvimento Regional da Câmara | Comissão de Defesa dos Direitos das Pessoas com Deficiência da Câmara | Comissão de Agricultura, Pecuária, Abastecimento e Desenvolvimento Rural da Câmara | Comissão de Relações Exteriores e de Defesa Nacional da Câmara
br-p-cd-160552;Danrlei de Deus Hinterholz;PSD;RS;Deputado Federal | Comissão do Esporte da Câmara | Comissão de Viação e Transportes da Câmara
br-p-cd-204511;David Soares;PODE;SP;Deputado Federal | Comissão de Ciência, Tecnologia e Inovação da Câmara | Comissão de Comunicação da Câmara
br-p-cd-220565;Delegada Adriana Accorsi;PT;GO;Deputado Federal | Comissão de Defesa dos Direitos da Mulher da Câmara | Comissão de Segurança Pública e Combate ao Crime Organizado da Câmara
br-p-cd-220625;Delegada Ione;PL;MG;Deputado Federal | Comissão de Administração e Serviço Público da Câmara | Comissão de Segurança Pública e Combate ao Crime Organizado da Câmara | Comissão de Defesa dos Direitos da Mulher da Câmara
br-p-cd-220642;Delegado Bruno Lima;PODE;SP;Deputado Federal | Comissão de Legislação Participativa da Câmara | Comissão de Relações Exteriores e de Defesa Nacional da Câmara | Comissão de Defesa dos Direitos da Mulher da Câmara | Comissão de Segurança Pública e Combate ao Crime Organizado da Câmara
br-p-cd-220673;Delegado Caveira;PL;PA;Deputado Federal | Comissão de Segurança Pública e Combate ao Crime Organizado da Câmara | Comissão de Saúde da Câmara
br-p-cd-220701;Delegado Matheus Laiola;UNIÃO;PR;Deputado Federal | Comissão de Meio Ambiente e Desenvolvimento Sustentável da Câmara | Comissão de Legislação Participativa da Câmara | Comissão de Segurança Pública e Combate ao Crime Organizado da Câmara
br-p-cd-220652;Delegado Palumbo;PODE;SP;Deputado Federal | Comissão de Segurança Pública e Combate ao Crime Organizado da Câmara
br-p-cd-220689;Detinha;PL;MA;Deputado Federal | Comissão de Previdência, Assistência Social, Infância, Adolescência e Família da Câmara
br-p-cd-160588;Diego Andrade;PSD;MG;Deputado Federal | Comissão de Viação e Transportes da Câmara | Comissão de Minas e Energia da Câmara
br-p-cd-220671;Dilvanda Faro;PT;PA;Deputado Federal | Comissão de Agricultura, Pecuária, Abastecimento e Desenvolvimento Rural da Câmara | Comissão de Meio Ambiente e Desenvolvimento Sustentável da Câmara | Comissão de Defesa dos Direitos da Mulher da Câmara | Comissão da Amazônia e dos Povos Originários e Tradicionais da Câmara
br-p-cd-160599;Dimas Fabiano;PP;MG;Deputado Federal | Comissão de Segurança Pública e Combate ao Crime Organizado da Câmara
br-p-cd-204450;Doutor Luizinho;PP;RJ;Deputado Federal
br-p-cd-227991;Dr Flávio;PL;RJ;Deputado Federal | Comissão de Agricultura, Pecuária, Abastecimento e Desenvolvimento Rural da Câmara | Comissão de Ciência, Tecnologia e Inovação da Câmara | Comissão de Saúde da Câmara
br-p-cd-220614;Dr. Daniel Soranz;PSD;RJ;Deputado Federal | Comissão de Fiscalização Financeira e Controle da Câmara | Comissão de Saúde da Câmara
br-p-cd-220610;Dr. Fernando Máximo;PL;RO;Deputado Federal | Comissão de Saúde da Câmara
br-p-cd-220688;Dr. Francisco;PT;PI;Deputado Federal | Comissão de Defesa dos Direitos das Pessoas com Deficiência da Câmara | Comissão de Saúde da Câmara | Comissão de Minas e Energia da Câmara
br-p-cd-204518;Dr. Frederico;PL;MG;Deputado Federal | Comissão de Legislação Participativa da Câmara | Comissão de Saúde da Câmara
br-p-cd-220570;Dr. Ismael Alexandrino;PSD;GO;Deputado Federal | Comissão de Saúde da Câmara | Comissão de Segurança Pública e Combate ao Crime Organizado da Câmara
br-p-cd-204351;Dr. Luiz Ovando;PP;MS;Deputado Federal | Comissão do Esporte da Câmara | Comissão de Saúde da Câmara | Comissão de Agricultura, Pecuária, Abastecimento e Desenvolvimento Rural da Câmara | Comissão de Direitos Humanos, Minorias e Igualdade Racial da Câmara | Comissão de Turismo da Câmara
br-p-cd-220528;Dr. Victor Linhalis;PSB;ES;Deputado Federal
br-p-cd-204412;Dr. Zacharias Calil;MDB;GO;Deputado Federal | Comissão de Saúde da Câmara | Comissão de Ciência, Tecnologia e Inovação da Câmara
br-p-cd-220674;Dra. Alessandra Haber;PODE;PA;Deputado Federal | Comissão de Saúde da Câmara | Comissão de Defesa dos Direitos das Pessoas com Deficiência da Câmara
br-p-cd-220540;Duda Ramos;PODE;RR;Deputado Federal | Comissão de Educação da Câmara | Comissão de Defesa dos Direitos da Pessoa Idosa da Câmara | Comissão de Meio Ambiente e Desenvolvimento Sustentável da Câmara | Comissão de Agricultura, Pecuária, Abastecimento e Desenvolvimento Rural da Câmara | Comissão de Ciência, Tecnologia e Inovação da Câmara | Comissão de Desenvolvimento Urbano da Câmara | Comissão de Indústria, Comércio e Serviços da Câmara | Comissão de Saúde da Câmara | Comissão de Trabalho da Câmara
br-p-cd-220623;Duda Salabert;PSOL;MG;Deputado Federal | Comissão de Meio Ambiente e Desenvolvimento Sustentável da Câmara | Comissão de Cultura da Câmara | Comissão de Direitos Humanos, Minorias e Igualdade Racial da Câmara | Comissão de Educação da Câmara | Comissão de Segurança Pública e Combate ao Crime Organizado da Câmara
br-p-cd-220589;Eduardo Velloso;SOLIDARIEDADE;AC;Deputado Federal | Comissão de Saúde da Câmara
br-p-cd-204364;Eli Borges;REPUBLICANOS;TO;Deputado Federal | Comissão de Agricultura, Pecuária, Abastecimento e Desenvolvimento Rural da Câmara | Comissão de Desenvolvimento Urbano da Câmara
br-p-cd-161550;Emidinho Madeira;PL;MG;Deputado Federal | Comissão de Agricultura, Pecuária, Abastecimento e Desenvolvimento Rural da Câmara | Comissão de Saúde da Câmara
br-p-cd-230765;Enfermeira Rejane;PCdoB;RJ;Deputado Federal | Comissão de Defesa dos Direitos da Mulher da Câmara | Comissão de Saúde da Câmara
br-p-cd-220663;Eriberto Medeiros;PSB;PE;Deputado Federal | Comissão de Defesa dos Direitos da Pessoa Idosa da Câmara | Comissão de Segurança Pública e Combate ao Crime Organizado da Câmara | Comissão de Desenvolvimento Econômico da Câmara
br-p-cd-220645;Erika Hilton;PSOL;SP;Deputado Federal | Comissão de Defesa dos Direitos da Mulher da Câmara | Comissão de Direitos Humanos, Minorias e Igualdade Racial da Câmara | Comissão de Defesa do Consumidor da Câmara | Comissão de Trabalho da Câmara
br-p-cd-160640;Eros Biondini;PL;MG;Deputado Federal | Comissão de Relações Exteriores e de Defesa Nacional da Câmara | Comissão de Ciência, Tecnologia e Inovação da Câmara
br-p-cd-204482;Euclydes Pettersen;REPUBLICANOS;MG;Deputado Federal
br-p-cd-178871;Evair Vieira de Melo;REPUBLICANOS;ES;Deputado Federal | Comissão de Relações Exteriores e de Defesa Nacional da Câmara | Comissão de Agricultura, Pecuária, Abastecimento e Desenvolvimento Rural da Câmara | Comissão de Fiscalização Financeira e Controle da Câmara | Comissão de Minas e Energia da Câmara | Comissão de Segurança Pública e Combate ao Crime Organizado da Câmara
br-p-cd-220681;Fábio Macedo;PODE;MA;Deputado Federal
br-p-cd-171623;Fabio Reis;PSD;SE;Deputado Federal | Comissão de Ciência, Tecnologia e Inovação da Câmara | Comissão do Esporte da Câmara | Comissão de Turismo da Câmara
br-p-cd-204368;Fabio Schiochet;UNIÃO;SC;Deputado Federal
br-p-cd-220646;Felipe Becari;PODE;SP;Deputado Federal | Comissão de Defesa dos Direitos das Pessoas com Deficiência da Câmara
br-p-cd-204407;Fernanda Melchionna;PSOL;RS;Deputado Federal | Comissão de Educação da Câmara | Comissão de Legislação Participativa da Câmara | Comissão de Defesa dos Direitos da Mulher da Câmara | Comissão de Administração e Serviço Público da Câmara
br-p-cd-220656;Fernanda Pessoa;PSD;CE;Deputado Federal | Comissão de Administração e Serviço Público da Câmara | Comissão de Saúde da Câmara
br-p-cd-141431;Fernando Coelho Filho;UNIÃO;PE;Deputado Federal | Comissão de Minas e Energia da Câmara | Comissão de Agricultura, Pecuária, Abastecimento e Desenvolvimento Rural da Câmara | Comissão de Comunicação da Câmara
br-p-cd-204445;Fernando Mineiro;PT;RN;Deputado Federal | Comissão de Educação da Câmara | Comissão de Meio Ambiente e Desenvolvimento Sustentável da Câmara
br-p-cd-204411;Filipe Barros;PL;PR;Deputado Federal | Comissão de Relações Exteriores e de Defesa Nacional da Câmara
br-p-cd-220545;Filipe Martins;PL;TO;Deputado Federal | Comissão de Previdência, Assistência Social, Infância, Adolescência e Família da Câmara | Comissão de Saúde da Câmara
br-p-cd-160598;Flávia Morais;MDB;GO;Deputado Federal | Comissão de Saúde da Câmara | Comissão do Esporte da Câmara | Comissão de Defesa dos Direitos da Pessoa Idosa da Câmara | Comissão de Defesa dos Direitos da Mulher da Câmara | Comissão de Previdência, Assistência Social, Infância, Adolescência e Família da Câmara | Comissão de Defesa dos Direitos das Pessoas com Deficiência da Câmara | Comissão de Trabalho da Câmara
br-p-cd-220551;Franciane Bayer;REPUBLICANOS;RS;Deputado Federal | Comissão de Comunicação da Câmara | Comissão de Educação da Câmara | Comissão de Defesa dos Direitos da Mulher da Câmara
br-p-cd-220534;Fred Linhares;REPUBLICANOS;DF;Deputado Federal
br-p-cd-224117;Gabriel Mota;UNIÃO;RR;Deputado Federal | Comissão de Minas e Energia da Câmara | Comissão de Agricultura, Pecuária, Abastecimento e Desenvolvimento Rural da Câmara
br-p-cd-220708;Gabriel Nunes;PSD;BA;Deputado Federal | Comissão de Agricultura, Pecuária, Abastecimento e Desenvolvimento Rural da Câmara | Comissão de Minas e Energia da Câmara | Comissão de Defesa dos Direitos das Pessoas com Deficiência da Câmara | Comissão de Viação e Transportes da Câmara
br-p-cd-204473;General Girão;PL;RN;Deputado Federal | Comissão de Relações Exteriores e de Defesa Nacional da Câmara | Comissão de Saúde da Câmara | Comissão Mista de Controle das Atividades de Inteligência | Comissão de Agricultura, Pecuária, Abastecimento e Desenvolvimento Rural da Câmara | Comissão de Segurança Pública e Combate ao Crime Organizado da Câmara
br-p-cd-220611;General Pazuello;PL;RJ;Deputado Federal | Comissão de Minas e Energia da Câmara | Comissão de Relações Exteriores e de Defesa Nacional da Câmara | Comissão de Segurança Pública e Combate ao Crime Organizado da Câmara
br-p-cd-178966;Geovania de Sá;REPUBLICANOS;SC;Deputado Federal | Comissão de Trabalho da Câmara | Comissão de Defesa dos Direitos da Pessoa Idosa da Câmara | Comissão de Saúde da Câmara
br-p-cd-220702;Geraldo Mendes;UNIÃO;PR;Deputado Federal | Comissão de Viação e Transportes da Câmara | Comissão de Agricultura, Pecuária, Abastecimento e Desenvolvimento Rural da Câmara | Comissão de Minas e Energia da Câmara
br-p-cd-74374;Geraldo Resende;UNIÃO;MS;Deputado Federal | Comissão de Defesa dos Direitos da Pessoa Idosa da Câmara | Comissão de Defesa dos Direitos das Pessoas com Deficiência da Câmara | Comissão de Saúde da Câmara
br-p-cd-204394;Gervásio Maia;PCdoB;PB;Deputado Federal | Comissão de Relações Exteriores e de Defesa Nacional da Câmara | Comissão de Comunicação da Câmara
br-p-cd-74270;Gilberto Nascimento;PODE;SP;Deputado Federal | Comissão de Minas e Energia da Câmara | Comissão de Educação da Câmara
br-p-cd-74581;Gilmar Machado;PT;MG;Deputado Federal
br-p-cd-204365;Gilson Marques;NOVO;SC;Deputado Federal | Comissão de Defesa do Consumidor da Câmara
br-p-cd-220526;Gilvan da Federal;PL;ES;Deputado Federal | Comissão de Direitos Humanos, Minorias e Igualdade Racial da Câmara | Comissão de Segurança Pública e Combate ao Crime Organizado da Câmara
br-p-cd-160673;Giovani Cherini;PL;RS;Deputado Federal | Comissão de Saúde da Câmara | Comissão de Ciência, Tecnologia e Inovação da Câmara
br-p-cd-152605;Glauber Braga;PSOL;RJ;Deputado Federal | Comissão de Legislação Participativa da Câmara
br-p-cd-107283;Gleisi Hoffmann;PT;PR;Deputado Federal
br-p-cd-220664;Guilherme Uchoa;PSD;PE;Deputado Federal | Comissão de Viação e Transportes da Câmara | Comissão de Relações Exteriores e de Defesa Nacional da Câmara
br-p-cd-220568;Gustavo Gayer;PL;GO;Deputado Federal | Comissão de Segurança Pública e Combate ao Crime Organizado da Câmara | Comissão Mista de Controle das Atividades de Inteligência | Comissão de Comunicação da Câmara | Comissão de Relações Exteriores e de Defesa Nacional da Câmara
br-p-cd-204408;Gustinho Ribeiro;PP;SE;Deputado Federal | Comissão de Fiscalização Financeira e Controle da Câmara | Comissão de Turismo da Câmara
br-p-cd-204456;Gutemberg Reis;MDB;RJ;Deputado Federal | Comissão de Viação e Transportes da Câmara | Comissão de Segurança Pública e Combate ao Crime Organizado da Câmara
br-p-cd-178964;Heitor Schuch;PSD;RS;Deputado Federal | Comissão de Agricultura, Pecuária, Abastecimento e Desenvolvimento Rural da Câmara | Comissão de Ciência, Tecnologia e Inovação da Câmara | Comissão de Indústria, Comércio e Serviços da Câmara
br-p-cd-220537;Helena Lima;PSD;RR;Deputado Federal | Comissão de Viação e Transportes da Câmara | Comissão do Esporte da Câmara | Comissão de Minas e Energia da Câmara
br-p-cd-204444;Helio Lopes;PL;RJ;Deputado Federal | Comissão de Direitos Humanos, Minorias e Igualdade Racial da Câmara | Comissão de Comunicação da Câmara | Comissão de Desenvolvimento Urbano da Câmara | Comissão de Relações Exteriores e de Defesa Nacional da Câmara
br-p-cd-204539;Hercílio Coelho Diniz;MDB;MG;Deputado Federal | Comissão de Saúde da Câmara
br-p-cd-220563;Icaro de Valmir;REPUBLICANOS;SE;Deputado Federal | Comissão de Desenvolvimento Urbano da Câmara | Comissão de Educação da Câmara
br-p-cd-204533;Idilvan Alencar;PSB;CE;Deputado Federal | Comissão de Educação da Câmara | Comissão de Ciência, Tecnologia e Inovação da Câmara
br-p-cd-98615;Ismael;PL;SC;Deputado Federal | Comissão de Educação da Câmara
br-p-cd-225846;Itamar Paim;PL;PR;Deputado Federal | Comissão de Defesa dos Direitos da Pessoa Idosa da Câmara | Comissão de Defesa dos Direitos das Pessoas com Deficiência da Câmara
br-p-cd-220696;Ivoneide Caetano;PT;BA;Deputado Federal | Comissão de Indústria, Comércio e Serviços da Câmara
br-p-cd-220670;Iza Arruda;MDB;PE;Deputado Federal | Comissão de Saúde da Câmara | Comissão de Educação da Câmara | Comissão do Esporte da Câmara
br-p-cd-220527;Jack Rocha;PT;ES;Deputado Federal | Comissão de Integração Nacional e Desenvolvimento Regional da Câmara | Comissão de Cultura da Câmara | Comissão de Indústria, Comércio e Serviços da Câmara | Comissão de Defesa dos Direitos da Mulher da Câmara
br-p-cd-220697;Jadyel Alencar;REPUBLICANOS;PI;Deputado Federal | Comissão de Desenvolvimento Econômico da Câmara | Comissão de Comunicação da Câmara | Comissão de Integração Nacional e Desenvolvimento Regional da Câmara
br-p-cd-74848;Jandira Feghali;PCdoB;RJ;Deputado Federal | Comissão de Cultura da Câmara | Comissão de Saúde da Câmara | Comissão de Ciência, Tecnologia e Inovação da Câmara
br-p-cd-220567;Jeferson Rodrigues;PSDB;GO;Deputado Federal | Comissão de Ciência, Tecnologia e Inovação da Câmara | Comissão de Defesa do Consumidor da Câmara
br-p-cd-74273;Jefferson Campos;PL;SP;Deputado Federal | Comissão de Ciência, Tecnologia e Inovação da Câmara | Comissão de Relações Exteriores e de Defesa Nacional da Câmara
br-p-cd-141458;João Carlos Bacelar;PL;BA;Deputado Federal | Comissão de Minas e Energia da Câmara | Comissão de Desenvolvimento Urbano da Câmara | Comissão de Fiscalização Financeira e Controle da Câmara
br-p-cd-230957;João Cury;MDB;SP;Deputado Federal | Comissão de Desenvolvimento Urbano da Câmara | Comissão de Integração Nacional e Desenvolvimento Regional da Câmara
br-p-cd-178910;Joaquim Passarinho;PL;PA;Deputado Federal | Comissão de Minas e Energia da Câmara
br-p-cd-160548;Jonas Donizette;PSB;SP;Deputado Federal | Comissão de Relações Exteriores e de Defesa Nacional da Câmara | Comissão de Viação e Transportes da Câmara
br-p-cd-235800;Jorge Araújo;PP;BA;Deputado Federal | Comissão de Comunicação da Câmara | Comissão de Ciência, Tecnologia e Inovação da Câmara | Comissão de Defesa dos Direitos da Pessoa Idosa da Câmara
br-p-cd-205550;Jorge Braz;REPUBLICANOS;RJ;Deputado Federal | Comissão de Defesa do Consumidor da Câmara | Comissão de Defesa dos Direitos da Pessoa Idosa da Câmara | Comissão de Relações Exteriores e de Defesa Nacional da Câmara
br-p-cd-214694;Jorge Goetten;REPUBLICANOS;SC;Deputado Federal | Comissão de Indústria, Comércio e Serviços da Câmara | Comissão de Turismo da Câmara | Comissão de Ciência, Tecnologia e Inovação da Câmara | Comissão de Previdência, Assistência Social, Infância, Adolescência e Família da Câmara
br-p-cd-178857;Jorge Solla;PT;BA;Deputado Federal | Comissão de Saúde da Câmara | Comissão de Fiscalização Financeira e Controle da Câmara
br-p-cd-74140;José Carlos Araujo;DC;BA;Deputado Federal
br-p-cd-204391;José Nelto;UNIÃO;GO;Deputado Federal | Comissão de Saúde da Câmara | Comissão de Educação da Câmara | Comissão de Viação e Transportes da Câmara
br-p-cd-74079;José Priante;MDB;PA;Deputado Federal
br-p-cd-209189;Joseildo Ramos;PT;BA;Deputado Federal | Comissão de Desenvolvimento Urbano da Câmara | Comissão de Legislação Participativa da Câmara
br-p-cd-204563;Josimar Maranhãozinho;PL;MA;Deputado Federal
br-p-cd-215043;Josivaldo JP;UNIÃO;MA;Deputado Federal | Comissão de Previdência, Assistência Social, Infância, Adolescência e Família da Câmara | Comissão de Agricultura, Pecuária, Abastecimento e Desenvolvimento Rural da Câmara
br-p-cd-74253;Julio Lopes;PP;RJ;Deputado Federal | Comissão de Desenvolvimento Econômico da Câmara | Comissão de Minas e Energia da Câmara | Comissão de Indústria, Comércio e Serviços da Câmara | Comissão de Viação e Transportes da Câmara
br-p-cd-204457;Juninho do Pneu;PSDB;RJ;Deputado Federal | Comissão de Viação e Transportes da Câmara | Comissão do Esporte da Câmara | Comissão de Minas e Energia da Câmara
br-p-cd-204520;Junio Amaral;PL;MG;Deputado Federal | Comissão de Fiscalização Financeira e Controle da Câmara | Comissão de Minas e Energia da Câmara | Comissão de Segurança Pública e Combate ao Crime Organizado da Câmara
br-p-cd-204574;Junior Lourenço;MDB;MA;Deputado Federal
br-p-cd-178886;Juscelino Filho;PSDB;MA;Deputado Federal | Comissão de Comunicação da Câmara | Comissão de Saúde da Câmara
br-p-cd-220677;Keniston Braga;MDB;PA;Deputado Federal | Comissão de Desenvolvimento Urbano da Câmara | Comissão de Minas e Energia da Câmara
br-p-cd-178832;Leandre;PSD;PR;Deputado Federal | Comissão de Agricultura, Pecuária, Abastecimento e Desenvolvimento Rural da Câmara | Comissão de Defesa dos Direitos da Pessoa Idosa da Câmara | Comissão de Previdência, Assistência Social, Infância, Adolescência e Família da Câmara
br-p-cd-220566;Lêda Borges;REPUBLICANOS;GO;Deputado Federal | Comissão de Relações Exteriores e de Defesa Nacional da Câmara | Comissão de Desenvolvimento Urbano da Câmara | Comissão de Viação e Transportes da Câmara
br-p-cd-122195;Leonardo Gadelha;PODE;PB;Deputado Federal
br-p-cd-74585;Lincoln Portela;PL;MG;Deputado Federal | Comissão de Defesa dos Direitos da Pessoa Idosa da Câmara | Comissão de Legislação Participativa da Câmara
br-p-cd-220581;Luciano Amaral;PSD;AL;Deputado Federal | Comissão de Agricultura, Pecuária, Abastecimento e Desenvolvimento Rural da Câmara | Comissão de Minas e Energia da Câmara
br-p-cd-74478;Luciano Bivar;MDB;PE;Deputado Federal | Comissão do Esporte da Câmara
br-p-cd-160510;Luis Tibé;AVANTE;MG;Deputado Federal | Comissão de Fiscalização Financeira e Controle da Câmara
br-p-cd-204410;Luisa Canziani;UNIÃO;PR;Deputado Federal | Comissão de Ciência, Tecnologia e Inovação da Câmara | Comissão do Esporte da Câmara
br-p-cd-141487;Luiz Fernando Faria;UNIÃO;MG;Deputado Federal | Comissão de Viação e Transportes da Câmara | Comissão de Minas e Energia da Câmara
br-p-cd-162332;Luiz Nishimori;PSD;PR;Deputado Federal | Comissão de Agricultura, Pecuária, Abastecimento e Desenvolvimento Rural da Câmara | Comissão de Indústria, Comércio e Serviços da Câmara | Comissão de Relações Exteriores e de Defesa Nacional da Câmara
br-p-cd-204526;Luiz Philippe de Orleans e Bragança;PL;SP;Deputado Federal | Comissão de Relações Exteriores e de Defesa Nacional da Câmara | Comissão Mista de Controle das Atividades de Inteligência
br-p-cd-74784;Luiza Erundina;PSOL;SP;Deputado Federal | Comissão de Desenvolvimento Urbano da Câmara | Comissão de Legislação Participativa da Câmara | Comissão de Direitos Humanos, Minorias e Igualdade Racial da Câmara
br-p-cd-178866;Luizianne Lins;REDE;CE;Deputado Federal | Comissão de Cultura da Câmara | Comissão de Comunicação da Câmara
br-p-cd-166402;Magda Mofatto;PL;GO;Deputado Federal | Comissão de Turismo da Câmara | Comissão de Defesa dos Direitos da Mulher da Câmara
br-p-cd-133810;Marcelo Moraes;PL;RS;Deputado Federal | Comissão de Agricultura, Pecuária, Abastecimento e Desenvolvimento Rural da Câmara | Comissão de Indústria, Comércio e Serviços da Câmara
br-p-cd-204558;Marcelo Nilo;REPUBLICANOS;BA;Deputado Federal
br-p-cd-179001;Márcio Biolchi;MDB;RS;Deputado Federal
br-p-cd-220687;Márcio Honaiser;SOLIDARIEDADE;MA;Deputado Federal | Comissão de Agricultura, Pecuária, Abastecimento e Desenvolvimento Rural da Câmara | Comissão de Defesa dos Direitos das Pessoas com Deficiência da Câmara | Comissão de Previdência, Assistência Social, Infância, Adolescência e Família da Câmara | Comissão de Viação e Transportes da Câmara
br-p-cd-81055;Márcio Jerry;PCdoB;MA;Deputado Federal | Comissão de Fiscalização Financeira e Controle da Câmara | Comissão de Defesa dos Direitos das Pessoas com Deficiência da Câmara
br-p-cd-160535;Marcon;PT;RS;Deputado Federal | Comissão de Agricultura, Pecuária, Abastecimento e Desenvolvimento Rural da Câmara | Comissão de Integração Nacional e Desenvolvimento Regional da Câmara
br-p-cd-204431;Marcos Aurélio Sampaio;MDB;PI;Deputado Federal
br-p-cd-236375;Marcos Braz;PSDB;RJ;Deputado Federal | Comissão do Esporte da Câmara | Comissão de Saúde da Câmara | Comissão de Fiscalização Financeira e Controle da Câmara
br-p-cd-220655;Mario Frias;PL;SP;Deputado Federal | Comissão de Relações Exteriores e de Defesa Nacional da Câmara
br-p-cd-178843;Marx Beltrão;UNIÃO;AL;Deputado Federal
br-p-cd-220661;Matheus Noronha;PL;CE;Deputado Federal | Comissão do Esporte da Câmara | Comissão de Saúde da Câmara
br-p-cd-220550;Mauricio Marcon;PL;RS;Deputado Federal | Comissão de Desenvolvimento Econômico da Câmara | Comissão de Comunicação da Câmara
br-p-cd-220647;Mauricio Neves;PP;SP;Deputado Federal | Comissão de Viação e Transportes da Câmara | Comissão de Indústria, Comércio e Serviços da Câmara
br-p-cd-220591;Meire Serafim;UNIÃO;AC;Deputado Federal | Comissão de Previdência, Assistência Social, Infância, Adolescência e Família da Câmara | Comissão da Amazônia e dos Povos Originários e Tradicionais da Câmara | Comissão de Saúde da Câmara | Comissão de Turismo da Câmara
br-p-cd-220530;Messias Donato;UNIÃO;ES;Deputado Federal | Comissão de Agricultura, Pecuária, Abastecimento e Desenvolvimento Rural da Câmara | Comissão de Direitos Humanos, Minorias e Igualdade Racial da Câmara | Comissão de Segurança Pública e Combate ao Crime Organizado da Câmara | Comissão de Previdência, Assistência Social, Infância, Adolescência e Família da Câmara
br-p-cd-178985;Miguel Lombardi;PL;SP;Deputado Federal | Comissão de Defesa dos Direitos da Pessoa Idosa da Câmara | Comissão de Minas e Energia da Câmara | Comissão de Defesa dos Direitos das Pessoas com Deficiência da Câmara | Comissão de Saúde da Câmara | Comissão de Viação e Transportes da Câmara
br-p-cd-154178;Milton Vieira;REPUBLICANOS;SP;Deputado Federal | Comissão de Viação e Transportes da Câmara
br-p-cd-178895;Misael Varella;PSD;MG;Deputado Federal | Comissão de Saúde da Câmara
br-p-cd-160561;Missionário José Olimpio;PL;SP;Deputado Federal | Comissão de Previdência, Assistência Social, Infância, Adolescência e Família da Câmara | Comissão de Integração Nacional e Desenvolvimento Regional da Câmara
br-p-cd-178997;Moses Rodrigues;UNIÃO;CE;Deputado Federal | Comissão de Integração Nacional e Desenvolvimento Regional da Câmara | Comissão de Educação da Câmara
br-p-cd-220617;Murillo Gouvea;PSDB;RJ;Deputado Federal | Comissão de Integração Nacional e Desenvolvimento Regional da Câmara | Comissão de Saúde da Câmara | Comissão de Agricultura, Pecuária, Abastecimento e Desenvolvimento Rural da Câmara
br-p-cd-204453;Natália Bonavides;PT;RN;Deputado Federal | Comissão de Desenvolvimento Urbano da Câmara | Comissão de Direitos Humanos, Minorias e Igualdade Racial da Câmara
br-p-cd-204449;Nelson Barbudo;PODE;MT;Deputado Federal | Comissão de Agricultura, Pecuária, Abastecimento e Desenvolvimento Rural da Câmara | Comissão de Desenvolvimento Econômico da Câmara | Comissão de Defesa dos Direitos da Pessoa Idosa da Câmara
br-p-cd-220622;Nely Aquino;PODE;MG;Deputado Federal | Comissão do Esporte da Câmara | Comissão de Defesa dos Direitos da Mulher da Câmara | Comissão de Previdência, Assistência Social, Infância, Adolescência e Família da Câmara | Comissão de Educação da Câmara | Comissão de Defesa dos Direitos da Pessoa Idosa da Câmara
br-p-cd-194260;Nivaldo Albuquerque;UNIÃO;AL;Deputado Federal | Comissão de Saúde da Câmara | Comissão de Integração Nacional e Desenvolvimento Regional da Câmara
br-p-cd-204498;Olival Marques;PODE;PA;Deputado Federal | Comissão de Desenvolvimento Econômico da Câmara | Comissão de Turismo da Câmara
br-p-cd-73692;Osmar Terra;PL;RS;Deputado Federal | Comissão de Saúde da Câmara | Comissão de Defesa dos Direitos da Pessoa Idosa da Câmara | Comissão de Segurança Pública e Combate ao Crime Organizado da Câmara
br-p-cd-204441;Otoni de Paula;PSD;RJ;Deputado Federal | Comissão de Educação da Câmara | Comissão de Direitos Humanos, Minorias e Igualdade Racial da Câmara | Comissão de Defesa dos Direitos da Mulher da Câmara
br-p-cd-180214;Pastor Diniz;UNIÃO;RR;Deputado Federal | Comissão de Direitos Humanos, Minorias e Igualdade Racial da Câmara | Comissão de Previdência, Assistência Social, Infância, Adolescência e Família da Câmara | Comissão de Comunicação da Câmara | Comissão de Defesa dos Direitos da Mulher da Câmara
br-p-cd-160642;Pastor Eurico;PSDB;PE;Deputado Federal | Comissão de Direitos Humanos, Minorias e Igualdade Racial da Câmara | Comissão de Relações Exteriores e de Defesa Nacional da Câmara | Comissão de Defesa dos Direitos da Mulher da Câmara | Comissão de Previdência, Assistência Social, Infância, Adolescência e Família da Câmara | Comissão de Segurança Pública e Combate ao Crime Organizado da Câmara
br-p-cd-204570;Pastor Gil;PL;MA;Deputado Federal | Comissão de Educação da Câmara | Comissão de Defesa dos Direitos da Pessoa Idosa da Câmara
br-p-cd-220615;Pastor Henrique Vieira;PSOL;RJ;Deputado Federal | Comissão de Cultura da Câmara | Comissão de Direitos Humanos, Minorias e Igualdade Racial da Câmara | Comissão de Segurança Pública e Combate ao Crime Organizado da Câmara
br-p-cd-204553;Pastor Sargento Isidório;AVANTE;BA;Deputado Federal | Comissão de Administração e Serviço Público da Câmara | Comissão de Previdência, Assistência Social, Infância, Adolescência e Família da Câmara | Comissão de Saúde da Câmara
br-p-cd-141518;Paulinho da Força;SOLIDARIEDADE;SP;Deputado Federal | Comissão de Trabalho da Câmara
br-p-cd-160517;Paulo Folletto;PSB;ES;Deputado Federal | Comissão de Saúde da Câmara | Comissão de Administração e Serviço Público da Câmara
br-p-cd-160558;Paulo Freire Costa;PL;SP;Deputado Federal
br-p-cd-233592;Paulo Lemos;PT;AP;Deputado Federal | Comissão de Administração e Serviço Público da Câmara | Comissão de Educação da Câmara
br-p-cd-74400;Paulo Pimenta;PT;RS;Deputado Federal | Comissão de Fiscalização Financeira e Controle da Câmara | Comissão de Defesa do Consumidor da Câmara
br-p-cd-220630;Pedro Aihara;PP;MG;Deputado Federal | Comissão de Saúde da Câmara | Comissão de Segurança Pública e Combate ao Crime Organizado da Câmara
br-p-cd-220667;Pedro Campos;PSB;PE;Deputado Federal | Comissão de Fiscalização Financeira e Controle da Câmara | Comissão de Integração Nacional e Desenvolvimento Regional da Câmara | Comissão de Direitos Humanos, Minorias e Igualdade Racial da Câmara | Comissão de Segurança Pública e Combate ao Crime Organizado da Câmara
br-p-cd-122974;Pedro Lucas Fernandes;UNIÃO;MA;Deputado Federal | Comissão de Fiscalização Financeira e Controle da Câmara
br-p-cd-160604;Pedro Uczai;PT;SC;Deputado Federal | Comissão de Legislação Participativa da Câmara | Comissão de Agricultura, Pecuária, Abastecimento e Desenvolvimento Rural da Câmara | Comissão de Ciência, Tecnologia e Inovação da Câmara | Comissão de Educação da Câmara
br-p-cd-204406;Pedro Westphalen;PP;RS;Deputado Federal | Comissão de Saúde da Câmara | Comissão de Agricultura, Pecuária, Abastecimento e Desenvolvimento Rural da Câmara
br-p-cd-161440;Pezenti;MDB;SC;Deputado Federal | Comissão de Agricultura, Pecuária, Abastecimento e Desenvolvimento Rural da Câmara | Comissão de Meio Ambiente e Desenvolvimento Sustentável da Câmara
br-p-cd-204524;Pinheirinho;PP;MG;Deputado Federal | Comissão de Agricultura, Pecuária, Abastecimento e Desenvolvimento Rural da Câmara | Comissão de Meio Ambiente e Desenvolvimento Sustentável da Câmara | Comissão de Saúde da Câmara
br-p-cd-220533;Prof. Reginaldo Veras;PV;DF;Deputado Federal | Comissão de Educação da Câmara | Comissão de Administração e Serviço Público da Câmara | Comissão de Defesa dos Direitos da Pessoa Idosa da Câmara
br-p-cd-204390;Professor Alcides;PSDB;GO;Deputado Federal | Comissão de Educação da Câmara | Comissão de Indústria, Comércio e Serviços da Câmara
br-p-cd-160641;Professora Marcivania;PCdoB;AP;Deputado Federal | Comissão de Trabalho da Câmara | Comissão de Educação da Câmara
br-p-cd-233594;Rafael Fera;PODE;RO;Deputado Federal | Comissão de Viação e Transportes da Câmara | Comissão de Agricultura, Pecuária, Abastecimento e Desenvolvimento Rural da Câmara | Comissão de Minas e Energia da Câmara | Comissão de Saúde da Câmara
br-p-cd-204567;Raimundo Costa;PSD;BA;Deputado Federal | Comissão de Agricultura, Pecuária, Abastecimento e Desenvolvimento Rural da Câmara
br-p-cd-74084;Raimundo Santos;PSD;PA;Deputado Federal | Comissão de Cultura da Câmara | Comissão de Turismo da Câmara | Comissão de Ciência, Tecnologia e Inovação da Câmara
br-p-cd-220606;Reimont;PT;RJ;Deputado Federal | Comissão de Direitos Humanos, Minorias e Igualdade Racial da Câmara | Comissão de Defesa dos Direitos da Pessoa Idosa da Câmara | Comissão de Trabalho da Câmara | Comissão de Administração e Serviço Público da Câmara | Comissão de Ciência, Tecnologia e Inovação da Câmara | Comissão de Educação da Câmara
br-p-cd-175765;Ribamar Silva;PODE;SP;Deputado Federal | Comissão de Comunicação da Câmara | Comissão de Saúde da Câmara | Comissão de Trabalho da Câmara
br-p-cd-204362;Ricardo Guidi;PL;SC;Deputado Federal | Comissão de Minas e Energia da Câmara | Comissão de Meio Ambiente e Desenvolvimento Sustentável da Câmara | Comissão de Defesa dos Direitos das Pessoas com Deficiência da Câmara
br-p-cd-220633;Ricardo Salles;NOVO;SP;Deputado Federal | Comissão de Agricultura, Pecuária, Abastecimento e Desenvolvimento Rural da Câmara | Comissão de Relações Exteriores e de Defesa Nacional da Câmara
br-p-cd-204489;Robério Monteiro;PSB;CE;Deputado Federal | Comissão de Integração Nacional e Desenvolvimento Regional da Câmara | Comissão de Saúde da Câmara
br-p-cd-220693;Roberta Roma;PL;BA;Deputado Federal | Comissão de Agricultura, Pecuária, Abastecimento e Desenvolvimento Rural da Câmara | Comissão do Esporte da Câmara | Comissão de Turismo da Câmara
br-p-cd-220613;Roberto Monteiro Pai;PL;RJ;Deputado Federal | Comissão de Saúde da Câmara | Comissão de Segurança Pública e Combate ao Crime Organizado da Câmara | Comissão de Defesa do Consumidor da Câmara
br-p-cd-220641;Rodrigo Gambale;PODE;SP;Deputado Federal | Comissão de Indústria, Comércio e Serviços da Câmara | Comissão de Defesa do Consumidor da Câmara
br-p-cd-141533;Rodrigo Rollemberg;PSB;DF;Deputado Federal | Comissão de Defesa dos Direitos das Pessoas com Deficiência da Câmara | Comissão de Ciência, Tecnologia e Inovação da Câmara | Comissão da Amazônia e dos Povos Originários e Tradicionais da Câmara
br-p-cd-165470;Rodrigo Valadares;PL;SE;Deputado Federal | Comissão de Relações Exteriores e de Defesa Nacional da Câmara
br-p-cd-220695;Rogéria Santos;REPUBLICANOS;BA;Deputado Federal | Comissão de Defesa dos Direitos da Mulher da Câmara | Comissão de Previdência, Assistência Social, Infância, Adolescência e Família da Câmara | Comissão de Saúde da Câmara | Comissão de Trabalho da Câmara
br-p-cd-204525;Rosana Valle;PL;SP;Deputado Federal | Comissão de Viação e Transportes da Câmara | Comissão de Defesa dos Direitos da Mulher da Câmara
br-p-cd-220644;Rosangela Moro;PL;SP;Deputado Federal | Comissão de Defesa dos Direitos da Mulher da Câmara | Comissão de Saúde da Câmara
br-p-cd-220620;Rosângela Reis;PL;MG;Deputado Federal | Comissão de Saúde da Câmara | Comissão de Agricultura, Pecuária, Abastecimento e Desenvolvimento Rural da Câmara
br-p-cd-74371;Rubens Otoni;PT;GO;Deputado Federal | Comissão de Viação e Transportes da Câmara | Comissão de Defesa dos Direitos da Pessoa Idosa da Câmara | Comissão de Minas e Energia da Câmara | Comissão de Defesa dos Direitos das Pessoas com Deficiência da Câmara
br-p-cd-73604;Rui Falcão;PT;SP;Deputado Federal | Comissão de Ciência, Tecnologia e Inovação da Câmara | Comissão de Relações Exteriores e de Defesa Nacional da Câmara
br-p-cd-160635;Ruy Carneiro;PODE;PB;Deputado Federal
br-p-cd-220631;Samuel Viana;UNIÃO;MG;Deputado Federal | Comissão de Agricultura, Pecuária, Abastecimento e Desenvolvimento Rural da Câmara | Comissão de Integração Nacional e Desenvolvimento Regional da Câmara
br-p-cd-160621;Sandro Alex;PSD;PR;Deputado Federal | Comissão de Comunicação da Câmara
br-p-cd-236518;Santin Roveda;UNIÃO;PR;Deputado Federal | Comissão de Agricultura, Pecuária, Abastecimento e Desenvolvimento Rural da Câmara | Comissão de Minas e Energia da Câmara | Comissão de Turismo da Câmara
br-p-cd-204387;Sargento Fahur;PL;PR;Deputado Federal | Comissão de Segurança Pública e Combate ao Crime Organizado da Câmara | Comissão de Relações Exteriores e de Defesa Nacional da Câmara
br-p-cd-220621;Sargento Gonçalves;PL;RN;Deputado Federal | Comissão de Segurança Pública e Combate ao Crime Organizado da Câmara | Comissão de Educação da Câmara | Comissão de Previdência, Assistência Social, Infância, Adolescência e Família da Câmara
br-p-cd-220713;Saullo Vianna;MDB;AM;Deputado Federal | Comissão de Turismo da Câmara | Comissão de Desenvolvimento Urbano da Câmara
br-p-cd-226837;Saulo Pedroso;PSD;SP;Deputado Federal | Comissão do Esporte da Câmara | Comissão de Desenvolvimento Urbano da Câmara | Comissão de Ciência, Tecnologia e Inovação da Câmara | Comissão de Desenvolvimento Econômico da Câmara
br-p-cd-73808;Sérgio Brito;PSD;BA;Deputado Federal | Comissão de Integração Nacional e Desenvolvimento Regional da Câmara | Comissão de Agricultura, Pecuária, Abastecimento e Desenvolvimento Rural da Câmara
br-p-cd-74356;Silas Câmara;REPUBLICANOS;AM;Deputado Federal
br-p-cd-204425;Silvio Costa Filho;REPUBLICANOS;PE;Deputado Federal | Comissão de Trabalho da Câmara | Comissão Mista de Controle das Atividades de Inteligência | Comissão de Defesa do Consumidor da Câmara
br-p-cd-220651;Simone Marquetto;PP;SP;Deputado Federal | Comissão de Ciência, Tecnologia e Inovação da Câmara | Comissão de Comunicação da Câmara | Comissão de Turismo da Câmara
br-p-cd-220643;Sônia Guajajara;PSOL;SP;Deputado Federal | Comissão da Amazônia e dos Povos Originários e Tradicionais da Câmara | Comissão de Cultura da Câmara
br-p-cd-92776;Stefano Aguiar;PSD;MG;Deputado Federal | Comissão de Relações Exteriores e de Defesa Nacional da Câmara | Comissão de Meio Ambiente e Desenvolvimento Sustentável da Câmara
br-p-cd-220598;Tarcísio Motta;PSOL;RJ;Deputado Federal | Comissão de Cultura da Câmara | Comissão de Educação da Câmara | Comissão de Direitos Humanos, Minorias e Igualdade Racial da Câmara
br-p-cd-220560;Thiago de Joaldo;REPUBLICANOS;SE;Deputado Federal | Comissão de Saúde da Câmara | Comissão de Educação da Câmara
br-p-cd-160976;Tiririca;PSD;SP;Deputado Federal | Comissão de Cultura da Câmara
br-p-cd-236423;Valdir Trindade;REPUBLICANOS;PB;Deputado Federal | Comissão de Educação da Câmara | Comissão de Defesa dos Direitos da Pessoa Idosa da Câmara
br-p-cd-160610;Valmir Assunção;PT;BA;Deputado Federal | Comissão de Agricultura, Pecuária, Abastecimento e Desenvolvimento Rural da Câmara | Comissão de Integração Nacional e Desenvolvimento Regional da Câmara
br-p-cd-74376;Vander Loubet;PT;MS;Deputado Federal | Comissão de Desenvolvimento Econômico da Câmara | Comissão de Minas e Energia da Câmara
br-p-cd-137070;Vicentinho Júnior;PSDB;TO;Deputado Federal | Comissão de Agricultura, Pecuária, Abastecimento e Desenvolvimento Rural da Câmara | Comissão de Viação e Transportes da Câmara
br-p-cd-160591;Vinicius Gurgel;PL;AP;Deputado Federal | Comissão de Saúde da Câmara | Comissão de Comunicação da Câmara
br-p-cd-178992;Vitor Lippi;PSD;SP;Deputado Federal | Comissão de Desenvolvimento Econômico da Câmara | Comissão de Ciência, Tecnologia e Inovação da Câmara
br-p-cd-160569;Waldenor Pereira;PT;BA;Deputado Federal | Comissão de Educação da Câmara | Comissão de Legislação Participativa da Câmara
br-p-cd-160518;Weliton Prado;PSD;MG;Deputado Federal | Comissão de Defesa dos Direitos da Pessoa Idosa da Câmara | Comissão de Defesa dos Direitos das Pessoas com Deficiência da Câmara | Comissão de Saúde da Câmara
br-p-cd-224333;Welter;PT;PR;Deputado Federal | Comissão de Agricultura, Pecuária, Abastecimento e Desenvolvimento Rural da Câmara | Comissão de Fiscalização Financeira e Controle da Câmara
br-p-cd-220564;Yandra Moura;UNIÃO;SE;Deputado Federal | Comissão de Relações Exteriores e de Defesa Nacional da Câmara | Comissão de Integração Nacional e Desenvolvimento Regional da Câmara
br-p-cd-220660;Yury do Paredão;MDB;CE;Deputado Federal | Comissão de Turismo da Câmara
br-p-cd-230768;Zé Adriano;PP;AC;Deputado Federal | Comissão de Desenvolvimento Econômico da Câmara | Comissão de Trabalho da Câmara | Comissão de Indústria, Comércio e Serviços da Câmara
br-p-cd-220536;Zé Haroldo Cathedral;UNIÃO;RR;Deputado Federal | Comissão de Defesa dos Direitos das Pessoas com Deficiência da Câmara
br-p-cd-220592;Zezinho Barbary;PP;AC;Deputado Federal | Comissão de Agricultura, Pecuária, Abastecimento e Desenvolvimento Rural da Câmara | Comissão de Integração Nacional e Desenvolvimento Regional da Câmara | Comissão da Amazônia e dos Povos Originários e Tradicionais da Câmara
br-p-cd-220552;Zucco;PL;RS;Deputado Federal | Comissão de Agricultura, Pecuária, Abastecimento e Desenvolvimento Rural da Câmara | Comissão de Segurança Pública e Combate ao Crime Organizado da Câmara
br-p-sf-345;Flávio Arns;PSB;PR;Senador da República | Comissão de Ciência, Tecnologia, Inovação e Informática do Senado | Comissão de Assuntos Sociais do Senado | Comissão de Educação e Cultura do Senado | Comissão de Agricultura e Reforma Agrária do Senado | Comissão de Comunicação e Direito Digital do Senado | Comissão de Direitos Humanos e Legislação Participativa do Senado
br-p-sf-6369;Jussara Lima;PSD;PI;Senador da República | Comissão de Assuntos Sociais do Senado | Comissão de Direitos Humanos e Legislação Participativa do Senado | Comissão de Educação e Cultura do Senado | Comissão de Desenvolvimento Regional e Turismo do Senado | Comissão de Agricultura e Reforma Agrária do Senado
br-p-sf-6025;Roberta Acioly;REPUBLICANOS;RR;Senador da República | Comissão de Assuntos Sociais do Senado | Comissão de Esporte do Senado | Comissão de Meio Ambiente do Senado | Comissão de Direitos Humanos e Legislação Participativa do Senado | Comissão de Educação e Cultura do Senado
br-p-sf-5322;Romário;S/Partido;RJ;Senador da República | Comissão de Assuntos Sociais do Senado | Comissão de Esporte do Senado | Comissão de Direitos Humanos e Legislação Participativa do Senado | Comissão de Educação e Cultura do Senado
br-p-vital-do-rego-filho;Vital do Rêgo Filho;;;Ministro do Tribunal de Contas da União | Presidente do Tribunal de Contas da União
br-p-jorge-antonio-de-oliveira-francisco;Jorge Antonio de Oliveira Francisco;;;Ministro do Tribunal de Contas da União
br-p-walton-alencar-rodrigues;Walton Alencar Rodrigues;;;Ministro do Tribunal de Contas da União
br-p-benjamin-zymler;Benjamin Zymler;;;Ministro do Tribunal de Contas da União
br-p-joao-augusto-ribeiro-nardes;João Augusto Ribeiro Nardes;;;Ministro do Tribunal de Contas da União
br-p-antonio-augusto-junho-anastasia;Antonio Augusto Junho Anastasia;;;Ministro do Tribunal de Contas da União
br-p-jhonatan-pereira-de-jesus;Jhonatan Pereira de Jesus;;;Ministro do Tribunal de Contas da União
br-p-odair-jose-da-cunha;Odair Jose da Cunha;;;Ministro do Tribunal de Contas da União
br-p-edson-fachin;Edson Fachin;;;Ministro do Supremo Tribunal Federal | Presidente do Supremo Tribunal Federal | Conselheiro do Conselho Nacional de Justiça | Presidente do Conselho Nacional de Justiça
br-p-alexandre-de-moraes;Alexandre de Moraes;;;Ministro do Supremo Tribunal Federal
br-p-gilmar-mendes;Gilmar Mendes;;;Ministro do Supremo Tribunal Federal
br-p-carmen-lucia;Cármen Lúcia;;;Ministro do Supremo Tribunal Federal
br-p-dias-toffoli;Dias Toffoli;;;Ministro do Supremo Tribunal Federal
br-p-luiz-fux;Luiz Fux;;;Ministro do Supremo Tribunal Federal
br-p-nunes-marques;Nunes Marques;;;Ministro do Supremo Tribunal Federal
br-p-andre-mendonca;André Mendonça;;;Ministro do Supremo Tribunal Federal
br-p-cristiano-zanin;Cristiano Zanin;;;Ministro do Supremo Tribunal Federal
br-p-flavio-dino;Flávio Dino;;;Ministro do Supremo Tribunal Federal
br-p-wp-francisco-c-ndido-de-melo-falc-o-neto;Francisco Cândido de Melo Falcão Neto;;;Ministro do Superior Tribunal de Justiça
br-p-wp-f-tima-nancy-andrighi;Fátima Nancy Andrighi;;;Ministro do Superior Tribunal de Justiça
br-p-wp-jo-o-ot-vio-de-noronha;João Otávio de Noronha;;;Ministro do Superior Tribunal de Justiça
br-p-wp-humberto-eust-quio-soares-martins;Humberto Eustáquio Soares Martins;;;Ministro do Superior Tribunal de Justiça
br-p-wp-maria-thereza-rocha-de-assis-moura;Maria Thereza Rocha de Assis Moura;;;Ministro do Superior Tribunal de Justiça
br-p-wp-antonio-herman-de-vasconcellos-e-benjamin;Antonio Herman de Vasconcellos e Benjamin;;;Ministro do Superior Tribunal de Justiça
br-p-wp-geraldo-og-nic-as-marques-fernandes;Geraldo Og Nicéas Marques Fernandes;;;Ministro do Superior Tribunal de Justiça
br-p-luis-felipe-salomao;Luis Felipe Salomão;;;Ministro do Superior Tribunal de Justiça | Presidente do Superior Tribunal de Justiça
br-p-wp-mauro-luiz-campbell-marques;Mauro Luiz Campbell Marques;;;Ministro do Superior Tribunal de Justiça
br-p-wp-benedito-gon-alves;Benedito Gonçalves;;;Ministro do Superior Tribunal de Justiça | Conselheiro do Conselho Nacional de Justiça
br-p-wp-raul-ara-jo-filho;Raul Araújo Filho;;;Ministro do Superior Tribunal de Justiça
br-p-wp-maria-isabel-diniz-gallotti-rodrigues;Maria Isabel Diniz Gallotti Rodrigues;;;Ministro do Superior Tribunal de Justiça
br-p-antonio-carlos-ferreira;Antonio Carlos Ferreira;;;Ministro do Superior Tribunal de Justiça | Ministro do Tribunal Superior Eleitoral
br-p-ricardo-villas-boas-cueva;Ricardo Villas Bôas Cueva;;;Ministro do Superior Tribunal de Justiça | Ministro do Tribunal Superior Eleitoral
br-p-wp-sebasti-o-alves-dos-reis-j-nior;Sebastião Alves dos Reis Júnior;;;Ministro do Superior Tribunal de Justiça
br-p-wp-marco-aur-lio-gastaldi-buzzi;Marco Aurélio Gastaldi Buzzi;;;Ministro do Superior Tribunal de Justiça
br-p-wp-marco-aur-lio-bellizze-oliveira;Marco Aurélio Bellizze Oliveira;;;Ministro do Superior Tribunal de Justiça
br-p-wp-s-rgio-lu-z-kukina;Sérgio Luíz Kukina;;;Ministro do Superior Tribunal de Justiça
br-p-wp-paulo-dias-de-moura-ribeiro;Paulo Dias de Moura Ribeiro;;;Ministro do Superior Tribunal de Justiça
br-p-wp-regina-helena-costa;Regina Helena Costa;;;Ministro do Superior Tribunal de Justiça
br-p-wp-rogerio-schietti-machado-cruz;Rogerio Schietti Machado Cruz;;;Ministro do Superior Tribunal de Justiça
br-p-wp-luiz-alberto-gurgel-de-faria;Luiz Alberto Gurgel de Faria;;;Ministro do Superior Tribunal de Justiça
br-p-wp-reynaldo-soares-da-fonseca;Reynaldo Soares da Fonseca;;;Ministro do Superior Tribunal de Justiça
br-p-wp-marcelo-navarro-ribeiro-dantas;Marcelo Navarro Ribeiro Dantas;;;Ministro do Superior Tribunal de Justiça
br-p-wp-joel-ilan-paciornik;Joel Ilan Paciornik;;;Ministro do Superior Tribunal de Justiça
br-p-wp-messod-azulay-neto;Messod Azulay Neto;;;Ministro do Superior Tribunal de Justiça
br-p-wp-paulo-s-rgio-domingues;Paulo Sérgio Domingues;;;Ministro do Superior Tribunal de Justiça
br-p-wp-teodoro-silva-santos;Teodoro Silva Santos;;;Ministro do Superior Tribunal de Justiça
br-p-wp-jos-afr-nio-vilela;José Afrânio Vilela;;;Ministro do Superior Tribunal de Justiça
br-p-wp-daniela-rodrigues-teixeira;Daniela Rodrigues Teixeira;;;Ministro do Superior Tribunal de Justiça
br-p-wp-maria-marluce-caldas-bezerra;Maria Marluce Caldas Bezerra;;;Ministro do Superior Tribunal de Justiça
br-p-wp-carlos-augusto-pires-brand-o;Carlos Augusto Pires Brandão;;;Ministro do Superior Tribunal de Justiça
br-p-wp-ives-gandra-martins-filho;Ives Gandra Martins Filho;;;Ministro do Tribunal Superior do Trabalho
br-p-wp-maria-cristina-peduzzi;Maria Cristina Peduzzi;;;Ministro do Tribunal Superior do Trabalho
br-p-wp-lelio-bentes-corr-a;Lelio Bentes Corrêa;;;Ministro do Tribunal Superior do Trabalho
br-p-luiz-philippe-vieira-de-mello-filho;Luiz Philippe Vieira de Mello Filho;;;Ministro do Tribunal Superior do Trabalho | Presidente do Tribunal Superior do Trabalho
br-p-wp-dora-maria-da-costa;Dora Maria da Costa;;;Ministro do Tribunal Superior do Trabalho
br-p-wp-guilherme-augusto-caputo-bastos;Guilherme Augusto Caputo Bastos;;;Ministro do Tribunal Superior do Trabalho
br-p-wp-maur-cio-godinho-delgado;Maurício Godinho Delgado;;;Ministro do Tribunal Superior do Trabalho
br-p-wp-k-tia-magalh-es-arruda;Kátia Magalhães Arruda;;;Ministro do Tribunal Superior do Trabalho | Conselheiro do Conselho Nacional de Justiça
br-p-wp-augusto-c-sar-leite-de-carvalho;Augusto César Leite de Carvalho;;;Ministro do Tribunal Superior do Trabalho
br-p-wp-jos-roberto-freire-pimenta;José Roberto Freire Pimenta;;;Ministro do Tribunal Superior do Trabalho
br-p-wp-dela-de-miranda-arantes;Delaíde Miranda Arantes;;;Ministro do Tribunal Superior do Trabalho
br-p-wp-hugo-carlos-scheuermann;Hugo Carlos Scheuermann;;;Ministro do Tribunal Superior do Trabalho
br-p-wp-alexandre-de-souza-agra-belmonte;Alexandre de Souza Agra Belmonte;;;Ministro do Tribunal Superior do Trabalho
br-p-wp-cl-udio-mascarenhas-brand-o;Cláudio Mascarenhas Brandão;;;Ministro do Tribunal Superior do Trabalho
br-p-wp-douglas-alencar-rodrigues;Douglas Alencar Rodrigues;;;Ministro do Tribunal Superior do Trabalho
br-p-wp-maria-helena-mallmann;Maria Helena Mallmann;;;Ministro do Tribunal Superior do Trabalho
br-p-wp-breno-medeiros;Breno Medeiros;;;Ministro do Tribunal Superior do Trabalho
br-p-wp-alexandre-luiz-ramos;Alexandre Luiz Ramos;;;Ministro do Tribunal Superior do Trabalho
br-p-wp-luiz-jos-dezena-da-silva;Luiz José Dezena da Silva;;;Ministro do Tribunal Superior do Trabalho
br-p-wp-evandro-pereira-valad-o-lopes;Evandro Pereira Valadão Lopes;;;Ministro do Tribunal Superior do Trabalho
br-p-wp-amaury-rodrigues-pinto-junior;Amaury Rodrigues Pinto Junior;;;Ministro do Tribunal Superior do Trabalho
br-p-wp-alberto-bastos-balazeiro;Alberto Bastos Balazeiro;;;Ministro do Tribunal Superior do Trabalho
br-p-wp-morgana-de-almeida-richa;Morgana de Almeida Richa;;;Ministro do Tribunal Superior do Trabalho
br-p-wp-sergio-pinto-martins;Sergio Pinto Martins;;;Ministro do Tribunal Superior do Trabalho
br-p-wp-liana-chaib;Liana Chaib;;;Ministro do Tribunal Superior do Trabalho
br-p-wp-ant-nio-fabr-cio-de-matos-gon-alves;Antônio Fabrício de Matos Gonçalves;;;Ministro do Tribunal Superior do Trabalho
br-p-wp-margareth-rodrigues-costa;Margareth Rodrigues Costa;;;Ministro do Tribunal Superior do Trabalho
br-p-maria-elizabeth-guimaraes-teixeira-rocha;Maria Elizabeth Guimarães Teixeira Rocha;;;Ministro do Superior Tribunal Militar | Presidente do Superior Tribunal Militar
br-p-francisco-joseli-parente-camelo;Francisco Joseli Parente Camelo;;;Ministro do Superior Tribunal Militar
br-p-artur-vidigal-de-oliveira;Artur Vidigal de Oliveira;;;Ministro do Superior Tribunal Militar
br-p-jose-barroso-filho;José Barroso Filho;;;Ministro do Superior Tribunal Militar
br-p-pericles-aurelio-lima-de-queiroz;Péricles Aurélio Lima de Queiroz;;;Ministro do Superior Tribunal Militar
br-p-carlos-vuyk-de-aquino;Carlos Vuyk de Aquino;;;Ministro do Superior Tribunal Militar
br-p-leonardo-puntel;Leonardo Puntel;;;Ministro do Superior Tribunal Militar
br-p-celso-luiz-nazareth;Celso Luiz Nazareth;;;Ministro do Superior Tribunal Militar
br-p-carlos-augusto-amaral-oliveira;Carlos Augusto Amaral Oliveira;;;Ministro do Superior Tribunal Militar
br-p-claudio-portugal-de-viveiros;Cláudio Portugal de Viveiros;;;Ministro do Superior Tribunal Militar
br-p-lourival-carvalho-silva;Lourival Carvalho Silva;;;Ministro do Superior Tribunal Militar
br-p-guido-amin-naves;Guido Amin Naves;;;Ministro do Superior Tribunal Militar
br-p-veronica-abdalla-sterman;Verônica Abdalla Sterman;;;Ministro do Superior Tribunal Militar
br-p-anisio-david-de-oliveira-junior;Anisio David de Oliveira Junior;;;Ministro do Superior Tribunal Militar
br-p-flavio-marcus-lancia-barbosa;Flavio Marcus Lancia Barbosa;;;Ministro do Superior Tribunal Militar
br-p-kassio-nunes-marques;Kassio Nunes Marques;;;Ministro do Tribunal Superior Eleitoral | Presidente do Tribunal Superior Eleitoral
br-p-andre-luiz-de-almeida-mendonca;André Luiz de Almeida Mendonça;;;Ministro do Tribunal Superior Eleitoral
br-p-jose-antonio-dias-toffoli;José Antonio Dias Toffoli;;;Ministro do Tribunal Superior Eleitoral
br-p-floriano-peixoto-de-azevedo-marques-neto;Floriano Peixoto de Azevedo Marques Neto;;;Ministro do Tribunal Superior Eleitoral
br-p-estela-aranha;Estela Aranha;;;Ministro do Tribunal Superior Eleitoral
br-p-wp-jaceguara-dantas-da-silva;Jaceguara Dantas da Silva;;;Conselheiro do Conselho Nacional de Justiça
br-p-wp-f-bio-francisco-esteves;Fábio Francisco Esteves;;;Conselheiro do Conselho Nacional de Justiça
br-p-wp-andr-a-cunha-esmeraldo;Andréa Cunha Esmeraldo;;;Conselheiro do Conselho Nacional de Justiça
br-p-wp-ilan-presser;Ilan Presser;;;Conselheiro do Conselho Nacional de Justiça
br-p-wp-paulo-regis-machado-botelho;Paulo Regis Machado Botelho;;;Conselheiro do Conselho Nacional de Justiça
br-p-wp-noemia-aparecida-garcia-porto;Noemia Aparecida Garcia Porto;;;Conselheiro do Conselho Nacional de Justiça
br-p-wp-silvio-amorim-junior;Silvio Amorim Junior;;;Conselheiro do Conselho Nacional de Justiça
br-p-wp-carlos-vin-cius-alves-ribeiro;Carlos Vinícius Alves Ribeiro;;;Conselheiro do Conselho Nacional de Justiça
br-p-wp-ulisses-rabaneda-dos-santos;Ulisses Rabaneda dos Santos;;;Conselheiro do Conselho Nacional de Justiça
br-p-wp-marcello-terto-e-silva;Marcello Terto e Silva;;;Conselheiro do Conselho Nacional de Justiça
br-p-wp-daiane-nogueira-de-lira;Daiane Nogueira de Lira;;;Conselheiro do Conselho Nacional de Justiça
br-p-wp-rodrigo-badar-almeida-de-castro;Rodrigo Badaró Almeida de Castro;;;Conselheiro do Conselho Nacional de Justiça
br-p-dou-paulo-gustavo-gonet-branco;Paulo Gustavo Gonet Branco;;;Procurador-Geral da República
br-p-dou-glaucio-araujo-de-oliveira;Gláucio Araújo de Oliveira;;;Procurador-Geral do Trabalho
br-p-clauro-roberto-de-bortolli;Clauro Roberto de Bortolli;;;Procurador-Geral da Justiça Militar
br-p-georges-carlos-fredderico-moreira-seigneur;Georges Carlos Fredderico Moreira Seigneur;;;Procurador-Geral de Justiça do Distrito Federal e Territórios
br-p-fernando-da-silva-comin;Fernando da Silva Comin;;;Conselheiro do Conselho Nacional do Ministério Público
br-p-ivana-lucia-franco-cei;Ivana Lúcia Franco Cei;;;Conselheiro do Conselho Nacional do Ministério Público
br-p-edvaldo-nilo-de-almeida;Edvaldo Nilo de Almeida;;;Conselheiro do Conselho Nacional do Ministério Público
br-p-fabiana-costa-oliveira-barreto;Fabiana Costa Oliveira Barreto;;;Conselheiro do Conselho Nacional do Ministério Público
br-p-karen-luise-vilanova-batista-de-souza;Karen Luise Vilanova Batista de Souza;;;Conselheiro do Conselho Nacional do Ministério Público
br-p-greice-fonseca-stocker;Greice Fonseca Stocker;;;Conselheiro do Conselho Nacional do Ministério Público
br-p-thiago-roberto-morais-diaz;Thiago Roberto Morais Diaz;;;Conselheiro do Conselho Nacional do Ministério Público
br-p-gustavo-afonso-saboia-vieira;Gustavo Afonso Sabóia Vieira;;;Conselheiro do Conselho Nacional do Ministério Público
br-p-jose-de-lima-ramos-pereira;José de Lima Ramos Pereira;;;Conselheiro do Conselho Nacional do Ministério Público
br-p-alexandre-magno-benites-de-lacerda;Alexandre Magno Benites de Lacerda;;;Conselheiro do Conselho Nacional do Ministério Público
br-p-clementino-augusto-ruffeil-rodrigues;Clementino Augusto Ruffeil Rodrigues;;;Conselheiro do Conselho Nacional do Ministério Público
br-p-marcio-barra-lima;Márcio Barra Lima;;;Conselheiro do Conselho Nacional do Ministério Público
br-p-carl-olav-smith;Carl Olav Smith;;;Conselheiro do Conselho Nacional do Ministério Público
br-p-tarcijany-linhares-aguiar-machado;Tarcijany Linhares Aguiar Machado;;;Defensor Público-Geral Federal
br-p-clarice-costa-calixto;Clarice Costa Calixto;;;Procurador-Geral da União
br-p-adriana-maia-venturini;Adriana Maia Venturini;;;Procurador-Geral Federal
br-p-anelize-lenzi-ruas-de-almeida;Anelize Lenzi Ruas de Almeida;;;Procurador-Geral da Fazenda Nacional
br-p-ronald-da-silva-balbe;Ronald da Silva Balbe;;;Secretário Federal de Controle Interno da Controladoria-Geral da União
br-p-livia-oliveira-sobota;Livia Oliveira Sobota;;;Secretária Nacional de Transparência e Acesso à Informação da Controladoria-Geral da União
br-p-marcelo-pontes-vianna;Marcelo Pontes Vianna;;;Secretário de Integridade Privada da Controladoria-Geral da União
br-p-cleber-oliveira-soares;Cleber Oliveira Soares;;;Secretário-Executivo do Ministério da Agricultura e Pecuária
br-p-augusto-luis-billi;Augusto Luis Billi;;;Secretário de Comércio e Relações Internacionais do Ministério da Agricultura e Pecuária
br-p-carlos-goulart;Carlos Goulart;;;Secretário de Defesa Agropecuária do Ministério da Agricultura e Pecuária
br-p-clecivaldo-de-sousa-ribeiro;Clecivaldo de Sousa Ribeiro;;;Secretário de Desenvolvimento Rural do Ministério da Agricultura e Pecuária
br-p-guilherme-campos-junior;Guilherme Campos Júnior;;;Secretário de Política Agrícola do Ministério da Agricultura e Pecuária
br-p-luis-manuel-rebelo-fernandes;Luis Manuel Rebelo Fernandes;;;Secretário-Executivo do Ministério da Ciência, Tecnologia e Inovação
br-p-henrique-de-oliveira-miguel;Henrique de Oliveira Miguel;;;Secretário de Ciência e Tecnologia para Transformação Digital do Ministério da Ciência, Tecnologia e Inovação
br-p-andrea-brito-latge;Andrea Brito Latgé;;;Secretária de Políticas e Programas Estratégicos do Ministério da Ciência, Tecnologia e Inovação
br-p-marcio-tavares-dos-santos;Márcio Tavares Dos Santos;;;Secretário-Executivo do Ministério da Cultura
br-p-roberta-cristina-martins;Roberta Cristina Martins;;;Secretária de Articulação Federativa e Comitês de Cultura do Ministério da Cultura
br-p-marcia-helena-goncalves-rollemberg;Márcia Helena Gonçalves Rollemberg;;;Secretária de Cidadania e Diversidade Cultural do Ministério da Cultura
br-p-marcos-alves-de-souza;Marcos Alves de Souza;;;Secretária de Direitos Autorais e Intelectuais do Ministério da Cultura
br-p-claudia-sousa-leitao;Claudia Sousa Leitão;;;Secretária de Economia Criativa do Ministério da Cultura
br-p-thiago-rocha-leandro;Thiago Rocha Leandro;;;Secretária de Fomento e Incentivo à Cultura do Ministério da Cultura
br-p-fabiano-dos-santos-piuba;Fabiano dos Santos Piúba;;;Secretária de Formação Artística e Cultural, Livro e Leitura do Ministério da Cultura
br-p-joelma-oliveira-gonzaga;Joelma Oliveira Gonzaga;;;Secretária do Audiovisual do Ministério da Cultura
br-p-gilson-alves-de-almeida-junior;Gilson Alves de Almeida Júnior;;;Secretário de Controle Interno do Ministério da Defesa
br-p-cinara-wagner-fredo;Cinara Wagner Fredo;;;Secretária-Geral do Ministério da Defesa
br-p-rodolfo-de-carvalho-cabral;Rodolfo de Carvalho Cabral;;;Secretário-Executivo do Ministério da Educação
br-p-gregorio-durlo-grisa;Gregório Durlo Grisa;;;Secretário de Articulação Intersetorial e com os Sistemas de Ensino do Ministério da Educação
br-p-katia-helena-serafina-cruz-schweickardt;Kátia Helena Serafina Cruz Schweickardt;;;Secretária de Educação Básica do Ministério da Educação
br-p-zara-figueiredo;Zara Figueiredo;;;Secretária de Educação Continuada, Alfabetização de Jovens e Adultos, Diversidade e Inclusão do Ministério da Educação
br-p-marcelo-bregagnoli;Marcelo Bregagnoli;;;Secretário de Educação Profissional e Tecnológica do Ministério da Educação
br-p-marcus-vinicius-david;Marcus Vinicius David;;;Secretário de Educação Superior do Ministério da Educação
br-p-evanio-antonio-de-araujo-junior;Evânio Antônio de Araújo Júnior;;;Secretário de Gestão da Informação, Inovação e Avaliação de Políticas Educacionais do Ministério da Educação
br-p-marta-wendel-abramo;Marta Wendel Abramo;;;Secretária de Regulação e Supervisão da Educação Superior do Ministério da Educação
br-p-rogerio-ceron-de-oliveira;Rogério Ceron de Oliveira;;;Secretário-Executivo do Ministério da Fazenda
br-p-cristina-froes-de-borja-reis;Cristina Fróes de Borja Reis;;;Secretária Extraordinária do Mercado de Carbono do Ministério da Fazenda
br-p-mathias-jourdain-de-alencastro;Mathias Jourdain de Alencastro;;;Secretário de Assuntos Internacionais do Ministério da Fazenda
br-p-debora-freire;Débora Freire;;;Secretária de Política Econômica do Ministério da Fazenda
br-p-daniele-correa-cardoso;Daniele Correa Cardoso;;;Secretário de Prêmios e Apostas do Ministério da Fazenda
br-p-regis-dudena;Regis Dudena;;;Secretário de Reformas Econômicas do Ministério da Fazenda
br-p-cilair-rodrigues-de-abreu;Cilair Rodrigues de Abreu;;;Secretário-Executivo do Ministério da Gestão e da Inovação em Serviços Públicos
br-p-francisco-gaetani;Francisco Gaetani;;;Secretário Extraordinário para a Transformação do Estado do Ministério da Gestão e da Inovação em Serviços Públicos
br-p-elisa-vieira-leonel;Elisa Vieira Leonel;;;Secretária de Coordenação e Governança das Empresas Estatais do Ministério da Gestão e da Inovação em Serviços Públicos
br-p-jose-celso-cardoso-jr;José Celso Cardoso Jr;;;Secretário de Gestão de Pessoas do Ministério da Gestão e da Inovação em Serviços Públicos
br-p-roberto-seara-machado-pojo-rego;Roberto Seara Machado Pojo Rego;;;Secretário de Gestão e Inovação do Ministério da Gestão e da Inovação em Serviços Públicos
br-p-rogerio-souza-mascarenhas;Rogério Souza Mascarenhas;;;Secretário de Governo Digital do Ministério da Gestão e da Inovação em Serviços Públicos
br-p-jose-lopez-feijoo;Jose Lopez Feijóo;;;Secretário de Relações de Trabalho do Ministério da Gestão e da Inovação em Serviços Públicos
br-p-isabela-gomes-gebrim;Isabela Gomes Gebrim;;;Secretária de Serviços Compartilhados do Ministério da Gestão e da Inovação em Serviços Públicos
br-p-carolina-gabas-stuchi;Carolina Gabas Stuchi;;;Secretária do Patrimônio da União do Ministério da Gestão e da Inovação em Serviços Públicos
br-p-barbara-oliveira-souza;Bárbara Oliveira Souza;;;Secretária-Executiva do Ministério da Igualdade Racial
br-p-ronaldo-dos-santos;Ronaldo dos Santos;;;Secretário de Polít. p/ Quilombolas, Povos e Comunidades Tradic de Mat. Africana, Povos de Terreiros e Ciganos do Ministério da Igualdade Racial
br-p-tiago-santana-da-conceicao;Tiago Santana da Conceição;;;Secretário de Políticas de Ações Afirmativas, Combate e Superação do Racismo do Ministério da Igualdade Racial
br-p-valder-ribeiro-de-moura;Valder Ribeiro de Moura;;;Secretário-Executivo do Ministério da Integração e do Desenvolvimento Regional
br-p-eduardo-correa-tavares;Eduardo Corrêa Tavares;;;Secretário Nacional de Fundos e Instrumentos Financeiros do Ministério da Integração e do Desenvolvimento Regional
br-p-edgar-batista-de-azevedo-caetano;Edgar Batista de Azevedo Caetano;;;Secretário Nacional de Políticas de Desenvolvimento Regional e Territorial do Ministério da Integração e do Desenvolvimento Regional
br-p-wolnei-wolff-barreiros;Wolnei Wolff Barreiros;;;Secretário Nacional de Proteção e Defesa Civil do Ministério da Integração e do Desenvolvimento Regional
br-p-giuseppe-serra-seca-vieira;Giuseppe Serra Seca Vieira;;;Secretário Nacional de Segurança Hídrica do Ministério da Integração e do Desenvolvimento Regional
br-p-ademar-borges-de-sousa-filho;Ademar Borges de Sousa Filho;;;Secretário-Executivo do Ministério da Justiça e Segurança Pública
br-p-sheila-santana-de-carvalho;Sheila Santana de Carvalho;;;Secretária Nacional de Acesso à Justiça do Ministério da Justiça e Segurança Pública
br-p-paulo-eduardo-garrido-modesto;Paulo Eduardo Garrido Modesto;;;Secretário Nacional de Assuntos Legislativos do Ministério da Justiça e Segurança Pública
br-p-victor-oliveira-fernandes;Victor Oliveira Fernandes;;;Secretário Nacional de Direitos Digitais do Ministério da Justiça e Segurança Pública
br-p-maria-rosa-guimaraes-loula;Maria Rosa Guimarães Loula;;;Secretária Nacional de Justiça do Ministério da Justiça e Segurança Pública
br-p-marta-rodriguez-de-assis-machado;Marta Rodriguez de Assis Machado;;;Secretária Nacional de Políticas sobre Drogas e Gestão de Ativos do Ministério da Justiça e Segurança Pública
br-p-francisco-lucas-costa-veloso;Francisco Lucas Costa Veloso;;;Secretário Nacional de Segurança Pública do Ministério da Justiça e Segurança Pública
br-p-ricardo-morishita-wada;Ricardo Morishita Wada;;;Secretário Nacional do Consumidor do Ministério da Justiça e Segurança Pública
br-p-lazaro-medeiros-viana-da-costa;Lázaro Medeiros Viana da Costa;;;Secretário-Executivo do Ministério da Pesca e Aquicultura
br-p-fernanda-gomes-de-paula;Fernanda Gomes de Paula;;;Secretária Nacional de Aquicultura do Ministério da Pesca e Aquicultura
br-p-carlos-mello;Carlos Mello;;;Secretário Nacional de Pesca Industrial, Amadora e Esportiva do Ministério da Pesca e Aquicultura
br-p-carolina-rodrigues-da-costa-doria;Carolina Rodrigues da Costa Doria;;;Secretária Nacional de Registro, Monitoramento e Pesquisa da Pesca e Aquicultura do Ministério da Pesca e Aquicultura
br-p-felipe-cavalcante-e-silva;Felipe Cavalcante e Silva;;;Secretário-Executivo do Ministério da Previdência Social
br-p-benedito-adalberto-brunca;Benedito Adalberto Brunca;;;Secretário de Regime Geral de Previdência Social do Ministério da Previdência Social
br-p-paulo-roberto-dos-santos-pinto;Paulo Roberto dos Santos Pinto;;;Secretário de Regime Próprio e Complementar do Ministério da Previdência Social
br-p-adriano-massuda;Adriano Massuda;;;Secretário-Executivo do Ministério da Saúde
br-p-mozart-julio-tabosa-sales;Mozart Julio Tabosa Sales;;;Secretário de Atenção Especializada à Saúde do Ministério da Saúde
br-p-ana-luiza-ferreira-rodrigues-caldas;Ana Luiza Ferreira Rodrigues Caldas;;;Secretária de Atenção Primária à Saúde do Ministério da Saúde
br-p-fernanda-de-negri;Fernanda De Negri;;;Secretária de Ciência, Tecnologia e Inovação em Saúde do Ministério da Saúde
br-p-felipe-proenco-de-oliveira;Felipe Proenço De Oliveira;;;Secretário de Gestão do Trabalho e da Educação na Saúde do Ministério da Saúde
br-p-maria-aparecida-cina-da-silva;Maria Aparecida Cina da Silva;;;Secretária de Informação e Saúde Digital do Ministério da Saúde
br-p-maria-lucilene-martins-santos;Maria Lucilene Martins Santos;;;Secretária de Saúde Indígena do Ministério da Saúde
br-p-fabiano-geraldo-pimenta-junior;Fabiano Geraldo Pimenta Junior;;;Secretário de Vigilância em Saúde e Ambiente do Ministério da Saúde
br-p-mirna-quindere-belmino-chaves;Mirna Quinderé Belmino Chaves;;;Secretária-Executiva do Ministério das Cidades
br-p-carlos-roberto-queiroz-tome-junior;Carlos Roberto Queiroz Tomé Junior;;;Secretário Nacional de Desenvolvimento Urbano e Metropolitano do Ministério das Cidades
br-p-augusto-henrique-alves-rabelo;Augusto Henrique Alves Rabelo;;;Secretário Nacional de Habitação do Ministério das Cidades
br-p-marcos-daniel-souza-dos-santos;Marcos Daniel Souza dos Santos;;;Secretário Nacional de Mobilidade Urbana do Ministério das Cidades
br-p-vitor-araripe-freire-pacheco;Vitor Araripe Freire Pacheco;;;Secretário Nacional de Periferias do Ministério das Cidades
br-p-marcio-leao-coelho;Márcio Leão Coelho;;;Secretário Nacional de Saneamento Ambiental do Ministério das Cidades
br-p-sonia-faustino-mendes;Sônia Faustino Mendes;;;Secretária-Executiva do Ministério das Comunicações
br-p-wilson-diniz-wellisch;Wilson Diniz Wellisch;;;Secretário de Radiodifusão do Ministério das Comunicações
br-p-hermano-barros-tercius;Hermano Barros Tercius;;;Secretário de Telecomunicações do Ministério das Comunicações
br-p-eutalia-barbosa-rodrigues-naves;Eutália Barbosa Rodrigues Naves;;;Secretária-Executiva do Ministério das Mulheres
br-p-sandra-kennedy-viana;Sandra Kennedy Viana;;;Secretária Nacional de Articulação Intersetorial e Interfederativa e Participação Política do Ministério das Mulheres
br-p-joana-celia-dos-passos;Joana Célia dos Passos;;;Secretária Nacional de Autonomia Econômica e Política de Cuidados do Ministério das Mulheres
br-p-carlos-henrique-moojen-de-abreu-e-silva;Carlos Henrique Moojen de Abreu e Silva;;;Secretário de Controle Interno do Ministério das Relações Exteriores
br-p-maria-laura-da-rocha;Maria Laura da Rocha;;;Secretária-Geral das Relações Exteriores do Ministério das Relações Exteriores
br-p-gustavo-cerqueira-ataide;Gustavo Cerqueira Ataide;;;Secretário-Executivo do Ministério de Minas e Energia
br-p-joao-daniel-de-andrade-cascalho;João Daniel de Andrade Cascalho;;;Secretário Nacional de Energia Elétrica do Ministério de Minas e Energia
br-p-renato-cabral-dias-dutra;Renato Cabral Dias Dutra;;;Secretário Nacional de Petróleo, Gás Natural e Biocombustíveis do Ministério de Minas e Energia
br-p-mariana-de-assis-especie;Mariana de Assis Especie;;;Secretária Nacional de Transição Energética e Planejamento do Ministério de Minas e Energia
br-p-thairyne-jessica-martins-de-oliveira;Thairyne Jessica Martins de Oliveira;;;Secretária-Executiva do Ministério de Portos e Aeroportos
br-p-daniel-ramos-longo;Daniel Ramos Longo;;;Secretário Nacional de Aviação Civil do Ministério de Portos e Aeroportos
br-p-otto-luiz-burlier-da-silveira-filho;Otto Luiz Burlier da Silveira Filho;;;Secretário Nacional de Hidrovias e Navegação do Ministério de Portos e Aeroportos
br-p-alex-sandro-de-avila;Alex Sandro de Avila;;;Secretário Nacional de Portos do Ministério de Portos e Aeroportos
br-p-eric-sousa-moura;Eric Sousa Moura;;;Secretário-Executivo do Ministério do Desenvolvimento Agrário e Agricultura Familiar
br-p-ana-terra-reis;Ana Terra Reis;;;Secretária de Abastecimento, Cooperativismo e Soberania Alimentar do Ministério do Desenvolvimento Agrário e Agricultura Familiar
br-p-vanderley-ziger;Vanderley Ziger;;;Secretário de Agricultura Familiar e Agroecologia do Ministério do Desenvolvimento Agrário e Agricultura Familiar
br-p-moises-savian;Moisés Savian;;;Secretário de Governança Fundiária, Desenvolvimento Territorial e Socioambiental do Ministério do Desenvolvimento Agrário e Agricultura Familiar
br-p-edmilton-cerqueira;Edmilton Cerqueira;;;Secretário de Territórios e Sistemas Produtivos Quilombolas e Tradicionais do Ministério do Desenvolvimento Agrário e Agricultura Familiar
br-p-rodrigo-zerbone-loureiro;Rodrigo Zerbone Loureiro;;;Secretário-Executivo do Ministério do Desenvolvimento, Indústria, Comércio e Serviços
br-p-pedro-ivo;Pedro Ivo;;;Secretário de Competitividade e Política Regulatória do Ministério do Desenvolvimento, Indústria, Comércio e Serviços
br-p-tatiana-lacerda-prazeres;Tatiana Lacerda Prazeres;;;Secretária de Comércio Exterior do Ministério do Desenvolvimento, Indústria, Comércio e Serviços
br-p-uallace-moreira-lima;Uallace Moreira Lima;;;Secretário de Desenvolvimento Industrial, Inovação, Comércio e Serviços do Ministério do Desenvolvimento, Indústria, Comércio e Serviços
br-p-julia-cortez-da-cunha-cruz;Julia Cortez da Cunha Cruz;;;Secretária de Economia Verde, Descarbonização e Bioindústria do Ministério do Desenvolvimento, Indústria, Comércio e Serviços
br-p-osmar-ribeiro-de-almeida-junior;Osmar Ribeiro de Almeida Júnior;;;Secretário-Executivo do Ministério do Desenvolvimento e Assistência Social, Família e Combate à Fome
br-p-valeria-torres-amaral-burity;Valéria Torres Amaral Burity;;;Secretária Extraordinária de Combate à Pobreza e à Fome do Ministério do Desenvolvimento e Assistência Social, Família e Combate à Fome
br-p-lais-wendel-abramo;Laís Wendel Abramo;;;Secretário Nacional da Política de Cuidados e Família do Ministério do Desenvolvimento e Assistência Social, Família e Combate à Fome
br-p-rosilene-cristina-rocha;Rosilene Cristina Rocha;;;Secretário Nacional de Assistência Social do Ministério do Desenvolvimento e Assistência Social, Família e Combate à Fome
br-p-amarildo-baesso;Amarildo Baesso;;;Secretário Nacional de Benefícios Assistenciais do Ministério do Desenvolvimento e Assistência Social, Família e Combate à Fome
br-p-analucia-faggion-alonso;Analúcia Faggion Alonso;;;Secretária Nacional de Integração e Articulação de Plataformas Sociais Eletrônicas do Ministério do Desenvolvimento e Assistência Social, Família e Combate à Fome
br-p-eliane-aquino-custodio;Eliane Aquino Custodio;;;Secretário Nacional de Renda de Cidadania do Ministério do Desenvolvimento e Assistência Social, Família e Combate à Fome
br-p-lilian-dos-santos-rahal;Lilian dos Santos Rahal;;;Secretário Nacional de Segurança Alimentar e Nutricional do Ministério do Desenvolvimento e Assistência Social, Família e Combate à Fome
br-p-rafael-guerreiro-osorio;Rafael Guerreiro Osório;;;Secretário de Avaliação, Gestão da Informação e Cadastro Único do Ministério do Desenvolvimento e Assistência Social, Família e Combate à Fome
br-p-luiz-carlos-everton-de-farias;Luiz Carlos Everton de Farias;;;Secretário de Inclusão Socioeconômica do Ministério do Desenvolvimento e Assistência Social, Família e Combate à Fome
br-p-ivo-de-almeida-ico-filho;Ivo de Almeida Icó Filho;;;Secretário-Executivo do Ministério do Esporte
br-p-juliana-picoli-agatte;Juliana Picoli Agatte;;;Secretária Extraordinária da Copa do Mundo de Futebol Feminino 2027 do Ministério do Esporte
br-p-giovanni-rocco-neto;Giovanni Rocco Neto;;;Secretário Nacional de Apostas Esportivas e de Desenvolvimento Econômico do Esporte do Ministério do Esporte
br-p-ludmila-ferreira-martins-costa-abadia;Ludmila Ferreira Martins Costa Abadia;;;Secretária Nacional de Esporte Amador, Educação, Lazer e Inclusão Social do Ministério do Esporte
br-p-iziane-castro-marques-de-oliveira;Iziane Castro Marques de Oliveira;;;Secretária Nacional de Excelência Esportiva do Ministério do Esporte
br-p-patrick-correa;Patrick Corrêa;;;Secretário Nacional de Futebol e Defesa dos Direitos do Torcedor do Ministério do Esporte
br-p-fabio-augusto-lima-de-araujo;Fabio Augusto Lima de Araujo;;;Secretário Nacional de Paradesporto do Ministério do Esporte
br-p-anna-flavia-de-senna-franco;Anna Flávia de Senna Franco;;;Secretária-Executiva do Ministério do Meio Ambiente e Mudança do Clima
br-p-andre-rodolfo-de-lima;André Rodolfo de Lima;;;Secretário Extraordinário de Controle do Desmatamento e Ordenamento Ambiental Territorial do Ministério do Meio Ambiente e Mudança do Clima
br-p-rita-de-cassia-guimaraes-mesquita;Rita de Cássia Guimarães Mesquita;;;Secretária Nacional de Biodiversidade, Florestas e Direitos Animais do Ministério do Meio Ambiente e Mudança do Clima
br-p-carina-mendonca-pimenta;Carina Mendonça Pimenta;;;Secretária Nacional de Bioeconomia do Ministério do Meio Ambiente e Mudança do Clima
br-p-adalberto-felicio-maluf-filho;Adalberto Felício Maluf Filho;;;Secretário Nacional de Meio Ambiente Urbano, Recursos Hídricos e Qualidade Ambiental do Ministério do Meio Ambiente e Mudança do Clima
br-p-aloisio-lopes-pereira-de-melo;Aloisio Lopes Pereira de Melo;;;Secretário Nacional de Mudança do Clima do Ministério do Meio Ambiente e Mudança do Clima
br-p-edel-nazare-santiago-de-moraes;Edel Nazaré Santiago de Moraes;;;Secretária Nacional de Povos e Comunidades Tradicionais e Desenvolvimento Rural Sustentável do Ministério do Meio Ambiente e Mudança do Clima
br-p-guilherme-santos-mello;Guilherme Santos Mello;;;Secretário-Executivo do Ministério do Planejamento e Orçamento
br-p-tatiana-lemos-sandim;Tatiana Lemos Sandim;;;Secretária Nacional de Planejamento do Ministério do Planejamento e Orçamento
br-p-wagner-artur-de-oliveira-cabral;Wagner Artur de Oliveira Cabral;;;Secretário de Articulação Institucional do Ministério do Planejamento e Orçamento
br-p-antonio-negromonte-nascimento-junior;Antônio Negromonte Nascimento Junior;;;Secretário de Assuntos Internacionais e Desenvolvimento do Ministério do Planejamento e Orçamento
br-p-otavio-augusto-ferreira-ventura;Otávio Augusto Ferreira Ventura;;;Secretário de Monitoramento e Avaliação de Políticas Públicas do Ministério do Planejamento e Orçamento
br-p-clayton-luiz-montes;Clayton Luiz Montes;;;Secretário de Orçamento Federal do Ministério do Planejamento e Orçamento
br-p-francisco-macena-da-silva;Francisco Macena da Silva;;;Secretário-Executivo do Ministério do Trabalho e Emprego
br-p-henrique-eduardo-medeiros-aquino;Henrique Eduardo Medeiros Aquino;;;Secretário Nacional de Qualificação, Emprego e Juventude do Ministério do Trabalho e Emprego
br-p-luiz-henrique-ramos-lopes;Luiz Henrique Ramos Lopes;;;Secretário de Inspeção do Trabalho do Ministério do Trabalho e Emprego
br-p-carlos-augusto-simoes-goncalves-junior;Carlos Augusto Simões Gonçalves Junior;;;Secretário de Proteção ao Trabalhador do Ministério do Trabalho e Emprego
br-p-marcos-perioto;Marcos Perioto;;;Secretário de Relações do Trabalho do Ministério do Trabalho e Emprego
br-p-carlos-henrique-menezes-sobral;Carlos Henrique Menezes Sobral;;;Secretário Nacional de Infraestrutura, Crédito e Investimentos no Turismo do Ministério do Turismo
br-p-augusto-lira-da-rocha;Augusto Lira da Rocha;;;Secretário Nacional de Políticas de Turismo do Ministério do Turismo
br-p-caroline-dias-dos-reis;Caroline Dias dos Reis;;;Secretária-Executiva do Ministério dos Direitos Humanos e da Cidadania
br-p-tassiana-cunha-carvalho;Tassiana Cunha Carvalho;;;Secretária Nacional de Promoção e Defesa dos Direitos Humanos do Ministério dos Direitos Humanos e da Cidadania
br-p-alexandre-da-silva;Alexandre da Silva;;;Secretário Nacional dos Direitos da Pessoa Idosa do Ministério dos Direitos Humanos e da Cidadania
br-p-isadora-rodrigues-nascimento-santos;Isadora Rodrigues Nascimento Santos;;;Secretária Nacional dos Direitos da Pessoa com Deficiência do Ministério dos Direitos Humanos e da Cidadania
br-p-symmy-larrat-brito-de-carvalho;Symmy Larrat Brito de Carvalho;;;Secretária Nacional dos Direitos das Pessoas LGBTQIA+ do Ministério dos Direitos Humanos e da Cidadania
br-p-marcos-vesolosquzki;Marcos Vesolosquzki;;;Secretário-Executivo do Ministério dos Povos Indígenas
br-p-giovana-cruz-mandulao;Giovana Cruz Mandulão;;;Secretária Nacional de Articulação e Promoção de Direitos Indígenas do Ministério dos Povos Indígenas
br-p-edilena-krikati;Edilena Krikati;;;Secretária Nacional de Direitos Territoriais Indígenas do Ministério dos Povos Indígenas
br-p-ceica-pitaguary;Ceiça Pitaguary;;;Secretária Nacional de Gestão Ambiental e Territorial Indígena do Ministério dos Povos Indígenas
br-p-bruno-leitao-praxedes;Bruno Leitão Praxedes;;;Secretário-Executivo do Ministério dos Transportes
br-p-leonardo-cezar-ribeiro;Leonardo Cezar Ribeiro;;;Secretário Nacional de Transporte Ferroviário do Ministério dos Transportes
br-p-viviane-esse;Viviane Esse;;;Secretária Nacional de Transporte Rodoviário do Ministério dos Transportes
br-p-adrualdo-de-lima-catao;Adrualdo de Lima Catão;;;Secretário Nacional de Trânsito do Ministério dos Transportes
br-p-francisca-lucileide-de-carvalho;Francisca Lucileide de Carvalho;;;Secretária-Executiva da Casa Civil da Presidência da República
br-p-danielle-cancela-cronemberger;Danielle Cancela Cronemberger;;;Secretária Especial de Análise Governamental da Casa Civil da Presidência da República
br-p-roberto-nami-garibe-filho;Roberto Nami Garibe Filho;;;Secretário Especial do Programa de Aceleração do Crescimento da Casa Civil da Presidência da República
br-p-marcus-benicio-foltz-cavalcanti;Marcus Benicio Foltz Cavalcanti;;;Secretário Especial do Programa de Parcerias de Investimentos da Casa Civil da Presidência da República
br-p-marcelo-weick-pogliese;Marcelo Weick Pogliese;;;Secretário Especial para Assuntos Jurídicos da Casa Civil da Presidência da República
br-p-washington-rocha-triani;Washington Rocha Triani;;;Secretário-Executivo do Gabinete de Segurança Institucional da Presidência da República
br-p-marcos-aurelio-vilela-valenca;Marcos Aurelio Vilela Valenca;;;Secretário de Coordenação e Assuntos Aeroespaciais do Gabinete de Segurança Institucional da Presidência da República
br-p-ricardo-santos-taranto;Ricardo Santos Taranto;;;Secretário de Segurança Presidencial do Gabinete de Segurança Institucional da Presidência da República
br-p-andre-luiz-bandeira-molina;André Luiz Bandeira Molina;;;Secretário de Segurança da Informação e Cibernética do Gabinete de Segurança Institucional da Presidência da República
br-p-samara-mariana-de-castro;Samara Mariana de Castro;;;Secretária-Executiva da Secretaria de Comunicação Social da Presidência da República
br-p-danutta-de-a-rodrigues;Danutta de A. Rodrigues;;;Secretária de Comunicação Institucional da Secretaria de Comunicação Social da Presidência da República
br-p-laercio-portela-delgado;Laércio Portela Delgado;;;Secretário de Imprensa da Secretaria de Comunicação Social da Presidência da República
br-p-joao-caldeira-brant-monteiro-de-castro;João Caldeira Brant Monteiro de Castro;;;Secretário de Políticas Digitais da Secretaria de Comunicação Social da Presidência da República
br-p-mariana-gurgel-zoccoli;Mariana Gurgel Zoccoli;;;Secretária de Produção e Divulgação de Conteúdo Audiovisual da Secretaria de Comunicação Social da Presidência da República
br-p-samantha-marchiori-rodrigues-ribeiro;Samantha Marchiori Rodrigues Ribeiro;;;Secretária de Publicidade e Patrocínios da Secretaria de Comunicação Social da Presidência da República
br-p-marcelo-almeida-cunha-costa;Marcelo Almeida Cunha Costa;;;Secretário-Executivo da Secretaria de Relações Institucionais da Presidência da República
br-p-andre-de-oliveira-bucar;André de Oliveira Bucar;;;Secretário Especial de Acompanhamento Governamental da Secretaria de Relações Institucionais da Presidência da República
br-p-jose-ilario-goncalves-marques;José Ilário Gonçalves Marques;;;Secretário Especial de Assuntos Federativos da Secretaria de Relações Institucionais da Presidência da República
br-p-gerson-luis-bittencourt;Gerson Luis Bittencourt;;;Secretário Especial de Assuntos Parlamentares da Secretaria de Relações Institucionais da Presidência da República
br-p-josue-augusto-do-amaral-rocha;Josué Augusto do Amaral Rocha;;;Secretário-Executivo da Secretaria-Geral da Presidência da República
br-p-kelli-cristine-de-oliveira-mafort;Kelli Cristine de Oliveira Mafort;;;Secretário Nacional de Diálogos Sociais e Articulação de Políticas Públicas da Secretaria-Geral da Presidência da República
br-p-vitoria-genuino-de-morais-silva;Vitória Genuino de Morais Silva;;;Secretária Nacional de Juventude da Secretaria-Geral da Presidência da República
br-p-izadora-gama-brito;Izadora Gama Brito;;;Secretária Nacional de Participação Social da Secretaria-Geral da Presidência da República
br-p-wagner-caetano-alves-de-oliveira;Wagner Caetano Alves de Oliveira;;;Secretário Nacional de Relações Político-Sociais da Secretaria-Geral da Presidência da República
